smog_data,it_has_next_page,pages_total
"{'school': {'name': 'SZKOŁA PODSTAWOWA IM. MARIANA FALSKIEGO W KRASZEWICACH', 'street': 'UL. SZKOLNA', 'post_code': '63-522', 'city': 'KRASZEWICE', 'longitude': '18.22403', 'latitude': '51.51563'}, 'data': {'humidity_avg': 0.1, 'pressure_avg': 1000.2666666666668, 'temperature_avg': 0.0, 'pm10_avg': 3.1, 'pm25_avg': 1.7033333333333331}, 'timestamp': '2026-07-25 14:21:08'}",False,
"{'school': {'name': 'SZKOŁA PODSTAWOWA WE WRZĄSOWICACH', 'street': 'UL. SZKOLNA', 'post_code': '32-040', 'city': 'WRZĄSOWICE', 'longitude': '19.94282', 'latitude': '49.96103'}, 'data': {'humidity_avg': 37.39090909090909, 'pressure_avg': 974.8363636363637, 'temperature_avg': 26.363636363636363, 'pm10_avg': 2.509090909090909, 'pm25_avg': 2.245454545454545}, 'timestamp': '2026-07-25 14:21:08'}",False,
"{'school': {'name': 'ZESPÓŁ SZKÓŁ NR 1 W PSZCZYNIE', 'street': 'UL. KAZIMIERZA WIELKIEGO', 'post_code': '43-200', 'city': 'PSZCZYNA', 'longitude': '18.9457058', 'latitude': '49.965883'}, 'data': {'humidity_avg': 45.43333333333334, 'pressure_avg': 996.2333333333332, 'temperature_avg': 23.5, 'pm10_avg': 0.6333333333333331, 'pm25_avg': 0.383333333333333}, 'timestamp': '2026-07-25 14:21:08'}",False,
"{'school': {'name': 'ZESPÓŁ SZKÓŁ IM. POWSTAŃCÓW WIELKOPOLSKICH W JANKOWIE PRZYGODZKIM', 'street': 'SZKOLNA', 'post_code': '63-421', 'city': 'JANKÓW PRZYGODZKI', 'longitude': '17.7889069', 'latitude': '51.596172'}, 'data': {'humidity_avg': 99.90000000000002, 'pressure_avg': 992.4, 'temperature_avg': 16.4, 'pm10_avg': 21.3, 'pm25_avg': 11.15}, 'timestamp': '2026-07-25 14:21:08'}",False,
"{'school': {'name': 'SZKOŁA PODSTAWOWA NR 7 IM. ŻOŁNIERZY WRZEŚNIA W ĆWIKLICACH', 'street': 'UL. MĘCZENNIKÓW OŚWIĘCIMSKICH', 'post_code': '43-229', 'city': 'ĆWIKLICE', 'longitude': '18.989839', 'latitude': '49.971937'}, 'data': {'humidity_avg': 42.5, 'pressure_avg': 982.1999999999999, 'temperature_avg': 29.5, 'pm10_avg': 1.666666666666666, 'pm25_avg': 0.9700000000000001}, 'timestamp': '2026-07-25 14:21:08'}",False,
"{'school': {'name': 'SZKOŁA PODSTAWOWA NR 12 W STUDZIONCE', 'street': 'UL. JORDANA', 'post_code': '43-245', 'city': 'STUDZIONKA', 'longitude': '18.774985', 'latitude': '49.9603559'}, 'data': {'humidity_avg': 41.4, 'pressure_avg': 988.6333333333333, 'temperature_avg': 22.433333333333334, 'pm10_avg': 3.633333333333333, 'pm25_avg': 2.119999999999999}, 'timestamp': '2026-07-25 14:21:08'}",False,
"{'school': {'name': 'ZESPÓŁ SZKOLNO-PRZEDSZKOLNY W PIASKU', 'street': 'SZKOLNA', 'post_code': '43-211', 'city': 'PIASEK', 'longitude': '18.94634', 'latitude': '50.00955'}, 'data': {'humidity_avg': 42.46666666666667, 'pressure_avg': 990.7333333333332, 'temperature_avg': 24.733333333333334, 'pm10_avg': 1.8, 'pm25_avg': 1.016666666666666}, 'timestamp': '2026-07-25 14:21:08'}",False,
"{'school': {'name': 'ZESPÓŁ SZKOLNO-PRZEDSZKOLNY W ŁĄCE', 'street': 'FITELBERGA', 'post_code': '43-241', 'city': 'ŁĄKA', 'longitude': '18.906757', 'latitude': '49.9582444'}, 'data': {'humidity_avg': 49.300000000000004, 'pressure_avg': 987.6, 'temperature_avg': 23.5, 'pm10_avg': 3.066666666666666, 'pm25_avg': 1.8599999999999999}, 'timestamp': '2026-07-25 14:21:08'}",False,
"{'school': {'name': 'SZKOŁA PODSTAWOWA NR 3 W LUBONIU', 'street': 'ARMII POZNAŃ', 'post_code': '62-030', 'city': 'LUBOŃ', 'longitude': '16.8968', 'latitude': '52.3481'}, 'data': {'humidity_avg': 47.06666666666666, 'pressure_avg': 993.7666666666668, 'temperature_avg': 26.233333333333334, 'pm10_avg': 3.533333333333333, 'pm25_avg': 2.036666666666666}, 'timestamp': '2026-07-25 14:21:08'}",False,
"{'school': {'name': 'ZESPÓŁ SZKÓŁ PONADGIMNAZJALNYCH CENTRUM KSZTAŁCENIA USTAWICZNEGO W PRZYGODZICACH', 'street': 'PTR', 'post_code': '63-421', 'city': 'PRZYGODZICE', 'longitude': '17.822685', 'latitude': '51.59023'}, 'data': {'humidity_avg': 49.300000000000004, 'pressure_avg': 1001.2666666666668, 'temperature_avg': 24.400000000000002, 'pm10_avg': 3.166666666666666, 'pm25_avg': 1.753333333333333}, 'timestamp': '2026-07-25 14:21:08'}",False,
"{'school': {'name': 'LICEUM OGÓLNOKSZTAŁCĄCE IM. WŁADYSŁAWA JAGIEŁŁY W ODOLANOWIE', 'street': 'KROTOSZYŃSKA', 'post_code': '63-430', 'city': 'ODOLANÓW', 'longitude': '17.66024', 'latitude': '51.58063'}, 'data': {'humidity_avg': 38.86666666666667, 'pressure_avg': 994.9666666666667, 'temperature_avg': 25.099999999999998, 'pm10_avg': 4.2, 'pm25_avg': 2.54}, 'timestamp': '2026-07-25 14:21:08'}",False,
"{'school': {'name': 'ZESPÓŁ SZKÓŁ W PIOTROWIE', 'street': None, 'post_code': '62-814', 'city': 'PIOTRÓW', 'longitude': '18.05485', 'latitude': '51.81570'}, 'data': {'humidity_avg': 33.166666666666664, 'pressure_avg': 995.9, 'temperature_avg': 31.3, 'pm10_avg': 0.9, 'pm25_avg': 0.573333333333333}, 'timestamp': '2026-07-25 14:21:08'}",False,
"{'school': {'name': 'SZKOŁA PODSTAWOWA W CZARNYMLESIE', 'street': None, 'post_code': '63-421', 'city': 'CZARNYLAS', 'longitude': '17.762604', 'latitude': '51.508366'}, 'data': {'humidity_avg': 39.5, 'pressure_avg': 990.5, 'temperature_avg': 25.400000000000002, 'pm10_avg': 0.033333333333333, 'pm25_avg': 0.016666666666666}, 'timestamp': '2026-07-25 14:21:08'}",False,
"{'school': {'name': 'SZKOŁA PODSTAWOWA NR 2 IM. AUGUSTA HR. CIESZKOWSKIEGO W LUBONIU', 'street': 'ŻABIKOWSKA', 'post_code': '62-030', 'city': 'LUBOŃ', 'longitude': '16.878431', 'latitude': '52.346672'}, 'data': {'humidity_avg': 52.199999999999996, 'pressure_avg': 1001.6666666666666, 'temperature_avg': 25.53333333333333, 'pm10_avg': 4.899999999999999, 'pm25_avg': 2.793333333333333}, 'timestamp': '2026-07-25 14:21:08'}",False,
"{'school': {'name': 'SZKOŁA PODSTAWOWA IM. POWSTAŃCÓW WIELKOPOLSKICH W DORUCHOWIE', 'street': 'KALISKA', 'post_code': '63-505', 'city': 'DORUCHÓW', 'longitude': '18.0786', 'latitude': '51.4189'}, 'data': {'humidity_avg': 36.03333333333333, 'pressure_avg': 1013.9333333333334, 'temperature_avg': 26.366666666666664, 'pm10_avg': 0.066666666666666, 'pm25_avg': 0.033333333333333}, 'timestamp': '2026-07-25 14:21:08'}",False,
"{'school': {'name': 'SZKOŁA PODSTAWOWA IM. MIKOŁAJA KOPERNIKA W BUKOWCU', 'street': 'SZKOLNA', 'post_code': '95-006', 'city': 'BUKOWIEC', 'longitude': '19.6757', 'latitude': '51.6918'}, 'data': {'humidity_avg': 61.833333333333336, 'pressure_avg': 982.2666666666668, 'temperature_avg': 24.7, 'pm10_avg': 2.133333333333333, 'pm25_avg': 1.24}, 'timestamp': '2026-07-25 14:21:08'}",False,
"{'school': {'name': 'SZKOŁA PODSTAWOWA IM. MARII KONOPNICKIEJ W KOTLINIE', 'street': 'MARII KONOPNICKIEJ', 'post_code': '63-220', 'city': 'KOTLIN', 'longitude': '17.645437', 'latitude': '51.91866'}, 'data': {'humidity_avg': 50.76666666666667, 'pressure_avg': 993.3333333333334, 'temperature_avg': 24.0, 'pm10_avg': 0.0, 'pm25_avg': 0.0}, 'timestamp': '2026-07-25 14:21:08'}",False,
"{'school': {'name': 'SZKOŁA PODSTAWOWA NR 2 W OTMUCHOWIE', 'street': 'KALINOWA', 'post_code': '48-385', 'city': 'OTMUCHÓW', 'longitude': '17.213', 'latitude': '50.46535'}, 'data': {'humidity_avg': 51.199999999999996, 'pressure_avg': 989.6333333333333, 'temperature_avg': 24.066666666666666, 'pm10_avg': 6.366666666666667, 'pm25_avg': 3.4666666666666672}, 'timestamp': '2026-07-25 14:21:08'}",False,
"{'school': {'name': 'SZKOŁA PODSTAWOWA IM. BOHATERÓW POWSTAŃ ŚLĄSKICH W KAŁKOWIE', 'street': None, 'post_code': '48-364', 'city': 'KAŁKÓW', 'longitude': '17.185241', 'latitude': '50.40420'}, 'data': {'humidity_avg': 30.866666666666664, 'pressure_avg': 985.7333333333332, 'temperature_avg': 27.433333333333334, 'pm10_avg': 2.533333333333333, 'pm25_avg': 1.366666666666666}, 'timestamp': '2026-07-25 14:21:08'}",False,
"{'school': {'name': 'SZKOŁA PODSTAWOWA W MACIEJOWICACH', 'street': None, 'post_code': '48-385', 'city': 'MACIEJOWICE', 'longitude': '17.13497', 'latitude': '50.4998'}, 'data': {'humidity_avg': 36.43333333333333, 'pressure_avg': 976.2333333333332, 'temperature_avg': 27.233333333333334, 'pm10_avg': 0.766666666666666, 'pm25_avg': 0.42}, 'timestamp': '2026-07-25 14:21:08'}",False,
"{'school': {'name': 'TEST SZKOŁA', 'street': 'ul Testowa', 'post_code': '00-000', 'city': 'TESTCITY', 'longitude': '-157.52969778504766', 'latitude': '1.8586845937815497'}, 'data': {'humidity_avg': 48.43333333333334, 'pressure_avg': 994.8666666666668, 'temperature_avg': 23.53333333333333, 'pm10_avg': 0.6666666666666661, 'pm25_avg': 0.36999999999999905}, 'timestamp': '2026-07-25 14:21:08'}",False,
"{'school': {'name': 'ZESPÓŁ EDUKACYJNY W KONOTOPIE', 'street': 'PL. POWSTAŃCÓW WIELKOPOLSKICH', 'post_code': '67-416', 'city': 'KONOTOP', 'longitude': '15.9031', 'latitude': '51.93023'}, 'data': {'humidity_avg': 40.4, 'pressure_avg': 1001.6999999999999, 'temperature_avg': 23.666666666666668, 'pm10_avg': 3.6999999999999993, 'pm25_avg': 2.11}, 'timestamp': '2026-07-25 14:21:08'}",False,
"{'school': {'name': 'PRZEDSZKOLE NR 6 W BOCHNI', 'street': 'MUROWIANKA', 'post_code': '32-700', 'city': 'BOCHNIA', 'longitude': '20.4415', 'latitude': '49.96533'}, 'data': {'humidity_avg': 39.1, 'pressure_avg': 1000.0, 'temperature_avg': 25.53333333333333, 'pm10_avg': 1.733333333333333, 'pm25_avg': 0.9666666666666661}, 'timestamp': '2026-07-25 14:21:08'}",False,
"{'school': {'name': 'PUBLICZNA SZKOŁA PODSTAWOWA W SZYMISZOWIE', 'street': 'SZKOLNA', 'post_code': '47-161', 'city': 'SZYMISZÓW', 'longitude': '18.21983', 'latitude': '50.53656'}, 'data': {'humidity_avg': 47.0, 'pressure_avg': 988.8666666666667, 'temperature_avg': 25.599999999999998, 'pm10_avg': 2.066666666666666, 'pm25_avg': 1.106666666666666}, 'timestamp': '2026-07-25 14:21:08'}",False,
"{'school': {'name': 'PUBLICZNA SZKOŁA PODSTAWOWA W ROZMIERCE', 'street': 'SZKOLNA', 'post_code': '47-171', 'city': 'ROZMIERKA', 'longitude': '18.26905', 'latitude': '50.560720'}, 'data': {'humidity_avg': 1.0, 'pressure_avg': 1016.1666666666666, 'temperature_avg': 30.400000000000002, 'pm10_avg': 3.6999999999999993, 'pm25_avg': 1.96}, 'timestamp': '2026-07-25 14:21:08'}",False,
"{'school': {'name': 'SZKOŁA PODSTAWOWA IM. ORŁA BIAŁEGO W KUROWICACH FILIA W WOLI RAKOWEJ', 'street': 'SZKOLNA', 'post_code': '95-006', 'city': 'WOLA RAKOWA', 'longitude': '19.61157', 'latitude': '51.67447'}, 'data': {'humidity_avg': 54.5, 'pressure_avg': 988.7666666666668, 'temperature_avg': 25.066666666666666, 'pm10_avg': 0.066666666666666, 'pm25_avg': 0.036666666666666}, 'timestamp': '2026-07-25 14:21:08'}",False,
"{'school': {'name': 'SZKOŁA PODSTAWOWA NR 8 IM. JÓZEFA WESZKI W RUDOŁTOWICACH', 'street': 'KRZYWOŃ', 'post_code': '43-220', 'city': 'RUDOŁTOWICE', 'longitude': '19.00171', 'latitude': '49.95711'}, 'data': {'humidity_avg': 55.06666666666666, 'pressure_avg': 992.4, 'temperature_avg': 24.599999999999998, 'pm10_avg': 0.2, 'pm25_avg': 0.099999999999999}, 'timestamp': '2026-07-25 14:21:08'}",False,
"{'school': {'name': 'ZESPÓŁ SZKOLNO-PRZEDSZKOLNY W WIŚLE WIELKIEJ', 'street': 'HODOWCÓW', 'post_code': '43-243', 'city': 'WISŁA WIELKA', 'longitude': '18.85320', 'latitude': '49.95291'}, 'data': {'humidity_avg': 44.36666666666667, 'pressure_avg': 985.6333333333333, 'temperature_avg': 23.53333333333333, 'pm10_avg': 1.4, 'pm25_avg': 0.756666666666666}, 'timestamp': '2026-07-25 14:21:08'}",False,
"{'school': {'name': 'SZKOŁA PODSTAWOWA IM. MARKA PRAWEGO W JEMIELNICY', 'street': 'SZKOLNA', 'post_code': '47-133', 'city': 'JEMIELNICA', 'longitude': '18.380122', 'latitude': '50.548993'}, 'data': {'humidity_avg': 48.5, 'pressure_avg': 990.6, 'temperature_avg': 26.0, 'pm10_avg': 3.1, 'pm25_avg': 1.8266666666666662}, 'timestamp': '2026-07-25 14:21:08'}",False,
"{'school': {'name': 'SZKOŁA PODSTAWOWA NR 2 IM. ŚW. JADWIGI ŚLĄSKIEJ W PSZCZYNIE', 'street': 'KATOWICKA', 'post_code': '43-200', 'city': 'PSZCZYNA', 'longitude': '18.947994', 'latitude': '49.992568'}, 'data': {'humidity_avg': 49.833333333333336, 'pressure_avg': 989.6666666666666, 'temperature_avg': 21.900000000000002, 'pm10_avg': 1.033333333333333, 'pm25_avg': 0.5566666666666661}, 'timestamp': '2026-07-25 14:21:08'}",False,
"{'school': {'name': 'ZESPÓŁ SZKÓŁ SPECJALNYCH W OSTROWCU ŚWIĘTOKRZYSKIM', 'street': 'IŁZECKA', 'post_code': '27-400', 'city': 'OSTROWIEC ŚWIĘTOKRZYSKI', 'longitude': '21.386931', 'latitude': '50.942931'}, 'data': {'humidity_avg': 99.90000000000002, 'pressure_avg': 1003.5666666666666, 'temperature_avg': 25.933333333333334, 'pm10_avg': 0.7000000000000001, 'pm25_avg': 0.336666666666666}, 'timestamp': '2026-07-25 14:21:08'}",False,
"{'school': {'name': 'ZESPÓŁ SZKOLNO-PRZEDSZKOLNY W JANKOWICACH', 'street': 'BAZIOWA', 'post_code': '43-215', 'city': 'JANKOWICE', 'longitude': '18.989423', 'latitude': '50.002529'}, 'data': {'humidity_avg': 29.0, 'pressure_avg': 936.9, 'temperature_avg': 23.3, 'pm10_avg': 28.0, 'pm25_avg': 17.0}, 'timestamp': '2026-07-25 14:21:08'}",False,
"{'school': {'name': 'SZKOŁA PODSTAWOWA NR 4 IM. JÓZEFA PUKOWCA W PSZCZYNIE', 'street': 'ZYGMUNTA KRASIŃSKIEGO', 'post_code': '43-200', 'city': 'PSZCZYNA', 'longitude': '18.961125', 'latitude': '49.971182'}, 'data': {'humidity_avg': 47.56666666666666, 'pressure_avg': 984.8666666666668, 'temperature_avg': 25.133333333333336, 'pm10_avg': 0.30000000000000004, 'pm25_avg': 0.173333333333333}, 'timestamp': '2026-07-25 14:21:08'}",False,
"{'school': {'name': 'ZESPÓŁ SZKÓŁ W OTMUCHOWIE', 'street': 'KRAKOWSKA', 'post_code': '48-385', 'city': 'OTMUCHÓW', 'longitude': '17.167634', 'latitude': '50.4705'}, 'data': {'humidity_avg': 34.23333333333333, 'pressure_avg': 981.7333333333332, 'temperature_avg': 24.166666666666668, 'pm10_avg': 1.8, 'pm25_avg': 0.93}, 'timestamp': '2026-07-25 14:21:08'}",False,
"{'school': {'name': 'SZKOŁA PODSTAWOWA NR 6\xa0IM. IGNACEGO ŁUKASZEWICZA W CZECHOWICACH-DZIEDZICACH', 'street': 'UL. ŁUKASIEWICZA', 'post_code': '43-502', 'city': 'CZECHWICE-DZIEDZICE', 'longitude': '19.016493', 'latitude': '49.899404'}, 'data': {'humidity_avg': 40.96666666666667, 'pressure_avg': 975.0333333333333, 'temperature_avg': 24.96666666666667, 'pm10_avg': 0.6666666666666661, 'pm25_avg': 0.383333333333333}, 'timestamp': '2026-07-25 14:21:08'}",False,
"{'school': {'name': 'SZKOŁA PODSTAWOWA NR 4 IM. GUSTAWA MORCINKA W SŁUPSKU', 'street': 'UL. LESZCZYŃSKIEGO', 'post_code': '76-200', 'city': 'SŁUPSK', 'longitude': '17.005017', 'latitude': '54.475286'}, 'data': {'humidity_avg': 43.73333333333333, 'pressure_avg': 1002.5, 'temperature_avg': 26.099999999999998, 'pm10_avg': 5.399999999999999, 'pm25_avg': 2.6133333333333333}, 'timestamp': '2026-07-25 14:21:08'}",False,
"{'school': {'name': 'SZKOŁA PODSTAWOWA W KLESZCZOWIE', 'street': 'UL. SZKOLNA', 'post_code': '44-164', 'city': 'KLESZCZÓW', 'longitude': '18.527510', 'latitude': '50.344057'}, 'data': {'humidity_avg': 61.9, 'pressure_avg': 992.9, 'temperature_avg': 21.2, 'pm10_avg': 0.0, 'pm25_avg': 0.0}, 'timestamp': '2026-07-25 14:21:08'}",False,
"{'school': {'name': 'SZKOŁA PODSTAWOWA NR 5 IM. GRYFITÓW W SŁUPSKU', 'street': 'UL. HUBALCZYKÓW', 'post_code': '76-200', 'city': 'SŁUPSK', 'longitude': '17.062723', 'latitude': '54.455744'}, 'data': {'humidity_avg': 49.300000000000004, 'pressure_avg': 1001.2666666666668, 'temperature_avg': 24.400000000000002, 'pm10_avg': 3.166666666666666, 'pm25_avg': 1.753333333333333}, 'timestamp': '2026-07-25 14:21:08'}",False,
"{'school': {'name': 'ZESPÓŁ SZKOLNO-PRZEDSZKOLNY W POTĘPIE', 'street': 'UL. TARNOGÓRSKA', 'post_code': '42-693', 'city': 'POTĘPA', 'longitude': '18.662519', 'latitude': '50.565309'}, 'data': {'humidity_avg': 99.90000000000002, 'pressure_avg': 1007.0, 'temperature_avg': 25.933333333333334, 'pm10_avg': 1.4333333333333331, 'pm25_avg': 0.736666666666666}, 'timestamp': '2026-07-25 14:21:08'}",False,
"{'school': {'name': 'SZKOŁA PODSTAWOWA NR 3 IM. JANA PAWŁA II W PSZCZYNIE', 'street': 'UL. STAROMIEJSKA', 'post_code': '43-200', 'city': 'PSZCZYNA', 'longitude': '18.92452', 'latitude': '49.98849'}, 'data': {'humidity_avg': 40.971428571428575, 'pressure_avg': 982.2857142857143, 'temperature_avg': 23.87142857142857, 'pm10_avg': 4.128571428571428, 'pm25_avg': 3.6999999999999993}, 'timestamp': '2026-07-25 14:21:08'}",False,
"{'school': {'name': 'SZKOŁA PODSTAWOWA IM. MIKOŁAJA REJA W GORZYCZKACH', 'street': 'UL. WIEJSKA', 'post_code': '44-350', 'city': 'GORZYCZKI', 'longitude': '18.399689', 'latitude': '49.944774'}, 'data': {'humidity_avg': 48.43333333333334, 'pressure_avg': 982.2333333333332, 'temperature_avg': 25.933333333333334, 'pm10_avg': 0.133333333333333, 'pm25_avg': 0.08}, 'timestamp': '2026-07-25 14:21:08'}",False,
"{'school': {'name': 'SZKOŁA PODSTAWOWA NR 6 IM. LUDWIKA WARYŃSKIEGO W SŁUPSKU', 'street': 'UL. STARZYŃSKIEGO', 'post_code': '76-200', 'city': 'SŁUPSK', 'longitude': '17.023811', 'latitude': '54.465980'}, 'data': {'humidity_avg': 77.10000000000001, 'pressure_avg': 1005.7333333333332, 'temperature_avg': 23.633333333333336, 'pm10_avg': 1.4, 'pm25_avg': 0.75}, 'timestamp': '2026-07-25 14:21:08'}",False,
"{'school': {'name': 'SZKOŁA PODSTAWOWA IM. JANA BRZECHWY W KOBIÓRZE', 'street': 'UL. TUWIMA', 'post_code': '43-210', 'city': 'KOBIÓR', 'longitude': '18.930274', 'latitude': '50.060752'}, 'data': {'humidity_avg': 5.0, 'pressure_avg': 986.0333333333333, 'temperature_avg': 25.633333333333336, 'pm10_avg': 3.066666666666666, 'pm25_avg': 1.8066666666666662}, 'timestamp': '2026-07-25 14:21:08'}",False,
"{'school': {'name': 'SZKOŁA PODSTAWOWA W PONISZOWICACH', 'street': 'UL. GLIWICKA', 'post_code': '44-172', 'city': 'PONISZOWICE', 'longitude': '18.458674', 'latitude': '50.409220'}, 'data': {'humidity_avg': 39.53333333333333, 'pressure_avg': 981.4, 'temperature_avg': 30.633333333333336, 'pm10_avg': 0.033333333333333, 'pm25_avg': 0.016666666666666}, 'timestamp': '2026-07-25 14:21:08'}",False,
"{'school': {'name': 'SZKOŁA PODSTAWOWA IM. ORŁA BIAŁEGO W SOKOŁOWICACH', 'street': 'SOKOŁOWICE', 'post_code': '56-400', 'city': 'SOKOŁOWICE', 'longitude': '17.4469', 'latitude': '51.245'}, 'data': {'humidity_avg': 27.400000000000002, 'pressure_avg': 988.3666666666667, 'temperature_avg': 31.7, 'pm10_avg': 5.3, 'pm25_avg': 3.33}, 'timestamp': '2026-07-25 14:21:08'}",False,
"{'school': {'name': 'SZKOŁA PODSTAWOWA IM. UNICEF W LIGOCIE MAŁEJ', 'street': 'LIGOTA MAŁA', 'post_code': '56-400', 'city': 'LIGOTA MAŁA', 'longitude': '17.365476', 'latitude': '51.142467'}, 'data': {'humidity_avg': 36.733333333333334, 'pressure_avg': 966.0333333333333, 'temperature_avg': 25.866666666666664, 'pm10_avg': 4.966666666666667, 'pm25_avg': 2.913333333333333}, 'timestamp': '2026-07-25 14:21:08'}",False,
"{'school': {'name': 'SZKOŁA PODSTAWOWA GMINY OLEŚNICA W OLEŚNICY', 'street': 'WILEŃSKA', 'post_code': '56-400', 'city': 'OLEŚNICA', 'longitude': '17.41034', 'latitude': '51.2095'}, 'data': {'humidity_avg': 99.90000000000002, 'pressure_avg': 1000.6, 'temperature_avg': 37.300000000000004, 'pm10_avg': 0.46666666666666606, 'pm25_avg': 0.26333333333333303}, 'timestamp': '2026-07-25 14:21:08'}",False,
"{'school': {'name': 'SZKOŁA PODSTAWOWA NR 19 W BRZEŹCACH', 'street': 'POKOJU', 'post_code': '43-200', 'city': 'BRZEŹCE', 'longitude': '18.832539', 'latitude': '49.984943'}, 'data': {'humidity_avg': 42.233333333333334, 'pressure_avg': 984.6, 'temperature_avg': 23.233333333333334, 'pm10_avg': 1.099999999999999, 'pm25_avg': 0.61}, 'timestamp': '2026-07-25 14:21:08'}",False,
"{'school': {'name': 'ZESPÓŁ SZKOLNO-PRZEDSZKOLNY W RADOSTOWIE ŚREDNIM', 'street': 'RADOSTÓW ŚREDNI', 'post_code': '59-800', 'city': 'RADOSTÓW ŚREDNI', 'longitude': '15.36293', 'latitude': '51.12153'}, 'data': {'humidity_avg': 27.5, 'pressure_avg': 983.0, 'temperature_avg': 28.3, 'pm10_avg': 0.5, 'pm25_avg': 0.28}, 'timestamp': '2026-07-25 14:21:08'}",False,
"{'school': {'name': 'ZESPÓŁ SZKOLNO-PRZEDSZKOLNY W KOŚCIELNIKU', 'street': 'KOŚCIELNIK', 'post_code': '59-800', 'city': 'KOŚCIELNIK', 'longitude': '15.29682', 'latitude': '51.08393'}, 'data': {'humidity_avg': 61.9, 'pressure_avg': 995.9, 'temperature_avg': 17.5, 'pm10_avg': 0.30000000000000004, 'pm25_avg': 0.15}, 'timestamp': '2026-07-25 14:21:08'}",False,
"{'school': {'name': 'SZKOŁA PODSTAWOWA IM. POLSKICH ODKRYWCÓW I PODRÓŻNIKÓW W KOBIERZYCACH', 'street': 'PARKOWA', 'post_code': '55-040', 'city': 'KOBIERZYCE', 'longitude': '16.933169', 'latitude': '50.971851'}, 'data': {'humidity_avg': 36.833333333333336, 'pressure_avg': 983.1333333333333, 'temperature_avg': 27.666666666666668, 'pm10_avg': 1.733333333333333, 'pm25_avg': 1.003333333333333}, 'timestamp': '2026-07-25 14:21:08'}",False,
"{'school': {'name': 'SZKOŁA PODSTAWOWA IM. UNICEF W BIELANACH WROCŁAWSKICH', 'street': 'AKACJOWA', 'post_code': '55-040', 'city': 'BIELANY WROCŁAWSKIE', 'longitude': '16.971022', 'latitude': '51.038120'}, 'data': {'humidity_avg': 36.53333333333333, 'pressure_avg': 994.6666666666666, 'temperature_avg': 24.866666666666664, 'pm10_avg': 3.633333333333333, 'pm25_avg': 2.103333333333333}, 'timestamp': '2026-07-25 14:21:08'}",False,
"{'school': {'name': 'SZKOŁA PODSTAWOWA IM. JANUSZA KORCZAKA W WYSOKIEJ', 'street': 'CHABROWA', 'post_code': '52-200', 'city': 'WYSOKA', 'longitude': '17.007729', 'latitude': '51.047504'}, 'data': {'humidity_avg': 35.300000000000004, 'pressure_avg': 989.6999999999999, 'temperature_avg': 27.0, 'pm10_avg': 1.533333333333333, 'pm25_avg': 0.846666666666666}, 'timestamp': '2026-07-25 14:21:08'}",False,
"{'school': {'name': 'SZKOŁA PODSTAWOWA IM. TADEUSZA MAZOWIECKIEGO W TYŃCU MAŁYM', 'street': 'SZKOLNA', 'post_code': '55-040', 'city': 'TYNIEC MAŁY', 'longitude': '16.909195', 'latitude': '51.021600'}, 'data': {'humidity_avg': 67.8, 'pressure_avg': 1019.16, 'temperature_avg': 2.5, 'pm10_avg': 39.96, 'pm25_avg': 21.929999999999996}, 'timestamp': '2026-07-25 14:21:08'}",False,
"{'school': {'name': 'SZKOŁA PODSTAWOWA IM. ROMUALDA TRAUGUTTA W PUSTKOWIE ŻURAWSKIM', 'street': 'KOLEJOWA', 'post_code': '55-040', 'city': 'PUSTKÓW ŻURAWSKI', 'longitude': '16.859465', 'latitude': '50.958878'}, 'data': {'humidity_avg': 99.90000000000002, 'pressure_avg': 988.5666666666666, 'temperature_avg': 28.333333333333332, 'pm10_avg': 2.5666666666666673, 'pm25_avg': 1.4666666666666661}, 'timestamp': '2026-07-25 14:21:08'}",False,
"{'school': {'name': 'SZKOŁA PODSTAWOWA NR 1 IM. MARII KONOPNICKIEJ W ZESPOLE SZKÓŁ OGÓLNOKSZTAŁCĄCYCH NR 1 IM. MARII KONOPNICKIEJ W PRUSZCZU GDAŃSKIM', 'street': 'NIEMCEWICZA', 'post_code': '83-000', 'city': 'PRUSZCZ GDAŃSKI', 'longitude': '18.650575', 'latitude': '54.261512'}, 'data': {'humidity_avg': 54.333333333333336, 'pressure_avg': 1016.4333333333334, 'temperature_avg': 23.666666666666668, 'pm10_avg': 4.666666666666667, 'pm25_avg': 2.543333333333333}, 'timestamp': '2026-07-25 14:21:08'}",False,
"{'school': {'name': 'SZKOŁA PODSTAWOWA NR 2 IM. MIKOŁAJA KOPERNIKA W PRUSZCZU GDAŃSKIM', 'street': 'TYSIĄCLECIA', 'post_code': '83-000', 'city': 'PRUSZCZ GDAŃSKI', 'longitude': '18.628278', 'latitude': '54.260787'}, 'data': {'humidity_avg': 52.06666666666666, 'pressure_avg': 1008.2666666666668, 'temperature_avg': 22.833333333333332, 'pm10_avg': 2.3, 'pm25_avg': 1.31}, 'timestamp': '2026-07-25 14:21:08'}",False,
"{'school': {'name': 'SZKOŁA PODSTAWOWA NR 3 IM. JANA MATEJKI W PRUSZCZU GDAŃSKIM', 'street': 'MATEJKI', 'post_code': '83-000', 'city': 'PRUSZCZ GDAŃSKI', 'longitude': '18.636981', 'latitude': '54.255547'}, 'data': {'humidity_avg': 44.53333333333334, 'pressure_avg': 1011.7666666666668, 'temperature_avg': 27.433333333333337, 'pm10_avg': 2.766666666666667, 'pm25_avg': 1.566666666666666}, 'timestamp': '2026-07-25 14:21:08'}",False,
"{'school': {'name': 'SZKOŁA PODSTAWOWA NR 4 IM. IGNACEGO JANA PADEREWSKIEGO W PRUSZCZU GDAŃSKIM', 'street': 'KASPROWICZA', 'post_code': '83-000', 'city': 'PRUSZCZ GDAŃSKI', 'longitude': '18.670231', 'latitude': '54.263405'}, 'data': {'humidity_avg': 52.96666666666667, 'pressure_avg': 1011.1, 'temperature_avg': 22.46666666666667, 'pm10_avg': 0.6666666666666661, 'pm25_avg': 0.346666666666666}, 'timestamp': '2026-07-25 14:21:08'}",False,
"{'school': {'name': 'SZKOŁA PODSTAWOWA NR 13 W WIŚLE MAŁEJ', 'street': 'SOKOLA', 'post_code': '43-243', 'city': 'WISŁA MAŁA', 'longitude': '18.793987', 'latitude': '49.93368'}, 'data': {'humidity_avg': 58.76666666666667, 'pressure_avg': 990.5666666666666, 'temperature_avg': 24.03333333333333, 'pm10_avg': 0.0, 'pm25_avg': 0.0}, 'timestamp': '2026-07-25 14:21:08'}",False,
"{'school': {'name': 'ZESPÓŁ SZKOLNO-PRZEDSZKOLNY W STUDZIENICACH', 'street': 'ŚW. JANA PAWŁA II 74', 'post_code': '43-215', 'city': 'STUDZIENICE', 'longitude': '18.983576', 'latitude': '50.016514'}, 'data': {'humidity_avg': 37.0, 'pressure_avg': 994.4666666666667, 'temperature_avg': 27.0, 'pm10_avg': 0.1, 'pm25_avg': 0.063333333333333}, 'timestamp': '2026-07-25 14:21:08'}",False,
"{'school': {'name': 'SZKOŁA PODSTAWOWA IM. JANUSZA KORCZAKA W SUSZCU', 'street': 'SZKOLNA', 'post_code': '43-267', 'city': 'SUSZEC', 'longitude': '18.79149', 'latitude': '50.03719'}, 'data': {'humidity_avg': 99.90000000000002, 'pressure_avg': 998.7999999999998, 'temperature_avg': 25.099999999999998, 'pm10_avg': 0.1, 'pm25_avg': 0.053333333333333004}, 'timestamp': '2026-07-25 14:21:08'}",False,
"{'school': {'name': 'SZKOŁA PODSTAWOWA NR 11 W PORĘBIE', 'street': 'SZKOLNA', 'post_code': '43-200', 'city': 'PORĘBA', 'longitude': '18.876488', 'latitude': '49.984417'}, 'data': {'humidity_avg': 39.0, 'pressure_avg': 999.3333333333334, 'temperature_avg': 27.7, 'pm10_avg': 0.066666666666666, 'pm25_avg': 0.036666666666666}, 'timestamp': '2026-07-25 14:21:08'}",False,
"{'school': {'name': 'SZKOŁA PODSTAWOWA IM. MIKOŁAJA KOPERNIKA W WYSOCKU MAŁYM', 'street': 'KOŚCIELNA', 'post_code': '63-421', 'city': 'WYSOCKO MAŁE', 'longitude': '17.84109', 'latitude': '51.61033'}, 'data': {'humidity_avg': 37.1, 'pressure_avg': 989.6333333333333, 'temperature_avg': 31.766666666666666, 'pm10_avg': 1.333333333333333, 'pm25_avg': 0.803333333333333}, 'timestamp': '2026-07-25 14:21:08'}",False,
"{'school': {'name': 'SZKOŁA PODSTAWOWA NR 3 IM. JULIANA TUWIMA W NOWEJ SOLI', 'street': 'BOTANICZNA', 'post_code': '67-100', 'city': 'NOWA SÓL', 'longitude': '15.71186', 'latitude': '51.82115'}, 'data': {'humidity_avg': 38.800000000000004, 'pressure_avg': 1003.3333333333334, 'temperature_avg': 24.46666666666667, 'pm10_avg': 0.6999999999999991, 'pm25_avg': 0.41333333333333305}, 'timestamp': '2026-07-25 14:21:08'}",False,
"{'school': {'name': 'ZESPÓŁ SZKÓŁ W JANKOWIE PIERWSZYM', 'street': 'JANKÓW PIERWSZY', 'post_code': '62-814', 'city': 'JANKÓW PIERWSZY', 'longitude': '17.987951', 'latitude': '51.902107'}, 'data': {'humidity_avg': 43.76666666666667, 'pressure_avg': 992.8333333333334, 'temperature_avg': 25.03333333333333, 'pm10_avg': 2.766666666666667, 'pm25_avg': 1.463333333333333}, 'timestamp': '2026-07-25 14:21:08'}",False,
"{'school': {'name': 'ZESPÓŁ SZKOLNO-PRZEDSZKOLNY W MESZNIE', 'street': 'MESZNO', 'post_code': '48-385', 'city': 'MESZNO', 'longitude': '17.15378', 'latitude': '50.43684'}, 'data': {'humidity_avg': 63.93333333333334, 'pressure_avg': 979.9333333333334, 'temperature_avg': 27.400000000000002, 'pm10_avg': 1.9333333333333331, 'pm25_avg': 1.076666666666666}, 'timestamp': '2026-07-25 14:21:08'}",False,
"{'school': {'name': 'SZKOŁA PODSTAWOWA IM. 16. PUŁKU UŁANÓW WIELKOPOLSKICH W GRUPIE', 'street': 'SZKOLNA', 'post_code': '86-134', 'city': 'GRUPA', 'longitude': '18.643229', 'latitude': '53.506348'}, 'data': {'humidity_avg': 32.5, 'pressure_avg': 1006.0, 'temperature_avg': 29.3, 'pm10_avg': 3.833333333333333, 'pm25_avg': 2.273333333333333}, 'timestamp': '2026-07-25 14:21:08'}",False,
"{'school': {'name': 'SZKOŁA PODSTAWOWA IM. ORŁA BIAŁEGO W KUROWICACH', 'street': 'SZKOLNA', 'post_code': '95-006', 'city': 'KUROWICE', 'longitude': '19.6897942', 'latitude': '51.6648927'}, 'data': {'humidity_avg': 45.23333333333333, 'pressure_avg': 988.1333333333333, 'temperature_avg': 22.866666666666664, 'pm10_avg': 3.7, 'pm25_avg': 2.166666666666666}, 'timestamp': '2026-07-25 14:21:08'}",False,
"{'school': {'name': 'SZKOŁA PODSTAWOWA IM. POWSTAŃCÓW WIELKOPOLSKICH W BUDZYNIU', 'street': 'ROGOZIŃSKA', 'post_code': '64-840', 'city': 'BUDZYŃ', 'longitude': '16.983885', 'latitude': '52.8847'}, 'data': {'humidity_avg': 42.166666666666664, 'pressure_avg': 993.3333333333334, 'temperature_avg': 25.566666666666666, 'pm10_avg': 5.833333333333333, 'pm25_avg': 3.09}, 'timestamp': '2026-07-25 14:21:08'}",False,
"{'school': {'name': 'SZKOŁA PODSTAWOWA W SWORNEGACIACH', 'street': 'SZKOLNA', 'post_code': '89-608', 'city': 'SWORNEGACIE', 'longitude': '17.503073', 'latitude': '53.86227'}, 'data': {'humidity_avg': 53.13333333333333, 'pressure_avg': 996.0, 'temperature_avg': 24.566666666666666, 'pm10_avg': 0.6666666666666661, 'pm25_avg': 0.37000000000000005}, 'timestamp': '2026-07-25 14:21:08'}",False,
"{'school': {'name': 'SZKOŁA PODSTAWOWA IM. ORŁA BIAŁEGO W RASZÓWCE', 'street': '1 MAJA', 'post_code': '59-307', 'city': 'RASZÓWKA', 'longitude': '16.18346', 'latitude': '51.30514'}, 'data': {'humidity_avg': 44.86666666666667, 'pressure_avg': 992.7333333333332, 'temperature_avg': 28.766666666666666, 'pm10_avg': 0.766666666666666, 'pm25_avg': 0.41000000000000003}, 'timestamp': '2026-07-25 14:21:08'}",False,
"{'school': {'name': 'SZKOŁA PODSTAWOWA IM. TADEUSZA KOŚCIUSZKI W MUNINIE', 'street': '3-GO MAJA', 'post_code': '37-514', 'city': 'MUNINA', 'longitude': '22.725977', 'latitude': '49.997936'}, 'data': {'humidity_avg': 56.5, 'pressure_avg': 996.2999999999998, 'temperature_avg': 6.8, 'pm10_avg': 68.4, 'pm25_avg': 42.61}, 'timestamp': '2026-07-25 14:21:08'}",False,
"{'school': {'name': 'SZKOŁA PODSTAWOWA IM. ALEKSANDRA FREDRY W SUROCHOWIE', 'street': 'SUROCHÓW', 'post_code': '37-500', 'city': 'SUROCHÓW', 'longitude': '22.7635', 'latitude': '50.02385'}, 'data': {'humidity_avg': 50.86666666666667, 'pressure_avg': 987.8333333333334, 'temperature_avg': 24.900000000000002, 'pm10_avg': 6.1, 'pm25_avg': 3.636666666666666}, 'timestamp': '2026-07-25 14:21:08'}",False,
"{'school': {'name': 'SZKOŁA PODSTAWOWA IM. LOTNIKÓW ALIANCKICH W IŁOWEJ', 'street': 'PIASKOWA', 'post_code': '68-120', 'city': 'IŁOWA', 'longitude': '15.20461', 'latitude': '51.50227'}, 'data': {'humidity_avg': 49.5, 'pressure_avg': 993.7000000000002, 'temperature_avg': 16.7, 'pm10_avg': 56.0, 'pm25_avg': 31.12}, 'timestamp': '2026-07-25 14:21:08'}",False,
"{'school': {'name': 'ZESPÓŁ SZKOLNO-PRZEDSZKOLNY W BOŻEJOWICACH', 'street': 'BOŻEJOWICE', 'post_code': '59-700', 'city': 'BOŻEJOWICE', 'longitude': '15.541525', 'latitude': '51.244331'}, 'data': {'humidity_avg': 52.9, 'pressure_avg': 988.4, 'temperature_avg': 26.266666666666666, 'pm10_avg': 3.966666666666666, 'pm25_avg': 2.143333333333333}, 'timestamp': '2026-07-25 14:21:08'}",False,
"{'school': {'name': 'ZESPÓŁ SZKOLNO-PRZEDSZKOLNY W BRZEŹNIKU', 'street': 'BRZEŹNIK', 'post_code': '59-700', 'city': 'BRZEŹNIK', 'longitude': '15.467881', 'latitude': '51.243537'}, 'data': {'humidity_avg': 99.90000000000002, 'pressure_avg': 990.0333333333333, 'temperature_avg': 27.0, 'pm10_avg': 0.833333333333333, 'pm25_avg': 0.476666666666666}, 'timestamp': '2026-07-25 14:21:08'}",False,
"{'school': {'name': 'SZKOŁA PODSTAWOWA W DĄBROWIE BOLESŁAWIECKIEJ', 'street': 'DĄBROWA BOLESŁAWIECKA', 'post_code': '59-700', 'city': 'DĄBROWA BOLESŁAWIECKA', 'longitude': '15.57337', 'latitude': '51.325929'}, 'data': {'humidity_avg': 53.6, 'pressure_avg': 993.4333333333334, 'temperature_avg': 25.733333333333334, 'pm10_avg': 2.5, 'pm25_avg': 1.366666666666666}, 'timestamp': '2026-07-25 14:21:08'}",False,
"{'school': {'name': 'ZESPÓŁ SZKOLNO-PRZEDSZKOLNY W OCICACH', 'street': 'OCICE', 'post_code': '59-730', 'city': 'OCICE', 'longitude': '15.492642', 'latitude': '51.201123'}, 'data': {'humidity_avg': 71.8, 'pressure_avg': 994.4333333333334, 'temperature_avg': 22.2, 'pm10_avg': 7.8, 'pm25_avg': 4.31}, 'timestamp': '2026-07-25 14:21:08'}",False,
"{'school': {'name': 'ZESPÓŁ SZKOLNO-PRZEDSZKOLNY W TRZEBIENIU', 'street': 'LEŚNA', 'post_code': '59-700', 'city': 'TRZEBIEŃ', 'longitude': '15.599295', 'latitude': '51.390285'}, 'data': {'humidity_avg': 41.800000000000004, 'pressure_avg': 979.8333333333334, 'temperature_avg': 25.03333333333333, 'pm10_avg': 4.433333333333334, 'pm25_avg': 2.473333333333333}, 'timestamp': '2026-07-25 14:21:08'}",False,
"{'school': {'name': 'ZESPÓŁ SZKOLNO-PRZEDSZKOLNY W ŻELISZOWIE', 'street': 'ŻELISZÓW', 'post_code': '59-700', 'city': 'ŻELISZÓW', 'longitude': '15.636493', 'latitude': '51.188462'}, 'data': {'humidity_avg': 56.26666666666667, 'pressure_avg': 990.2333333333332, 'temperature_avg': 25.03333333333333, 'pm10_avg': 3.333333333333333, 'pm25_avg': 1.916666666666666}, 'timestamp': '2026-07-25 14:21:08'}",False,
"{'school': {'name': 'SZKOŁA PODSTAWOWA IM. MARII SKŁODOWSKIEJ-CURIE W KAWĘCZYNIE', 'street': 'KAWĘCZYN', 'post_code': '62-704', 'city': 'KAWĘCZYN', 'longitude': '18.53126', 'latitude': '51.90873'}, 'data': {'humidity_avg': 91.88, 'pressure_avg': 1014.65, 'temperature_avg': 8.93, 'pm10_avg': 28.28, 'pm25_avg': 16.42}, 'timestamp': '2026-07-25 14:21:08'}",False,
"{'school': {'name': 'PUBLICZNA SZKOŁA PODSTAWOWA IM. MARII KONOPNICKIEJ W JORDANOWIE ŚLĄSKIM', 'street': 'WROCŁAWSKA', 'post_code': '55-065', 'city': 'JORDANÓW ŚLĄSKI', 'longitude': '16.8656', 'latitude': '50.8654'}, 'data': {'humidity_avg': 55.46666666666667, 'pressure_avg': 998.3000000000001, 'temperature_avg': 22.866666666666664, 'pm10_avg': 5.233333333333333, 'pm25_avg': 3.143333333333333}, 'timestamp': '2026-07-25 14:21:08'}",False,
"{'school': {'name': 'SZKOŁA PODSTAWOWA IM. JANA PAWŁA II W RUDNEJ', 'street': 'PIASKOWA', 'post_code': '59-305', 'city': 'RUDNA', 'longitude': '16.26114', 'latitude': '51.51127'}, 'data': {'humidity_avg': 38.26666666666667, 'pressure_avg': 997.4666666666667, 'temperature_avg': 27.333333333333332, 'pm10_avg': 4.9333333333333345, 'pm25_avg': 2.5700000000000003}, 'timestamp': '2026-07-25 14:21:08'}",False,
"{'school': {'name': 'SZKOŁA PODSTAWOWA IM. BOHATERÓW WESTERPLATTE W CHOBIENI', 'street': 'SZKOLNA', 'post_code': '59-305', 'city': 'CHOBIENIA', 'longitude': '16.44566', 'latitude': '51.54124'}, 'data': {'humidity_avg': 31.666666666666668, 'pressure_avg': 996.0, 'temperature_avg': 27.233333333333334, 'pm10_avg': 4.733333333333333, 'pm25_avg': 2.876666666666667}, 'timestamp': '2026-07-25 14:21:08'}",False,
"{'school': {'name': 'SZKOŁA PODSTAWOWA NR 3 IM. WŁADYSŁAWA BRONIEWSKIEGO W ŚWIEBODZICACH', 'street': 'ŚWIDNICKA', 'post_code': '58-160', 'city': 'ŚWIEBODZICE', 'longitude': '16.322191', 'latitude': '50.859905'}, 'data': {'humidity_avg': 53.6, 'pressure_avg': 978.3333333333334, 'temperature_avg': 25.2, 'pm10_avg': 0.9666666666666661, 'pm25_avg': 0.529999999999999}, 'timestamp': '2026-07-25 14:21:08'}",False,
"{'school': {'name': 'PUBLICZNA SZKOŁA PODSTAWOWA NR 5 IM. WŁADYSŁAWA BRONIEWSKIEGO W NOWEJ SOLI', 'street': 'WALKI MŁODYCH', 'post_code': '67-100', 'city': 'NOWA SÓL', 'longitude': '15.72476', 'latitude': '51.78292'}, 'data': {'humidity_avg': 57.86666666666667, 'pressure_avg': 1001.0333333333333, 'temperature_avg': 24.766666666666666, 'pm10_avg': 3.0, 'pm25_avg': 1.7033333333333331}, 'timestamp': '2026-07-25 14:21:08'}",False,
"{'school': {'name': 'ZESPÓŁ EDUKACYJNY W KOLSKU', 'street': 'PIASTOWSKA', 'post_code': '67-415', 'city': 'KOLSKO', 'longitude': '15.961961', 'latitude': '51.960693'}, 'data': {'humidity_avg': 88.33999999999999, 'pressure_avg': 1020.57, 'temperature_avg': 9.94, 'pm10_avg': 37.83, 'pm25_avg': 22.350000000000005}, 'timestamp': '2026-07-25 14:21:08'}",False,
"{'school': {'name': 'SZKOŁA PODSTAWOWA NR 3 IM. MARII KONOPNICKIEJ W KOLE', 'street': 'TORUŃSKA', 'post_code': '62-600', 'city': 'KOŁO', 'longitude': '18.63092', 'latitude': '52.201656'}, 'data': {'humidity_avg': 93.46666666666665, 'pressure_avg': 998.5, 'temperature_avg': 27.099999999999998, 'pm10_avg': 3.3666666666666663, 'pm25_avg': 1.9100000000000001}, 'timestamp': '2026-07-25 14:21:08'}",False,
"{'school': {'name': 'SZKOŁA PODSTAWOWA IM. JANA PAWŁA II W MIKORZYNIE', 'street': 'MIKORZYN', 'post_code': '63-600', 'city': 'MIKORZYN', 'longitude': '18.026148', 'latitude': '51.36473'}, 'data': {'humidity_avg': 70.8, 'pressure_avg': 986.1666666666666, 'temperature_avg': 23.733333333333334, 'pm10_avg': 2.066666666666667, 'pm25_avg': 1.156666666666666}, 'timestamp': '2026-07-25 14:21:08'}",False,
"{'school': {'name': 'SZKOŁA PODSTAWOWA NR 1 IM. BOHATERÓW WESTERPLATTE W KĘPNIE', 'street': 'HENRYKA SIENKIEWICZA', 'post_code': '63-600', 'city': 'KĘPNO', 'longitude': '17.987194', 'latitude': '51.27619'}, 'data': {'humidity_avg': 56.300000000000004, 'pressure_avg': 998.9333333333334, 'temperature_avg': 26.366666666666664, 'pm10_avg': 2.4666666666666672, 'pm25_avg': 1.38}, 'timestamp': '2026-07-25 14:21:08'}",False,
"{'school': {'name': 'SZKOŁA PODSTAWOWA IM. JANA PAWŁA II W LIPNICY WIELKIEJ', 'street': 'LIPNICA WIELKA', 'post_code': '33-323', 'city': 'LIPNICA WIELKA', 'longitude': '20.86532', 'latitude': '49.70755'}, 'data': {'humidity_avg': 94.0, 'pressure_avg': 985.0, 'temperature_avg': 16.9, 'pm10_avg': 28.3, 'pm25_avg': 15.62}, 'timestamp': '2026-07-25 14:21:08'}",False,
"{'school': {'name': 'SZKOŁA PODSTAWOWA IM. PREZYDENTA GABRIELA NARUTOWICZA W CZĄSTKOWIE MAZOWIECKIM', 'street': 'CZĄSTKÓW MAZOWIECKI', 'post_code': '05-152', 'city': 'CZĄSTKÓW MAZOWIECKI', 'longitude': '20.746943', 'latitude': '52.39131'}, 'data': {'humidity_avg': 55.333333333333336, 'pressure_avg': 1002.0666666666666, 'temperature_avg': 24.566666666666666, 'pm10_avg': 6.966666666666669, 'pm25_avg': 4.09}, 'timestamp': '2026-07-25 14:21:08'}",False,
"{'school': {'name': 'SZKOŁA PODSTAWOWA IM. PIERRE""A DE COUBERTINA W BUDACH SIENNICKICH', 'street': 'BUDY SIENNICKIE', 'post_code': '05-190', 'city': 'BUDY SIENNICKIE', 'longitude': '20.787657', 'latitude': '52.544962'}, 'data': {'humidity_avg': 99.90000000000002, 'pressure_avg': 993.0666666666666, 'temperature_avg': 24.333333333333332, 'pm10_avg': 5.2, 'pm25_avg': 2.936666666666667}, 'timestamp': '2026-07-25 14:21:08'}",False,
"{'school': {'name': 'SZKOŁA PODSTAWOWA IM. JANA BRZECHWY W SZKLARACH GÓRNYCH', 'street': 'SZKLARY GÓRNE', 'post_code': '59-335', 'city': 'SZKLARY GÓRNE', 'longitude': '16.08945', 'latitude': '51.44225'}, 'data': {'humidity_avg': 44.43333333333334, 'pressure_avg': 994.8333333333334, 'temperature_avg': 28.233333333333334, 'pm10_avg': 1.566666666666666, 'pm25_avg': 0.853333333333333}, 'timestamp': '2026-07-25 14:21:08'}",False,
"{'school': {'name': 'SAMORZĄDOWA SZKOŁA PODSTAWOWA W GÓRNYCH GRĄDACH', 'street': 'GÓRNE GRĄDY', 'post_code': '62-310', 'city': 'GÓRNE GRĄDY', 'longitude': '17.74012', 'latitude': '52.11447'}, 'data': {'humidity_avg': 99.90000000000002, 'pressure_avg': 1010.2800000000001, 'temperature_avg': 20.5, 'pm10_avg': 2.799999999999999, 'pm25_avg': 1.5599999999999992}, 'timestamp': '2026-07-25 14:21:08'}",False,
"{'school': {'name': 'SZKOŁA PODSTAWOWA IM. KRZYSZTOFA KAMILA BACZYŃSKIEGO W CIĄŻENIU', 'street': 'WOLNOŚCI', 'post_code': '62-404', 'city': 'CIĄŻEŃ', 'longitude': '17.816093', 'latitude': '52.21152'}, 'data': {'humidity_avg': 99.90000000000002, 'pressure_avg': 1000.2000000000002, 'temperature_avg': 23.8, 'pm10_avg': 8.3, 'pm25_avg': 4.28}, 'timestamp': '2026-07-25 14:21:08'}",False,
"{'school': {'name': 'SZKOŁA PODSTAWOWA NR 1 IM. STRAJKU DZIECI KOŹMIŃSKICH 1906/1907 W KOŹMINIE WIELKOPOLSKIM', 'street': 'GLINKI', 'post_code': '63-720', 'city': 'KOŹMIN WIELKOPOLSKI', 'longitude': '17.45651', 'latitude': '51.82566'}, 'data': {'humidity_avg': 88.5, 'pressure_avg': 1007.1, 'temperature_avg': 13.300000000000002, 'pm10_avg': 19.5, 'pm25_avg': 11.76}, 'timestamp': '2026-07-25 14:21:08'}",False,
"{'school': {'name': 'SZKOŁA PODSTAWOWA SPORTOWA NR 6 W EŁKU', 'street': 'SUWALSKA', 'post_code': '19-300', 'city': 'EŁK', 'longitude': '22.365547', 'latitude': '53.82862'}, 'data': {'humidity_avg': 36.96666666666667, 'pressure_avg': 992.9, 'temperature_avg': 27.46666666666667, 'pm10_avg': 4.9333333333333345, 'pm25_avg': 3.119999999999999}, 'timestamp': '2026-07-25 14:21:08'}",False,
"{'school': {'name': 'SZKOŁA PODSTAWOWA NR 6 IM. JANA PAWŁA II W STAROGARDZIE GDAŃSKIM', 'street': 'BP. DOMINIKA', 'post_code': '83-250', 'city': 'STAROGARD GDAŃSKI', 'longitude': '18.491356', 'latitude': '53.98333'}, 'data': {'humidity_avg': 51.1, 'pressure_avg': 999.5666666666666, 'temperature_avg': 24.833333333333332, 'pm10_avg': 2.3666666666666663, 'pm25_avg': 1.376666666666666}, 'timestamp': '2026-07-25 14:21:08'}",False,
"{'school': {'name': 'PUBLICZNA SZKOLA PODSTAWOWA IM. BOHATEROW OŚWIĘCIMSKICH W RUDZICZCE', 'street': 'WOSZCZYCKA', 'post_code': '43-267', 'city': 'RUDZICZKA (SUSZEC)', 'longitude': '18.7549', 'latitude': '50.03935'}, 'data': {'humidity_avg': 47.9, 'pressure_avg': 1004.0, 'temperature_avg': 25.2, 'pm10_avg': 2.066666666666667, 'pm25_avg': 1.093333333333333}, 'timestamp': '2026-07-25 14:21:08'}",False,
"{'school': {'name': 'ZESPÓŁ SZKÓŁ TECHNICZNYCH W KOLE', 'street': 'KOLEJOWA', 'post_code': '62-600', 'city': 'KOŁO', 'longitude': '18.62956', 'latitude': '52.2088'}, 'data': {'humidity_avg': 33.1, 'pressure_avg': 996.7333333333332, 'temperature_avg': 29.5, 'pm10_avg': 1.633333333333333, 'pm25_avg': 1.096666666666666}, 'timestamp': '2026-07-25 14:21:08'}",False,
"{'school': {'name': 'PUBLICZNA SZKOŁA PODSTAWOWA NR 2 IM. KAZIMIERZA PUŁASKIEGO W WARCE', 'street': 'POLNA', 'post_code': '05-660', 'city': 'WARKA', 'longitude': '21.188357', 'latitude': '51.78638'}, 'data': {'humidity_avg': 36.93333333333333, 'pressure_avg': 994.3000000000001, 'temperature_avg': 26.2, 'pm10_avg': 3.3666666666666663, 'pm25_avg': 1.936666666666666}, 'timestamp': '2026-07-25 14:21:08'}",False,
"{'school': {'name': 'SZKOŁA PODSTAWOWA NR 2 IM. STEFANA STARZYŃSKIEGO W NASIELSKU', 'street': 'KOŚCIUSZKI', 'post_code': '05-190', 'city': 'NASIELSK', 'longitude': '20.801001', 'latitude': '52.589717'}, 'data': {'humidity_avg': 43.06666666666666, 'pressure_avg': 991.8000000000001, 'temperature_avg': 26.733333333333334, 'pm10_avg': 6.9333333333333345, 'pm25_avg': 4.313333333333333}, 'timestamp': '2026-07-25 14:21:08'}",False,
"{'school': {'name': 'ZESPÓŁ SZKOLNO-PRZEDSZKOLNY W KAZUNIU NOWYM', 'street': 'GŁÓWNA', 'post_code': '05-152', 'city': 'KAZUŃ NOWY', 'longitude': '20.68265', 'latitude': '52.419853'}, 'data': {'humidity_avg': 47.53333333333333, 'pressure_avg': 1009.8666666666667, 'temperature_avg': 25.46666666666667, 'pm10_avg': 5.833333333333333, 'pm25_avg': 3.093333333333333}, 'timestamp': '2026-07-25 14:21:08'}",False,
"{'school': {'name': 'SZKOŁA PODSTAWOWA IM. MIKOŁAJA KOPERNIKA W CIEKSYNIE', 'street': 'MARSZ. JÓZEFA PIŁSUDSKIEGO', 'post_code': '05-192', 'city': 'CIEKSYN', 'longitude': '20.666605', 'latitude': '52.572132'}, 'data': {'humidity_avg': 67.43333333333334, 'pressure_avg': 995.9, 'temperature_avg': 27.733333333333334, 'pm10_avg': 3.233333333333334, 'pm25_avg': 1.7666666666666662}, 'timestamp': '2026-07-25 14:21:08'}",False,
"{'school': {'name': 'SZKOŁA PODSTAWOWA NR 5 IM MIKOŁAJA KOPERNIKA W CZECHOWICACH-DZIEDZICACH', 'street': 'KLASZTORNA', 'post_code': '43-502', 'city': 'CZECHOWICE-DZIEDZICE', 'longitude': '19.003326', 'latitude': '49.908154'}, 'data': {'humidity_avg': 35.53333333333333, 'pressure_avg': 997.9666666666667, 'temperature_avg': 27.96666666666667, 'pm10_avg': 5.5, 'pm25_avg': 3.126666666666666}, 'timestamp': '2026-07-25 14:21:08'}",False,
"{'school': {'name': 'SZKOŁA PODSTAWOWA IM. KS. JÓZEFA LONDZINA W ZABRZEGU', 'street': 'KAROLA PYTLA', 'post_code': '43-516', 'city': 'ZABRZEG', 'longitude': '18.9401', 'latitude': '49.91564'}, 'data': {'humidity_avg': 46.666666666666664, 'pressure_avg': 1013.1333333333333, 'temperature_avg': 30.400000000000002, 'pm10_avg': 7.933333333333334, 'pm25_avg': 4.136666666666667}, 'timestamp': '2026-07-25 14:21:08'}",False,
"{'school': {'name': 'GMINNE PRZEDSZKOLE W NOWEJ WSI', 'street': 'UL. GŁÓWNA', 'post_code': '05-806', 'city': 'NOWA WIEŚ', 'longitude': '20.793608032839607', 'latitude': '52.14079879793492'}, 'data': {'humidity_avg': 53.0, 'pressure_avg': 1005.9, 'temperature_avg': 24.066666666666666, 'pm10_avg': 4.733333333333333, 'pm25_avg': 2.449999999999999}, 'timestamp': '2026-07-25 14:21:08'}",False,
"{'school': {'name': 'SZKOŁA PODSTAWOWA IM. JANA PAWŁA II W MICHAŁOWICACH', 'street': 'UL. SZKOLNA', 'post_code': '05-816', 'city': 'MICHAŁOWICE', 'longitude': '20.8894743996203', 'latitude': '52.16806240949327'}, 'data': {'humidity_avg': 48.86666666666667, 'pressure_avg': 1004.3000000000001, 'temperature_avg': 26.7, 'pm10_avg': 19.033333333333335, 'pm25_avg': 9.146666666666667}, 'timestamp': '2026-07-25 14:21:08'}",False,
"{'school': {'name': 'SZKOŁA PODSTAWOWA IM. MARII DĄBROWSKIEJ W KOMOROWIE', 'street': 'UL. M. DĄBROWSKIEJ', 'post_code': '05-806', 'city': 'KOMORÓW', 'longitude': '20.814969926602924', 'latitude': '52.14696671968943'}, 'data': {'humidity_avg': 52.0, 'pressure_avg': 1004.2333333333332, 'temperature_avg': 25.233333333333334, 'pm10_avg': 2.433333333333333, 'pm25_avg': 1.333333333333333}, 'timestamp': '2026-07-25 14:21:08'}",False,
"{'school': {'name': 'SZKOŁA PODSTAWOWA IM. MIKOŁAJA KOPERNIKA W NOWEJ WSI', 'street': 'UL. GŁÓWNA', 'post_code': '05-806', 'city': 'NOWA WIEŚ', 'longitude': '20.80065871311049', 'latitude': '52.134787344746286'}, 'data': {'humidity_avg': 53.0, 'pressure_avg': 1005.9, 'temperature_avg': 24.066666666666666, 'pm10_avg': 4.733333333333333, 'pm25_avg': 2.449999999999999}, 'timestamp': '2026-07-25 14:21:08'}",False,
"{'school': {'name': 'GMINNE PRZEDSZKOLE W MICHAŁOWICACH', 'street': 'UL. SZKOLNA', 'post_code': '05-816', 'city': 'MICHAŁOWICE', 'longitude': '20.8908240883606', 'latitude': '52.16924425690457'}, 'data': {'humidity_avg': 48.86666666666667, 'pressure_avg': 1004.3000000000001, 'temperature_avg': 26.7, 'pm10_avg': 19.033333333333335, 'pm25_avg': 9.146666666666667}, 'timestamp': '2026-07-25 14:21:08'}",False,
"{'school': {'name': 'ZESPÓŁ SZKOLNO-PRZEDSZKOLNY W SMOŁDZINIE', 'street': 'BOHATERÓW WARSZAWY', 'post_code': '76-214', 'city': 'SMOŁDZINO', 'longitude': '17.217509899999996', 'latitude': '54.66198055959346'}, 'data': {'humidity_avg': 99.90000000000002, 'pressure_avg': 1007.6666666666666, 'temperature_avg': 23.833333333333332, 'pm10_avg': 3.4, 'pm25_avg': 1.843333333333333}, 'timestamp': '2026-07-25 14:21:08'}",False,
"{'school': {'name': 'ZESPÓŁ SZKOLNO- PRZEDSZKOLNY W\xa0DOBRZYKOWICACH', 'street': 'UL. SUKCESU', 'post_code': '55-002', 'city': 'DOBRZYKOWICE', 'longitude': '17.185415', 'latitude': '51.092059'}, 'data': {'humidity_avg': 43.43333333333334, 'pressure_avg': 987.7333333333332, 'temperature_avg': 25.5, 'pm10_avg': 3.433333333333333, 'pm25_avg': 1.796666666666666}, 'timestamp': '2026-07-25 14:21:08'}",False,
"{'school': {'name': 'SZKOŁA PODSTAWOWA IM. PIASTÓW ŚLĄSKICH W CHRZĄSTAWIE WIELKIEJ', 'street': 'UL. WROCŁAWSKA', 'post_code': '55-003', 'city': 'CZERNICA', 'longitude': '17.292154', 'latitude': '51.092542'}, 'data': {'humidity_avg': 71.2, 'pressure_avg': 984.9666666666667, 'temperature_avg': 31.0, 'pm10_avg': 4.233333333333333, 'pm25_avg': 2.33}, 'timestamp': '2026-07-25 14:21:08'}",False,
"{'school': {'name': 'ZESPÓŁ SZKOLNO-PRZEDSZKOLNY IM. PAPIEŻA JANA PAWŁA II W CZERNICY', 'street': 'UL. ŚW. BRATA ALBERTA ADAMA CHMIELOWSKIEGO\xa0', 'post_code': '55-003', 'city': 'CZERNICA', 'longitude': '17.248533', 'latitude': ' 51.0473805'}, 'data': {'humidity_avg': 42.23333333333333, 'pressure_avg': 1001.8000000000001, 'temperature_avg': 24.866666666666664, 'pm10_avg': 11.733333333333334, 'pm25_avg': 6.893333333333333}, 'timestamp': '2026-07-25 14:21:08'}",False,
"{'school': {'name': 'SZKOŁA PODSTAWOWA IM. JANUSZA KORCZAKA W RATOWICACH', 'street': 'UL. WROCŁAWSKA', 'post_code': '55-003', 'city': 'CZERNICA', 'longitude': '17.266850', 'latitude': ' 51.033897'}, 'data': {'humidity_avg': 27.03333333333333, 'pressure_avg': 983.1, 'temperature_avg': 26.766666666666666, 'pm10_avg': 2.633333333333333, 'pm25_avg': 1.456666666666666}, 'timestamp': '2026-07-25 14:21:08'}",False,
"{'school': {'name': 'SZKOŁA PODSTAWOWA IM. BOLESŁAW KRZYWOUSTEGO W KAMIEŃCU WROCŁAWSKIM', 'street': 'UL. KOLEJOWA', 'post_code': '55-002', 'city': 'KAMIENIEC WROCŁAWSKI', 'longitude': '17.173628', 'latitude': ' 51.077638'}, 'data': {'humidity_avg': 47.9, 'pressure_avg': 985.9666666666667, 'temperature_avg': 27.3, 'pm10_avg': 3.833333333333333, 'pm25_avg': 2.239999999999999}, 'timestamp': '2026-07-25 14:21:08'}",False,
"{'school': {'name': 'SZKOŁA PODSTAWOWA NR 4 IM. JANA MEJSTERA W SŁOMCZYNIE', 'street': 'WILANOWSKA', 'post_code': '05-520', 'city': 'KONSTANCIN-JEZIORNA', 'longitude': '21.15329336951058', 'latitude': '52.060898677662806'}, 'data': {'humidity_avg': 48.0, 'pressure_avg': 990.8333333333334, 'temperature_avg': 24.866666666666664, 'pm10_avg': 5.899999999999999, 'pm25_avg': 3.703333333333333}, 'timestamp': '2026-07-25 14:21:08'}",False,
"{'school': {'name': 'PUBLICZNA SZKOŁA PODSTAWOWA W TOMASZOWIE', 'street': 'LEŚNA', 'post_code': '68-114', 'city': 'TOMASZÓW', 'longitude': '15.404658513741197', 'latitude': '51.622513710796575'}, 'data': {'humidity_avg': 34.6, 'pressure_avg': 988.0, 'temperature_avg': 25.733333333333334, 'pm10_avg': 4.833333333333333, 'pm25_avg': 2.753333333333333}, 'timestamp': '2026-07-25 14:21:08'}",False,
"{'school': {'name': 'SZKOŁA PODSTAWOWA NR 29 W LUBLINIE', 'street': 'WAJDELOTY', 'post_code': '20-604', 'city': 'LUBLIN', 'longitude': '22.5237824136724', 'latitude': '51.2433286093504'}, 'data': {'humidity_avg': 39.0, 'pressure_avg': 998.0, 'temperature_avg': 24.2, 'pm10_avg': 3.0, 'pm25_avg': 2.0}, 'timestamp': '2026-07-25 14:21:08'}",False,
"{'school': {'name': 'SZKOŁA PODSTAWOWA W SZKODNEJ', 'street': None, 'post_code': '39-126', 'city': 'SZKODNA', 'longitude': '21.6475593266686', 'latitude': '49.9841839576423'}, 'data': {'humidity_avg': 39.18, 'pressure_avg': 975.78, 'temperature_avg': 25.78, 'pm10_avg': 2.02, 'pm25_avg': 2.02}, 'timestamp': '2026-07-25 14:21:08'}",False,
"{'school': {'name': 'SZKOŁA PODSTAWOWA IM. MARII KONOPNICKIEJ W MŁODOWIE', 'street': 'UL. SZKOLNA', 'post_code': '37-600', 'city': 'MŁODÓW', 'longitude': '23.1625474248211', 'latitude': '50.1612772043517'}, 'data': {'humidity_avg': 24.516666666666666, 'pressure_avg': 987.0, 'temperature_avg': 37.875, 'pm10_avg': 3.833333333333333, 'pm25_avg': 3.5}, 'timestamp': '2026-07-25 14:21:08'}",False,
"{'school': {'name': 'SZKOŁA PODSTAWOWA W SIEDLISKACH', 'street': 'SIEDLISKA', 'post_code': '37-731', 'city': 'PRZEMYŚL', 'longitude': '22.8836889838114', 'latitude': '49.7739137681101'}, 'data': {'humidity_avg': 48.14166666666667, 'pressure_avg': 986.0, 'temperature_avg': 24.566666666666666, 'pm10_avg': 3.916666666666666, 'pm25_avg': 3.916666666666666}, 'timestamp': '2026-07-25 14:21:08'}",False,
"{'school': {'name': 'SZKOŁA PODSTAWOWA NR 3 IM. JANA PAWŁA II W ROPCZYCACH', 'street': '3 MAJA', 'post_code': '39-100', 'city': 'ROPCZYCE', 'longitude': '21.5832672438671', 'latitude': '50.0389694490123'}, 'data': {'humidity_avg': 22.316666666666666, 'pressure_avg': 987.0, 'temperature_avg': 36.44166666666667, 'pm10_avg': 3.916666666666666, 'pm25_avg': 3.583333333333333}, 'timestamp': '2026-07-25 14:21:08'}",False,
"{'school': {'name': 'SZKOŁA PODSTAWOWA NR 2 IM. BŁ. JANA PAWŁA II W LIBIĄŻU', 'street': 'PLAC ZWYCIĘSTWA', 'post_code': '32-590', 'city': 'LIBIĄŻ', 'longitude': '19.3064540609702', 'latitude': '50.0995764389139'}, 'data': {'humidity_avg': 41.65, 'pressure_avg': 980.0, 'temperature_avg': 24.375, 'pm10_avg': 2.166666666666666, 'pm25_avg': 1.666666666666666}, 'timestamp': '2026-07-25 14:21:08'}",False,
"{'school': {'name': 'SZKOŁA PODSTAWOWA NR 2  IM. KAZIMIERZA BRODZIŃSKIEGO W BOCHNI', 'street': 'ORACKA', 'post_code': '32-700', 'city': 'BOCHNIA', 'longitude': '20.4250867479996', 'latitude': '49.9702658831946'}, 'data': {'humidity_avg': 40.49166666666667, 'pressure_avg': 986.0, 'temperature_avg': 24.483333333333334, 'pm10_avg': 3.833333333333333, 'pm25_avg': 3.333333333333333}, 'timestamp': '2026-07-25 14:21:08'}",False,
"{'school': {'name': 'SZKOŁA PODSTAWOWA IM. KAZIMIERZA GÓRSKIEGO W ŁOZINIE', 'street': 'MILICKA', 'post_code': '55-095', 'city': 'ŁOZINA', 'longitude': '17.180298682797538', 'latitude': '51.23388117656271'}, 'data': {'humidity_avg': 41.03333333333333, 'pressure_avg': 992.2333333333332, 'temperature_avg': 28.833333333333332, 'pm10_avg': 13.200000000000001, 'pm25_avg': 7.696666666666666}, 'timestamp': '2026-07-25 14:21:08'}",False,
"{'school': {'name': 'PRZEDSZKOLE W KIEŁCZOWIE', 'street': 'WROCŁAWSKA', 'post_code': '55-093', 'city': 'KIEŁCZÓW', 'longitude': '17.19065006929958', 'latitude': '51.1371047031024'}, 'data': {'humidity_avg': 57.79999999999999, 'pressure_avg': 999.9, 'temperature_avg': 27.3, 'pm10_avg': 5.599999999999999, 'pm25_avg': 3.6}, 'timestamp': '2026-07-25 14:21:08'}",False,
"{'school': {'name': 'PRZEDSZKOLE W BLIZNEM JASIŃSKIEGO', 'street': 'UL. TADEUSZA KOŚCIUSZKI', 'post_code': '05-082', 'city': 'BLIZNE JASIŃSKIEGO', 'longitude': '20.881159640505192', 'latitude': '52.2438730196329'}, 'data': {'humidity_avg': 43.93333333333334, 'pressure_avg': 1005.3333333333334, 'temperature_avg': 25.8, 'pm10_avg': 4.233333333333333, 'pm25_avg': 2.306666666666666}, 'timestamp': '2026-07-25 14:21:08'}",False,
"{'school': {'name': 'ZESPÓŁ SZKÓŁ W PRUDNIKU', 'street': 'UL. DĄBROWSKIEGO', 'post_code': '48-200', 'city': 'PRUDNIK', 'longitude': '17.571637628835184', 'latitude': '50.32109542835716'}, 'data': {'humidity_avg': 56.13333333333333, 'pressure_avg': 983.4, 'temperature_avg': 25.166666666666668, 'pm10_avg': 3.3, 'pm25_avg': 1.886666666666666}, 'timestamp': '2026-07-25 14:21:08'}",False,
"{'school': {'name': 'PRZEDSZKOLE ,,MIŚ USZATEK"" W OSTROROGU', 'street': 'UL. WRONIECKA', 'post_code': '64-560', 'city': 'OSTRORÓG', 'longitude': '16.446531842328756', 'latitude': '52.62862454862175'}, 'data': {'humidity_avg': 99.90000000000002, 'pressure_avg': 996.6333333333333, 'temperature_avg': 24.03333333333333, 'pm10_avg': 3.9666666666666672, 'pm25_avg': 2.17}, 'timestamp': '2026-07-25 14:21:08'}",False,
"{'school': {'name': 'SZKOŁA PODSTAWOWA NR 2 IM. GUSTAWA MORCINKA W TOSZKU', 'street': 'UL. WILKOWICKA', 'post_code': '44-180', 'city': 'TOSZEK', 'longitude': '18.527405971163624', 'latitude': '50.454108128948924'}, 'data': {'humidity_avg': 67.86666666666666, 'pressure_avg': 984.6333333333333, 'temperature_avg': 25.333333333333332, 'pm10_avg': 3.566666666666666, 'pm25_avg': 2.113333333333333}, 'timestamp': '2026-07-25 14:21:08'}",False,
"{'school': {'name': 'SZKOŁA PODSTAWOWA IM. KAWALERÓW ORDERU UŚMIECHU W CZERSKU', 'street': 'UL. WARSZAWSKA', 'post_code': '05-530', 'city': 'CZERSK', 'longitude': '21.227091274384716', 'latitude': '51.96063591615556 '}, 'data': {'humidity_avg': 42.833333333333336, 'pressure_avg': 996.275, 'temperature_avg': 26.2, 'pm10_avg': 1.9333333333333331, 'pm25_avg': 1.9333333333333331}, 'timestamp': '2026-07-25 14:21:08'}",False,
"{'school': {'name': 'PUBLICZNA SZKOŁA PODSTAWOWA IM. JANA PAWŁA II W ROSZOWICKIM LESIE', 'street': 'UL. SZKOLNA', 'post_code': '47-253', 'city': 'ROSZOWICKI LAS', 'longitude': '18.21990066', 'latitude': '50.26168468'}, 'data': {'humidity_avg': 39.300000000000004, 'pressure_avg': 988.9499999999999, 'temperature_avg': 25.7, 'pm10_avg': 3.375, 'pm25_avg': 2.916666666666666}, 'timestamp': '2026-07-25 14:21:08'}",False,
"{'school': {'name': 'SZKOŁA PODSTAWOWA IM. KS. JANA TWARDOWSKIEGO W RACIMIERZU', 'street': 'UL. NIEPODLEGŁOŚCI', 'post_code': '72-111', 'city': 'RACIMIERZ', 'longitude': '14.65747308', 'latitude': '53.7423708'}, 'data': {'humidity_avg': 53.96363636363637, 'pressure_avg': 1005.1545454545455, 'temperature_avg': 23.772727272727273, 'pm10_avg': 5.145454545454545, 'pm25_avg': 4.345454545454545}, 'timestamp': '2026-07-25 14:21:08'}",False,
"{'school': {'name': 'I KATOLICKIE SPOŁECZNE LICEUM OGÓLNOKSZTAŁCACE IM.ŚW.BRATA ALBERTA CHMIELOWSKIEGO W PUŁAWACH', 'street': 'UL. STANISŁAWA EUSTACHIEWICZA', 'post_code': '24-100', 'city': 'PUŁAWY', 'longitude': '21.95614207', 'latitude': '51.41935824'}, 'data': {'humidity_avg': 40.71818181818182, 'pressure_avg': 994.3272727272728, 'temperature_avg': 24.69090909090909, 'pm10_avg': 1.409090909090909, 'pm25_avg': 1.4}, 'timestamp': '2026-07-25 14:21:08'}",False,
"{'school': {'name': 'TECHNIKUM NR 4 W ZESPOLE SZKÓŁ TECHNICZNYCH IM.M. SKŁODOWSKIEJ-CURIE W PUŁAWACH', 'street': 'UL. WOJSKA POLSKIEGO', 'post_code': '24-100', 'city': 'PUŁAWY', 'longitude': '21.97667461', 'latitude': '51.41823622'}, 'data': {'humidity_avg': 36.154545454545456, 'pressure_avg': 993.8909090909091, 'temperature_avg': 28.945454545454538, 'pm10_avg': 2.1, 'pm25_avg': 1.690909090909091}, 'timestamp': '2026-07-25 14:21:08'}",False,
"{'school': {'name': 'SZKOŁA PODSTAWOWA NR 2 IM. KRZYSZTOFA KAMILA BACZYŃSKIEGO W PUŁAWACH', 'street': 'AL. MAŁA', 'post_code': '24-100', 'city': 'PUŁAWY', 'longitude': '21.96276919', 'latitude': '51.41579363'}, 'data': {'humidity_avg': 36.309090909090905, 'pressure_avg': 993.6727272727272, 'temperature_avg': 26.8, 'pm10_avg': 1.927272727272727, 'pm25_avg': 1.572727272727272}, 'timestamp': '2026-07-25 14:21:08'}",False,
"{'school': {'name': 'SZKOŁA PODSTAWOWA NR 4 IM. PAPIEŻA JANA PAWŁA II W ŁĘCZNEJ', 'street': 'UL. JAŚMINOWA', 'post_code': '21-010', 'city': 'ŁĘCZNA', 'longitude': '22.88259013', 'latitude': '51.29206273'}, 'data': {'humidity_avg': 50.45, 'pressure_avg': 990.825, 'temperature_avg': 25.5, 'pm10_avg': 2.5, 'pm25_avg': 2.2875}, 'timestamp': '2026-07-25 14:21:08'}",False,
"{'school': {'name': 'SZKOŁA PODSTAWOWA IM.JOACHIMA LELEWELA W JAKUBOWICACH KONIŃSKICH', 'street': 'UL. SZKOLNA', 'post_code': '21-003', 'city': 'JAKUBOWICE KONIŃSKIE', 'longitude': '22.52628594', 'latitude': '51.31010447'}, 'data': {'humidity_avg': 42.7, 'pressure_avg': 988.36, 'temperature_avg': 24.240000000000002, 'pm10_avg': 2.36, 'pm25_avg': 2.2}, 'timestamp': '2026-07-25 14:21:08'}",False,
"{'school': {'name': 'SZKOŁA PODSTAWOWA W KŁODNICY DOLNEJ', 'street': None, 'post_code': '24-224', 'city': 'KŁODNICA DOLNA', 'longitude': '22.28477957', 'latitude': '51.06632652'}, 'data': {'humidity_avg': 44.20909090909091, 'pressure_avg': 987.2181818181817, 'temperature_avg': 23.3, 'pm10_avg': 1.4, 'pm25_avg': 1.209090909090909}, 'timestamp': '2026-07-25 14:21:08'}",False,
"{'school': {'name': 'SZKOŁA PODSTAWOWA NR 6 IM. IRENY SENDLEROWEJ W CHEŁMIE', 'street': 'UL. POWSTAŃCÓW WARSZAWY', 'post_code': '22-100', 'city': 'CHEŁM', 'longitude': '23.479142939944662', 'latitude': '51.126339150220325 '}, 'data': {'humidity_avg': 58.0, 'pressure_avg': 986.8, 'temperature_avg': 23.0, 'pm10_avg': 2.884615384615384, 'pm25_avg': 2.376923076923077}, 'timestamp': '2026-07-25 14:21:08'}",False,
"{'school': {'name': 'SZKOŁA PODSTAWOWA NR 4 IM. KORNELA MAKUSZYŃSKIEGO W BIAŁEJ PODLASKIEJ', 'street': 'UL. STANISŁAWA MONIUSZKI', 'post_code': '21-500', 'city': 'BIAŁA PODLASKA', 'longitude': '23.1240646', 'latitude': '52.03658476'}, 'data': {'humidity_avg': 50.041666666666664, 'pressure_avg': 993.1166666666667, 'temperature_avg': 23.308333333333334, 'pm10_avg': 2.083333333333333, 'pm25_avg': 1.7000000000000002}, 'timestamp': '2026-07-25 14:21:08'}",False,
"{'school': {'name': 'SZKOŁA PODSTAWOWA IM.KSIĘDZA JANA TWARDOWSKIEGO W CZACHÓWKU', 'street': 'UL. GŁÓWNA', 'post_code': '05-530', 'city': 'CZACHÓWEK', 'longitude': '21.0884246', 'latitude': '51.96101922'}, 'data': {'humidity_avg': 52.57142857142857, 'pressure_avg': 997.6285714285715, 'temperature_avg': 25.87142857142857, 'pm10_avg': 3.057142857142857, 'pm25_avg': 2.5857142857142863}, 'timestamp': '2026-07-25 14:21:08'}",False,
"{'school': {'name': 'LICEUM OGÓLNOKSZTAŁCĄCE W LIPSKU', 'street': 'UL. ZWOLEŃSKA', 'post_code': '27-300', 'city': 'LIPSKO', 'longitude': '21.65162688', 'latitude': '51.16209825'}, 'data': {'humidity_avg': 44.62222222222223, 'pressure_avg': 991.0777777777779, 'temperature_avg': 24.11111111111111, 'pm10_avg': 1.7888888888888892, 'pm25_avg': 1.455555555555555}, 'timestamp': '2026-07-25 14:21:08'}",False,
"{'school': {'name': 'TECHNIKUM NR 2 W GARWOLINIE', 'street': 'UL. ŻOŁNIERZY II ARMII WOJSKA POLSKIEGO', 'post_code': '08-400', 'city': 'GARWOLIN', 'longitude': '21.5953052', 'latitude': '51.89704263'}, 'data': {'humidity_avg': 38.78333333333333, 'pressure_avg': 995.3083333333334, 'temperature_avg': 27.34166666666667, 'pm10_avg': 1.9333333333333331, 'pm25_avg': 1.591666666666666}, 'timestamp': '2026-07-25 14:21:08'}",False,
"{'school': {'name': 'PUBLICZNA SZKOŁA PODSTAWOWA IM. O. STANISŁAWA PAPCZYŃSKIEGO W MARIAŃSKIM PORZECZU', 'street': None, 'post_code': '08-470', 'city': 'MARIAŃSKIE PORZECZE', 'longitude': '21.33261521', 'latitude': '51.88402213'}, 'data': {'humidity_avg': 37.416666666666664, 'pressure_avg': 998.0666666666666, 'temperature_avg': 26.808333333333334, 'pm10_avg': 1.75, 'pm25_avg': 1.5}, 'timestamp': '2026-07-25 14:21:08'}",False,
"{'school': {'name': 'SZKOŁA MUZYCZNA I ST. W GARWOLINIE', 'street': 'UL. JANA PAWŁA II', 'post_code': '08-400', 'city': 'GARWOLIN', 'longitude': '21.61280145', 'latitude': '51.89874672'}, 'data': {'humidity_avg': 31.345454545454547, 'pressure_avg': 994.5272727272727, 'temperature_avg': 30.5, 'pm10_avg': 1.672727272727272, 'pm25_avg': 1.363636363636363}, 'timestamp': '2026-07-25 14:21:08'}",False,
"{'school': {'name': 'SZKOŁA PODSTAWOWA NR 2 W KONSTANCINIE-JEZIORNEJ', 'street': 'UL. STEFANA ŻEROMSKIEGO', 'post_code': '05-510', 'city': 'KONSTANCIN-JEZIORNA', 'longitude': '21.12317779', 'latitude': '52.07946519'}, 'data': {'humidity_avg': 49.35833333333333, 'pressure_avg': 998.1666666666666, 'temperature_avg': 23.691666666666666, 'pm10_avg': 2.266666666666666, 'pm25_avg': 2.016666666666666}, 'timestamp': '2026-07-25 14:21:08'}",False,
"{'school': {'name': 'TECHNIKUM NR 2 IM. EMILII PLATER W PIASECZNIE', 'street': 'UL. ALEJA BRZÓZ', 'post_code': '05-501', 'city': 'PIASECZNO', 'longitude': '21.02070292', 'latitude': '52.0540252'}, 'data': {'humidity_avg': 61.0, 'pressure_avg': 998.5166666666668, 'temperature_avg': 23.316666666666666, 'pm10_avg': 3.8666666666666663, 'pm25_avg': 3.408333333333333}, 'timestamp': '2026-07-25 14:21:08'}",False,
"{'school': {'name': 'PUBLICZNA SZKOŁA PODSTAWOWA IM.KORNELA MAKUSZYŃSKIEGO W UGNIEWIE', 'street': 'UL. SZKOLNA', 'post_code': '07-300', 'city': 'UGNIEWO', 'longitude': '21.91017286', 'latitude': '52.8032487'}, 'data': {'humidity_avg': 49.55, 'pressure_avg': 995.85, 'temperature_avg': 24.8, 'pm10_avg': 1.8, 'pm25_avg': 1.8}, 'timestamp': '2026-07-25 14:21:08'}",False,
"{'school': {'name': 'SZKOŁA PODSTAWOWA NR 2 IM. FRYDERYKA CHOPINA W MALKINI GÓRNEJ', 'street': 'UL. LEŚNA', 'post_code': '07-320', 'city': 'MAŁKINIA GÓRNA', 'longitude': '22.05928062', 'latitude': '52.6945031'}, 'data': {'humidity_avg': 47.35, 'pressure_avg': 998.0, 'temperature_avg': 27.016666666666666, 'pm10_avg': 1.741666666666666, 'pm25_avg': 1.741666666666666}, 'timestamp': '2026-07-25 14:21:08'}",False,
"{'school': {'name': 'SZKOŁA PODSTAWOWA IM. BŁOGOSŁAWIONEGO OJCA STANISŁAWA PAPCZYŃSKIEGO W KĄTACH', 'street': 'UL. PUŁAWSKA', 'post_code': '05-532', 'city': 'KĄTY', 'longitude': '21.17263735', 'latitude': '52.00208981'}, 'data': {'humidity_avg': 48.68181818181818, 'pressure_avg': 996.4181818181819, 'temperature_avg': 23.872727272727275, 'pm10_avg': 2.854545454545454, 'pm25_avg': 2.545454545454545}, 'timestamp': '2026-07-25 14:21:08'}",False,
"{'school': {'name': 'TECHNIKUM GASTRONOMICZNE W GDYNI', 'street': 'UL. MORSKA', 'post_code': '81-222', 'city': 'GDYNIA', 'longitude': '18.51581066', 'latitude': '54.52508818'}, 'data': {'humidity_avg': 50.75454545454545, 'pressure_avg': 1004.9909090909091, 'temperature_avg': 24.436363636363637, 'pm10_avg': 4.709090909090909, 'pm25_avg': 4.2}, 'timestamp': '2026-07-25 14:21:08'}",False,
"{'school': {'name': 'SZKOŁA PODSTAWOWA W ZŁOTOKŁOSIE', 'street': 'UL. TRAUGUTTA', 'post_code': '05-504', 'city': 'ZŁOTOKŁOS', 'longitude': '20.90784407', 'latitude': '52.00962311'}, 'data': {'humidity_avg': 57.42727272727273, 'pressure_avg': 996.8090909090909, 'temperature_avg': 24.954545454545453, 'pm10_avg': 2.9454545454545453, 'pm25_avg': 2.527272727272727}, 'timestamp': '2026-07-25 14:21:08'}",False,
"{'school': {'name': 'SZKOŁA PODSTAWOWA IM. FELIKSA KAPACKIEGO W CENDROWICACH', 'street': 'UL. SZKOLNA', 'post_code': '05-530', 'city': 'CENDROWICE', 'longitude': '21.13239127', 'latitude': '51.96755856'}, 'data': {'humidity_avg': 41.14545454545455, 'pressure_avg': 994.3818181818183, 'temperature_avg': 26.954545454545453, 'pm10_avg': 3.3, 'pm25_avg': 2.909090909090909}, 'timestamp': '2026-07-25 14:21:08'}",False,
"{'school': {'name': 'SZKOŁA PODSTAWOWA W BIAŁUSNYM LASKU', 'street': None, 'post_code': '07-430', 'city': 'BIAŁUSNY LASEK', 'longitude': '21.30430342', 'latitude': '53.35698702'}, 'data': {'humidity_avg': 41.858333333333334, 'pressure_avg': 994.3916666666668, 'temperature_avg': 26.583333333333332, 'pm10_avg': 3.425, 'pm25_avg': 2.983333333333333}, 'timestamp': '2026-07-25 14:21:08'}",False,
"{'school': {'name': 'SZKOŁA PODSTAWOWA IM. KS. JANA TWARDOWSKIEGO W GLINIE', 'street': None, 'post_code': '07-320', 'city': 'GLINA', 'longitude': '21.95984362', 'latitude': '52.6962338'}, 'data': {'humidity_avg': 53.18181818181818, 'pressure_avg': 995.9909090909091, 'temperature_avg': 24.018181818181816, 'pm10_avg': 1.927272727272727, 'pm25_avg': 1.927272727272727}, 'timestamp': '2026-07-25 14:21:08'}",False,
"{'school': {'name': 'PUBLICZNE TECHNIKUM LEŚNE ZESPOŁU SZKÓŁ W TUŁOWICACH', 'street': 'UL. ZAMKOWA', 'post_code': '49-130', 'city': 'TUŁOWICE', 'longitude': '17.65698382', 'latitude': '50.59142765'}, 'data': {'humidity_avg': 30.200000000000003, 'pressure_avg': 990.9846153846154, 'temperature_avg': 28.96153846153846, 'pm10_avg': 2.953846153846153, 'pm25_avg': 2.538461538461538}, 'timestamp': '2026-07-25 14:21:08'}",False,
"{'school': {'name': 'SZKOŁA PODSTAWOWA NR 1 IM.KAROLA MIARKI W RYDUŁTOWACH', 'street': 'UL. ŚW. MAKSYMILIANA KOLBE', 'post_code': '44-280', 'city': 'RYDUŁTOWY', 'longitude': '18.41959735', 'latitude': '50.05843382'}, 'data': {'humidity_avg': 51.945454545454545, 'pressure_avg': 979.9454545454545, 'temperature_avg': 23.254545454545454, 'pm10_avg': 0.9090909090909091, 'pm25_avg': 0.818181818181818}, 'timestamp': '2026-07-25 14:21:08'}",False,
"{'school': {'name': 'TECHNIKUM W PSZOWIE', 'street': 'UL. ROMUALDA TRAUGUTTA', 'post_code': '44-370', 'city': 'PSZÓW', 'longitude': '18.40378202', 'latitude': '50.0419266'}, 'data': {'humidity_avg': 45.284615384615385, 'pressure_avg': 974.376923076923, 'temperature_avg': 23.707692307692305, 'pm10_avg': 3.453846153846153, 'pm25_avg': 3.107692307692307}, 'timestamp': '2026-07-25 14:21:08'}",False,
"{'school': {'name': 'SZKOŁA PODSTAWOWA ZESPOŁU SZKÓŁ IM. BOLESŁAWA CHROBREGO W NIEMODLINIE', 'street': 'UL. OPOLSKA ', 'post_code': '49-100', 'city': 'NIEMODLIN', 'longitude': '17.63285173', 'latitude': '50.64185007'}, 'data': {'humidity_avg': 40.24545454545454, 'pressure_avg': 991.7181818181817, 'temperature_avg': 25.38181818181818, 'pm10_avg': 3.463636363636364, 'pm25_avg': 3.081818181818181}, 'timestamp': '2026-07-25 14:21:08'}",False,
"{'school': {'name': 'TECHNIKUM W RYDUŁTOWACH', 'street': 'UL. OBYWATELSKA', 'post_code': '44-280', 'city': 'RYDUŁTOWY', 'longitude': '18.42658537', 'latitude': '50.07171957'}, 'data': {'humidity_avg': 41.17272727272727, 'pressure_avg': 975.7454545454547, 'temperature_avg': 25.472727272727273, 'pm10_avg': 3.227272727272727, 'pm25_avg': 2.8636363636363633}, 'timestamp': '2026-07-25 14:21:08'}",False,
"{'school': {'name': 'SZKOŁA PODSTAWOWA IM.KARDYNAŁA STEFANA WYSZYŃSKIEGO W TELATYNIE', 'street': 'UL. KARDYNAŁA STEFANA WYSZYŃSKIEGO', 'post_code': '22-652', 'city': 'TELATYN', 'longitude': '23.8446095', 'latitude': '50.52250671'}, 'data': {'humidity_avg': 39.74545454545454, 'pressure_avg': 984.0636363636364, 'temperature_avg': 29.127272727272725, 'pm10_avg': 2.263636363636363, 'pm25_avg': 1.9545454545454541}, 'timestamp': '2026-07-25 14:21:08'}",False,
"{'school': {'name': 'TECHNIKUM NR 1 W ŚWIDNIKU', 'street': 'UL. SZKOLNA', 'post_code': '21-045', 'city': 'ŚWIDNIK', 'longitude': '22.69752657', 'latitude': '51.22672919'}, 'data': {'humidity_avg': 47.43076923076923, 'pressure_avg': 985.4615384615385, 'temperature_avg': 23.93846153846154, 'pm10_avg': 2.084615384615384, 'pm25_avg': 1.823076923076923}, 'timestamp': '2026-07-25 14:21:08'}",False,
"{'school': {'name': 'SZKOŁA PODSTAWOWA W OŁDAKACH', 'street': None, 'post_code': '07-411', 'city': 'OŁDAKI', 'longitude': '21.692978', 'latitude': '53.095518'}, 'data': {'humidity_avg': 56.542857142857144, 'pressure_avg': 998.4285714285714, 'temperature_avg': 24.428571428571427, 'pm10_avg': 0.21428571428571402, 'pm25_avg': 0.171428571428571}, 'timestamp': '2026-07-25 14:21:08'}",False,
"{'school': {'name': 'SZKOŁA PODSTAWOWA IM.J.WYBICKIEGO W POLNICY', 'street': None, 'post_code': '77-300', 'city': 'POLNICA', 'longitude': '17.40057712', 'latitude': '53.75198216'}, 'data': {'humidity_avg': 48.5, 'pressure_avg': 991.3083333333334, 'temperature_avg': 25.849999999999998, 'pm10_avg': 5.25, 'pm25_avg': 4.716666666666667}, 'timestamp': '2026-07-25 14:21:08'}",False,
"{'school': {'name': 'SZKOŁA PODSTAWOWA W RAJKOWACH W ZESPOLE KSZTAŁCENIA I WYCHOWANIA W RAJKOWACH', 'street': 'UL. JESIONOWA', 'post_code': '83-130', 'city': 'RAJKOWY', 'longitude': '18.7092112', 'latitude': '53.9610738'}, 'data': {'humidity_avg': 50.71818181818182, 'pressure_avg': 1000.2272727272727, 'temperature_avg': 23.854545454545452, 'pm10_avg': 4.427272727272728, 'pm25_avg': 3.9}, 'timestamp': '2026-07-25 14:21:08'}",False,
"{'school': {'name': 'LICEUM OGÓLNOKSZTAŁCĄCE W REDZIE', 'street': 'UL. ŁĄKOWA', 'post_code': '84-240', 'city': 'REDA', 'longitude': '18.3577379', 'latitude': '54.60185'}, 'data': {'humidity_avg': 54.36666666666667, 'pressure_avg': 1006.0583333333334, 'temperature_avg': 22.84166666666667, 'pm10_avg': 6.524999999999999, 'pm25_avg': 5.916666666666667}, 'timestamp': '2026-07-25 14:21:08'}",False,
"{'school': {'name': 'SZKOŁA PODSTAWOWA IM. MARYNARKI WOJENNEJ RP W OSTASZEWIE', 'street': 'UL. KOŚCIUSZKI', 'post_code': '82-112', 'city': 'OSTASZEWO', 'longitude': '18.9507202', 'latitude': '54.2131383'}, 'data': {'humidity_avg': 46.91818181818182, 'pressure_avg': 1006.9181818181819, 'temperature_avg': 25.127272727272725, 'pm10_avg': 7.2, 'pm25_avg': 6.318181818181818}, 'timestamp': '2026-07-25 14:21:08'}",False,
"{'school': {'name': 'TECHNIKUM NR 2 W BYTOWIE', 'street': 'UL. HIERONIMA DERDOWSKIEGO', 'post_code': '77-100', 'city': 'BYTÓW', 'longitude': '17.48812443', 'latitude': '54.16585829'}, 'data': {'humidity_avg': 44.88181818181818, 'pressure_avg': 991.6545454545455, 'temperature_avg': 24.9, 'pm10_avg': 5.6, 'pm25_avg': 5.090909090909091}, 'timestamp': '2026-07-25 14:21:08'}",False,
"{'school': {'name': 'SZKOŁA PODSTAWOWA W ZIELINIE', 'street': 'UL. PRUDNICKA', 'post_code': '47-370', 'city': 'ZIELINA', 'longitude': '17.7989291', 'latitude': '50.4408404'}, 'data': {'humidity_avg': 30.79090909090909, 'pressure_avg': 987.7181818181817, 'temperature_avg': 27.836363636363636, 'pm10_avg': 3.718181818181818, 'pm25_avg': 3.118181818181817}, 'timestamp': '2026-07-25 14:21:08'}",False,
"{'school': {'name': 'SZKOŁA PODSTAWOWA STOWARZYSZENIA ""ZŁOTY POTOK"" W ŁĄCE PRUDNICKIEJ', 'street': 'UL. GŁUCHOŁASKA', 'post_code': '48-200', 'city': 'ŁĄKA PRUDNICKA', 'longitude': '17.528406', 'latitude': '50.313494'}, 'data': {'humidity_avg': 32.03333333333333, 'pressure_avg': 976.4833333333332, 'temperature_avg': 26.71666666666667, 'pm10_avg': 3.4, 'pm25_avg': 2.9666666666666672}, 'timestamp': '2026-07-25 14:21:08'}",False,
"{'school': {'name': 'SZKOŁA PODSTAWOWA W ŁUBNIE', 'street': None, 'post_code': '77-140', 'city': 'ŁUBNO', 'longitude': '17.22653098', 'latitude': '54.15365707'}, 'data': {'humidity_avg': 57.75833333333333, 'pressure_avg': 990.4, 'temperature_avg': 23.3, 'pm10_avg': 5.091666666666667, 'pm25_avg': 4.2}, 'timestamp': '2026-07-25 14:21:08'}",False,
"{'school': {'name': 'SZKOŁA PODSTAWOWA NR 3 IM. MARII KONOPNICKIEJ W BIAŁEJ PODLASKIEJ', 'street': 'UL. SPORTOWA', 'post_code': '21-500', 'city': 'BIAŁA PODLASKA', 'longitude': '23.119378', 'latitude': '52.022177'}, 'data': {'humidity_avg': 47.60833333333333, 'pressure_avg': 992.4583333333334, 'temperature_avg': 25.625, 'pm10_avg': 1.333333333333333, 'pm25_avg': 1.333333333333333}, 'timestamp': '2026-07-25 14:21:08'}",False,
"{'school': {'name': 'PUBLICZNA SZKOŁA PODSTAWOWA IM. KSIĘDZA JANA TWARDOWSKIEGO W JANUSZKOWICACH', 'street': 'UL. LESIAŃSKA', 'post_code': '47-330', 'city': 'JANUSZKOWICE', 'longitude': '18.1356599', 'latitude': '50.3898439'}, 'data': {'humidity_avg': 36.20909090909091, 'pressure_avg': 989.4727272727273, 'temperature_avg': 25.4, 'pm10_avg': 4.209090909090909, 'pm25_avg': 3.636363636363636}, 'timestamp': '2026-07-25 14:21:08'}",False,
"{'school': {'name': 'SZKOŁA PODSTAWOWA IM. MARII SKŁODOWSKIEJ-CURIE W ALWERNI', 'street': 'UL. MARII SKŁODOWSKIEJ-CURIE', 'post_code': '32-566', 'city': 'ALWERNIA', 'longitude': '19.542471211821844', 'latitude': '50.06505227372774'}, 'data': {'humidity_avg': 36.81666666666667, 'pressure_avg': 975.5, 'temperature_avg': 26.78333333333333, 'pm10_avg': 2.958333333333333, 'pm25_avg': 2.558333333333333}, 'timestamp': '2026-07-25 14:21:08'}",False,
"{'school': {'name': 'SZKOŁA PODSTAWOWA IM. MIKOŁAJA KOPERNIKA W BALINIE', 'street': 'UL. JAWORZNICKA', 'post_code': '32-500', 'city': 'BALIN', 'longitude': '19.373681797572548', 'latitude': '50.171073102747464 '}, 'data': {'humidity_avg': 58.6, 'pressure_avg': 974.95, 'temperature_avg': 22.975, 'pm10_avg': 3.5125, 'pm25_avg': 3.15}, 'timestamp': '2026-07-25 14:21:08'}",False,
"{'school': {'name': 'TECHNIKUM NR 2 IM. BOHATERÓW WESTERPLATTE W KLUCZBORKU', 'street': 'UL. BYCZYŃSKA', 'post_code': '46-200', 'city': 'KLUCZBORK', 'longitude': '18.20597356', 'latitude': '50.97669665'}, 'data': {'humidity_avg': 39.04545454545455, 'pressure_avg': 988.3636363636364, 'temperature_avg': 25.045454545454547, 'pm10_avg': 3.090909090909091, 'pm25_avg': 3.090909090909091}, 'timestamp': '2026-07-25 14:21:08'}",False,
"{'school': {'name': 'PUBLICZNA SZKOŁA PODSTAWOWA IM.HALINY SEMENOWICZ W MOSZCZANCE', 'street': None, 'post_code': '48-200', 'city': 'MOSZCZANKA', 'longitude': '17.483901', 'latitude': '50.295686'}, 'data': {'humidity_avg': 30.650000000000002, 'pressure_avg': 973.9250000000001, 'temperature_avg': 28.558333333333334, 'pm10_avg': 2.416666666666666, 'pm25_avg': 2.416666666666666}, 'timestamp': '2026-07-25 14:21:08'}",False,
"{'school': {'name': 'BRANŻOWA SZKOŁA I STOPNIA W ŁASKARZEWIE', 'street': 'UL. KOLEJOWA', 'post_code': '08-450', 'city': 'ŁASKARZEW', 'longitude': '21.599958', 'latitude': '51.788404'}, 'data': {'humidity_avg': 41.400000000000006, 'pressure_avg': 993.5666666666667, 'temperature_avg': 26.155555555555555, 'pm10_avg': 1.911111111111111, 'pm25_avg': 1.566666666666666}, 'timestamp': '2026-07-25 14:21:08'}",False,
"{'school': {'name': 'SZKOŁA PODSTAWOWA IM.ŻWIRKI I WIGURY W RADOCZY', 'street': 'UL. DĘBOWA', 'post_code': '34-100', 'city': 'RADOCZA', 'longitude': '19.4703966', 'latitude': '49.9176909'}, 'data': {'humidity_avg': 40.53636363636363, 'pressure_avg': 978.4363636363636, 'temperature_avg': 27.254545454545454, 'pm10_avg': 2.5727272727272723, 'pm25_avg': 2.090909090909091}, 'timestamp': '2026-07-25 14:21:08'}",False,
"{'school': {'name': 'SZKOŁA PODSTAWOWA NR 5 IM. MARII KONOPNICKIEJ W CHEŁMIE', 'street': 'UL. I PUŁKU SZWOLEŻERÓW', 'post_code': '22-100', 'city': 'CHEŁM', 'longitude': '23.481093', 'latitude': '51.134591'}, 'data': {'humidity_avg': 54.94166666666666, 'pressure_avg': 987.2166666666667, 'temperature_avg': 23.71666666666667, 'pm10_avg': 2.583333333333333, 'pm25_avg': 2.158333333333333}, 'timestamp': '2026-07-25 14:21:08'}",False,
"{'school': {'name': 'LICEUM OGÓLNOKSZTAŁCĄCE IM. KS. J. ST. PASIERBA W PELPLINIE', 'street': 'UL. SAMBORA', 'post_code': '83-130', 'city': 'PELPLIN', 'longitude': '18.6979422', 'latitude': '53.9283135'}, 'data': {'humidity_avg': 48.925, 'pressure_avg': 1002.225, 'temperature_avg': 23.475, 'pm10_avg': 6.175, 'pm25_avg': 5.5875}, 'timestamp': '2026-07-25 14:21:08'}",False,
"{'school': {'name': 'TECHNIKUM W GŁOGÓWKU', 'street': 'UL. POWSTAŃCÓW', 'post_code': '48-250', 'city': 'GŁOGÓWEK', 'longitude': '17.86435', 'latitude': '50.35349'}, 'data': {'humidity_avg': 34.93333333333333, 'pressure_avg': 985.3083333333334, 'temperature_avg': 24.825, 'pm10_avg': 2.883333333333333, 'pm25_avg': 2.408333333333333}, 'timestamp': '2026-07-25 14:21:08'}",False,
"{'school': {'name': 'SZKOŁA PODSTAWOWA NR 2 IM. KS. STANISŁAWA STASZICA W CHEŁMIE', 'street': 'UL. OBŁOŃSKA', 'post_code': '22-100', 'city': 'CHEŁM', 'longitude': '23.47575683', 'latitude': '51.13815167'}, 'data': {'humidity_avg': 52.33636363636364, 'pressure_avg': 988.6, 'temperature_avg': 24.427272727272726, 'pm10_avg': 3.518181818181818, 'pm25_avg': 3.036363636363636}, 'timestamp': '2026-07-25 14:21:08'}",False,
"{'school': {'name': 'SZKOŁA PODSTAWOWA NR 8 IM. BOLESŁAWA ZYGMUNTA WIRSKIEGO W CHEŁMIE', 'street': 'UL. POŁANIECKA', 'post_code': '22-100', 'city': 'CHEŁM', 'longitude': '23.477306', 'latitude': '51.123224'}, 'data': {'humidity_avg': 53.333333333333336, 'pressure_avg': 986.8083333333334, 'temperature_avg': 23.691666666666666, 'pm10_avg': 3.608333333333333, 'pm25_avg': 3.074999999999999}, 'timestamp': '2026-07-25 14:21:08'}",False,
"{'school': {'name': 'SZKOŁA PODSTAWOWA NR 10 Z ODDZIAŁAMI INTEGRACYJNYMI IM. WALERIANA ŁUKASIŃSKIEGO W ZAMOŚCIU', 'street': 'UL. PEOWIAKÓW', 'post_code': '22-400', 'city': 'ZAMOŚĆ', 'longitude': '23.256959617892495', 'latitude': '50.72103172968299 '}, 'data': {'humidity_avg': 59.8111111111111, 'pressure_avg': 984.9666666666667, 'temperature_avg': 22.266666666666666, 'pm10_avg': 2.677777777777778, 'pm25_avg': 2.266666666666667}, 'timestamp': '2026-07-25 14:21:08'}",False,
"{'school': {'name': 'ZESPÓŁ SZKÓŁ GMINNYCH IM. HENRYKA SIENKIEWICZA W BOGUCICACH SZKOŁA PODSTAWOWA W BOGUCICACH', 'street': None, 'post_code': '32-711', 'city': 'BOGUCICE', 'longitude': '20.498337', 'latitude': '50.057389'}, 'data': {'humidity_avg': 35.93636363636364, 'pressure_avg': 990.6, 'temperature_avg': 26.945454545454538, 'pm10_avg': 1.345454545454545, 'pm25_avg': 1.154545454545454}, 'timestamp': '2026-07-25 14:21:08'}",False,
"{'school': {'name': 'PUBLICZNA SZKOŁA PODSTAWOWA W NIEDZIELISKACH', 'street': None, 'post_code': '32-820', 'city': 'NIEDZIELISKA', 'longitude': '20.632091271164818', 'latitude': '50.09115399071606'}, 'data': {'humidity_avg': 35.52727272727273, 'pressure_avg': 988.8545454545455, 'temperature_avg': 26.981818181818184, 'pm10_avg': 1.772727272727272, 'pm25_avg': 1.5818181818181811}, 'timestamp': '2026-07-25 14:21:08'}",False,
"{'school': {'name': 'TECHNIKUM W ZESPOLE SZKÓŁ AGROBIZNESU IM.MACIEJA RATAJA W KLEMENTOWICACH', 'street': None, 'post_code': '24-170', 'city': 'KLEMENTOWICE', 'longitude': '22.113069', 'latitude': '51.362926'}, 'data': {'humidity_avg': 40.449999999999996, 'pressure_avg': 991.0583333333334, 'temperature_avg': 24.825, 'pm10_avg': 1.991666666666666, 'pm25_avg': 1.541666666666666}, 'timestamp': '2026-07-25 14:21:08'}",False,
"{'school': {'name': 'PUBLICZNA SZKOŁA PODSTAWOWA IM. KAZIMIERZA RASŁAWSKIEGO W BORZECHOWIE ', 'street': None, 'post_code': '24-224', 'city': 'BORZECHÓW-KOLONIA', 'longitude': '22.2853918', 'latitude': '51.09246552'}, 'data': {'humidity_avg': 42.9, 'pressure_avg': 986.4, 'temperature_avg': 23.566666666666666, 'pm10_avg': 1.666666666666666, 'pm25_avg': 1.425}, 'timestamp': '2026-07-25 14:21:08'}",False,
"{'school': {'name': 'SZKOŁA PODSTAWOWA NR 117 IM. KRAKOWSKIEJ KONGREGACJI KUPIECKIEJ W KRAKOWIE', 'street': 'UL. JANA KURCZABA', 'post_code': '30-868', 'city': 'KRAKÓW-PODGÓRZE', 'longitude': '20.006872057670375', 'latitude': '50.01317838097981'}, 'data': {'humidity_avg': 43.46666666666667, 'pressure_avg': 986.0416666666666, 'temperature_avg': 23.474999999999998, 'pm10_avg': 3.216666666666667, 'pm25_avg': 3.266666666666667}, 'timestamp': '2026-07-25 14:21:08'}",False,
"{'school': {'name': 'VI LICEUM OGÓLNOKSZTAŁCĄCE IM. HUGONA KOŁŁĄTAJA W LUBLINIE', 'street': 'UL. ADAMA MICKIEWICZA', 'post_code': '20-466', 'city': 'LUBLIN', 'longitude': '22.577994', 'latitude': '51.216809'}, 'data': {'humidity_avg': 60.48333333333333, 'pressure_avg': 990.1166666666667, 'temperature_avg': 22.900000000000002, 'pm10_avg': 2.425, 'pm25_avg': 2.3}, 'timestamp': '2026-07-25 14:21:08'}",False,
"{'school': {'name': 'SZKOŁA PODSTAWOWA W ORLE', 'street': None, 'post_code': '07-320', 'city': 'ORŁO', 'longitude': '21.989508', 'latitude': '52.732095'}, 'data': {'humidity_avg': 45.68181818181818, 'pressure_avg': 995.9090909090909, 'temperature_avg': 24.872727272727275, 'pm10_avg': 2.536363636363636, 'pm25_avg': 2.254545454545454}, 'timestamp': '2026-07-25 14:21:08'}",False,
"{'school': {'name': 'SZKOŁA PODSTAWOWA IM. WINCENTEGO WITOSA W GROMNIKU', 'street': 'UL. WITOSA', 'post_code': '33-180', 'city': 'GROMNIK', 'longitude': '20.959304', 'latitude': '49.840276'}, 'data': {'humidity_avg': 40.516666666666666, 'pressure_avg': 981.1916666666667, 'temperature_avg': 24.3, 'pm10_avg': 2.958333333333333, 'pm25_avg': 2.6}, 'timestamp': '2026-07-25 14:21:08'}",False,
"{'school': {'name': 'AKADEMIA NAJMŁODSZYCH KRZYSZTOF GOŁAŚ NIEPUBLICZNA SZKOŁA PODSTAWOWA W KADZIDLE', 'street': 'UL. BRZOZOWA', 'post_code': '07-420', 'city': 'KADZIDŁO', 'longitude': '21.450353', 'latitude': '53.231522'}, 'data': {'humidity_avg': 47.824999999999996, 'pressure_avg': 995.0083333333333, 'temperature_avg': 24.483333333333334, 'pm10_avg': 3.35, 'pm25_avg': 2.9499999999999993}, 'timestamp': '2026-07-25 14:21:08'}",False,
"{'school': {'name': 'SZKOŁA PODSTAWOWA IM. ŚW. STANISŁAWA KOSTKI W AMELINIE', 'street': None, 'post_code': '06-212', 'city': 'AMELIN', 'longitude': '20.92818124', 'latitude': '52.98166409'}, 'data': {'humidity_avg': 39.541666666666664, 'pressure_avg': 995.5833333333334, 'temperature_avg': 27.691666666666666, 'pm10_avg': 4.041666666666667, 'pm25_avg': 3.558333333333333}, 'timestamp': '2026-07-25 14:21:08'}",False,
"{'school': {'name': 'SZKOŁA PODSTAWOWA SPECJALNA NR 44 IM. JANA BRZECHWY W KRAKOWIE', 'street': 'UL. ZAKĄTEK', 'post_code': '30-076', 'city': 'KRAKÓW', 'longitude': '19.916426', 'latitude': '50.076299'}, 'data': {'humidity_avg': 42.24166666666667, 'pressure_avg': 985.6999999999999, 'temperature_avg': 23.925, 'pm10_avg': 3.008333333333333, 'pm25_avg': 2.5}, 'timestamp': '2026-07-25 14:21:08'}",False,
"{'school': {'name': 'SZKOŁA PODSTAWOWA NR 1 IM. ŚW. JADWIGI KRÓLOWEJ W PODWILKU', 'street': None, 'post_code': '34-722', 'city': 'PODWILK', 'longitude': '19.7397286', 'latitude': '49.547978'}, 'data': {'humidity_avg': 35.56363636363636, 'pressure_avg': 933.2, 'temperature_avg': 23.663636363636364, 'pm10_avg': 1.718181818181818, 'pm25_avg': 1.636363636363636}, 'timestamp': '2026-07-25 14:21:08'}",False,
"{'school': {'name': 'LICEUM OGÓLNOKSZTAŁCĄCE KADETÓW RZECZYPOSPOLITEJ POLSKIEJ W LIPINACH', 'street': None, 'post_code': '26-425', 'city': 'LIPINY', 'longitude': '20.511418', 'latitude': '51.54591'}, 'data': {'humidity_avg': 43.15, 'pressure_avg': 992.5749999999999, 'temperature_avg': 26.366666666666664, 'pm10_avg': 6.25, 'pm25_avg': 5.774999999999999}, 'timestamp': '2026-07-25 14:21:08'}",False,
"{'school': {'name': 'SZKOŁA PODSTAWOWA NR 1 W BIAŁYM BORZE', 'street': 'UL. DWORCOWA', 'post_code': '78-425', 'city': 'BIAŁY BÓR', 'longitude': '16.84535152', 'latitude': '53.89895274'}, 'data': {'humidity_avg': 52.709090909090904, 'pressure_avg': 985.6727272727272, 'temperature_avg': 23.018181818181816, 'pm10_avg': 4.399999999999999, 'pm25_avg': 3.7363636363636363}, 'timestamp': '2026-07-25 14:21:08'}",False,
"{'school': {'name': 'SZKOŁA PODSTAWOWA IM.NOBLISTÓW POLSKICH W SIEMYŚLU', 'street': 'UL. SZKOLNA', 'post_code': '78-123', 'city': 'SIEMYŚL', 'longitude': '15.53351351', 'latitude': '54.02888072'}, 'data': {'humidity_avg': 51.425000000000004, 'pressure_avg': 1002.5083333333333, 'temperature_avg': 24.491666666666664, 'pm10_avg': 6.508333333333333, 'pm25_avg': 5.8916666666666675}, 'timestamp': '2026-07-25 14:21:08'}",False,
"{'school': {'name': 'SZKOŁA PODSTAWOWA W DASZEWIE', 'street': None, 'post_code': '78-230', 'city': 'DASZEWO', 'longitude': '15.881284', 'latitude': '54.081214'}, 'data': {'humidity_avg': 60.98333333333333, 'pressure_avg': 1002.5083333333333, 'temperature_avg': 22.90833333333333, 'pm10_avg': 4.05, 'pm25_avg': 3.791666666666666}, 'timestamp': '2026-07-25 14:21:08'}",False,
"{'school': {'name': 'SZKOŁA PODSTAWOWA NR 1 IM. ADAMA MICKIEWICZA W POŁCZYNIE-ZDROJU', 'street': 'UL. GRUNWALDZKA', 'post_code': '78-320', 'city': 'POŁCZYN-ZDRÓJ', 'longitude': '16.095199000000004', 'latitude': '53.767893339499636'}, 'data': {'humidity_avg': 41.925000000000004, 'pressure_avg': 996.1916666666666, 'temperature_avg': 26.008333333333336, 'pm10_avg': 7.133333333333333, 'pm25_avg': 6.774999999999999}, 'timestamp': '2026-07-25 14:21:08'}",False,
"{'school': {'name': 'SZKOŁA PODSTAWOWA W DARGINI', 'street': None, 'post_code': '76-020', 'city': 'DARGIŃ', 'longitude': '16.3943428', 'latitude': '54.0157172'}, 'data': {'humidity_avg': 47.23333333333333, 'pressure_avg': 994.8499999999999, 'temperature_avg': 24.816666666666666, 'pm10_avg': 4.033333333333333, 'pm25_avg': 3.766666666666667}, 'timestamp': '2026-07-25 14:21:08'}",False,
"{'school': {'name': 'ARCHIDIECEZJALNA SZKOŁA MUZYCZNA II ST. IM. KS. KARD. FRANCISZKA MACHARSKIEGO W KRAKOWIE', 'street': 'UL. PROSTA', 'post_code': '30-814', 'city': 'KRAKÓW-PODGÓRZE', 'longitude': '19.988467', 'latitude': '50.020869'}, 'data': {'humidity_avg': 34.7, 'pressure_avg': 984.6500000000001, 'temperature_avg': 25.5, 'pm10_avg': 3.2, 'pm25_avg': 2.65}, 'timestamp': '2026-07-25 14:21:08'}",False,
"{'school': {'name': 'SZKOŁA PODSTAWOWA Z ODDZIAŁAMI INTEGRACYJNYMI NR 30 IM. KAZIMIERZA PUŁASKIEGO W KRAKOWIE', 'street': 'UL. KONFEDERACKA', 'post_code': '30-306', 'city': 'KRAKÓW-PODGÓRZE', 'longitude': '19.927626', 'latitude': '50.048977'}, 'data': {'humidity_avg': 37.97272727272727, 'pressure_avg': 986.5636363636364, 'temperature_avg': 25.472727272727273, 'pm10_avg': 3.181818181818181, 'pm25_avg': 2.590909090909091}, 'timestamp': '2026-07-25 14:21:08'}",False,
"{'school': {'name': 'SPOŁECZNA SZKOŁA PODSTAWOWA NR 2 SPOŁECZNEGO TOWARZYSTWA OŚWIATOWEGO W TARNOWIE', 'street': 'UL. JANA MATEJKI', 'post_code': '33-100', 'city': 'TARNÓW', 'longitude': '20.98127883', 'latitude': '50.01473267'}, 'data': {'humidity_avg': 40.24545454545454, 'pressure_avg': 1000.8181818181819, 'temperature_avg': 24.09090909090909, 'pm10_avg': 5.227272727272727, 'pm25_avg': 4.518181818181818}, 'timestamp': '2026-07-25 14:21:08'}",False,
"{'school': {'name': 'XII LICEUM OGÓLNOKSZTAŁCĄCE W ZESPOLE SZKÓŁ MECHANICZNO-ELEKTRYCZNYCH W TARNOWIE', 'street': 'UL. JÓZEFA SZUJSKIEGO', 'post_code': '33-100', 'city': 'TARNÓW', 'longitude': '20.975575', 'latitude': '50.015268'}, 'data': {'humidity_avg': 36.233333333333334, 'pressure_avg': 987.2416666666667, 'temperature_avg': 26.791666666666668, 'pm10_avg': 4.383333333333334, 'pm25_avg': 3.8}, 'timestamp': '2026-07-25 14:21:08'}",False,
"{'school': {'name': 'TECHNIKUM NR 1 W ZESPOLE SZKÓŁ TECHNICZNYCH IM.IGNACEGO MOŚCICKIEGO W TARNOWIE', 'street': 'UL. EUGENIUSZA KWIATKOWSKIEGO', 'post_code': '33-101', 'city': 'TARNÓW', 'longitude': '20.9172948', 'latitude': '50.01387361'}, 'data': {'humidity_avg': 42.627272727272725, 'pressure_avg': 987.4818181818181, 'temperature_avg': 24.281818181818185, 'pm10_avg': 2.954545454545454, 'pm25_avg': 2.563636363636363}, 'timestamp': '2026-07-25 14:21:08'}",False,
"{'school': {'name': 'SZKOŁA PODSTAWOWA W ZESPOLE SZKÓŁ IM.MĘCZENNIKÓW MARSZU ŚMIERCI KL STUTTHOF W GARCZEGORZU', 'street': None, 'post_code': '84-351', 'city': 'GARCZEGORZE', 'longitude': '17.72784195', 'latitude': '54.59420501'}, 'data': {'humidity_avg': 61.90909090909091, 'pressure_avg': 999.8636363636364, 'temperature_avg': 23.39090909090909, 'pm10_avg': 6.018181818181818, 'pm25_avg': 5.418181818181818}, 'timestamp': '2026-07-25 14:21:08'}",False,
"{'school': {'name': 'PUBLICZNA SZKOŁA PODSTAWOWA NR 1 IM.BOHATERÓW WESTERPLATTE W PRUDNIKU', 'street': 'UL. PODGÓRNA', 'post_code': '48-200', 'city': 'PRUDNIK', 'longitude': '17.595989', 'latitude': '50.32052'}, 'data': {'humidity_avg': 36.57272727272727, 'pressure_avg': 979.3090909090909, 'temperature_avg': 28.2, 'pm10_avg': 4.2, 'pm25_avg': 3.745454545454545}, 'timestamp': '2026-07-25 14:21:08'}",False,
"{'school': {'name': 'ZESPÓŁ SZKÓŁ GMINNYCH IM. MIKOŁAJA KOPERNIKA W GAWŁOWIE SZKOŁA PODSTAWOWA Z ODDZIAŁAMI SPORTOWYMI W GAWŁOWIE', 'street': None, 'post_code': '32-711', 'city': 'GAWŁÓW', 'longitude': '20.463199', 'latitude': '50.026547'}, 'data': {'humidity_avg': 32.36363636363637, 'pressure_avg': 988.6909090909091, 'temperature_avg': 28.09090909090909, 'pm10_avg': 1.136363636363636, 'pm25_avg': 1.027272727272727}, 'timestamp': '2026-07-25 14:21:08'}",False,
"{'school': {'name': 'SZKOŁA PODSTAWOWA SPECJALNA W GRÓJCU', 'street': 'UL. POLNA', 'post_code': '05-600', 'city': 'GRÓJEC', 'longitude': '20.863021', 'latitude': '51.862928'}, 'data': {'humidity_avg': 44.775, 'pressure_avg': 991.4499999999999, 'temperature_avg': 24.733333333333334, 'pm10_avg': 3.449999999999999, 'pm25_avg': 2.85}, 'timestamp': '2026-07-25 14:21:08'}",False,
"{'school': {'name': 'PUBLICZNA SZKOŁA PODSTAWOWA W SUCHEJ', 'street': 'UL. SZLACHECKA', 'post_code': '26-800', 'city': 'SUCHA', 'longitude': '20.953664', 'latitude': '51.617246'}, 'data': {'humidity_avg': 45.27272727272727, 'pressure_avg': 994.8545454545455, 'temperature_avg': 25.50909090909091, 'pm10_avg': 3.754545454545454, 'pm25_avg': 3.454545454545454}, 'timestamp': '2026-07-25 14:21:08'}",False,
"{'school': {'name': 'TECHNIKUM W WARCE', 'street': 'UL. OBWODOWA', 'post_code': '05-660', 'city': 'WARKA', 'longitude': '21.182782', 'latitude': '51.79066'}, 'data': {'humidity_avg': 33.80833333333333, 'pressure_avg': 995.5666666666666, 'temperature_avg': 28.858333333333334, 'pm10_avg': 2.041666666666666, 'pm25_avg': 1.7000000000000002}, 'timestamp': '2026-07-25 14:21:08'}",False,
"{'school': {'name': 'SZKOŁA PODSTAWOWA NR 4 W RYDUŁTOWACH', 'street': 'UL. STRZELCÓW BYTOMSKICH', 'post_code': '44-280', 'city': 'RYDUŁTOWY', 'longitude': '18.417777', 'latitude': '50.06633209'}, 'data': {'humidity_avg': 42.644444444444446, 'pressure_avg': 977.5999999999999, 'temperature_avg': 26.91111111111111, 'pm10_avg': 1.777777777777777, 'pm25_avg': 1.577777777777778}, 'timestamp': '2026-07-25 14:21:08'}",False,
"{'school': {'name': 'PUBLICZNA SZKOŁA PODSTAWOWA NR 1 IM. BOLESŁAWA KRZYWOUSTEGO W KOŻUCHOWIE', 'street': 'UL. CHOPINA', 'post_code': '67-120', 'city': 'KOŻUCHÓW', 'longitude': '15.5962077', 'latitude': '51.7425702'}, 'data': {'humidity_avg': 29.736363636363638, 'pressure_avg': 994.9181818181819, 'temperature_avg': 28.40909090909091, 'pm10_avg': 4.272727272727272, 'pm25_avg': 3.7363636363636363}, 'timestamp': '2026-07-25 14:21:08'}",False,
"{'school': {'name': 'PUBLICZNA SZKOŁA PODSTAWOWA NR 1 IM. KOMISJI EDUKACJI NARODOWEJ W BIAŁOBRZEGACH', 'street': 'UL. RZEMIEŚLNICZA', 'post_code': '26-800', 'city': 'BIAŁOBRZEGI', 'longitude': '20.9533613', 'latitude': '51.64505952'}, 'data': {'humidity_avg': 52.300000000000004, 'pressure_avg': 999.1333333333333, 'temperature_avg': 23.625, 'pm10_avg': 3.333333333333333, 'pm25_avg': 3.066666666666666}, 'timestamp': '2026-07-25 14:21:08'}",False,
"{'school': {'name': 'TECHNIKUM IM. ZESŁAŃCÓW SYBIRU W BRODNICY', 'street': 'UL. KARBOWSKA', 'post_code': '87-300', 'city': 'BRODNICA', 'longitude': '19.4065091', 'latitude': '53.2579165'}, 'data': {'humidity_avg': 42.30833333333333, 'pressure_avg': 999.7666666666668, 'temperature_avg': 25.808333333333334, 'pm10_avg': 4.975, 'pm25_avg': 4.25}, 'timestamp': '2026-07-25 14:21:08'}",False,
"{'school': {'name': 'PUBLICZNA SZKOŁA PODSTAWOWA W GOSZCZYNIE', 'street': 'UL. ARMII KRAJOWEJ', 'post_code': '05-610', 'city': 'GOSZCZYN', 'longitude': '20.85589777', 'latitude': '51.73236675'}, 'data': {'humidity_avg': 44.684615384615384, 'pressure_avg': 991.3153846153847, 'temperature_avg': 25.6, 'pm10_avg': 3.384615384615384, 'pm25_avg': 2.769230769230769}, 'timestamp': '2026-07-25 14:21:08'}",False,
"{'school': {'name': 'LICEUM OGÓLNOKSZTAŁCĄCE W TARCZYNIE', 'street': 'UL. KS. CZESŁAWA OSZKIELA', 'post_code': '05-555', 'city': 'TARCZYN', 'longitude': '20.83477', 'latitude': '51.98106'}, 'data': {'humidity_avg': 47.71818181818182, 'pressure_avg': 993.4909090909091, 'temperature_avg': 26.963636363636365, 'pm10_avg': 3.963636363636364, 'pm25_avg': 3.527272727272727}, 'timestamp': '2026-07-25 14:21:08'}",False,
"{'school': {'name': 'SZKOŁA PODSTAWOWA IM. BŁOGOSŁAWIONEGO KS. JERZEGO POPIEŁUSZKI W NIECZAJNIE GÓRNEJ', 'street': None, 'post_code': '33-205', 'city': 'NIECZAJNA GÓRNA', 'longitude': '21.052364', 'latitude': '50.180347'}, 'data': {'humidity_avg': 38.28333333333333, 'pressure_avg': 988.025, 'temperature_avg': 25.333333333333332, 'pm10_avg': 2.908333333333333, 'pm25_avg': 2.441666666666667}, 'timestamp': '2026-07-25 14:21:08'}",False,
"{'school': {'name': 'SZKOŁA PODSTAWOWA NR 86 IM. POWSTAŃCÓW ŚLĄSKICH W KRAKOWIE', 'street': 'OS. OSIEDLE JAGIELLOŃSKIE', 'post_code': '31-833', 'city': 'KRAKÓW-NOWA HUTA', 'longitude': '20.027067', 'latitude': '50.084753'}, 'data': {'humidity_avg': 38.85454545454545, 'pressure_avg': 988.5090909090909, 'temperature_avg': 24.91818181818182, 'pm10_avg': 2.609090909090909, 'pm25_avg': 2.327272727272727}, 'timestamp': '2026-07-25 14:21:08'}",False,
"{'school': {'name': 'SZKOŁA PODSTAWOWA IM. POWSTAŃCÓW STYCZNIOWYCH W DALIKOWIE', 'street': 'UL. ŁĘCZYCKA', 'post_code': '99-205', 'city': 'DALIKÓW', 'longitude': '19.10104737', 'latitude': '51.8835744'}, 'data': {'humidity_avg': 39.75454545454546, 'pressure_avg': 991.8909090909091, 'temperature_avg': 26.727272727272727, 'pm10_avg': 3.218181818181818, 'pm25_avg': 2.709090909090909}, 'timestamp': '2026-07-25 14:21:08'}",False,
"{'school': {'name': 'BRANŻOWA SZKOŁA I STOPNIA SPECJALNA W SKAWINIE W SPECJALNYM OŚRODKU SZKOLNO-WYCHOWAWCZYM IM. POCZTY POLSKIEJ W SKAWINIE', 'street': 'UL. ŻWIRKI I WIGURY', 'post_code': '32-050', 'city': 'SKAWINA', 'longitude': '19.825058', 'latitude': '49.973327'}, 'data': {'humidity_avg': 43.81428571428571, 'pressure_avg': 986.0571428571428, 'temperature_avg': 24.342857142857145, 'pm10_avg': 3.685714285714286, 'pm25_avg': 3.171428571428571}, 'timestamp': '2026-07-25 14:21:08'}",False,
"{'school': {'name': 'PUBLICZNA SZKOŁA PODSTAWOWA W JAWORZU GÓRNYM', 'street': None, 'post_code': '39-223', 'city': 'JAWORZE GÓRNE', 'longitude': '21.354123', 'latitude': '49.94549'}, 'data': {'humidity_avg': 48.90833333333333, 'pressure_avg': 983.3333333333334, 'temperature_avg': 23.883333333333336, 'pm10_avg': 3.125, 'pm25_avg': 2.683333333333333}, 'timestamp': '2026-07-25 14:21:08'}",False,
"{'school': {'name': 'SZKOŁA PODSTAWOWA NR 234 IM. JULIANA TUWIMA W WARSZAWIE', 'street': 'UL. ESPERANTO', 'post_code': '01-049', 'city': 'WARSZAWA', 'longitude': '20.980951', 'latitude': '52.244004'}, 'data': {'humidity_avg': 42.663636363636364, 'pressure_avg': 995.7909090909092, 'temperature_avg': 25.354545454545452, 'pm10_avg': 2.109090909090909, 'pm25_avg': 2.109090909090909}, 'timestamp': '2026-07-25 14:21:08'}",False,
"{'school': {'name': 'XI LICEUM OGÓLNOKSZTAŁCĄCE IM. MIKOŁAJA REJA W WARSZAWIE', 'street': 'PL. PLAC STANISŁAWA MAŁACHOWSKIEGO', 'post_code': '00-063', 'city': 'WARSZAWA', 'longitude': '21.01075177068874', 'latitude': '52.238891020514885 '}, 'data': {'humidity_avg': 41.41818181818182, 'pressure_avg': 995.7909090909092, 'temperature_avg': 25.454545454545453, 'pm10_avg': 3.109090909090909, 'pm25_avg': 2.981818181818181}, 'timestamp': '2026-07-25 14:21:08'}",False,
"{'school': {'name': 'SZKOŁA PODSTAWOWA IM. ŚW. JADWIGI KRÓLOWEJ POLSKI W LISIEJ GÓRZE', 'street': 'UL. SZKOLNA', 'post_code': '33-140', 'city': 'LISIA GÓRA', 'longitude': '21.04434023989556', 'latitude': '50.081408096695185 '}, 'data': {'humidity_avg': 38.92727272727273, 'pressure_avg': 981.5363636363636, 'temperature_avg': 24.372727272727275, 'pm10_avg': 3.081818181818181, 'pm25_avg': 2.818181818181818}, 'timestamp': '2026-07-25 14:21:08'}",False,
"{'school': {'name': 'SZKOŁA PODSTAWOWA NR 89 IM. TADEUSZA MAZOWIECKIEGO W GDAŃSKU', 'street': 'UL. SZYPRÓW', 'post_code': '80-335', 'city': 'GDAŃSK', 'longitude': '18.5764229', 'latitude': '54.422398'}, 'data': {'humidity_avg': 60.8909090909091, 'pressure_avg': 1007.3909090909091, 'temperature_avg': 23.10909090909091, 'pm10_avg': 6.536363636363637, 'pm25_avg': 5.809090909090909}, 'timestamp': '2026-07-25 14:21:08'}",False,
"{'school': {'name': 'SZKOŁA PODSTAWOWA NR 82 IM. PROF. JANA CZOCHRALSKIEGO W GDAŃSKU', 'street': 'UL. RADAROWA', 'post_code': '80-298', 'city': 'GDAŃSK', 'longitude': '18.4834117', 'latitude': '54.3881906'}, 'data': {'humidity_avg': 48.708333333333336, 'pressure_avg': 989.5083333333333, 'temperature_avg': 24.375, 'pm10_avg': 5.808333333333334, 'pm25_avg': 5.024999999999999}, 'timestamp': '2026-07-25 14:21:08'}",False,
"{'school': {'name': 'SZKOŁA TECHNICZNA BYDGOSKIEGO ZAKŁADU DOSKONALENIA ZAWODOWEGO W CHOJNICACH', 'street': 'UL. KOŚCIERSKA', 'post_code': '89-600', 'city': 'CHOJNICE', 'longitude': '17.57105185', 'latitude': '53.69729052'}, 'data': {'humidity_avg': 43.0, 'pressure_avg': 986.7, 'temperature_avg': 24.463636363636365, 'pm10_avg': 4.490909090909091, 'pm25_avg': 4.063636363636363}, 'timestamp': '2026-07-25 14:21:08'}",False,
"{'school': {'name': 'PRYWATNA SZKOŁA PODSTAWOWA ""NAJA SZKOŁA"" W WEJHEROWIE', 'street': 'UL. PRZEMYSŁOWA', 'post_code': '84-200', 'city': 'WEJHEROWO', 'longitude': '18.21802095', 'latitude': '54.61295281'}, 'data': {'humidity_avg': 55.60833333333333, 'pressure_avg': 1003.4333333333334, 'temperature_avg': 22.75, 'pm10_avg': 5.333333333333333, 'pm25_avg': 4.833333333333333}, 'timestamp': '2026-07-25 14:21:08'}",False,
"{'school': {'name': 'ZESPÓŁ PLACÓWEK OŚWIATOWYCH SZKOŁA PODSTAWOWA IM. JÓZEFA BEMA W WOLI FILIPOWSKIEJ', 'street': 'UL. SZKOLNA', 'post_code': '32-065', 'city': 'WOLA FILIPOWSKA', 'longitude': '19.5849512', 'latitude': '50.1324622'}, 'data': {'humidity_avg': 44.885714285714286, 'pressure_avg': 978.9571428571428, 'temperature_avg': 25.957142857142856, 'pm10_avg': 0.0, 'pm25_avg': 0.0}, 'timestamp': '2026-07-25 14:21:08'}",False,
"{'school': {'name': 'SZKOŁA PODSTAWOWA W NOWYCH ŁUBKACH', 'street': None, 'post_code': '09-454', 'city': 'NOWE ŁUBKI', 'longitude': '20.0336032', 'latitude': '52.5782308'}, 'data': {'humidity_avg': 49.324999999999996, 'pressure_avg': 1001.2833333333333, 'temperature_avg': 24.7, 'pm10_avg': 4.433333333333334, 'pm25_avg': 3.8666666666666663}, 'timestamp': '2026-07-25 14:21:08'}",False,
"{'school': {'name': 'SZKOŁA PODSTAWOWA NR 36 IM. JULIANA TUWIMA W ZABRZU', 'street': 'PL. PLAC WARSZAWSKI', 'post_code': '41-800', 'city': 'ZABRZE', 'longitude': '18.78893235', 'latitude': '50.30422484'}, 'data': {'humidity_avg': 40.00833333333333, 'pressure_avg': 980.2083333333334, 'temperature_avg': 25.075, 'pm10_avg': 2.6999999999999993, 'pm25_avg': 2.25}, 'timestamp': '2026-07-25 14:21:08'}",False,
"{'school': {'name': 'III LICEUM OGÓLNOKSZTAŁCĄCE Z ODDZIAŁAMI DWUJĘZYCZNYMI W ZABRZU', 'street': 'UL. HENRYKA SIENKIEWICZA', 'post_code': '41-800', 'city': 'ZABRZE', 'longitude': '18.7957049', 'latitude': '50.29655227'}, 'data': {'humidity_avg': 45.111111111111114, 'pressure_avg': 978.0666666666667, 'temperature_avg': 23.033333333333335, 'pm10_avg': 3.088888888888889, 'pm25_avg': 2.5666666666666673}, 'timestamp': '2026-07-25 14:21:08'}",False,
"{'school': {'name': 'SZKOŁA PODSTAWOWA NR 48 W ZABRZU W CENTRUM KSZTAŁCENIA OGÓLNEGO I ZAWODOWEGO W ZABRZU', 'street': 'UL. ZWROTNICZA', 'post_code': '41-807', 'city': 'ZABRZE', 'longitude': '18.76624', 'latitude': '50.343641'}, 'data': {'humidity_avg': 43.019999999999996, 'pressure_avg': 980.8100000000001, 'temperature_avg': 23.81, 'pm10_avg': 3.18, 'pm25_avg': 2.65}, 'timestamp': '2026-07-25 14:21:08'}",False,
"{'school': {'name': 'BRANŻOWA SZKOŁA I STOPNIA NR 6 W ZABRZU W ZABRZAŃSKIM CENTRUM KSZTAŁCENIA OGÓLNEGO I ZAWODOWEGO W ZABRZU', 'street': 'UL. MARSZAŁKA JÓZEFA PIŁSUDSKIEGO', 'post_code': '41-800', 'city': 'ZABRZE', 'longitude': '18.76296398', 'latitude': '50.29894695'}, 'data': {'humidity_avg': 39.10909090909091, 'pressure_avg': 981.9363636363636, 'temperature_avg': 27.045454545454547, 'pm10_avg': 3.563636363636364, 'pm25_avg': 2.890909090909091}, 'timestamp': '2026-07-25 14:21:08'}",False,
"{'school': {'name': 'SZKOŁA PODSTAWOWA NR 29 W ZABRZU', 'street': 'UL. BUDOWLANA', 'post_code': '41-808', 'city': 'ZABRZE', 'longitude': '18.791604', 'latitude': '50.364381'}, 'data': {'humidity_avg': 38.41818181818182, 'pressure_avg': 978.1545454545455, 'temperature_avg': 27.61818181818182, 'pm10_avg': 2.645454545454545, 'pm25_avg': 2.227272727272727}, 'timestamp': '2026-07-25 14:21:08'}",False,
"{'school': {'name': 'IV LICEUM OGÓLNOKSZTAŁCĄCE IM. MIKOŁAJA REJA W ZABRZU', 'street': 'UL. GEN. WŁADYSŁAWA ANDERSA', 'post_code': '41-808', 'city': 'ZABRZE', 'longitude': '18.795194', 'latitude': '50.369265'}, 'data': {'humidity_avg': 37.333333333333336, 'pressure_avg': 978.4666666666667, 'temperature_avg': 28.444444444444443, 'pm10_avg': 5.300000000000001, 'pm25_avg': 4.1}, 'timestamp': '2026-07-25 14:21:08'}",False,
"{'school': {'name': 'SZKOŁA PODSTAWOWA NR 41 IM. WŁADYSŁAWA BRONIEWSKIEGO W GLIWICACH', 'street': 'UL. KORMORANÓW', 'post_code': '44-100', 'city': 'GLIWICE', 'longitude': '18.6561', 'latitude': '50.274791'}, 'data': {'humidity_avg': 37.86666666666667, 'pressure_avg': 981.6, 'temperature_avg': 28.025000000000002, 'pm10_avg': 2.8416666666666672, 'pm25_avg': 2.391666666666666}, 'timestamp': '2026-07-25 14:21:08'}",False,
"{'school': {'name': 'SZKOŁA PODSTAWOWA NR 7 IM. ADAMA MICKIEWICZA W GLIWICACH', 'street': 'UL. TARNOGÓRSKA', 'post_code': '44-100', 'city': 'GLIWICE', 'longitude': '18.684621', 'latitude': '50.306626'}, 'data': {'humidity_avg': 38.05833333333333, 'pressure_avg': 981.1416666666668, 'temperature_avg': 27.166666666666668, 'pm10_avg': 4.25, 'pm25_avg': 3.508333333333333}, 'timestamp': '2026-07-25 14:21:08'}",False,
"{'school': {'name': 'MIEJSKA SZKOŁA PODSTAWOWA Z ODDZIAŁAMI INTEGRACYJNYMI NR 2 IM. KAROLA MIARKI W KNUROWIE', 'street': 'UL. WILSONA', 'post_code': '44-190', 'city': 'KNURÓW', 'longitude': '18.664685', 'latitude': '50.223275'}, 'data': {'humidity_avg': 40.08888888888889, 'pressure_avg': 982.1333333333334, 'temperature_avg': 26.344444444444445, 'pm10_avg': 2.977777777777778, 'pm25_avg': 2.5666666666666673}, 'timestamp': '2026-07-25 14:21:08'}",False,
"{'school': {'name': 'SZKOŁA PODSTAWOWA IM. MARGARETHY KAMPRAD W JAROSTACH', 'street': 'UL. LEŚNA', 'post_code': '97-310', 'city': 'JAROSTY', 'longitude': '19.68775849', 'latitude': '51.45636536'}, 'data': {'humidity_avg': 48.04545454545455, 'pressure_avg': 986.8454545454545, 'temperature_avg': 23.89090909090909, 'pm10_avg': 3.081818181818181, 'pm25_avg': 3.081818181818181}, 'timestamp': '2026-07-25 14:21:08'}",False,
"{'school': {'name': 'SZKOŁA PODSTAWOWA IM. DR HENRYKA JORDANA W KSAWEROWIE', 'street': 'UL. ZACHODNIA', 'post_code': '95-054', 'city': 'KSAWERÓW', 'longitude': '19.39486431', 'latitude': '51.68227822'}, 'data': {'humidity_avg': 47.46666666666667, 'pressure_avg': 987.1555555555556, 'temperature_avg': 23.62222222222222, 'pm10_avg': 4.811111111111111, 'pm25_avg': 3.977777777777777}, 'timestamp': '2026-07-25 14:21:08'}",False,
"{'school': {'name': 'BRANŻOWA SZKOŁA I STOPNIA NR 1 W OPOCZNIE', 'street': 'UL. WOJCIECHA KOSSAKA', 'post_code': '26-300', 'city': 'OPOCZNO', 'longitude': '20.27237638', 'latitude': '51.37764127'}, 'data': {'humidity_avg': 37.47777777777778, 'pressure_avg': 988.0, 'temperature_avg': 28.377777777777776, 'pm10_avg': 2.5, 'pm25_avg': 2.077777777777777}, 'timestamp': '2026-07-25 14:21:08'}",False,
"{'school': {'name': 'SZKOŁA PODSTAWOWA NR 157 IM. IGNACEGO JANA PADEREWSKIEGO W KRAKOWIE', 'street': 'UL. LUDWIKA RYDYGIERA', 'post_code': '30-695', 'city': 'KRAKÓW-PODGÓRZE', 'longitude': '20.00607', 'latitude': '50.006338'}, 'data': {'humidity_avg': 39.53636363636363, 'pressure_avg': 982.9272727272728, 'temperature_avg': 25.327272727272728, 'pm10_avg': 2.818181818181818, 'pm25_avg': 2.318181818181818}, 'timestamp': '2026-07-25 14:21:08'}",False,
"{'school': {'name': 'I LICEUM OGÓLNOKSZTAŁCĄCE IM. JĘDRZEJA ŚNIADECKIEGO W PABIANICACH', 'street': 'UL. STANISŁAWA MONIUSZKI', 'post_code': '95-200', 'city': 'PABIANICE', 'longitude': '19.32977177', 'latitude': '51.65677453'}, 'data': {'humidity_avg': 46.74166666666667, 'pressure_avg': 986.5083333333333, 'temperature_avg': 23.883333333333336, 'pm10_avg': 3.6999999999999993, 'pm25_avg': 3.008333333333333}, 'timestamp': '2026-07-25 14:21:08'}",False,
"{'school': {'name': 'SZKOŁA PODSTAWOWA IM.MARII KONOPNICKIEJ W ROZTOCE', 'street': None, 'post_code': '34-606', 'city': 'ROZTOKA', 'longitude': '20.4571424', 'latitude': '49.6263815'}, 'data': {'humidity_avg': 48.666666666666664, 'pressure_avg': 949.4333333333334, 'temperature_avg': 22.066666666666666, 'pm10_avg': 6.3, 'pm25_avg': 5.55}, 'timestamp': '2026-07-25 14:21:08'}",False,
"{'school': {'name': 'PUBLICZNA SZKOŁA PODSTAWOWA W STOBIECKU SZLACHECKIM', 'street': None, 'post_code': '97-561', 'city': 'STOBIECKO SZLACHECKIE', 'longitude': '19.38629184', 'latitude': '51.10621326'}, 'data': {'humidity_avg': 40.04545454545455, 'pressure_avg': 983.1727272727272, 'temperature_avg': 26.127272727272725, 'pm10_avg': 2.454545454545454, 'pm25_avg': 2.454545454545454}, 'timestamp': '2026-07-25 14:21:08'}",False,
"{'school': {'name': 'SZKOŁA PODSTAWOWA IM. JANA PAWŁA II W USTKOWIE', 'street': None, 'post_code': '98-290', 'city': 'USTKÓW', 'longitude': '18.600692', 'latitude': '51.766123'}, 'data': {'humidity_avg': 46.77272727272727, 'pressure_avg': 993.1818181818181, 'temperature_avg': 24.91818181818182, 'pm10_avg': 3.709090909090909, 'pm25_avg': 3.118181818181817}, 'timestamp': '2026-07-25 14:21:08'}",False,
"{'school': {'name': 'SZKOŁA PODSTAWOWA NR 60 IM. STANISŁAWA WYSPIAŃSKIEGO W KRAKOWIE', 'street': 'UL. KAZIMIERZA ODNOWICIELA', 'post_code': '31-481', 'city': 'KRAKÓW-ŚRÓDMIEŚCIE', 'longitude': '19.970521', 'latitude': '50.088055'}, 'data': {'humidity_avg': 42.300000000000004, 'pressure_avg': 984.7166666666667, 'temperature_avg': 23.78333333333333, 'pm10_avg': 2.1, 'pm25_avg': 1.7666666666666662}, 'timestamp': '2026-07-25 14:21:08'}",False,
"{'school': {'name': 'SZKOŁA PODSTAWOWA IM. MARSZAŁKA JÓZEFA PIŁSUDSKIEGO W WARTKOWICACH', 'street': 'UL. LEGIONÓW POLSKICH', 'post_code': '99-220', 'city': 'WARTKOWICE', 'longitude': '19.00434298', 'latitude': '51.97577194'}, 'data': {'humidity_avg': 39.958333333333336, 'pressure_avg': 995.6583333333333, 'temperature_avg': 26.958333333333332, 'pm10_avg': 3.5749999999999993, 'pm25_avg': 3.033333333333333}, 'timestamp': '2026-07-25 14:21:08'}",False,
"{'school': {'name': 'SZKOŁA PODSTAWOWA NR 2 IM. KONSTYTUCJI 3-GO MAJA W MĘCINIE', 'street': None, 'post_code': '34-654', 'city': 'MĘCINA', 'longitude': '20.5404381', 'latitude': '49.7016283'}, 'data': {'humidity_avg': 46.61818181818182, 'pressure_avg': 955.4909090909091, 'temperature_avg': 22.981818181818184, 'pm10_avg': 3.1, 'pm25_avg': 2.6999999999999993}, 'timestamp': '2026-07-25 14:21:08'}",False,
"{'school': {'name': 'BRANŻOWA SZKOŁA I STOPNIA NR 2 W GORLICACH', 'street': 'UL. JÓZEFA MICHALUSA', 'post_code': '38-300', 'city': 'GORLICE', 'longitude': '21.173963', 'latitude': '49.66959'}, 'data': {'humidity_avg': 34.61818181818182, 'pressure_avg': 977.9909090909091, 'temperature_avg': 27.05454545454546, 'pm10_avg': 2.0, 'pm25_avg': 1.7636363636363632}, 'timestamp': '2026-07-25 14:21:08'}",False,
"{'school': {'name': 'SZKOŁA PODSTAWOWA NR 2 IM HENRYKA SIENKIEWICZA W PRZYSZOWEJ', 'street': None, 'post_code': '34-604', 'city': 'PRZYSZOWA', 'longitude': '20.4806341', 'latitude': '49.6603381'}, 'data': {'humidity_avg': 50.40909090909091, 'pressure_avg': 956.9090909090909, 'temperature_avg': 22.427272727272726, 'pm10_avg': 4.572727272727273, 'pm25_avg': 4.381818181818182}, 'timestamp': '2026-07-25 14:21:08'}",False,
"{'school': {'name': 'SZKOŁA PODSTAWOWA IM. KRÓLOWEJ JADWIGI W WYSOKIEM', 'street': None, 'post_code': '34-600', 'city': 'WYSOKIE', 'longitude': '20.5394861', 'latitude': '49.6552386'}, 'data': {'humidity_avg': 43.43636363636364, 'pressure_avg': 946.2363636363636, 'temperature_avg': 23.09090909090909, 'pm10_avg': 3.018181818181818, 'pm25_avg': 2.563636363636363}, 'timestamp': '2026-07-25 14:21:08'}",False,
"{'school': {'name': 'SZKOŁA PODSTAWOWA NR 1 Z ODDZIAŁAMI INTEGRACYJNYMI W RACIBORZU', 'street': 'UL. CECYLII', 'post_code': '47-400', 'city': 'RACIBÓRZ', 'longitude': '18.2321525', 'latitude': '50.0999982'}, 'data': {'humidity_avg': 39.9076923076923, 'pressure_avg': 988.2153846153846, 'temperature_avg': 25.638461538461538, 'pm10_avg': 3.392307692307692, 'pm25_avg': 2.892307692307692}, 'timestamp': '2026-07-25 14:21:08'}",False,
"{'school': {'name': 'SZKOŁA PODSTAWOWA NR 3 IM. MARII DĄBROWSKIEJ W RESZLU', 'street': 'UL. MARII KONOPNICKIEJ', 'post_code': '11-440', 'city': 'RESZEL', 'longitude': '21.1486175', 'latitude': '54.052554'}, 'data': {'humidity_avg': 54.32727272727273, 'pressure_avg': 994.6181818181817, 'temperature_avg': 22.09090909090909, 'pm10_avg': 3.709090909090909, 'pm25_avg': 3.427272727272727}, 'timestamp': '2026-07-25 14:21:08'}",False,
"{'school': {'name': 'SZKOŁA PODSTAWOWA NR 1 IM. MIKOŁAJA KOPERNIKA W WĘGORZEWIE', 'street': 'UL. PIONIERÓW', 'post_code': '11-600', 'city': 'WĘGORZEWO', 'longitude': '21.7379192', 'latitude': '54.2136049'}, 'data': {'humidity_avg': 56.39166666666667, 'pressure_avg': 993.7666666666668, 'temperature_avg': 22.233333333333334, 'pm10_avg': 3.791666666666666, 'pm25_avg': 3.283333333333333}, 'timestamp': '2026-07-25 14:21:08'}",False,
"{'school': {'name': 'ZESPÓŁ SZKÓŁ GMINNYCH IM. HENRYKA SIENKIEWICZA W STANISŁAWICACH SZKOŁA PODSTAWOWA W STANISŁAWICACH', 'street': None, 'post_code': '32-015', 'city': 'STANISŁAWICE', 'longitude': '20.350192', 'latitude': '49.982029'}, 'data': {'humidity_avg': 35.253846153846155, 'pressure_avg': 986.823076923077, 'temperature_avg': 25.884615384615383, 'pm10_avg': 3.538461538461538, 'pm25_avg': 3.115384615384615}, 'timestamp': '2026-07-25 14:21:08'}",False,
"{'school': {'name': 'TECHNIKUM NR 3 W ZESPOLE SZKÓŁ NR 3 IM. KS. PROF. JÓZEFA TISCHNERA W BOCHNI', 'street': 'UL. KRAKOWSKA', 'post_code': '32-700', 'city': 'BOCHNIA', 'longitude': '20.421654', 'latitude': '49.965508'}, 'data': {'humidity_avg': 35.78181818181818, 'pressure_avg': 984.5, 'temperature_avg': 26.372727272727275, 'pm10_avg': 1.754545454545454, 'pm25_avg': 1.4545454545454541}, 'timestamp': '2026-07-25 14:21:08'}",False,
"{'school': {'name': 'SZKOŁA PODSTAWOWA NR 94 W ŁODZI', 'street': 'UL. ZACISZE', 'post_code': '90-228', 'city': 'ŁÓDŹ-ŚRÓDMIEŚCIE', 'longitude': '19.47642378', 'latitude': '51.77789288'}, 'data': {'humidity_avg': 43.7, 'pressure_avg': 984.123076923077, 'temperature_avg': 23.584615384615386, 'pm10_avg': 4.092307692307693, 'pm25_avg': 3.476923076923077}, 'timestamp': '2026-07-25 14:21:08'}",False,
"{'school': {'name': 'SZKOŁA PODSTAWOWA NR 1 IM. STEFANA ŻEROMSKIEGO W ŻUROMINIE', 'street': 'UL. WYZWOLENIA', 'post_code': '09-300', 'city': 'ŻUROMIN', 'longitude': '19.911175', 'latitude': '53.071036'}, 'data': {'humidity_avg': 45.70909090909091, 'pressure_avg': 993.4272727272728, 'temperature_avg': 27.272727272727273, 'pm10_avg': 4.190909090909091, 'pm25_avg': 4.181818181818182}, 'timestamp': '2026-07-25 14:21:08'}",False,
"{'school': {'name': 'TECHNIKUM IM. WINCENTEGO WITOSA W STUDZIEŃCU', 'street': None, 'post_code': '09-200', 'city': 'STUDZIENIEC', 'longitude': '19.640243', 'latitude': '52.877888'}, 'data': {'humidity_avg': 49.18181818181818, 'pressure_avg': 997.0090909090909, 'temperature_avg': 25.536363636363635, 'pm10_avg': 4.518181818181818, 'pm25_avg': 4.163636363636363}, 'timestamp': '2026-07-25 14:21:08'}",False,
"{'school': {'name': 'SZKOŁA PODSTAWOWA W SYPITKACH', 'street': None, 'post_code': '19-314', 'city': 'SYPITKI', 'longitude': '22.5643375', 'latitude': '53.7876812'}, 'data': {'humidity_avg': 45.44166666666666, 'pressure_avg': 993.875, 'temperature_avg': 26.175, 'pm10_avg': 2.408333333333333, 'pm25_avg': 2.199999999999999}, 'timestamp': '2026-07-25 14:21:08'}",False,
"{'school': {'name': 'SZKOŁA PODSTAWOWA IM. TADEUSZA KOŚCIUSZKI W ZBROSŁAWICACH', 'street': 'UL. WOLNOŚCI', 'post_code': '42-674', 'city': 'ZBROSŁAWICE', 'longitude': '18.74511', 'latitude': '50.415455'}, 'data': {'humidity_avg': 33.699999999999996, 'pressure_avg': 980.6636363636363, 'temperature_avg': 27.527272727272727, 'pm10_avg': 3.4, 'pm25_avg': 2.981818181818181}, 'timestamp': '2026-07-25 14:21:08'}",False,
"{'school': {'name': 'SZKOŁA PODSTAWOWA NR 4 Z ODDZIAŁAMI SPORTOWYMI I MISTRZOSTWA SPORTOWEGO W ŻORACH', 'street': 'UL. BORYŃSKA', 'post_code': '44-240', 'city': 'ŻORY', 'longitude': '18.687221', 'latitude': '50.039349'}, 'data': {'humidity_avg': 31.672727272727272, 'pressure_avg': 977.5818181818181, 'temperature_avg': 28.0, 'pm10_avg': 3.027272727272727, 'pm25_avg': 2.690909090909091}, 'timestamp': '2026-07-25 14:21:08'}",False,
"{'school': {'name': 'SZKOŁA PODSTAWOWA NR 10 IM. MARII SKŁODOWSKIEJ-CURIE W ZDUŃSKIEJ WOLI', 'street': 'UL. ZIELONA', 'post_code': '98-220', 'city': 'ZDUŃSKA WOLA', 'longitude': '18.95037552', 'latitude': '51.60020179'}, 'data': {'humidity_avg': 37.525, 'pressure_avg': 988.1999999999999, 'temperature_avg': 25.516666666666666, 'pm10_avg': 3.033333333333333, 'pm25_avg': 2.516666666666666}, 'timestamp': '2026-07-25 14:21:08'}",False,
"{'school': {'name': 'SZKOŁA PODSTAWOWA NR 4 IM.FRANCISZKA STUSKA W ORZESZU JAŚKOWICACH', 'street': 'UL. STUSKA', 'post_code': '43-180', 'city': 'ORZESZE', 'longitude': '18.746978', 'latitude': '50.145788'}, 'data': {'humidity_avg': 44.1625, 'pressure_avg': 978.3625, 'temperature_avg': 26.65, 'pm10_avg': 2.6875, 'pm25_avg': 2.6875}, 'timestamp': '2026-07-25 14:21:08'}",False,
"{'school': {'name': 'SZKOŁA PODSTAWOWA NR 2 IM. JANA WYPLERA W RUDZIE ŚLĄSKIEJ', 'street': 'UL. GWARECKA', 'post_code': '41-705', 'city': 'RUDA ŚLĄSKA', 'longitude': '18.89349369757705', 'latitude': '50.267719400613906 '}, 'data': {'humidity_avg': 43.945454545454545, 'pressure_avg': 982.6, 'temperature_avg': 24.41818181818182, 'pm10_avg': 3.836363636363636, 'pm25_avg': 3.527272727272727}, 'timestamp': '2026-07-25 14:21:08'}",False,
"{'school': {'name': 'IV LICEUM OGÓLNOKSZTAŁCĄCE IM. ORLĄT LWOWSKICH W GLIWICACH', 'street': 'UL. KOZIELSKA', 'post_code': '44-100', 'city': 'GLIWICE', 'longitude': '18.654651', 'latitude': '50.298038'}, 'data': {'humidity_avg': 44.4, 'pressure_avg': 984.0636363636364, 'temperature_avg': 24.163636363636364, 'pm10_avg': 3.345454545454545, 'pm25_avg': 2.6999999999999993}, 'timestamp': '2026-07-25 14:21:08'}",False,
"{'school': {'name': 'SZKOŁA PODSTAWOWA NR 3 I. BOHATERÓW POWSTANIA WARSZAWSKIEGO Z ODDZIAŁAMI INTEGRACYJNYMI W PIASTOWIE', 'street': 'UL. ALEJA TYSIĄCLECIA', 'post_code': '05-820', 'city': 'PIASTÓW', 'longitude': '20.841563186509138', 'latitude': '52.178313490439706'}, 'data': {'humidity_avg': 50.475, 'pressure_avg': 999.2333333333332, 'temperature_avg': 24.958333333333332, 'pm10_avg': 4.3916666666666675, 'pm25_avg': 3.916666666666666}, 'timestamp': '2026-07-25 14:21:08'}",False,
"{'school': {'name': 'TECHNIKUM W BIECZU', 'street': 'UL. KAZIMIERZA WIELKIEGO', 'post_code': '38-340', 'city': 'BIECZ', 'longitude': '21.255765242327236', 'latitude': '49.73291457112003'}, 'data': {'humidity_avg': 39.59166666666667, 'pressure_avg': 979.6333333333333, 'temperature_avg': 23.724999999999998, 'pm10_avg': 2.2416666666666663, 'pm25_avg': 2.05}, 'timestamp': '2026-07-25 14:21:08'}",False,
"{'school': {'name': 'SZKOŁA PODSTAWOWA NR 16 IM. JANUSZA KORCZAKA W RUDZIE ŚLĄSKIEJ', 'street': 'UL. KUKUŁCZA', 'post_code': '41-710', 'city': 'RUDA ŚLĄSKA', 'longitude': '18.88033', 'latitude': '50.268433'}, 'data': {'humidity_avg': 41.38181818181818, 'pressure_avg': 980.5727272727272, 'temperature_avg': 25.036363636363635, 'pm10_avg': 3.127272727272727, 'pm25_avg': 2.554545454545454}, 'timestamp': '2026-07-25 14:21:08'}",False,
"{'school': {'name': 'SZKOŁA PODSTAWOWA IM.STEFANA CZARNIECKIEGO W RACŁAWICACH', 'street': None, 'post_code': '38-323', 'city': 'RACŁAWICE', 'longitude': '21.127689745801828', 'latitude': '50.06979323518478'}, 'data': {'humidity_avg': 27.90909090909091, 'pressure_avg': 994.7, 'temperature_avg': 30.454545454545453, 'pm10_avg': 2.263636363636363, 'pm25_avg': 2.063636363636363}, 'timestamp': '2026-07-25 14:21:08'}",False,
"{'school': {'name': 'SZKOŁA PODSTAWOWA IM. WŁADYSŁAWA BRONIEWSKIEGO W SZCZEJKOWICACH', 'street': 'UL. WIEJSKA', 'post_code': '44-246', 'city': 'SZCZEJKOWICE', 'longitude': '18.679024', 'latitude': '50.095496'}, 'data': {'humidity_avg': 46.18181818181818, 'pressure_avg': 978.6454545454545, 'temperature_avg': 25.072727272727274, 'pm10_avg': 3.154545454545454, 'pm25_avg': 2.963636363636364}, 'timestamp': '2026-07-25 14:21:08'}",False,
"{'school': {'name': 'SZKOŁA PODSTAWOWA W PONIATOWIE', 'street': 'UL. SZKOLNA', 'post_code': '09-300', 'city': 'PONIATOWO', 'longitude': '19.864252', 'latitude': '53.041259'}, 'data': {'humidity_avg': 45.791666666666664, 'pressure_avg': 993.9250000000001, 'temperature_avg': 25.2, 'pm10_avg': 2.808333333333333, 'pm25_avg': 2.3666666666666663}, 'timestamp': '2026-07-25 14:21:08'}",False,
"{'school': {'name': 'SZKOŁA PODSTAWOWA IM. ZIEMI WARMIŃSKIEJ W PIENIĘŻNIE', 'street': 'UL. ORNECKA', 'post_code': '14-520', 'city': 'PIENIĘŻNO', 'longitude': '20.1287545', 'latitude': '54.2359313'}, 'data': {'humidity_avg': 52.64166666666667, 'pressure_avg': 998.6083333333332, 'temperature_avg': 24.641666666666666, 'pm10_avg': 5.441666666666666, 'pm25_avg': 4.725}, 'timestamp': '2026-07-25 14:21:08'}",False,
"{'school': {'name': 'SZKOŁA PODSTAWOWA NR 5 IM. POLSKICH OLIMPIJCZYKÓW W ŚWIECIU', 'street': 'UL. WOJSKA POLSKIEGO', 'post_code': '86-105', 'city': 'ŚWIECIE', 'longitude': '18.404523109363243', 'latitude': '53.4022885304552'}, 'data': {'humidity_avg': 32.68, 'pressure_avg': 1004.03, 'temperature_avg': 29.28, 'pm10_avg': 5.84, 'pm25_avg': 4.96}, 'timestamp': '2026-07-25 14:21:08'}",False,
"{'school': {'name': 'TECHNIKUM NR 2 W KĘTRZYNIE', 'street': 'UL. POZNAŃSKA', 'post_code': '11-400', 'city': 'KĘTRZYN', 'longitude': '21.3575617', 'latitude': '54.0772049'}, 'data': {'humidity_avg': 66.45833333333333, 'pressure_avg': 1000.6999999999999, 'temperature_avg': 23.058333333333334, 'pm10_avg': 2.283333333333333, 'pm25_avg': 1.9500000000000002}, 'timestamp': '2026-07-25 14:21:08'}",False,
"{'school': {'name': 'I LICEUM OGÓLNOKSZTAŁCĄCE IM. WOJCIECHA KĘTRZYŃSKIEGO W KĘTRZYNIE', 'street': 'UL. POWSTAŃCÓW WARSZAWY', 'post_code': '11-400', 'city': 'KĘTRZYN', 'longitude': '21.3725281', 'latitude': '54.0774004'}, 'data': {'humidity_avg': 50.127272727272725, 'pressure_avg': 995.7545454545453, 'temperature_avg': 23.8, 'pm10_avg': 4.127272727272727, 'pm25_avg': 3.39090909090909}, 'timestamp': '2026-07-25 14:21:08'}",False,
"{'school': {'name': 'SZKOŁA PODSTAWOWA NR 3 IM. HENRYKA SIENKIEWICZA W EŁKU', 'street': 'UL. GRODZIEŃSKA', 'post_code': '19-300', 'city': 'EŁK', 'longitude': '22.3468805', 'latitude': '53.832444'}, 'data': {'humidity_avg': 49.890909090909076, 'pressure_avg': 991.8454545454545, 'temperature_avg': 23.754545454545454, 'pm10_avg': 5.0, 'pm25_avg': 3.754545454545454}, 'timestamp': '2026-07-25 14:21:08'}",False,
"{'school': {'name': 'SZKOŁA PODSTAWOWA NR 13 Z ODDZIAŁAMI SPORTOWYMI I MISTRZOSTWA SPORTOWEGO IM. POLSKICH OLIMPIJCZYKÓW W ŻORACH', 'street': 'OS. OSIEDLE PAWLIKOWSKIEGO', 'post_code': '44-240', 'city': 'ŻORY', 'longitude': '18.68289226', 'latitude': '50.03250482'}, 'data': {'humidity_avg': 44.663636363636364, 'pressure_avg': 977.7363636363636, 'temperature_avg': 23.99090909090909, 'pm10_avg': 2.836363636363636, 'pm25_avg': 2.381818181818182}, 'timestamp': '2026-07-25 14:21:08'}",False,
"{'school': {'name': 'PRYWATNA SZKOŁA PODSTAWOWA W KRAKOWIE', 'street': 'UL. PODGÓRKI TYNIECKIE', 'post_code': '30-398', 'city': 'KRAKÓW-PODGÓRZE', 'longitude': '19.84421916', 'latitude': '50.01213341'}, 'data': {'humidity_avg': 43.07272727272727, 'pressure_avg': 985.1, 'temperature_avg': 24.69090909090909, 'pm10_avg': 2.663636363636363, 'pm25_avg': 2.327272727272727}, 'timestamp': '2026-07-25 14:21:08'}",False,
"{'school': {'name': 'PUBLICZNA SZKOŁA PODSTAWOWA IM KARDYNAŁA STEFANA WYSZYŃSKIEGO W GŁOSKOWIE', 'street': None, 'post_code': '08-412', 'city': 'GŁOSKÓW', 'longitude': '21.693825', 'latitude': '51.932915'}, 'data': {'humidity_avg': 40.800000000000004, 'pressure_avg': 992.0833333333334, 'temperature_avg': 24.833333333333332, 'pm10_avg': 2.175, 'pm25_avg': 1.866666666666666}, 'timestamp': '2026-07-25 14:21:08'}",False,
"{'school': {'name': 'SZKOŁA PODSTAWOWA NR 5 IM I. J. PADEREWSKIEGO W PRUSZKOWIE', 'street': 'UL. JANA DŁUGOSZA', 'post_code': '05-804', 'city': 'PRUSZKÓW', 'longitude': '20.815629142327243', 'latitude': '52.18859558069476'}, 'data': {'humidity_avg': 43.654545454545456, 'pressure_avg': 998.1181818181817, 'temperature_avg': 25.19090909090909, 'pm10_avg': 3.836363636363636, 'pm25_avg': 3.409090909090909}, 'timestamp': '2026-07-25 14:21:08'}",False,
"{'school': {'name': 'SZKOŁA PODSTAWOWA IM. HENRYKA SIENKIEWICZA W STARYM KĘBŁOWIE', 'street': None, 'post_code': '08-430', 'city': 'STARY KĘBŁÓW', 'longitude': '21.862929', 'latitude': '51.791451'}, 'data': {'humidity_avg': 37.25454545454546, 'pressure_avg': 989.7818181818183, 'temperature_avg': 26.254545454545454, 'pm10_avg': 2.027272727272727, 'pm25_avg': 1.7818181818181822}, 'timestamp': '2026-07-25 14:21:08'}",False,
"{'school': {'name': 'TECHNIKUM W ŻELECHOWIE', 'street': 'UL. MARSZAŁKA JÓZEFA PIŁSUDSKIEGO', 'post_code': '08-430', 'city': 'ŻELECHÓW', 'longitude': '21.898786', 'latitude': '51.812356'}, 'data': {'humidity_avg': 35.0, 'pressure_avg': 990.0799999999999, 'temperature_avg': 27.28, 'pm10_avg': 1.6600000000000001, 'pm25_avg': 1.42}, 'timestamp': '2026-07-25 14:21:08'}",False,
"{'school': {'name': 'SZKOŁA PODSTAWOWA W ZESPOLE SZKÓŁ OGÓLNOKSZTAŁCĄCYCH W MAZOWIECKIM CENTRUM NEUROPSYCHIATRII W JÓZEFOWIE ', 'street': 'UL. 3 MAJA', 'post_code': '05-420', 'city': 'JÓZEFÓW', 'longitude': '21.234656', 'latitude': '52.128054'}, 'data': {'humidity_avg': 47.07272727272727, 'pressure_avg': 998.4272727272728, 'temperature_avg': 24.672727272727272, 'pm10_avg': 2.872727272727273, 'pm25_avg': 2.527272727272727}, 'timestamp': '2026-07-25 14:21:08'}",False,
"{'school': {'name': 'II LICEUM OGÓLNOKSZTAŁCĄCE IM. GEN. GUSTAWA ORLICZ-DRESZERA W CHEŁMIE', 'street': 'UL. SZPITALNA', 'post_code': '22-100', 'city': 'CHEŁM', 'longitude': '23.45593021', 'latitude': '51.14267385'}, 'data': {'humidity_avg': 59.06666666666666, 'pressure_avg': 987.7333333333332, 'temperature_avg': 22.5, 'pm10_avg': 3.4, 'pm25_avg': 2.833333333333333}, 'timestamp': '2026-07-25 14:21:08'}",False,
"{'school': {'name': 'SZKOŁA PODSTAWOWA IM.J.CHEŁMOŃSKIEGO W KUKLÓWCE RADZIEJOWICKIEJ', 'street': 'UL. SZKOLNA', 'post_code': '96-325', 'city': 'KUKLÓWKA RADZIEJOWICKA', 'longitude': '20.59054414', 'latitude': '52.04408065'}, 'data': {'humidity_avg': 55.75555555555556, 'pressure_avg': 996.6333333333334, 'temperature_avg': 25.38888888888889, 'pm10_avg': 4.455555555555556, 'pm25_avg': 3.8666666666666663}, 'timestamp': '2026-07-25 14:21:08'}",False,
"{'school': {'name': 'SALEZJAŃSKA SZKOŁA PODSTAWOWA Z ODDZIAŁAMI INTEGRACYJNYMI W SALEZJAŃSKIM OŚRODKU SZKOLNO-WYCHOWAWCZYM W TARNOWSKICH GÓRACH', 'street': 'UL. JANA ŚNIADECKIEGO', 'post_code': '42-604', 'city': 'TARNOWSKIE GÓRY', 'longitude': '18.80622755', 'latitude': '50.43256357'}, 'data': {'humidity_avg': 41.50833333333333, 'pressure_avg': 985.9416666666666, 'temperature_avg': 26.641666666666666, 'pm10_avg': 4.816666666666666, 'pm25_avg': 4.108333333333333}, 'timestamp': '2026-07-25 14:21:08'}",False,
"{'school': {'name': 'SZKOŁA PODSTAWOWA NR 1 IM PIERWSZEGO MARSZAŁKA POLSKI JÓZEFA PIŁSUDSKIEGO W SULEJÓWKU', 'street': 'UL. IDZIKOWSKIEGO', 'post_code': '05-070', 'city': 'SULEJÓWEK', 'longitude': '21.26694575396344', 'latitude': '52.24433487687851'}, 'data': {'humidity_avg': 43.93333333333334, 'pressure_avg': 996.7583333333333, 'temperature_avg': 25.125, 'pm10_avg': 3.291666666666666, 'pm25_avg': 2.833333333333333}, 'timestamp': '2026-07-25 14:21:08'}",False,
"{'school': {'name': 'PUBLICZNA SZKOŁA PODSTAWOWA IM. JANUSZA KORCZAKA W GOŹDZIE', 'street': 'UL. STAROWIEJSKA', 'post_code': '26-634', 'city': 'GÓZD', 'longitude': '21.378914500000004', 'latitude': '51.376315985021016'}, 'data': {'humidity_avg': 40.21666666666667, 'pressure_avg': 988.8000000000001, 'temperature_avg': 24.741666666666664, 'pm10_avg': 2.324999999999999, 'pm25_avg': 1.958333333333333}, 'timestamp': '2026-07-25 14:21:08'}",False,
"{'school': {'name': 'SZKOŁA PODSTAWOWA NR 4 IM. JANA PAWŁA II, Z ODDZIAŁAMI PRZEDSZKOLNYMI I ODDZIAŁAMI SPORTOWYMI W PRUSZKOWIE ', 'street': 'UL. HUBALA', 'post_code': '05-800', 'city': 'PRUSZKÓW', 'longitude': '20.81122021534552', 'latitude': '52.16432045510862'}, 'data': {'humidity_avg': 44.27272727272727, 'pressure_avg': 1000.0363636363636, 'temperature_avg': 27.59090909090909, 'pm10_avg': 6.427272727272728, 'pm25_avg': 5.79090909090909}, 'timestamp': '2026-07-25 14:21:08'}",False,
"{'school': {'name': 'SZKOŁA PODSTAWOWA W OTWOCKU WIELKIM', 'street': 'UL. ZAMKOWA', 'post_code': '05-480', 'city': 'OTWOCK WIELKI', 'longitude': '21.249772', 'latitude': '52.054498'}, 'data': {'humidity_avg': 51.94285714285714, 'pressure_avg': 998.6857142857143, 'temperature_avg': 23.771428571428572, 'pm10_avg': 2.914285714285714, 'pm25_avg': 2.571428571428571}, 'timestamp': '2026-07-25 14:21:08'}",False,
"{'school': {'name': 'NIEPUBLICZNA SZKOŁA PODSTAWOWA WIELICZKA MONTESSORI SCHOOL W WIELICKIEJ SZKOLE MONTESSORI', 'street': 'UL. JANA MIKOŁAJA DANIŁOWICZA', 'post_code': '32-020', 'city': 'WIELICZKA', 'longitude': '20.05646002', 'latitude': '49.98203058'}, 'data': {'humidity_avg': 34.86666666666667, 'pressure_avg': 980.4333333333334, 'temperature_avg': 27.34166666666667, 'pm10_avg': 2.3666666666666663, 'pm25_avg': 2.3666666666666663}, 'timestamp': '2026-07-25 14:21:08'}",False,
"{'school': {'name': 'PUBLICZNA SZKOŁA PODSTAWOWA W OBRAZOWIE', 'street': None, 'post_code': '27-641', 'city': 'OBRAZÓW', 'longitude': '21.657963199999998', 'latitude': '50.69068702480904'}, 'data': {'humidity_avg': 51.4, 'pressure_avg': 986.2666666666668, 'temperature_avg': 22.96666666666667, 'pm10_avg': 2.508333333333333, 'pm25_avg': 2.083333333333333}, 'timestamp': '2026-07-25 14:21:08'}",False,
"{'school': {'name': 'SZKOŁA PODSTAWOWA W BRZOZOWIE', 'street': 'UL. MIODOWA', 'post_code': '86-200', 'city': 'BRZOZOWO', 'longitude': '18.4238755', 'latitude': '53.314175'}, 'data': {'humidity_avg': 49.208333333333336, 'pressure_avg': 996.5916666666667, 'temperature_avg': 23.991666666666664, 'pm10_avg': 4.291666666666667, 'pm25_avg': 3.591666666666667}, 'timestamp': '2026-07-25 14:21:08'}",False,
"{'school': {'name': 'SZKOŁA PODSTAWOWA NR 199 IM. JULIANA TUWIMA W ŁODZI', 'street': 'UL. JÓZEFA ELSNERA', 'post_code': '92-504', 'city': 'ŁÓDŹ-WIDZEW', 'longitude': '19.531114643683964', 'latitude': '51.75675184434886 '}, 'data': {'humidity_avg': 47.4, 'pressure_avg': 984.4818181818181, 'temperature_avg': 24.50909090909091, 'pm10_avg': 6.354545454545455, 'pm25_avg': 5.090909090909091}, 'timestamp': '2026-07-25 14:21:08'}",False,
"{'school': {'name': 'SZKOŁA PODSTAWOWA IM. KS. KARD. STEFANA WYSZYŃSKIEGO W BORZYMINIE', 'street': None, 'post_code': '87-500', 'city': 'BORZYMIN', 'longitude': '19.3345342', 'latitude': '53.0561291'}, 'data': {'humidity_avg': 36.800000000000004, 'pressure_avg': 992.9636363636364, 'temperature_avg': 27.236363636363638, 'pm10_avg': 6.481818181818181, 'pm25_avg': 5.663636363636363}, 'timestamp': '2026-07-25 14:21:08'}",False,
"{'school': {'name': 'SZKOŁA PODSTAWOWA IM. TADEUSZA KOŚCIUSZKI W ŁĘTOWICACH', 'street': None, 'post_code': '33-121', 'city': 'ŁĘTOWICE', 'longitude': '20.845262', 'latitude': '49.994632'}, 'data': {'humidity_avg': 39.475, 'pressure_avg': 987.5, 'temperature_avg': 25.05, 'pm10_avg': 2.266666666666666, 'pm25_avg': 2.266666666666666}, 'timestamp': '2026-07-25 14:21:08'}",False,
"{'school': {'name': 'SZKOŁA PODSTAWOWA IM. PIOTRA ŚCIEGIENNEGO W BĘCZKOWIE', 'street': 'UL. JANA PAWŁA II', 'post_code': '26-008', 'city': 'BĘCZKÓW', 'longitude': '20.80287618', 'latitude': '50.87879103'}, 'data': {'humidity_avg': 40.230000000000004, 'pressure_avg': 976.4799999999999, 'temperature_avg': 23.919999999999998, 'pm10_avg': 5.119999999999999, 'pm25_avg': 4.470000000000001}, 'timestamp': '2026-07-25 14:21:08'}",False,
"{'school': {'name': 'SZKOŁA PODSTAWOWA IM.KSIĘCIA KARDYNAŁA ADAMA STEFANA SAPIEHY W BYSINIE', 'street': None, 'post_code': '32-400', 'city': 'BYSINA', 'longitude': '19.8876673', 'latitude': '49.8279242'}, 'data': {'humidity_avg': 39.75, 'pressure_avg': 970.2833333333333, 'temperature_avg': 24.525000000000002, 'pm10_avg': 2.175, 'pm25_avg': 1.9}, 'timestamp': '2026-07-25 14:21:08'}",False,
"{'school': {'name': 'SZKOŁA PODSTAWOWA IM. JANA KOCHANOWSKIEGO W BĘCZARCE', 'street': None, 'post_code': '32-444', 'city': 'BĘCZARKA', 'longitude': '19.8615647', 'latitude': '49.8750803'}, 'data': {'humidity_avg': 38.833333333333336, 'pressure_avg': 972.375, 'temperature_avg': 26.083333333333332, 'pm10_avg': 2.441666666666667, 'pm25_avg': 2.2}, 'timestamp': '2026-07-25 14:21:08'}",False,
"{'school': {'name': 'TECHNIKUM W NAKLE ŚLĄSKIM', 'street': 'UL. GUSTAWA MORCINKA', 'post_code': '42-620', 'city': 'NAKŁO ŚLĄSKIE', 'longitude': '18.899961', 'latitude': '50.436198'}, 'data': {'humidity_avg': 49.7, 'pressure_avg': 977.3636363636364, 'temperature_avg': 23.07272727272727, 'pm10_avg': 5.409090909090909, 'pm25_avg': 4.927272727272728}, 'timestamp': '2026-07-25 14:21:08'}",False,
"{'school': {'name': 'SZKOŁA PODSTAWOWA NR 8 IM. KRZYSZTOFA KAMILA BACZYŃSKIEGO W TARNOWIE', 'street': 'UL. BITWY POD STUDZIANKAMI', 'post_code': '33-100', 'city': 'TARNÓW', 'longitude': '21.00415196', 'latitude': '50.01968672'}, 'data': {'humidity_avg': 40.26363636363636, 'pressure_avg': 984.2545454545453, 'temperature_avg': 24.536363636363635, 'pm10_avg': 3.518181818181817, 'pm25_avg': 3.054545454545454}, 'timestamp': '2026-07-25 14:21:08'}",False,
"{'school': {'name': 'SZKOŁA PODSTAWOWA IM.TADEUSZA KOŚCIUSZKI W GŁOGOCZOWIE', 'street': None, 'post_code': '32-444', 'city': 'GŁOGOCZÓW', 'longitude': '19.8764713', 'latitude': '49.8949648'}, 'data': {'humidity_avg': 41.32727272727273, 'pressure_avg': 981.9363636363636, 'temperature_avg': 23.781818181818185, 'pm10_avg': 2.9, 'pm25_avg': 2.409090909090909}, 'timestamp': '2026-07-25 14:21:08'}",False,
"{'school': {'name': 'SZKOŁA PODSTAWOWA IM. POWSTAŃCÓW STYCZNIOWYCH W DWIKOZACH', 'street': 'UL. SPÓŁDZIELCZA', 'post_code': '27-620', 'city': 'DWIKOZY', 'longitude': '21.78213112698172', 'latitude': '50.737630724889875'}, 'data': {'humidity_avg': 51.16363636363636, 'pressure_avg': 992.7181818181817, 'temperature_avg': 24.0, 'pm10_avg': 1.8090909090909082, 'pm25_avg': 1.554545454545454}, 'timestamp': '2026-07-25 14:21:08'}",False,
"{'school': {'name': 'SZKOŁA PODSTAWOWA IM JANA KOCHANOWSKIEGO W RACIECHOWICACH', 'street': None, 'post_code': '32-415', 'city': 'RACIECHOWICE', 'longitude': '20.1425376', 'latitude': '49.8447436'}, 'data': {'humidity_avg': 37.628571428571426, 'pressure_avg': 974.842857142857, 'temperature_avg': 26.642857142857142, 'pm10_avg': 2.657142857142857, 'pm25_avg': 2.414285714285714}, 'timestamp': '2026-07-25 14:21:08'}",False,
"{'school': {'name': 'SZKOŁA PODSTAWOWA NR 2 IM. 12 PUŁKU PIECHOTY W SPYTKOWICACH', 'street': None, 'post_code': '34-745', 'city': 'SPYTKOWICE', 'longitude': '19.8620555', 'latitude': '49.5891356'}, 'data': {'humidity_avg': 33.74166666666667, 'pressure_avg': 952.3916666666665, 'temperature_avg': 25.7, 'pm10_avg': 30.650000000000002, 'pm25_avg': 25.325000000000003}, 'timestamp': '2026-07-25 14:21:08'}",False,
"{'school': {'name': 'NIEPUBLICZNA SZKOŁA PODSTAWOWA MONTESSORI W WIELICZCE', 'street': 'UL. JASNA', 'post_code': '32-020', 'city': 'WIELICZKA', 'longitude': '20.04131557116481', 'latitude': '49.98142573025661'}, 'data': {'humidity_avg': 36.074999999999996, 'pressure_avg': 982.2333333333332, 'temperature_avg': 28.650000000000002, 'pm10_avg': 2.875, 'pm25_avg': 2.508333333333333}, 'timestamp': '2026-07-25 14:21:08'}",False,
"{'school': {'name': 'TECHNIKUM IM. KAROLA WOJTYŁY W SUŁKOWICACH', 'street': 'UL. SZKOLNA', 'post_code': '32-440', 'city': 'SUŁKOWICE', 'longitude': '19.79959', 'latitude': '49.83879'}, 'data': {'humidity_avg': 40.11666666666667, 'pressure_avg': 978.4416666666666, 'temperature_avg': 24.233333333333334, 'pm10_avg': 2.5, 'pm25_avg': 2.3}, 'timestamp': '2026-07-25 14:21:08'}",False,
"{'school': {'name': 'SZKOŁA PODSTAWOWA IM. KSIĘCIA JÓZEFA PONIATOWSKIEGO W MNIKOWIE', 'street': None, 'post_code': '32-084', 'city': 'MNIKÓW', 'longitude': '19.7203981', 'latitude': '50.0603945'}, 'data': {'humidity_avg': 34.82727272727273, 'pressure_avg': 983.3090909090909, 'temperature_avg': 27.527272727272727, 'pm10_avg': 2.818181818181818, 'pm25_avg': 2.463636363636364}, 'timestamp': '2026-07-25 14:21:08'}",False,
"{'school': {'name': 'RZEMIEŚLNICZA BRANŻOWA SZKOŁA I STOPNIA W TARNOWIE', 'street': 'PL. DWORCOWY', 'post_code': '33-100', 'city': 'TARNÓW', 'longitude': '20.97230288', 'latitude': '50.00592873'}, 'data': {'humidity_avg': 28.733333333333334, 'pressure_avg': 986.8833333333333, 'temperature_avg': 30.233333333333334, 'pm10_avg': 3.508333333333333, 'pm25_avg': 3.05}, 'timestamp': '2026-07-25 14:21:08'}",False,
"{'school': {'name': 'PUBLICZNA SZKOŁA PODSTAWOWA NR4 IM. EUGENIUSZA KWIATKOWSKIEGO W STALOWEJ WOLI', 'street': 'UL. NIEZŁOMNYCH', 'post_code': '37-450', 'city': 'STALOWA WOLA', 'longitude': '22.049257', 'latitude': '50.566117'}, 'data': {'humidity_avg': 40.24285714285714, 'pressure_avg': 991.3571428571429, 'temperature_avg': 25.428571428571427, 'pm10_avg': 2.228571428571428, 'pm25_avg': 1.8857142857142852}, 'timestamp': '2026-07-25 14:21:08'}",False,
"{'school': {'name': 'PUBLICZNA SZKOŁA PODSTAWOWA NR 30 IM. KRÓLOWEJ JADWIGI W RADOMIU', 'street': 'UL. PIASTOWSKA', 'post_code': '26-600', 'city': 'RADOM', 'longitude': '21.15801836', 'latitude': '51.43197508'}, 'data': {'humidity_avg': 36.96363636363637, 'pressure_avg': 992.4272727272728, 'temperature_avg': 26.045454545454547, 'pm10_avg': 2.309090909090909, 'pm25_avg': 2.054545454545454}, 'timestamp': '2026-07-25 14:21:08'}",False,
"{'school': {'name': 'PUBLICZNA SZKOŁA PODSTAWOWA IM. 100. ROCZNICY ODZYSKANIA NIEPODLEGŁOŚCI PRZEZ POLSKĘ W KORZECKU', 'street': None, 'post_code': '26-060', 'city': 'KORZECKO', 'longitude': '20.40868672', 'latitude': '50.80193767'}, 'data': {'humidity_avg': 38.018181818181816, 'pressure_avg': 981.2909090909092, 'temperature_avg': 24.163636363636364, 'pm10_avg': 2.227272727272727, 'pm25_avg': 1.9}, 'timestamp': '2026-07-25 14:21:08'}",False,
"{'school': {'name': 'SZKOŁA PODSTAWOWA IM. GENERAŁA STANISŁAWA MACZKA W BLIŻYNIE', 'street': 'UL. PIASKOWA', 'post_code': '26-120', 'city': 'BLIŻYN', 'longitude': '20.7611656', 'latitude': '51.10539138'}, 'data': {'humidity_avg': 35.541666666666664, 'pressure_avg': 978.9166666666666, 'temperature_avg': 26.075, 'pm10_avg': 3.591666666666667, 'pm25_avg': 3.008333333333333}, 'timestamp': '2026-07-25 14:21:08'}",False,
"{'school': {'name': 'SZKOŁA PODSTAWOWA W OKSIE', 'street': 'UL. PL. M. REJA', 'post_code': '28-363', 'city': 'OKSA', 'longitude': '20.10227008', 'latitude': '50.72821359'}, 'data': {'humidity_avg': 33.516666666666666, 'pressure_avg': 980.275, 'temperature_avg': 27.291666666666668, 'pm10_avg': 3.375, 'pm25_avg': 2.908333333333333}, 'timestamp': '2026-07-25 14:21:08'}",False,
"{'school': {'name': 'III LICEUM OGÓLNOKSZTAŁCĄCE W ZESPOLE SZKÓŁ NR 1 W PSZCZYNIE ', 'street': 'UL. KAZIMIERZA WIELKIEGO', 'post_code': '43-200', 'city': 'PSZCZYNA', 'longitude': '18.945466', 'latitude': '49.965741'}, 'data': {'humidity_avg': 41.71111111111111, 'pressure_avg': 980.5, 'temperature_avg': 23.98888888888889, 'pm10_avg': 2.277777777777777, 'pm25_avg': 1.922222222222222}, 'timestamp': '2026-07-25 14:21:08'}",False,
"{'school': {'name': 'SZKOŁA PODSTAWOWA W JELENIOWIE', 'street': None, 'post_code': '26-006', 'city': 'JELENIÓW', 'longitude': '21.116233057672765', 'latitude': '50.844493249563236'}, 'data': {'humidity_avg': 45.23636363636364, 'pressure_avg': 975.7272727272727, 'temperature_avg': 22.60909090909091, 'pm10_avg': 2.172727272727272, 'pm25_avg': 1.9545454545454541}, 'timestamp': '2026-07-25 14:21:08'}",False,
"{'school': {'name': 'SZKOŁA PODSTAWOWA W ŁYSAKOWIE', 'street': None, 'post_code': '28-300', 'city': 'ŁYSAKÓW DRUGI', 'longitude': '20.31178517', 'latitude': '50.59252463'}, 'data': {'humidity_avg': 35.15, 'pressure_avg': 979.75, 'temperature_avg': 26.65, 'pm10_avg': 4.15, 'pm25_avg': 3.52}, 'timestamp': '2026-07-25 14:21:08'}",False,
"{'school': {'name': 'SPOŁECZNA SZKOŁA PODSTAWOWA NR 1 IM. KS.PROF. JÓZEFA TISCHNERA W TARNOWIE', 'street': 'UL. GUMNISKA', 'post_code': '33-100', 'city': 'TARNÓW', 'longitude': '21.00131621', 'latitude': '50.00814381'}, 'data': {'humidity_avg': 41.68181818181818, 'pressure_avg': 986.7818181818183, 'temperature_avg': 23.69090909090909, 'pm10_avg': 5.1, 'pm25_avg': 4.463636363636364}, 'timestamp': '2026-07-25 14:21:08'}",False,
"{'school': {'name': 'SZKOŁA PODSTAWOWA IM. GEN. STANISŁAWA SKALSKIEGO W POLICHNIE', 'street': None, 'post_code': '26-060', 'city': 'POLICHNO', 'longitude': '20.3964092', 'latitude': '50.82155974'}, 'data': {'humidity_avg': 40.28181818181818, 'pressure_avg': 981.3181818181819, 'temperature_avg': 23.481818181818184, 'pm10_avg': 2.3, 'pm25_avg': 2.054545454545454}, 'timestamp': '2026-07-25 14:21:08'}",False,
"{'school': {'name': 'TECHNIKUM W RACIĄŻU', 'street': 'UL. KILIŃSKIEGO', 'post_code': '09-140', 'city': 'RACIĄŻ', 'longitude': '20.127731', 'latitude': '52.778712'}, 'data': {'humidity_avg': 44.60909090909091, 'pressure_avg': 995.8909090909091, 'temperature_avg': 24.736363636363638, 'pm10_avg': 4.427272727272728, 'pm25_avg': 3.836363636363636}, 'timestamp': '2026-07-25 14:21:08'}",False,
"{'school': {'name': 'PUBLICZNA SZKOŁA PODSTAWOWA IM.HENRYKA SIENKIEWICZA W MYŚLISZEWICACH', 'street': None, 'post_code': '26-630', 'city': 'MYŚLISZEWICE', 'longitude': '21.290531299999998', 'latitude': '51.413341302261024'}, 'data': {'humidity_avg': 33.233333333333334, 'pressure_avg': 992.3083333333334, 'temperature_avg': 27.45, 'pm10_avg': 3.55, 'pm25_avg': 3.733333333333333}, 'timestamp': '2026-07-25 14:21:08'}",False,
"{'school': {'name': 'SZKOŁA PODSTAWOWA NR 6 IM. DRA WŁADYSŁAWA GĘBIKA Z ODDZIAŁAMI INTEGRACYJNYMI W KWIDZYNIE', 'street': 'UL. GRUNWALDZKA', 'post_code': '82-500', 'city': 'KWIDZYN', 'longitude': '18.932667', 'latitude': '53.723949'}, 'data': {'humidity_avg': 41.300000000000004, 'pressure_avg': 999.3416666666667, 'temperature_avg': 26.875, 'pm10_avg': 6.033333333333334, 'pm25_avg': 5.566666666666666}, 'timestamp': '2026-07-25 14:21:08'}",False,
"{'school': {'name': 'SZKOŁA PODSTAWOWA W BRZEŚCIU', 'street': None, 'post_code': '28-400', 'city': 'BRZEŚCIE', 'longitude': '20.54586641', 'latitude': '50.5470206'}, 'data': {'humidity_avg': 39.733333333333334, 'pressure_avg': 986.0416666666666, 'temperature_avg': 24.625, 'pm10_avg': 3.3666666666666663, 'pm25_avg': 2.9916666666666663}, 'timestamp': '2026-07-25 14:21:08'}",False,
"{'school': {'name': 'SZKOŁA PODSTAWOWA W LUBOWIDZU', 'street': 'UL. JANA PAWŁA II', 'post_code': '09-304', 'city': 'LUBOWIDZ', 'longitude': '19.842984', 'latitude': '53.120566'}, 'data': {'humidity_avg': 56.7, 'pressure_avg': 994.4875, 'temperature_avg': 23.9125, 'pm10_avg': 6.7375, 'pm25_avg': 6.05}, 'timestamp': '2026-07-25 14:21:08'}",False,
"{'school': {'name': 'SZKOŁA PODSTAWOWA NR 2 IM. JANA PAWŁA II W GORZYCACH', 'street': 'UL. EDUKACJI NARODOWEJ', 'post_code': '39-432', 'city': 'GORZYCE', 'longitude': '21.83097317', 'latitude': '50.67218435'}, 'data': {'humidity_avg': 47.790909090909096, 'pressure_avg': 995.2272727272727, 'temperature_avg': 24.836363636363636, 'pm10_avg': 3.190909090909091, 'pm25_avg': 3.009090909090909}, 'timestamp': '2026-07-25 14:21:08'}",False,
"{'school': {'name': 'NIEPUBLICZNA SZKOŁA PODSTAWOWA W NIWCE', 'street': None, 'post_code': '33-130', 'city': 'NIWKA', 'longitude': '20.853454', 'latitude': '50.056594'}, 'data': {'humidity_avg': 37.62, 'pressure_avg': 989.79, 'temperature_avg': 26.610000000000003, 'pm10_avg': 3.03, 'pm25_avg': 2.7800000000000002}, 'timestamp': '2026-07-25 14:21:08'}",False,
"{'school': {'name': 'TECHNIKUM NR 2 W CZĘSTOCHOWIE', 'street': 'UL. WARSZAWSKA', 'post_code': '42-200', 'city': 'CZĘSTOCHOWA', 'longitude': '19.1485028', 'latitude': '50.7931394'}, 'data': {'humidity_avg': 44.94166666666666, 'pressure_avg': 981.6166666666667, 'temperature_avg': 24.391666666666666, 'pm10_avg': 3.425, 'pm25_avg': 2.875}, 'timestamp': '2026-07-25 14:21:08'}",False,
"{'school': {'name': 'SZKOŁA PODSTAWOWA IM. ORŁA BIAŁEGO W SZCZYTNEJ', 'street': 'UL. KOŚCIELNA', 'post_code': '57-330', 'city': 'SZCZYTNA', 'longitude': '16.44633002', 'latitude': '50.41610314'}, 'data': {'humidity_avg': 33.67, 'pressure_avg': 954.8700000000001, 'temperature_avg': 27.53, 'pm10_avg': 2.6100000000000003, 'pm25_avg': 2.17}, 'timestamp': '2026-07-25 14:21:08'}",False,
"{'school': {'name': 'I LICEUM OGÓLNOKSZTAŁCĄCE IM. BOLESŁAWA CHROBREGO W KŁODZKU', 'street': 'UL. WOJSKA POLSKIEGO', 'post_code': '57-300', 'city': 'KŁODZKO', 'longitude': '16.651149', 'latitude': '50.4373'}, 'data': {'humidity_avg': 37.325, 'pressure_avg': 973.8375, 'temperature_avg': 25.425, 'pm10_avg': 3.7875, 'pm25_avg': 3.3125}, 'timestamp': '2026-07-25 14:21:08'}",False,
"{'school': {'name': 'SZKOŁA PODSTAWOWA W BIENIOWICACH', 'street': None, 'post_code': '59-216', 'city': 'BIENIOWICE', 'longitude': '16.256564', 'latitude': '51.258614'}, 'data': {'humidity_avg': 22.891666666666666, 'pressure_avg': 995.0333333333333, 'temperature_avg': 31.916666666666668, 'pm10_avg': 3.083333333333333, 'pm25_avg': 2.666666666666666}, 'timestamp': '2026-07-25 14:21:08'}",False,
"{'school': {'name': 'SZKOŁA PODSTAWOWA IM. ŚW. JADWIGI ŚLĄSKIEJ W ŻERNIKACH WROCŁAWSKICH', 'street': 'UL. KOLEJOWA', 'post_code': '55-010', 'city': 'ŻERNIKI WROCŁAWSKIE', 'longitude': '17.0609105', 'latitude': '51.0305737'}, 'data': {'humidity_avg': 30.98, 'pressure_avg': 993.28, 'temperature_avg': 28.05, 'pm10_avg': 2.889999999999999, 'pm25_avg': 2.46}, 'timestamp': '2026-07-25 14:21:08'}",False,
"{'school': {'name': 'SZKOŁA PODSTAWOWA NR 4 Z ODDZIAŁAMI INTEGRACYJNYMI W BIELAWIE', 'street': 'UL. LUDWIKA WARYŃSKIEGO', 'post_code': '58-260', 'city': 'BIELAWA', 'longitude': '16.6008348', 'latitude': '50.6662832'}, 'data': {'humidity_avg': 38.21666666666667, 'pressure_avg': 965.1, 'temperature_avg': 25.125, 'pm10_avg': 3.158333333333333, 'pm25_avg': 2.583333333333333}, 'timestamp': '2026-07-25 14:21:08'}",False,
"{'school': {'name': 'SZKOŁA PODSTAWOWA IM. JANA PAWŁA II W GRODZISZCZU', 'street': None, 'post_code': '58-112', 'city': 'GRODZISZCZE', 'longitude': '16.560664', 'latitude': '50.798212'}, 'data': {'humidity_avg': 32.34166666666667, 'pressure_avg': 980.5583333333334, 'temperature_avg': 27.183333333333334, 'pm10_avg': 3.416666666666666, 'pm25_avg': 2.933333333333333}, 'timestamp': '2026-07-25 14:21:08'}",False,
"{'school': {'name': 'BRANŻOWA SZKOŁA I STOPNIA NR 6 W ZESPOLE SZKÓŁ PRZEMYSŁU SPOŻYWCZEGO IM. POWSTAŃCÓW WIELKOPOLSKICH W ŁODZI', 'street': 'UL. FRANCISZKAŃSKA', 'post_code': '91-845', 'city': 'ŁÓDŹ-BAŁUTY', 'longitude': '19.421884', 'latitude': '51.7848081'}, 'data': {'humidity_avg': 45.10909090909091, 'pressure_avg': 985.1636363636363, 'temperature_avg': 24.0, 'pm10_avg': 4.381818181818182, 'pm25_avg': 3.6181818181818173}, 'timestamp': '2026-07-25 14:21:08'}",False,
"{'school': {'name': 'TECHNIKUM NR 1 W ZESPOLE SZKÓŁ NR 1 IM. STANISŁAWA STASZICA W BOCHNI', 'street': 'UL. EDWARDA WINDAKIEWICZA', 'post_code': '32-700', 'city': 'BOCHNIA', 'longitude': '20.416325', 'latitude': '49.966639'}, 'data': {'humidity_avg': 39.39090909090909, 'pressure_avg': 982.2454545454547, 'temperature_avg': 27.945454545454538, 'pm10_avg': 2.209090909090909, 'pm25_avg': 1.963636363636363}, 'timestamp': '2026-07-25 14:21:08'}",False,
"{'school': {'name': 'SZKOŁA PODSTAWOWA IM. M. KOPERNIKA W KOŚCIELCU', 'street': None, 'post_code': '32-100', 'city': 'KOŚCIELEC', 'longitude': '20.3906858', 'latitude': '50.2001419'}, 'data': {'humidity_avg': 35.25833333333333, 'pressure_avg': 987.5166666666668, 'temperature_avg': 27.691666666666666, 'pm10_avg': 2.425, 'pm25_avg': 2.15}, 'timestamp': '2026-07-25 14:21:08'}",False,
"{'school': {'name': 'SZKOŁA PODSTAWOWA IM. MARII KONOPNICKIEJ W LIPINACH', 'street': None, 'post_code': '92-701', 'city': 'LIPINY', 'longitude': '19.67220915', 'latitude': '51.80665653'}, 'data': {'humidity_avg': 41.836363636363636, 'pressure_avg': 982.6909090909091, 'temperature_avg': 25.9, 'pm10_avg': 3.218181818181818, 'pm25_avg': 2.672727272727272}, 'timestamp': '2026-07-25 14:21:08'}",False,
"{'school': {'name': 'I LICEUM OGÓLNOKSZTAŁCĄCE IM. MARCINA KROMERA W GORLICACH', 'street': 'UL. MARCINA KROMERA', 'post_code': '38-300', 'city': 'GORLICE', 'longitude': '21.155748', 'latitude': '49.659518'}, 'data': {'humidity_avg': 41.07272727272727, 'pressure_avg': 975.4727272727273, 'temperature_avg': 23.036363636363635, 'pm10_avg': 3.009090909090909, 'pm25_avg': 2.618181818181818}, 'timestamp': '2026-07-25 14:21:08'}",False,
"{'school': {'name': 'SZKOŁA PODSTAWOWA IM. IGNACEGO ŁUKASIEWICZA W KOBYLANCE', 'street': None, 'post_code': '38-303', 'city': 'KOBYLANKA', 'longitude': '21.222151', 'latitude': '49.669007'}, 'data': {'humidity_avg': 43.199999999999996, 'pressure_avg': 977.4166666666666, 'temperature_avg': 23.825, 'pm10_avg': 2.975, 'pm25_avg': 2.483333333333333}, 'timestamp': '2026-07-25 14:21:08'}",False,
"{'school': {'name': 'SZKOŁA PODSTAWOWA IM.ŚWIĘTEJ KINGI W KORCZYNIE', 'street': None, 'post_code': '38-340', 'city': 'KORCZYNA', 'longitude': '21.255204', 'latitude': '49.702509'}, 'data': {'humidity_avg': 42.8875, 'pressure_avg': 974.2875, 'temperature_avg': 24.0875, 'pm10_avg': 2.375, 'pm25_avg': 2.1125}, 'timestamp': '2026-07-25 14:21:08'}",False,
"{'school': {'name': 'TECHNIKUM W GOŁOTCZYŹNIE', 'street': 'UL. CIECHANOWSKA', 'post_code': '06-430', 'city': 'GOŁOTCZYZNA', 'longitude': '20.68880627301113', 'latitude': '52.79264333773238'}, 'data': {'humidity_avg': 36.875, 'pressure_avg': 995.4166666666666, 'temperature_avg': 29.233333333333334, 'pm10_avg': 3.783333333333333, 'pm25_avg': 3.283333333333333}, 'timestamp': '2026-07-25 14:21:08'}",False,
"{'school': {'name': 'SZKOŁA PODSTAWOWA IM. WŁADYSŁAWA JÓŹWICKIEGO W GÓRZNIE ', 'street': 'UL. DŁUGA', 'post_code': '08-404', 'city': 'GÓRZNO', 'longitude': '21.705990699999997', 'latitude': '51.84700102762625'}, 'data': {'humidity_avg': 33.892307692307696, 'pressure_avg': 991.0615384615384, 'temperature_avg': 27.77692307692308, 'pm10_avg': 2.284615384615384, 'pm25_avg': 1.8846153846153841}, 'timestamp': '2026-07-25 14:21:08'}",False,
"{'school': {'name': 'SZKOŁA PODSTAWOWA NR 2 Z ODDZIAŁAMI INTEGRACYJNYMI IM. ŻOŁNIERZY A.K. II REJONU CELKÓW W MARKACH', 'street': 'UL. SZKOLNA', 'post_code': '05-270', 'city': 'MARKI', 'longitude': '\t21.103744271164814', 'latitude': '52.31729535665526'}, 'data': {'humidity_avg': 38.35454545454545, 'pressure_avg': 998.6909090909091, 'temperature_avg': 27.127272727272725, 'pm10_avg': 4.418181818181818, 'pm25_avg': 3.909090909090909}, 'timestamp': '2026-07-25 14:21:08'}",False,
"{'school': {'name': 'SZKOŁA PODSTAWOWA IM.KAWALERÓW ORDERU UŚMIECHU W SIEROSŁAWICACH', 'street': None, 'post_code': '32-120', 'city': 'SIEROSŁAWICE', 'longitude': '20.461954', 'latitude': '50.141099'}, 'data': {'humidity_avg': 33.791666666666664, 'pressure_avg': 988.275, 'temperature_avg': 26.958333333333332, 'pm10_avg': 3.125, 'pm25_avg': 2.766666666666667}, 'timestamp': '2026-07-25 14:21:08'}",False,
"{'school': {'name': 'SZKOŁA PODSTAWOWA IM.ŚW.JANA PAWŁA II W ZAWADACH', 'street': 'UL. KOŚCIUSZKI', 'post_code': '16-075', 'city': 'ZAWADY', 'longitude': '22.66793745', 'latitude': '53.15651651'}, 'data': {'humidity_avg': 56.81818181818182, 'pressure_avg': 998.9545454545455, 'temperature_avg': 24.41818181818182, 'pm10_avg': 4.118181818181818, 'pm25_avg': 3.709090909090909}, 'timestamp': '2026-07-25 14:21:08'}",False,
"{'school': {'name': 'SZKOŁA PODSTAWOWA NR 2 IM. KRÓLOWEJ JADWIGI W CZECHOWICACH-DZIEDZICACH', 'street': 'UL. WĘGLOWA', 'post_code': '43-502', 'city': 'CZECHOWICE-DZIEDZICE', 'longitude': '19.0071238', 'latitude': '49.9283149'}, 'data': {'humidity_avg': 47.98333333333333, 'pressure_avg': 981.2833333333333, 'temperature_avg': 23.175, 'pm10_avg': 3.408333333333333, 'pm25_avg': 2.816666666666666}, 'timestamp': '2026-07-25 14:21:08'}",False,
"{'school': {'name': 'PUBLICZNA SZKOŁA PODSTAWOWA NR 1 Z ODDZIAŁAMI DWUJĘZYCZNYMI W MOGIELNICY', 'street': 'UL. NOWOMIEJSKA', 'post_code': '05-640', 'city': 'MOGIELNICA', 'longitude': '20.72027', 'latitude': '51.6909326'}, 'data': {'humidity_avg': 47.416666666666664, 'pressure_avg': 992.4416666666666, 'temperature_avg': 24.375, 'pm10_avg': 3.65, 'pm25_avg': 3.1}, 'timestamp': '2026-07-25 14:21:08'}",False,
"{'school': {'name': 'SZKOŁA PODSTAWOWA IM. STANISŁAWA LUBOMIRSKIEGO W NOWYM WIŚNICZU', 'street': 'UL. SZKOLNA', 'post_code': '32-720', 'city': 'NOWY WIŚNICZ', 'longitude': '20.464022', 'latitude': '49.911873'}, 'data': {'humidity_avg': 37.769999999999996, 'pressure_avg': 978.1700000000001, 'temperature_avg': 24.119999999999997, 'pm10_avg': 1.8, 'pm25_avg': 1.69}, 'timestamp': '2026-07-25 14:21:08'}",False,
"{'school': {'name': 'PUBLICZNA SZKOŁA PODSTAWOWA IM.T. KOŚCIUSZKI W GŁOWACZOWIE', 'street': 'UL. WARECKA', 'post_code': '26-903', 'city': 'GŁOWACZÓW', 'longitude': '21.3187284', 'latitude': '51.6220175'}, 'data': {'humidity_avg': 41.1875, 'pressure_avg': 994.7125, 'temperature_avg': 25.525, 'pm10_avg': 2.387499999999999, 'pm25_avg': 2.1375}, 'timestamp': '2026-07-25 14:21:08'}",False,
"{'school': {'name': 'SZKOŁA PODSTAWOWA SPECJALNA NR 150 W KRAKOWIE', 'street': 'AL. ALEJA ADOLFA DYGASIŃSKIEGO', 'post_code': '30-820', 'city': 'KRAKÓW-PODGÓRZE', 'longitude': '19.98983357116481', 'latitude': '50.02147308570759'}, 'data': {'humidity_avg': 39.074999999999996, 'pressure_avg': 987.3916666666668, 'temperature_avg': 23.266666666666666, 'pm10_avg': 9.558333333333334, 'pm25_avg': 7.608333333333333}, 'timestamp': '2026-07-25 14:21:08'}",False,
"{'school': {'name': 'PUBLICZNA SZKOŁA PODSTAWOWA IM. JÓZEFA BRANDTA W OROŃSKU', 'street': 'UL. SZKOLNA', 'post_code': '26-505', 'city': 'OROŃSKO', 'longitude': '20.98980054', 'latitude': '51.315665'}, 'data': {'humidity_avg': 45.96363636363637, 'pressure_avg': 988.0909090909091, 'temperature_avg': 24.1, 'pm10_avg': 3.772727272727273, 'pm25_avg': 3.1}, 'timestamp': '2026-07-25 14:21:08'}",False,
"{'school': {'name': 'PUBLICZNA SZKOŁA PODSTAWOWA IM. BATALIONÓW CHŁOPSKICH W KLECZANOWIE', 'street': None, 'post_code': '27-641', 'city': 'KLECZANÓW', 'longitude': '21.57103098', 'latitude': '50.71737244'}, 'data': {'humidity_avg': 48.449999999999996, 'pressure_avg': 981.2833333333333, 'temperature_avg': 23.808333333333334, 'pm10_avg': 3.449999999999999, 'pm25_avg': 3.074999999999999}, 'timestamp': '2026-07-25 14:21:08'}",False,
"{'school': {'name': 'SZKOŁA PODSTAWOWA IM. BOHATERÓW WESTERPLATTE W ŁĘKAWICY', 'street': None, 'post_code': '33-156', 'city': 'ŁĘKAWICA', 'longitude': '19.6059700', 'latitude': '49.8417200'}, 'data': {'humidity_avg': 34.554545454545455, 'pressure_avg': 982.0818181818181, 'temperature_avg': 27.59090909090909, 'pm10_avg': 2.7818181818181813, 'pm25_avg': 2.436363636363636}, 'timestamp': '2026-07-25 14:21:08'}",False,
"{'school': {'name': 'SZKOŁA PODSTAWOWA W STAROCHĘCINACH', 'street': None, 'post_code': '26-060', 'city': 'STAROCHĘCINY', 'longitude': '20.48081695', 'latitude': '50.77685204'}, 'data': {'humidity_avg': 36.10909090909091, 'pressure_avg': 983.3818181818183, 'temperature_avg': 25.954545454545453, 'pm10_avg': 2.463636363636364, 'pm25_avg': 2.118181818181818}, 'timestamp': '2026-07-25 14:21:08'}",False,
"{'school': {'name': 'SZKOŁA PODSTAWOWA NR 6 IM. KS. JANA TWARDOWSKIEGO W PSZCZYNIE', 'street': 'UL. KSIĘŻYCOWA', 'post_code': '43-200', 'city': 'PSZCZYNA', 'longitude': '18.936162', 'latitude': '49.965097'}, 'data': {'humidity_avg': 45.55833333333334, 'pressure_avg': 983.0666666666666, 'temperature_avg': 22.991666666666664, 'pm10_avg': 2.541666666666666, 'pm25_avg': 2.266666666666666}, 'timestamp': '2026-07-25 14:21:08'}",False,
"{'school': {'name': 'SZKOŁA PODSTAWOWA IM.KAZIMIERZA PUŁASKIEGO W JADAMWOLI', 'street': None, 'post_code': '34-606', 'city': 'JADAMWOLA', 'longitude': '20.51122243', 'latitude': '49.58092142'}, 'data': {'humidity_avg': 38.458333333333336, 'pressure_avg': 963.3416666666667, 'temperature_avg': 24.53333333333333, 'pm10_avg': 2.074999999999999, 'pm25_avg': 1.8416666666666661}, 'timestamp': '2026-07-25 14:21:08'}",False,
"{'school': {'name': 'SZKOŁA PODSTAWOWA NR 2 IM. MARII KONOPNICKIEJ W ŻYRARDOWIE', 'street': 'UL. GABRIELA NARUTOWICZA', 'post_code': '96-300', 'city': 'ŻYRARDÓW', 'longitude': '20.43801027', 'latitude': '52.05842119'}, 'data': {'humidity_avg': 37.30833333333333, 'pressure_avg': 996.2833333333333, 'temperature_avg': 27.741666666666664, 'pm10_avg': 3.358333333333333, 'pm25_avg': 3.358333333333333}, 'timestamp': '2026-07-25 14:21:08'}",False,
"{'school': {'name': 'I LICEUM OGÓLNOKSZTAŁCĄCE IM. ZYGMUNTA KRASIŃSKIEGO W CIECHANOWIE', 'street': 'UL. 17 STYCZNIA', 'post_code': '06-400', 'city': 'CIECHANÓW', 'longitude': '20.59878057', 'latitude': '52.88501004'}, 'data': {'humidity_avg': 39.6, 'pressure_avg': 994.0363636363636, 'temperature_avg': 26.263636363636362, 'pm10_avg': 3.445454545454545, 'pm25_avg': 3.118181818181817}, 'timestamp': '2026-07-25 14:21:08'}",False,
"{'school': {'name': 'SZKOŁA PODSTAWOWA W ŁUKOWEJ', 'street': None, 'post_code': '26-060', 'city': 'ŁUKOWA', 'longitude': '20.53811566', 'latitude': '50.72732867'}, 'data': {'humidity_avg': 34.541666666666664, 'pressure_avg': 980.4, 'temperature_avg': 26.599999999999998, 'pm10_avg': 2.558333333333333, 'pm25_avg': 2.208333333333333}, 'timestamp': '2026-07-25 14:21:08'}",False,
"{'school': {'name': 'SZKOŁA PODSTAWOWA W WOLI KORYCKIEJ GÓRNEJ', 'street': None, 'post_code': '08-455', 'city': 'WOLA KORYCKA GÓRNA', 'longitude': '\t21.754932828835187', 'latitude': '51.73577039586474'}, 'data': {'humidity_avg': 32.71666666666667, 'pressure_avg': 991.5333333333333, 'temperature_avg': 28.625, 'pm10_avg': 1.775, 'pm25_avg': 1.533333333333333}, 'timestamp': '2026-07-25 14:21:08'}",False,
"{'school': {'name': 'SZKOŁA PODSTAWOWA W WOLICY', 'street': 'UL. SZKOLNA', 'post_code': '26-060', 'city': 'WOLICA', 'longitude': '20.47387736', 'latitude': '50.75410087'}, 'data': {'humidity_avg': 35.72727272727273, 'pressure_avg': 982.9, 'temperature_avg': 26.627272727272725, 'pm10_avg': 2.918181818181818, 'pm25_avg': 2.527272727272727}, 'timestamp': '2026-07-25 14:21:08'}",False,
"{'school': {'name': 'SZKOŁA PODSTAWOWA IM. JANA PAWŁA II W ZBUCZYNIE', 'street': 'UL. JANA PAWŁA II', 'post_code': '08-106', 'city': 'ZBUCZYN', 'longitude': '22.44061361', 'latitude': '52.08688669'}, 'data': {'humidity_avg': 46.12222222222223, 'pressure_avg': 990.6111111111111, 'temperature_avg': 24.355555555555554, 'pm10_avg': 2.3, 'pm25_avg': 2.0}, 'timestamp': '2026-07-25 14:21:08'}",False,
"{'school': {'name': 'TECHNIKUM NR 2 IM. EUGENIUSZA KWIATKOWSKIEGO W STARACHOWICACH', 'street': 'UL. 1 MAJA', 'post_code': '27-200', 'city': 'STARACHOWICE', 'longitude': '21.06313317', 'latitude': '51.05452968'}, 'data': {'humidity_avg': 37.80833333333333, 'pressure_avg': 980.5166666666668, 'temperature_avg': 24.525000000000002, 'pm10_avg': 2.5666666666666673, 'pm25_avg': 2.308333333333333}, 'timestamp': '2026-07-25 14:21:08'}",False,
"{'school': {'name': 'PUBLICZNA SZKOŁA PODSTAWOWA IM. JANA KOCHANOWSKIEGO W POLANACH', 'street': None, 'post_code': '26-680', 'city': 'POLANY', 'longitude': '21.11465600', 'latitude': '51.22610000'}, 'data': {'humidity_avg': 40.445454545454545, 'pressure_avg': 987.0, 'temperature_avg': 25.1, 'pm10_avg': 2.199999999999999, 'pm25_avg': 2.199999999999999}, 'timestamp': '2026-07-25 14:21:08'}",False,
"{'school': {'name': 'SZKOŁA PODSTAWOWA W ZBELUTCE', 'street': None, 'post_code': '26-025', 'city': 'ZBELUTKA-STARA WIEŚ', 'longitude': '21.0993345', 'latitude': '50.7310922'}, 'data': {'humidity_avg': 37.981818181818184, 'pressure_avg': 968.6636363636363, 'temperature_avg': 25.4, 'pm10_avg': 2.118181818181818, 'pm25_avg': 1.772727272727272}, 'timestamp': '2026-07-25 14:21:08'}",False,
"{'school': {'name': 'SZKOŁA PODSTAWOWA IM. STEFANA KARDYNAŁA WYSZYŃSKIEGO W PIERZCHNICY ', 'street': 'UL. KARDYNAŁA STEFANA WYSZYŃSKIEGO', 'post_code': '26-015', 'city': 'PIERZCHNICA', 'longitude': '20.74729757', 'latitude': '50.6959636'}, 'data': {'humidity_avg': 40.70909090909091, 'pressure_avg': 977.2363636363636, 'temperature_avg': 23.60909090909091, 'pm10_avg': 4.136363636363637, 'pm25_avg': 3.518181818181818}, 'timestamp': '2026-07-25 14:21:08'}",False,
"{'school': {'name': 'SZKOŁA PODSTWOWA IM.KSIĘDZA CZESŁAWA PRZYSTASIA W LUTORYŻU', 'street': None, 'post_code': '36-040', 'city': 'LUTORYŻ', 'longitude': '21.91921265254002', 'latitude': '49.96511859568209 '}, 'data': {'humidity_avg': 42.975, 'pressure_avg': 985.2666666666668, 'temperature_avg': 23.733333333333334, 'pm10_avg': 2.166666666666666, 'pm25_avg': 1.883333333333333}, 'timestamp': '2026-07-25 14:21:08'}",False,
"{'school': {'name': 'SZKOŁA PODSTAWOWA W BRDOWIE', 'street': 'UL. MICKIEWICZA', 'post_code': '62-620', 'city': 'BRDÓW', 'longitude': '18.7293986', 'latitude': '52.3533225'}, 'data': {'humidity_avg': 40.68333333333334, 'pressure_avg': 994.7916666666666, 'temperature_avg': 24.375, 'pm10_avg': 3.558333333333333, 'pm25_avg': 3.266666666666667}, 'timestamp': '2026-07-25 14:21:08'}",False,
"{'school': {'name': 'SZKOŁA PODSTAWOWA Z ODDZIAŁAMI INTEGRACYJNYMI NR 6 IM. SZARYCH SZEREGÓW W GRODZISKU MAZOWIECKIM', 'street': 'UL. SPORTOWA', 'post_code': '05-825', 'city': 'GRODZISK MAZOWIECKI', 'longitude': '20.6192335', 'latitude': '52.0987683'}, 'data': {'humidity_avg': 49.627272727272725, 'pressure_avg': 998.4545454545455, 'temperature_avg': 26.254545454545454, 'pm10_avg': 5.3, 'pm25_avg': 4.572727272727272}, 'timestamp': '2026-07-25 14:21:08'}",False,
"{'school': {'name': 'SZKOŁA PODSTAWOWA IM. 11 LISTOPADA W ŻÓŁWINIE', 'street': 'UL. SZKOLNA', 'post_code': '05-807', 'city': 'ŻÓŁWIN', 'longitude': '20.7249857', 'latitude': '52.09761779588044'}, 'data': {'humidity_avg': 58.24545454545455, 'pressure_avg': 999.0818181818181, 'temperature_avg': 23.6, 'pm10_avg': 3.881818181818182, 'pm25_avg': 3.6}, 'timestamp': '2026-07-25 14:21:08'}",False,
"{'school': {'name': 'PUBLICZNA SZKOŁA PODSTAWOWA IM. JANA PAWŁA II W WOLI TACZOWSKIEJ', 'street': None, 'post_code': '26-652', 'city': 'WOLA TACZOWSKA', 'longitude': '21.04512254', 'latitude': '51.44935931'}, 'data': {'humidity_avg': 46.81666666666666, 'pressure_avg': 988.475, 'temperature_avg': 24.316666666666666, 'pm10_avg': 2.141666666666666, 'pm25_avg': 2.141666666666666}, 'timestamp': '2026-07-25 14:21:08'}",False,
"{'school': {'name': 'LICEUM OGÓLNOKSZTAŁCĄCE IM. STEFANA ŻEROMSKIEGO W ŻYRARDOWIE', 'street': 'UL. JANINY JADWIGI KACPERSKIEJ', 'post_code': '96-300', 'city': 'ŻYRARDÓW', 'longitude': '20.44495564', 'latitude': '52.0675436'}, 'data': {'humidity_avg': 53.857142857142854, 'pressure_avg': 998.6142857142858, 'temperature_avg': 23.900000000000002, 'pm10_avg': 4.442857142857143, 'pm25_avg': 4.057142857142857}, 'timestamp': '2026-07-25 14:21:08'}",False,
"{'school': {'name': 'SZKOŁA PODSTAWOWA W ŚCINAWIE POLSKIEJ', 'street': None, 'post_code': '55-200', 'city': 'ŚCINAWA POLSKA', 'longitude': '17.33660972', 'latitude': '50.93346737'}, 'data': {'humidity_avg': 31.625, 'pressure_avg': 992.8166666666666, 'temperature_avg': 28.78333333333333, 'pm10_avg': 0.5083333333333331, 'pm25_avg': 0.45833333333333304}, 'timestamp': '2026-07-25 14:21:08'}",False,
"{'school': {'name': 'SZKOŁA PODSTAWOWA W ŚCINAWCE DOLNEJ', 'street': None, 'post_code': '57-410', 'city': 'ŚCINAWKA DOLNA', 'longitude': '16.5360171', 'latitude': '50.4966472'}, 'data': {'humidity_avg': 37.06666666666667, 'pressure_avg': 973.7083333333334, 'temperature_avg': 27.858333333333334, 'pm10_avg': 3.275, 'pm25_avg': 2.833333333333333}, 'timestamp': '2026-07-25 14:21:08'}",False,
"{'school': {'name': 'I LICEUM OGÓLNOKSZTAŁCĄCE IM. ADAMA MICKIEWICZA W ŁAPACH', 'street': 'UL. BOHATERÓW WESTERPLATTE', 'post_code': '18-100', 'city': 'ŁAPY', 'longitude': '22.87657971', 'latitude': '52.98984475'}, 'data': {'humidity_avg': 47.43636363636363, 'pressure_avg': 994.7272727272727, 'temperature_avg': 25.41818181818182, 'pm10_avg': 3.7636363636363632, 'pm25_avg': 3.136363636363636}, 'timestamp': '2026-07-25 14:21:08'}",False,
"{'school': {'name': 'SZKOŁA PODSTAWOWA W WĘGRACH', 'street': 'UL. SZKOLNA', 'post_code': '55-020', 'city': 'WĘGRY', 'longitude': '17.0374566', 'latitude': '50.92746209'}, 'data': {'humidity_avg': 29.136363636363637, 'pressure_avg': 991.9, 'temperature_avg': 30.563636363636363, 'pm10_avg': 2.209090909090909, 'pm25_avg': 1.945454545454545}, 'timestamp': '2026-07-25 14:21:08'}",False,
"{'school': {'name': 'PUBLICZNA SZKOŁA PODSTAWOWA IM. MIKOŁAJA KOPERNIKA W BIENIĘDZICACH', 'street': None, 'post_code': '26-625', 'city': 'BIENIĘDZICE', 'longitude': '20.92852467', 'latitude': '51.41165831'}, 'data': {'humidity_avg': 48.300000000000004, 'pressure_avg': 989.1500000000001, 'temperature_avg': 25.650000000000002, 'pm10_avg': 3.266666666666667, 'pm25_avg': 2.7333333333333343}, 'timestamp': '2026-07-25 14:21:08'}",False,
"{'school': {'name': 'SAMORZĄDOWA SZKOŁA PODSTAWOWA IM. WOJSKA POLSKIEGO W WODZISŁAWIU', 'street': 'UL. SZKOLNA', 'post_code': '28-330', 'city': 'WODZISŁAW', 'longitude': '20.18925053', 'latitude': '50.51810713'}, 'data': {'humidity_avg': 32.28333333333333, 'pressure_avg': 981.8000000000001, 'temperature_avg': 26.266666666666666, 'pm10_avg': 4.158333333333333, 'pm25_avg': 3.75}, 'timestamp': '2026-07-25 14:21:08'}",False,
"{'school': {'name': 'TECHNIKUM W JASIEŃCU', 'street': 'UL. CZERSKA', 'post_code': '05-600', 'city': 'JASIENIEC', 'longitude': '20.94031755', 'latitude': '51.82104731'}, 'data': {'humidity_avg': 48.872727272727275, 'pressure_avg': 994.6636363636363, 'temperature_avg': 24.536363636363635, 'pm10_avg': 3.190909090909091, 'pm25_avg': 2.6545454545454543}, 'timestamp': '2026-07-25 14:21:08'}",False,
"{'school': {'name': 'LICEUM OGÓLNOKSZTAŁCĄCE W ZESPOLE SZKÓŁ DRZEWNYCH I LEŚNYCH IM. JANA KOCHANOWSKIEGO W GARBATCE - LETNISKU', 'street': 'UL. HANKI LEWANDOWICZ', 'post_code': '26-930', 'city': 'GARBATKA-LETNISKO', 'longitude': '21.62967267', 'latitude': '51.49346798'}, 'data': {'humidity_avg': 38.44166666666667, 'pressure_avg': 991.8166666666666, 'temperature_avg': 24.34166666666667, 'pm10_avg': 1.799999999999999, 'pm25_avg': 1.508333333333333}, 'timestamp': '2026-07-25 14:21:08'}",False,
"{'school': {'name': 'PUBLICZNA SZKOŁA PODSTAWOWA IM. JANA OLRYCHA SZANIECKIEGO W SZAŃCU', 'street': None, 'post_code': '28-100', 'city': 'SZANIEC', 'longitude': ' 20.691985097588677', 'latitude': '50.51627384074623'}, 'data': {'humidity_avg': 43.791666666666664, 'pressure_avg': 980.8833333333333, 'temperature_avg': 22.958333333333332, 'pm10_avg': 3.65, 'pm25_avg': 3.375}, 'timestamp': '2026-07-25 14:21:08'}",False,
"{'school': {'name': 'SZKOŁA PODSTAWOWA W SOLCU-ZDROJU', 'street': 'UL. 1 MAJA', 'post_code': '28-131', 'city': 'SOLEC-ZDRÓJ', 'longitude': '20.8893586', 'latitude': '50.37082674'}, 'data': {'humidity_avg': 38.70909090909091, 'pressure_avg': 992.7727272727273, 'temperature_avg': 24.6, 'pm10_avg': 3.963636363636364, 'pm25_avg': 3.463636363636364}, 'timestamp': '2026-07-25 14:21:08'}",False,
"{'school': {'name': 'I LICEUM OGÓLNOKSZTAŁCĄCE W NOWEJ SARZYNIE', 'street': 'UL. KOMISJI EDUKACJI NARODOWEJ', 'post_code': '37-310', 'city': 'NOWA SARZYNA', 'longitude': '22.34167945', 'latitude': '50.31921557'}, 'data': {'humidity_avg': 55.75454545454545, 'pressure_avg': 992.6181818181817, 'temperature_avg': 23.327272727272728, 'pm10_avg': 2.545454545454545, 'pm25_avg': 2.354545454545454}, 'timestamp': '2026-07-25 14:21:08'}",False,
"{'school': {'name': 'SZKOŁA PODSTAWOWA W SZRENIAWIE', 'street': None, 'post_code': '32-075', 'city': 'SZRENIAWA', 'longitude': '19.8690283', 'latitude': '50.3768057'}, 'data': {'humidity_avg': 39.63636363636363, 'pressure_avg': 976.0818181818181, 'temperature_avg': 27.0, 'pm10_avg': 3.181818181818181, 'pm25_avg': 2.9454545454545453}, 'timestamp': '2026-07-25 14:21:08'}",False,
"{'school': {'name': 'SZKOŁA PODSTAWOWA IM. WANDY RUTKIEWICZ W JANOWICACH WIELKICH', 'street': 'UL. PARTYZANTÓW', 'post_code': '58-520', 'city': 'JANOWICE WIELKIE', 'longitude': '15.925671', 'latitude': '50.88188'}, 'data': {'humidity_avg': 47.824999999999996, 'pressure_avg': 966.8833333333333, 'temperature_avg': 24.425, 'pm10_avg': 3.233333333333333, 'pm25_avg': 2.5749999999999993}, 'timestamp': '2026-07-25 14:21:08'}",False,
"{'school': {'name': 'SZKOŁA PODSTAWOWA W PTASZKOWIE', 'street': None, 'post_code': '58-400', 'city': 'PTASZKÓW', 'longitude': '16.0415642', 'latitude': '50.7927672'}, 'data': {'humidity_avg': 34.233333333333334, 'pressure_avg': 956.8583333333332, 'temperature_avg': 26.400000000000002, 'pm10_avg': 2.9499999999999993, 'pm25_avg': 2.4916666666666663}, 'timestamp': '2026-07-25 14:21:08'}",False,
"{'school': {'name': 'SZKOŁA PODSTAWOWA IM. ŚW. WOJCIECHA WE WŁODOWICACH', 'street': None, 'post_code': '57-400', 'city': 'WŁODOWICE', 'longitude': '16.4776033', 'latitude': '50.575772'}, 'data': {'humidity_avg': 37.160000000000004, 'pressure_avg': 966.46, 'temperature_avg': 25.0, 'pm10_avg': 3.4, 'pm25_avg': 2.88}, 'timestamp': '2026-07-25 14:21:08'}",False,
"{'school': {'name': 'PUBLICZNA SZKOŁA PODSTAWOWA W LEWINIE KŁODZKIM', 'street': 'UL. KOŚCIELNA', 'post_code': '57-343', 'city': 'LEWIN KŁODZKI', 'longitude': '16.2909777', 'latitude': '50.4056168'}, 'data': {'humidity_avg': 44.775, 'pressure_avg': 956.6, 'temperature_avg': 23.0625, 'pm10_avg': 2.9625, 'pm25_avg': 2.65}, 'timestamp': '2026-07-25 14:21:08'}",False,
"{'school': {'name': 'SZKOŁA PODSTAWOWA NR 3 IM. JANA PAWŁA II W SYCOWIE', 'street': 'UL. KOŚCIELNA', 'post_code': '56-500', 'city': 'SYCÓW', 'longitude': '17.72017', 'latitude': '51.3071'}, 'data': {'humidity_avg': 41.61818181818182, 'pressure_avg': 988.4727272727273, 'temperature_avg': 24.50909090909091, 'pm10_avg': 3.372727272727273, 'pm25_avg': 2.872727272727273}, 'timestamp': '2026-07-25 14:21:08'}",False,
"{'school': {'name': 'SZKOŁA PODSTAWOWA IM. BOLESŁAWA CHROBREGO W ŻMIGRODZIE', 'street': 'UL. HENRYKA SIENKIEWICZA', 'post_code': '55-140', 'city': 'ŻMIGRÓD', 'longitude': '16.9084728', 'latitude': '51.4700924'}, 'data': {'humidity_avg': 29.116666666666664, 'pressure_avg': 997.6750000000001, 'temperature_avg': 28.808333333333334, 'pm10_avg': 3.833333333333333, 'pm25_avg': 3.308333333333333}, 'timestamp': '2026-07-25 14:21:08'}",False,
"{'school': {'name': 'SPOŁECZNA SZKOŁA PODSTAWOWA W ŚWIDNICY', 'street': 'UL. ADAMA MICKIEWICZA', 'post_code': '58-100', 'city': 'ŚWIDNICA', 'longitude': '16.677532', 'latitude': '51.0740481'}, 'data': {'humidity_avg': 30.03, 'pressure_avg': 984.39, 'temperature_avg': 29.810000000000002, 'pm10_avg': 3.12, 'pm25_avg': 2.719999999999999}, 'timestamp': '2026-07-25 14:21:08'}",False,
"{'school': {'name': 'SZKOŁA PODSTAWOWA W KRZESZOWIE', 'street': 'UL. BETLEJEMSKA', 'post_code': '58-400', 'city': 'KRZESZÓW', 'longitude': '16.0646514', 'latitude': '50.7333391'}, 'data': {'humidity_avg': 37.44285714285714, 'pressure_avg': 954.5714285714286, 'temperature_avg': 24.3, 'pm10_avg': 3.285714285714285, 'pm25_avg': 2.871428571428571}, 'timestamp': '2026-07-25 14:21:08'}",False,
"{'school': {'name': 'SZKOŁA PODSTAWOWA W MOKRZESZOWIE', 'street': None, 'post_code': '58-160', 'city': 'MOKRZESZÓW', 'longitude': '16.371249', 'latitude': '50.8485349'}, 'data': {'humidity_avg': 37.83846153846154, 'pressure_avg': 974.123076923077, 'temperature_avg': 26.676923076923078, 'pm10_avg': 3.7, 'pm25_avg': 3.184615384615384}, 'timestamp': '2026-07-25 14:21:08'}",False,
"{'school': {'name': 'SZKOŁA PODSTAWOWA IM. ADAMA MICKIEWICZA W PĘGOWIE', 'street': 'UL. GŁÓWNA', 'post_code': '55-120', 'city': 'PĘGÓW', 'longitude': '16.9325607', 'latitude': '51.2463277'}, 'data': {'humidity_avg': 26.175, 'pressure_avg': 993.4666666666667, 'temperature_avg': 31.458333333333332, 'pm10_avg': 3.191666666666666, 'pm25_avg': 2.716666666666667}, 'timestamp': '2026-07-25 14:21:08'}",False,
"{'school': {'name': 'TECHNIKUM W BOLKOWIE', 'street': 'UL. NIEPODLEGŁOŚCI', 'post_code': '59-420', 'city': 'BOLKÓW', 'longitude': '16.1055099', 'latitude': '50.92060569'}, 'data': {'humidity_avg': 35.800000000000004, 'pressure_avg': 970.0636363636364, 'temperature_avg': 26.027272727272727, 'pm10_avg': 2.89090909090909, 'pm25_avg': 2.436363636363636}, 'timestamp': '2026-07-25 14:21:08'}",False,
"{'school': {'name': 'SZKOŁA PODSTAWOWA NR 4 IM.PROF. ROMANA PODOSKIEGO W OLEŚNICY', 'street': 'UL. IGNACEGO PADEREWSKIEGO', 'post_code': '56-400', 'city': 'OLEŚNICA', 'longitude': '17.3883791', 'latitude': '51.2047183'}, 'data': {'humidity_avg': 27.59090909090909, 'pressure_avg': 990.5454545454545, 'temperature_avg': 29.41818181818182, 'pm10_avg': 3.227272727272727, 'pm25_avg': 2.927272727272727}, 'timestamp': '2026-07-25 14:21:08'}",False,
"{'school': {'name': 'SZKOŁA PODSTAWOWA W PÓŁWIESKU MAŁYM', 'street': None, 'post_code': '87-337', 'city': 'PÓŁWIESK MAŁY', 'longitude': '19.2209039', 'latitude': '53.1414488'}, 'data': {'humidity_avg': 38.96363636363637, 'pressure_avg': 995.0545454545455, 'temperature_avg': 26.50909090909091, 'pm10_avg': 5.145454545454545, 'pm25_avg': 4.399999999999999}, 'timestamp': '2026-07-25 14:21:08'}",False,
"{'school': {'name': 'TECHNIKUM NR 9 W TORUNIU', 'street': 'UL. STEFANA BATOREGO', 'post_code': '87-100', 'city': 'TORUŃ', 'longitude': '18.6208871', 'latitude': '53.0272793'}, 'data': {'humidity_avg': 42.40833333333334, 'pressure_avg': 1003.0749999999999, 'temperature_avg': 26.583333333333332, 'pm10_avg': 5.0, 'pm25_avg': 4.458333333333333}, 'timestamp': '2026-07-25 14:21:08'}",False,
"{'school': {'name': 'SZKOŁA PODSTAWOWA W RUDNIE W ZESPOLE KSZTAŁCENIA I WYCHOWANIA W RUDNIE', 'street': 'UL. SZKOLNA', 'post_code': '83-121', 'city': 'RUDNO', 'longitude': '18.762284', 'latitude': '53.934177'}, 'data': {'humidity_avg': 42.800000000000004, 'pressure_avg': 1000.0454545454545, 'temperature_avg': 26.20909090909091, 'pm10_avg': 5.463636363636364, 'pm25_avg': 4.963636363636364}, 'timestamp': '2026-07-25 14:21:08'}",False,
"{'school': {'name': 'SZKOŁA PODSTAWOWA W RACŁAWICZKACH', 'street': 'UL. SZKOLNA', 'post_code': '47-370', 'city': 'RACŁAWICZKI', 'longitude': '17.7792949', 'latitude': '50.4791824'}, 'data': {'humidity_avg': 18.35, 'pressure_avg': 986.8, 'temperature_avg': 40.0, 'pm10_avg': 1.7000000000000002, 'pm25_avg': 1.4}, 'timestamp': '2026-07-25 14:21:08'}",False,
"{'school': {'name': 'SZKOŁA PODSTAWOWA W KOMORNIKACH', 'street': 'UL. SZKOLNA', 'post_code': '47-364', 'city': 'KOMORNIKI', 'longitude': '17.900609', 'latitude': '50.433498'}, 'data': {'humidity_avg': 23.554545454545462, 'pressure_avg': 987.8272727272728, 'temperature_avg': 31.972727272727273, 'pm10_avg': 2.581818181818181, 'pm25_avg': 2.236363636363636}, 'timestamp': '2026-07-25 14:21:08'}",False,
"{'school': {'name': 'TECHNIKUM NR 3 W GLIWICACH', 'street': 'UL. WARSZAWSKA', 'post_code': '44-100', 'city': 'GLIWICE', 'longitude': '18.6782411', 'latitude': '50.3080285'}, 'data': {'humidity_avg': 37.60909090909091, 'pressure_avg': 981.8636363636364, 'temperature_avg': 28.4, 'pm10_avg': 3.527272727272727, 'pm25_avg': 2.854545454545454}, 'timestamp': '2026-07-25 14:21:08'}",False,
"{'school': {'name': 'SZKOŁA PODSTAWOWA NR 20 IM.II MORSKIEGO PUŁKU STRZELCÓW W GDYNI', 'street': 'UL. STARODWORCOWA', 'post_code': '81-575', 'city': 'GDYNIA', 'longitude': '18.495846', 'latitude': '54.464583'}, 'data': {'humidity_avg': 50.7625, 'pressure_avg': 993.3874999999999, 'temperature_avg': 24.4125, 'pm10_avg': 4.2625, 'pm25_avg': 3.7625}, 'timestamp': '2026-07-25 14:21:08'}",False,
"{'school': {'name': 'SZKOŁA PODSTAWOWA IM. PRZYJACIÓŁ ZIEMI W KŁODAWIE', 'street': None, 'post_code': '89-632', 'city': 'KŁODAWA', 'longitude': '17.6377441', 'latitude': '53.745006'}, 'data': {'humidity_avg': 45.14545454545455, 'pressure_avg': 989.0090909090909, 'temperature_avg': 24.218181818181815, 'pm10_avg': 4.990909090909091, 'pm25_avg': 4.527272727272727}, 'timestamp': '2026-07-25 14:21:08'}",False,
"{'school': {'name': 'SZKOŁA PODSTAWOWA NR 2 IM. STANISŁAWA STASZICA W OSTROŁĘCE', 'street': 'UL. PAPIERNICZA', 'post_code': '07-410', 'city': 'OSTROŁĘKA', 'longitude': '21.5825833', 'latitude': '53.0888402'}, 'data': {'humidity_avg': 49.27272727272727, 'pressure_avg': 998.9181818181819, 'temperature_avg': 26.754545454545454, 'pm10_avg': 2.8636363636363633, 'pm25_avg': 2.590909090909091}, 'timestamp': '2026-07-25 14:21:08'}",False,
"{'school': {'name': 'SZKOŁA PODSTAWOWA NR 67 IM. WŁADYSŁAWA ŁOKIETKA W KRAKOWIE', 'street': 'UL. KACZORÓWKA', 'post_code': '31-264', 'city': 'KRAKÓW-KROWODRZA', 'longitude': '19.9056364', 'latitude': '50.1069438'}, 'data': {'humidity_avg': 38.945454545454545, 'pressure_avg': 983.3454545454545, 'temperature_avg': 24.718181818181815, 'pm10_avg': 3.036363636363636, 'pm25_avg': 2.472727272727272}, 'timestamp': '2026-07-25 14:21:08'}",False,
"{'school': {'name': 'IV LICEUM OGÓLNOKSZTAŁCĄCE IM. HENRYKA SIENKIEWICZA W CZĘSTOCHOWIE', 'street': 'AL. ALEJA NAJŚWIĘTSZEJ MARYI PANNY', 'post_code': '42-217', 'city': 'CZĘSTOCHOWA', 'longitude': '19.1090584', 'latitude': '50.8125266'}, 'data': {'humidity_avg': 40.2625, 'pressure_avg': 979.85, 'temperature_avg': 25.6625, 'pm10_avg': 3.4875, 'pm25_avg': 2.9375}, 'timestamp': '2026-07-25 14:21:08'}",False,
"{'school': {'name': 'PUBLICZNA KATOLICKA SZKOŁA PODSTAWOWA IM. ŚW. JOANNY BERETTY MOLLI W KRAKOWIE', 'street': 'UL. STELMACHÓW', 'post_code': '31-349', 'city': 'KRAKÓW-KROWODRZA', 'longitude': '19.9043827', 'latitude': '50.0953292'}, 'data': {'humidity_avg': 43.25454545454546, 'pressure_avg': 971.2545454545453, 'temperature_avg': 23.5, 'pm10_avg': 2.690909090909091, 'pm25_avg': 2.436363636363636}, 'timestamp': '2026-07-25 14:21:08'}",False,
"{'school': {'name': 'SZKOŁA PODSTAWOWA NR 33 IM. M. KOWNACKIEJ W CZĘSTOCHOWIE', 'street': 'UL. SEWERYNA GOSZCZYŃSKIEGO', 'post_code': '42-217', 'city': 'CZĘSTOCHOWA', 'longitude': '19.1097087', 'latitude': '50.7990464'}, 'data': {'humidity_avg': 41.0, 'pressure_avg': 980.875, 'temperature_avg': 27.0375, 'pm10_avg': 3.0875, 'pm25_avg': 2.55}, 'timestamp': '2026-07-25 14:21:08'}",False,
"{'school': {'name': 'SZKOŁA PODSTAWOWA IM.JANA KOCHANOWSKIEGO W CZARNYM LESIE', 'street': 'UL. SZKOLNA', 'post_code': '42-233', 'city': 'CZARNY LAS', 'longitude': '19.0845102', 'latitude': '50.8928973'}, 'data': {'humidity_avg': 39.99090909090909, 'pressure_avg': 983.1181818181817, 'temperature_avg': 25.445454545454538, 'pm10_avg': 3.590909090909091, 'pm25_avg': 3.29090909090909}, 'timestamp': '2026-07-25 14:21:08'}",False,
"{'school': {'name': 'SZKOŁA PODSTAWOWA NR 49 IM. J.KUSOCIŃSKIEGO W CZĘSTOCHOWIE', 'street': 'UL. JESIENNA', 'post_code': '42-208', 'city': 'CZĘSTOCHOWA', 'longitude': '19.146175', 'latitude': '50.7703289'}, 'data': {'humidity_avg': 54.1625, 'pressure_avg': 979.4375, 'temperature_avg': 21.575, 'pm10_avg': 4.5625, 'pm25_avg': 4.075}, 'timestamp': '2026-07-25 14:21:08'}",False,
"{'school': {'name': 'SZKOŁA PODSTAWOWA W SEWERYNOWIE', 'street': None, 'post_code': '07-120', 'city': 'SEWERYNÓW', 'longitude': '21.7538805', 'latitude': '52.4131115'}, 'data': {'humidity_avg': 49.15, 'pressure_avg': 993.4666666666667, 'temperature_avg': 25.333333333333332, 'pm10_avg': 2.333333333333333, 'pm25_avg': 1.9333333333333331}, 'timestamp': '2026-07-25 14:21:08'}",False,
"{'school': {'name': 'SZKOŁA PODSTAWOWA IM. GEN.STANISŁAWA MACZKA W BOGUCHWALE', 'street': 'UL. TEODORA LUBOMIRSKIEGO', 'post_code': '36-040', 'city': 'BOGUCHWAŁA', 'longitude': '21.9468603', 'latitude': '49.9849727'}, 'data': {'humidity_avg': 43.68, 'pressure_avg': 985.28, 'temperature_avg': 23.98, 'pm10_avg': 2.6599999999999993, 'pm25_avg': 2.389999999999999}, 'timestamp': '2026-07-25 14:21:08'}",False,
"{'school': {'name': 'SZKOŁA PODSTAWOWA IM. PROF. JANA SAJDAKA W BURZYNIE', 'street': None, 'post_code': '33-170', 'city': 'BURZYN', 'longitude': '21.0614367', 'latitude': '49.8737482'}, 'data': {'humidity_avg': 43.47272727272727, 'pressure_avg': 983.0818181818181, 'temperature_avg': 23.627272727272725, 'pm10_avg': 3.018181818181818, 'pm25_avg': 2.681818181818181}, 'timestamp': '2026-07-25 14:21:08'}",False,
"{'school': {'name': 'SZKOŁA PODSTAWOWA IM. KORNELA MAKUSZYŃSKIEGO W DĄBRÓWCE TUCHOWSKIEJ', 'street': None, 'post_code': '33-170', 'city': 'DĄBRÓWKA TUCHOWSKA', 'longitude': '21.0449769', 'latitude': '49.8733226'}, 'data': {'humidity_avg': 41.53636363636363, 'pressure_avg': 986.3363636363637, 'temperature_avg': 24.990909090909096, 'pm10_avg': 2.609090909090909, 'pm25_avg': 2.336363636363636}, 'timestamp': '2026-07-25 14:21:08'}",False,
"{'school': {'name': 'PUBLICZNA SZKOŁA PODSTAWOWA W BĄKOWEJ', 'street': None, 'post_code': '27-310', 'city': 'BĄKOWA', 'longitude': '21.462254', 'latitude': '51.209968'}, 'data': {'humidity_avg': 39.5, 'pressure_avg': 989.4625, 'temperature_avg': 25.425, 'pm10_avg': 1.9, 'pm25_avg': 1.5750000000000002}, 'timestamp': '2026-07-25 14:21:08'}",False,
"{'school': {'name': 'LICEUM OGÓLNOKSZTAŁCĄCE W PRZASNYSZU', 'street': 'UL. MAZOWIECKA', 'post_code': '06-300', 'city': 'PRZASNYSZ', 'longitude': '20.894694468872185', 'latitude': '53.02520296443298\t'}, 'data': {'humidity_avg': 39.125, 'pressure_avg': 995.0083333333333, 'temperature_avg': 27.166666666666668, 'pm10_avg': 4.016666666666667, 'pm25_avg': 3.483333333333333}, 'timestamp': '2026-07-25 14:21:08'}",False,
"{'school': {'name': 'BRANŻOWA SZKOŁA I STOPNIA W PRZASNYSZU', 'street': 'UL. MAZOWIECKA', 'post_code': '06-300', 'city': 'PRZASNYSZ', 'longitude': '20.870424368871873\t', 'latitude': '53.01786487865621'}, 'data': {'humidity_avg': 38.825, 'pressure_avg': 994.6333333333333, 'temperature_avg': 27.675, 'pm10_avg': 3.275, 'pm25_avg': 2.9916666666666663}, 'timestamp': '2026-07-25 14:21:08'}",False,
"{'school': {'name': 'TECHNIKUM W ZESPOLE SZKÓŁ POWIATOWYCH IM. MJRA HENRYKA SUCHARSKIEGO W PRZASNYSZU', 'street': 'UL. MAZOWIECKA', 'post_code': '06-300', 'city': 'PRZASNYSZ', 'longitude': '20.879801542327236', 'latitude': '53.015665079411164'}, 'data': {'humidity_avg': 39.25833333333333, 'pressure_avg': 994.6833333333334, 'temperature_avg': 27.458333333333332, 'pm10_avg': 4.666666666666667, 'pm25_avg': 4.358333333333333}, 'timestamp': '2026-07-25 14:21:08'}",False,
"{'school': {'name': 'SZKOŁA PODSTAWOWA IM. FELIKSA NOWOWIEJSKIEGO W WYDMINACH', 'street': 'UL. GRUNWALDZKA', 'post_code': '11-510', 'city': 'WYDMINY', 'longitude': '22.034963', 'latitude': '53.9804304'}, 'data': {'humidity_avg': 48.61666666666667, 'pressure_avg': 991.4, 'temperature_avg': 25.03333333333333, 'pm10_avg': 2.8249999999999993, 'pm25_avg': 2.533333333333333}, 'timestamp': '2026-07-25 14:21:08'}",False,
"{'school': {'name': 'TECHIKUM IM. JANA PAWŁA II W ŻARNOWCU', 'street': 'UL. KRAKOWSKA', 'post_code': '42-439', 'city': 'ŻARNOWIEC', 'longitude': '19.8627098', 'latitude': '50.4785469'}, 'data': {'humidity_avg': 38.10909090909091, 'pressure_avg': 976.9272727272728, 'temperature_avg': 24.345454545454547, 'pm10_avg': 11.463636363636363, 'pm25_avg': 9.863636363636363}, 'timestamp': '2026-07-25 14:21:08'}",False,
"{'school': {'name': 'SZKOŁA PODSTAWOWA NR 3 IM. ŚW. MAKSYMILIANA MARII KOLBEGO W CHMIELNIKU', 'street': None, 'post_code': '36-016', 'city': 'CHMIELNIK', 'longitude': '22.153376', 'latitude': '49.967673'}, 'data': {'humidity_avg': 48.6, 'pressure_avg': 981.7700000000001, 'temperature_avg': 22.86, 'pm10_avg': 2.5700000000000003, 'pm25_avg': 2.219999999999999}, 'timestamp': '2026-07-25 14:21:08'}",False,
"{'school': {'name': 'SZKOŁA PODSTAWOWA Z ODDZIAŁAMI INTEGRACYJNYMI IM. JANA PAWŁA II W PANIÓWKACH', 'street': 'UL. ZWYCIĘSTWA', 'post_code': '44-177', 'city': 'PANIÓWKI', 'longitude': '18.7807475', 'latitude': '50.2326931'}, 'data': {'humidity_avg': 44.60909090909091, 'pressure_avg': 985.4454545454545, 'temperature_avg': 24.927272727272726, 'pm10_avg': 5.245454545454546, 'pm25_avg': 4.709090909090909}, 'timestamp': '2026-07-25 14:21:08'}",False,
"{'school': {'name': 'SZKOŁA PODSTAWOWA IM. WITOLDA BUDRYKA W CHUDOWIE', 'street': 'UL. SZKOLNA', 'post_code': '44-177', 'city': 'CHUDÓW', 'longitude': '18.7790318', 'latitude': '50.2106591'}, 'data': {'humidity_avg': 45.78333333333333, 'pressure_avg': 981.525, 'temperature_avg': 24.075, 'pm10_avg': 4.933333333333334, 'pm25_avg': 4.108333333333333}, 'timestamp': '2026-07-25 14:21:08'}",False,
"{'school': {'name': 'SZKOŁA PODSTAWOWA NR 12 IM. JÓZEFA JANIKA W MIKOŁOWIE', 'street': 'UL. SZKOLNA', 'post_code': '43-196', 'city': 'MIKOŁÓW', 'longitude': '18.79996', 'latitude': '50.1842309'}, 'data': {'humidity_avg': 48.22727272727273, 'pressure_avg': 978.1181818181817, 'temperature_avg': 23.12727272727273, 'pm10_avg': 4.181818181818182, 'pm25_avg': 3.563636363636364}, 'timestamp': '2026-07-25 14:21:08'}",False,
"{'school': {'name': 'SZKOŁA PODSTAWOWA IM. ORŁA BIAŁEGO W WYKOWIE', 'street': None, 'post_code': '18-500', 'city': 'WYKOWO', 'longitude': '21.919300168509835', 'latitude': '53.4743330561782'}, 'data': {'humidity_avg': 58.98333333333333, 'pressure_avg': 997.375, 'temperature_avg': 23.675, 'pm10_avg': 4.658333333333333, 'pm25_avg': 4.3}, 'timestamp': '2026-07-25 14:21:08'}",False,
"{'school': {'name': 'SZKOŁA PODSTAWOWA IM. ŚW. JADWIGI KRÓLOWEJ W KAMIENIU PRUSINIE', 'street': None, 'post_code': '36-053', 'city': 'KAMIEŃ', 'longitude': '22.13142067', 'latitude': '50.34420441'}, 'data': {'humidity_avg': 40.25454545454546, 'pressure_avg': 986.3909090909091, 'temperature_avg': 26.345454545454547, 'pm10_avg': 2.072727272727272, 'pm25_avg': 1.754545454545454}, 'timestamp': '2026-07-25 14:21:08'}",False,
"{'school': {'name': 'SZKOŁA PODSTAWOWA W SKÓRCU', 'street': 'UL. SIEDLECKA', 'post_code': '08-114', 'city': 'SKÓRZEC', 'longitude': '22.13605362', 'latitude': '52.10761735'}, 'data': {'humidity_avg': 47.51111111111111, 'pressure_avg': 989.4666666666667, 'temperature_avg': 23.61111111111111, 'pm10_avg': 2.177777777777778, 'pm25_avg': 1.8555555555555552}, 'timestamp': '2026-07-25 14:21:08'}",False,
"{'school': {'name': 'SZKOŁA PODSTAWOWA NR 3 IM. MARII KONOPNICKIEJ W ŁOCHOWIE', 'street': 'UL. 1 MAJA', 'post_code': '07-130', 'city': 'ŁOCHÓW', 'longitude': '21.68182', 'latitude': '52.5307'}, 'data': {'humidity_avg': 52.458333333333336, 'pressure_avg': 999.4083333333333, 'temperature_avg': 25.125, 'pm10_avg': 1.65, 'pm25_avg': 1.383333333333333}, 'timestamp': '2026-07-25 14:21:08'}",False,
"{'school': {'name': 'SZKOŁA PODSTAWOWA IM.ŻOŁNIERZY II ARMII WOJSKA POLSKIEGO W ZESPOLE OŚWIATOWO-WYCHOWAWCZYM W BIAŁKACH ', 'street': 'UL. DIAMENTOWA', 'post_code': '08-110', 'city': 'BIAŁKI', 'longitude': '22.292238', 'latitude': '52.131471'}, 'data': {'humidity_avg': 43.176923076923075, 'pressure_avg': 991.3461538461538, 'temperature_avg': 26.26153846153846, 'pm10_avg': 1.546153846153846, 'pm25_avg': 1.546153846153846}, 'timestamp': '2026-07-25 14:21:08'}",False,
"{'school': {'name': 'SZKOŁA PODSTAWOWA W ZESPOLE OŚWIATOWYM IM. JANA PAWŁA II W STOKU LACKIM ', 'street': 'UL. SIEDLECKA', 'post_code': '08-110', 'city': 'STOK LACKI', 'longitude': '22.35006721', 'latitude': '52.16135264'}, 'data': {'humidity_avg': 45.47272727272727, 'pressure_avg': 992.8272727272728, 'temperature_avg': 24.2, 'pm10_avg': 2.481818181818182, 'pm25_avg': 2.199999999999999}, 'timestamp': '2026-07-25 14:21:08'}",False,
"{'school': {'name': 'SZKOŁA PODSTAWOWA IM. 18 DYWIZJI PIECHOTY ZIEMI ŁOMŻYŃSKIEJ W ANDRZEJEWIE', 'street': 'UL. WARSZAWSKA', 'post_code': '07-305', 'city': 'ANDRZEJEWO', 'longitude': '22.19398993', 'latitude': '52.82792464'}, 'data': {'humidity_avg': 52.51818181818182, 'pressure_avg': 994.4363636363636, 'temperature_avg': 24.818181818181817, 'pm10_avg': 1.936363636363636, 'pm25_avg': 1.936363636363636}, 'timestamp': '2026-07-25 14:21:08'}",False,
"{'school': {'name': 'TECHNIKUM NR 8 W RZESZOWIE', 'street': 'UL. WINCENTEGO POLA', 'post_code': '35-021', 'city': 'RZESZÓW', 'longitude': '21.98647117', 'latitude': '50.02719923'}, 'data': {'humidity_avg': 49.925000000000004, 'pressure_avg': 989.375, 'temperature_avg': 23.958333333333332, 'pm10_avg': 2.433333333333333, 'pm25_avg': 2.233333333333333}, 'timestamp': '2026-07-25 14:21:08'}",False,
"{'school': {'name': 'SZKOŁA PODSTAWOWA IM.JANA KOCHANOWSKIEGO W ŚWIDNIKU', 'street': None, 'post_code': '34-606', 'city': 'ŚWIDNIK', 'longitude': '20.5329659', 'latitude': '49.5933178'}, 'data': {'humidity_avg': 35.958333333333336, 'pressure_avg': 967.975, 'temperature_avg': 25.291666666666668, 'pm10_avg': 2.333333333333333, 'pm25_avg': 2.066666666666667}, 'timestamp': '2026-07-25 14:21:08'}",False,
"{'school': {'name': 'SZKOŁA PODSTAWOWA W ULATOWIE-ADAMACH', 'street': None, 'post_code': '06-316', 'city': 'ULATOWO-ADAMY', 'longitude': '20.9328136', 'latitude': '53.1650883'}, 'data': {'humidity_avg': 43.44166666666666, 'pressure_avg': 993.7416666666667, 'temperature_avg': 26.041666666666668, 'pm10_avg': 5.191666666666666, 'pm25_avg': 4.566666666666666}, 'timestamp': '2026-07-25 14:21:08'}",False,
"{'school': {'name': 'SZKOŁA PODSTAWOWA IM. ADAMA MICKIEWICZA W JAKSICACH', 'street': None, 'post_code': '32-200', 'city': 'JAKSICE', 'longitude': '20.010296', 'latitude': '50.322967'}, 'data': {'humidity_avg': 45.675, 'pressure_avg': 979.45, 'temperature_avg': 23.2875, 'pm10_avg': 3.8625, 'pm25_avg': 3.3375}, 'timestamp': '2026-07-25 14:21:08'}",False,
"{'school': {'name': 'SZKOŁA PODSTAWOWA IM. ŚW. KRÓLOWEJ JADWIGI W HERMANOWEJ', 'street': None, 'post_code': '36-020', 'city': 'HERMANOWA', 'longitude': '22.0188654', 'latitude': '49.9417235'}, 'data': {'humidity_avg': 39.95454545454545, 'pressure_avg': 981.0545454545455, 'temperature_avg': 26.154545454545453, 'pm10_avg': 1.918181818181818, 'pm25_avg': 1.636363636363636}, 'timestamp': '2026-07-25 14:21:08'}",False,
"{'school': {'name': 'PUBLICZNA SZKOŁA PODSTAWOWA IM. ŚW. KINGI W ŁĄKCIE DOLNEJ ', 'street': None, 'post_code': '32-733', 'city': 'ŁĄKTA DOLNA', 'longitude': '20.399763', 'latitude': '49.8388069'}, 'data': {'humidity_avg': 36.199999999999996, 'pressure_avg': 980.7454545454547, 'temperature_avg': 24.727272727272727, 'pm10_avg': 1.981818181818182, 'pm25_avg': 1.718181818181818}, 'timestamp': '2026-07-25 14:21:08'}",False,
"{'school': {'name': 'SZKOŁA PODSTAWOWA IM. S. CZESŁAWY LOREK W BICZYCACH DOLNYCH', 'street': None, 'post_code': '33-395', 'city': 'BICZYCE DOLNE', 'longitude': '20.6443899', 'latitude': '49.6312294'}, 'data': {'humidity_avg': 46.28181818181818, 'pressure_avg': 978.8090909090909, 'temperature_avg': 24.063636363636363, 'pm10_avg': 3.181818181818181, 'pm25_avg': 2.809090909090909}, 'timestamp': '2026-07-25 14:21:08'}",False,
"{'school': {'name': 'OGÓLNOKSZTAŁCĄCE LICEUM AKADEMICKIE JEZUITÓW W NOWYM SĄCZU', 'street': 'UL. PIOTRA SKARGI', 'post_code': '33-300', 'city': 'NOWY SĄCZ', 'longitude': '20.69132733', 'latitude': '49.62662433'}, 'data': {'humidity_avg': 47.41818181818182, 'pressure_avg': 978.9090909090909, 'temperature_avg': 23.5, 'pm10_avg': 7.018181818181818, 'pm25_avg': 6.590909090909091}, 'timestamp': '2026-07-25 14:21:08'}",False,
"{'school': {'name': 'TECHNIKUM NR 4 W NOWYM SĄCZU', 'street': 'UL. ŚW. DUCHA', 'post_code': '33-300', 'city': 'NOWY SĄCZ', 'longitude': '20.69270978', 'latitude': '49.62622093'}, 'data': {'humidity_avg': 48.49090909090909, 'pressure_avg': 978.7545454545453, 'temperature_avg': 22.918181818181818, 'pm10_avg': 6.509090909090909, 'pm25_avg': 6.036363636363637}, 'timestamp': '2026-07-25 14:21:08'}",False,
"{'school': {'name': 'SZKOŁA PODSTAWOWA IM. JANA PAWŁA II - PAPIEŻA POLAKA W STARYM LUBOTYNIU', 'street': None, 'post_code': '07-303', 'city': 'STARY LUBOTYŃ', 'longitude': '21.9359049', 'latitude': '52.932735'}, 'data': {'humidity_avg': 51.21818181818182, 'pressure_avg': 995.0181818181819, 'temperature_avg': 26.05454545454546, 'pm10_avg': 2.481818181818182, 'pm25_avg': 2.081818181818182}, 'timestamp': '2026-07-25 14:21:08'}",False,
"{'school': {'name': 'SZKOŁA PODSTAWOWA NR 6 Z ODDZIAŁAMI INTEGRACYJNYMI IM. JANA PAWŁA II W ŁAZISKACH GÓRNYCH', 'street': 'UL. WYRSKA', 'post_code': '43-173', 'city': 'ŁAZISKA GÓRNE', 'longitude': '18.8703811', 'latitude': '50.1362116'}, 'data': {'humidity_avg': 39.054545454545455, 'pressure_avg': 976.5363636363636, 'temperature_avg': 26.90909090909091, 'pm10_avg': 2.818181818181818, 'pm25_avg': 2.39090909090909}, 'timestamp': '2026-07-25 14:21:08'}",False,
"{'school': {'name': 'TECHNIKUM DLA MŁODZIEŻY TEB EDUKACJA W NOWYM SĄCZU', 'street': 'UL. RYNEK', 'post_code': '33-300', 'city': 'NOWY SĄCZ', 'longitude': '20.6900064', 'latitude': '49.62567283'}, 'data': {'humidity_avg': 47.59090909090909, 'pressure_avg': 977.6363636363636, 'temperature_avg': 23.40909090909091, 'pm10_avg': 3.118181818181817, 'pm25_avg': 2.854545454545454}, 'timestamp': '2026-07-25 14:21:08'}",False,
"{'school': {'name': 'BRANŻOWA SZKOŁA I STOPNIA NR 2 W NOWYM SĄCZU', 'street': 'UL. KRÓLOWEJ JADWIGI', 'post_code': '33-300', 'city': 'NOWY SĄCZ', 'longitude': '20.707689', 'latitude': '49.613478'}, 'data': {'humidity_avg': 48.372727272727275, 'pressure_avg': 977.7727272727273, 'temperature_avg': 23.009090909090908, 'pm10_avg': 4.363636363636363, 'pm25_avg': 4.190909090909091}, 'timestamp': '2026-07-25 14:21:08'}",False,
"{'school': {'name': 'SZKOŁA PODSTAWOWA W STRZEGOCINIE', 'street': None, 'post_code': '06-150', 'city': 'STRZEGOCIN', 'longitude': '20.84085873', 'latitude': '52.68602636'}, 'data': {'humidity_avg': 41.15, 'pressure_avg': 992.425, 'temperature_avg': 27.275, 'pm10_avg': 4.3, 'pm25_avg': 3.65}, 'timestamp': '2026-07-25 14:21:08'}",False,
"{'school': {'name': 'SZKOŁA PODSTAWOWA NR 15 IM. BOHATERÓW SĄDECCZYZNY W NOWYM SĄCZU', 'street': 'UL. 29 LISTOPADA', 'post_code': '33-300', 'city': 'NOWY SĄCZ', 'longitude': '20.7136659', 'latitude': '49.6028522'}, 'data': {'humidity_avg': 41.78181818181818, 'pressure_avg': 974.8909090909091, 'temperature_avg': 24.672727272727272, 'pm10_avg': 3.118181818181817, 'pm25_avg': 2.836363636363636}, 'timestamp': '2026-07-25 14:21:08'}",False,
"{'school': {'name': 'SZKOŁA PODSTAWOWA NR 1 W WOLBROMIU', 'street': 'UL. MARIACKA', 'post_code': '32-340', 'city': 'WOLBROM', 'longitude': '19.7584', 'latitude': '50.37939'}, 'data': {'humidity_avg': 52.554545454545455, 'pressure_avg': 968.3818181818183, 'temperature_avg': 21.854545454545455, 'pm10_avg': 3.463636363636364, 'pm25_avg': 3.027272727272727}, 'timestamp': '2026-07-25 14:21:08'}",False,
"{'school': {'name': 'SZKOŁA PODSTAWOWA NR 21 IM. KS. STANISŁAWA KONARSKIEGO W CZĘSTOCHOWIE', 'street': 'UL. SABINOWSKA', 'post_code': '42-202', 'city': 'CZĘSTOCHOWA', 'longitude': '19.161529', 'latitude': '50.8367999'}, 'data': {'humidity_avg': 48.71111111111111, 'pressure_avg': 981.2888888888889, 'temperature_avg': 23.266666666666666, 'pm10_avg': 3.555555555555555, 'pm25_avg': 2.955555555555555}, 'timestamp': '2026-07-25 14:21:08'}",False,
"{'school': {'name': 'SZKOŁA PODSTAWOWA IM. K. PUŁASKIGO W RĘDZINACH OSIEDLU', 'street': 'UL. DZIAŁKOWICZÓW', 'post_code': '42-242', 'city': 'RĘDZINY', 'longitude': '19.2114785', 'latitude': '50.857508'}, 'data': {'humidity_avg': 36.36363636363637, 'pressure_avg': 978.9, 'temperature_avg': 28.436363636363637, 'pm10_avg': 3.981818181818181, 'pm25_avg': 3.236363636363636}, 'timestamp': '2026-07-25 14:21:08'}",False,
"{'school': {'name': 'SZKOŁA PODSTAWOWA IM.TADEUSZA KOŚCIUSZKI W WIERZCHOWISKU', 'street': 'UL. DŁUGA', 'post_code': '42-233', 'city': 'WIERZCHOWISKO', 'longitude': '19.1315281', 'latitude': '50.87314'}, 'data': {'humidity_avg': 44.72727272727273, 'pressure_avg': 982.1818181818181, 'temperature_avg': 24.181818181818183, 'pm10_avg': 3.436363636363636, 'pm25_avg': 2.845454545454545}, 'timestamp': '2026-07-25 14:21:08'}",False,
"{'school': {'name': 'SZKOŁA PODSTAWOWA NR 16 W GLIWICACH', 'street': 'UL. JANA KILIŃSKIEGO', 'post_code': '44-122', 'city': 'GLIWICE', 'longitude': '18.6691473', 'latitude': '50.2768393'}, 'data': {'humidity_avg': 35.041666666666664, 'pressure_avg': 1097.8, 'temperature_avg': 28.349999999999998, 'pm10_avg': 2.9499999999999993, 'pm25_avg': 2.425}, 'timestamp': '2026-07-25 14:21:08'}",False,
"{'school': {'name': 'NIEPUBLICZNA SZKOŁA PODSTAWOWA W ZDROCHCU', 'street': None, 'post_code': '33-273', 'city': 'ZDROCHEC', 'longitude': '20.8284982', 'latitude': '50.1390234'}, 'data': {'humidity_avg': 40.625, 'pressure_avg': 989.125, 'temperature_avg': 24.65, 'pm10_avg': 2.15, 'pm25_avg': 2.15}, 'timestamp': '2026-07-25 14:21:08'}",False,
"{'school': {'name': 'SZKOŁA PODSTAWOWA W PIECNIKU', 'street': None, 'post_code': '78-650', 'city': 'PIECNIK', 'longitude': '16.2532907', 'latitude': '53.3424311'}, 'data': {'humidity_avg': 41.59090909090909, 'pressure_avg': 990.9363636363636, 'temperature_avg': 26.1, 'pm10_avg': 5.218181818181818, 'pm25_avg': 4.881818181818182}, 'timestamp': '2026-07-25 14:21:08'}",False,
"{'school': {'name': 'SZKOŁA PODSTAWOWA IM. JANA PAWŁA II W BIELICACH', 'street': 'UL. JANA PAWŁA II', 'post_code': '74-202', 'city': 'BIELICE', 'longitude': '14.7260542', 'latitude': '53.2035917'}, 'data': {'humidity_avg': 40.61666666666667, 'pressure_avg': 1003.0583333333334, 'temperature_avg': 27.675, 'pm10_avg': 4.325, 'pm25_avg': 3.608333333333333}, 'timestamp': '2026-07-25 14:21:08'}",False,
"{'school': {'name': 'TECHNIKUM NR 5 W PILE', 'street': 'UL. GEN. SIKORSKIEGO', 'post_code': '64-920', 'city': 'PIŁA', 'longitude': '16.7382266', 'latitude': '53.1509671'}, 'data': {'humidity_avg': 36.92727272727273, 'pressure_avg': 999.2454545454547, 'temperature_avg': 26.727272727272727, 'pm10_avg': 4.263636363636364, 'pm25_avg': 3.709090909090909}, 'timestamp': '2026-07-25 14:21:08'}",False,
"{'school': {'name': 'TECHNIKUM W BIELAWIE - ZESPÓŁ SZKÓŁ I PLACÓWEK KSZTAŁCENIA ZAWODOWEGO W BIELAWIE', 'street': 'UL. STEFANA ŻEROMSKIEGO', 'post_code': '58-260', 'city': 'BIELAWA', 'longitude': '16.623803', 'latitude': '50.691456'}, 'data': {'humidity_avg': 29.633333333333336, 'pressure_avg': 973.9666666666667, 'temperature_avg': 29.891666666666666, 'pm10_avg': 2.8416666666666672, 'pm25_avg': 2.458333333333333}, 'timestamp': '2026-07-25 14:21:08'}",False,
"{'school': {'name': 'TECHNIKUM NR 1 W BOLESŁAWCU', 'street': 'UL. GÓRNE MŁYNY', 'post_code': '59-700', 'city': 'BOLESŁAWIEC', 'longitude': '15.558936', 'latitude': '51.263908'}, 'data': {'humidity_avg': 38.445454545454545, 'pressure_avg': 989.6363636363636, 'temperature_avg': 25.672727272727272, 'pm10_avg': 4.345454545454545, 'pm25_avg': 3.918181818181818}, 'timestamp': '2026-07-25 14:21:08'}",False,
"{'school': {'name': 'TECHNIKUM NR 2 W BOLESŁAWCU', 'street': 'AL. TYSIĄCLECIA', 'post_code': '59-700', 'city': 'BOLESŁAWIEC', 'longitude': '15.591082', 'latitude': '51.261139'}, 'data': {'humidity_avg': 31.541666666666668, 'pressure_avg': 982.4833333333332, 'temperature_avg': 26.28333333333333, 'pm10_avg': 3.233333333333333, 'pm25_avg': 2.85}, 'timestamp': '2026-07-25 14:21:08'}",False,
"{'school': {'name': 'SZKOŁA PODSTAWOWA IM.MARII KONOPNICKIEJ W KOSTOMŁOTACH', 'street': 'UL. WROCŁAWSKA', 'post_code': '55-311', 'city': 'KOSTOMŁOTY', 'longitude': '16.6157528', 'latitude': '51.0436096'}, 'data': {'humidity_avg': 24.90833333333333, 'pressure_avg': 988.7166666666667, 'temperature_avg': 30.391666666666666, 'pm10_avg': 2.716666666666667, 'pm25_avg': 2.258333333333333}, 'timestamp': '2026-07-25 14:21:08'}",False,
"{'school': {'name': 'TECHNIKUM W POWIATOWYM ZESPOLE SZKÓŁ W CHOJNOWIE', 'street': 'UL. WINCENTEGO WITOSA', 'post_code': '59-225', 'city': 'CHOJNÓW', 'longitude': '15.935802', 'latitude': '51.272209'}, 'data': {'humidity_avg': 33.858333333333334, 'pressure_avg': 991.15, 'temperature_avg': 25.75, 'pm10_avg': 3.6, 'pm25_avg': 3.074999999999999}, 'timestamp': '2026-07-25 14:21:08'}",False,
"{'school': {'name': 'SZKOŁA PODSTAWOWA NR 2 IM. STANISŁAWA MONIUSZKI W ORZESZU', 'street': 'UL. BUKOWINA', 'post_code': '43-180', 'city': 'ORZESZE', 'longitude': '18.779395', 'latitude': '50.14921'}, 'data': {'humidity_avg': 41.93333333333333, 'pressure_avg': 974.8666666666666, 'temperature_avg': 27.166666666666668, 'pm10_avg': 2.677777777777778, 'pm25_avg': 2.2111111111111112}, 'timestamp': '2026-07-25 14:21:08'}",False,
"{'school': {'name': 'SZKOŁA PODSTAWOWA IM. A.SASIMOWSKIEGO W BOROWIU', 'street': 'UL. ALEKSANDRA SASIMOWSKIEGO', 'post_code': '08-412', 'city': 'BOROWIE', 'longitude': '21.7676799', 'latitude': '51.9488003'}, 'data': {'humidity_avg': 36.81818181818182, 'pressure_avg': 992.4818181818181, 'temperature_avg': 26.91818181818182, 'pm10_avg': 1.9090909090909092, 'pm25_avg': 1.654545454545454}, 'timestamp': '2026-07-25 14:21:08'}",False,
"{'school': {'name': 'SZKOŁA PODSTAWOWA NR 3 IM.KPT.STANISŁAWA BETLEJA W KŁODZKU', 'street': 'UL. JANA PAWŁA II', 'post_code': '57-300', 'city': 'KŁODZKO', 'longitude': '16.646804', 'latitude': '50.437599'}, 'data': {'humidity_avg': 36.49090909090909, 'pressure_avg': 971.7454545454547, 'temperature_avg': 25.945454545454538, 'pm10_avg': 2.636363636363636, 'pm25_avg': 2.309090909090909}, 'timestamp': '2026-07-25 14:21:08'}",False,
"{'school': {'name': 'SZKOŁA PODSTAWOWA IM. WŁADYSŁAWA STANISŁAWA REYMONTA W KŁODZKU', 'street': 'UL. ROMUALDA TRAUGUTTA', 'post_code': '57-300', 'city': 'KŁODZKO', 'longitude': '16.65091495', 'latitude': '50.43995998'}, 'data': {'humidity_avg': 31.299999999999997, 'pressure_avg': 967.5666666666667, 'temperature_avg': 29.21111111111111, 'pm10_avg': 2.344444444444444, 'pm25_avg': 2.044444444444444}, 'timestamp': '2026-07-25 14:21:08'}",False,
"{'school': {'name': 'TECHNIKUM NR 2 W KŁODZKU', 'street': 'UL. SZKOLNA', 'post_code': '57-300', 'city': 'KŁODZKO', 'longitude': '16.652629', 'latitude': '50.433394'}, 'data': {'humidity_avg': 29.65, 'pressure_avg': 974.75, 'temperature_avg': 29.9625, 'pm10_avg': 2.5125, 'pm25_avg': 2.1}, 'timestamp': '2026-07-25 14:21:08'}",False,
"{'school': {'name': 'SZKOŁA PODSTAWOWA IM. BOLESŁAWA CHROBREGO W NIEMCZY', 'street': 'UL. BOLESŁAWA CHROBREGO', 'post_code': '58-230', 'city': 'NIEMCZA', 'longitude': '16.86538691', 'latitude': '50.90346585'}, 'data': {'humidity_avg': 32.85, 'pressure_avg': 982.0333333333333, 'temperature_avg': 25.825, 'pm10_avg': 3.8416666666666672, 'pm25_avg': 3.383333333333333}, 'timestamp': '2026-07-25 14:21:08'}",False,
"{'school': {'name': 'PUBLICZNA SZKOŁA PODSTAWOWA IM. MARII KONOPNICKIEJ W ZIELENICACH', 'street': None, 'post_code': '57-160', 'city': 'ZIELENICE', 'longitude': '16.986569', 'latitude': '50.826304'}, 'data': {'humidity_avg': 25.942857142857143, 'pressure_avg': 988.5285714285714, 'temperature_avg': 30.5, 'pm10_avg': 2.842857142857142, 'pm25_avg': 2.457142857142857}, 'timestamp': '2026-07-25 14:21:08'}",False,
"{'school': {'name': 'SZKOŁA PODSTAWOWA SPECJALNA W STRZELINIE', 'street': 'UL. ZĄBKOWICKA', 'post_code': '57-100', 'city': 'STRZELIN', 'longitude': '17.060713', 'latitude': '50.777638'}, 'data': {'humidity_avg': 31.758333333333336, 'pressure_avg': 991.4, 'temperature_avg': 26.7, 'pm10_avg': 2.516666666666666, 'pm25_avg': 2.258333333333333}, 'timestamp': '2026-07-25 14:21:08'}",False,
"{'school': {'name': 'SZKOŁA PODSTAWOWA IM. ORŁA BIAŁEGO W KAMIENIU WIELKIM', 'street': 'UL. KOŚCIELNA', 'post_code': '66-460', 'city': 'KAMIEŃ WIELKI', 'longitude': '14.77442', 'latitude': '52.663653'}, 'data': {'humidity_avg': 36.90833333333333, 'pressure_avg': 1002.3083333333334, 'temperature_avg': 25.65833333333333, 'pm10_avg': 4.375, 'pm25_avg': 4.108333333333333}, 'timestamp': '2026-07-25 14:21:08'}",False,
"{'school': {'name': 'SZKOŁA PODSTAWOWA IM. JANA PAWŁA II W REDLE', 'street': None, 'post_code': '78-320', 'city': 'REDŁO', 'longitude': '15.96850893241895', 'latitude': '53.77690300578236'}, 'data': {'humidity_avg': 48.25833333333333, 'pressure_avg': 997.6583333333333, 'temperature_avg': 26.075, 'pm10_avg': 5.408333333333334, 'pm25_avg': 4.524999999999999}, 'timestamp': '2026-07-25 14:21:08'}",False,
"{'school': {'name': 'SZKOŁA PODSTAWOWA W KARWINIE IMIENIA MACIEJA RATAJA W KARWINIE', 'street': None, 'post_code': '78-230', 'city': 'KARWIN', 'longitude': '15.763897', 'latitude': '53.991160'}, 'data': {'humidity_avg': 64.95, 'pressure_avg': 1005.375, 'temperature_avg': 23.5375, 'pm10_avg': 4.525, 'pm25_avg': 4.3125}, 'timestamp': '2026-07-25 14:21:08'}",False,
"{'school': {'name': 'SZKOŁA PODSTAWOWA IM. JANA PAWŁA II W STRĄCZNIE', 'street': None, 'post_code': '78-642', 'city': 'STRĄCZNO', 'longitude': '16.3787738', 'latitude': '53.2408346'}, 'data': {'humidity_avg': 40.416666666666664, 'pressure_avg': 992.275, 'temperature_avg': 26.933333333333334, 'pm10_avg': 3.883333333333333, 'pm25_avg': 3.425}, 'timestamp': '2026-07-25 14:21:08'}",False,
"{'school': {'name': 'SZKOŁA PODSTAWOWA IM. MIKOŁAJA KOPERNIKA W MĘCINCE', 'street': None, 'post_code': '59-424', 'city': 'MĘCINKA', 'longitude': '16.100094', 'latitude': '51.071955'}, 'data': {'humidity_avg': 36.875, 'pressure_avg': 982.6916666666666, 'temperature_avg': 26.291666666666668, 'pm10_avg': 3.391666666666667, 'pm25_avg': 2.9666666666666672}, 'timestamp': '2026-07-25 14:21:08'}",False,
"{'school': {'name': 'SZKOŁA PODSTAWOWA IM. KAROLA WOJTYŁY W OSIEKU', 'street': None, 'post_code': '55-200', 'city': 'OSIEK', 'longitude': '17.2927100', 'latitude': '50.8826100'}, 'data': {'humidity_avg': 33.00909090909091, 'pressure_avg': 991.5636363636364, 'temperature_avg': 26.11818181818182, 'pm10_avg': 3.854545454545454, 'pm25_avg': 3.327272727272727}, 'timestamp': '2026-07-25 14:21:08'}",False,
"{'school': {'name': 'LICEUM OGÓLNOKSZTAŁCĄCE IM. HENRYKA BRODATEGO W LWÓWKU ŚLĄSKIM', 'street': 'UL. HENRYKA BRODATEGO', 'post_code': '59-600', 'city': 'LWÓWEK ŚLĄSKI', 'longitude': '15.584555', 'latitude': '51.108168'}, 'data': {'humidity_avg': 36.74545454545454, 'pressure_avg': 984.5454545454545, 'temperature_avg': 25.954545454545453, 'pm10_avg': 3.5, 'pm25_avg': 3.0}, 'timestamp': '2026-07-25 14:21:08'}",False,
"{'school': {'name': 'SZKOŁA PODSTAWOWA W GORZANOWIE', 'street': 'UL. KŁODZKA', 'post_code': '57-521', 'city': 'GORZANÓW', 'longitude': '16.630405', 'latitude': '50.353982'}, 'data': {'humidity_avg': 43.300000000000004, 'pressure_avg': 972.4363636363636, 'temperature_avg': 24.50909090909091, 'pm10_avg': 4.172727272727273, 'pm25_avg': 3.609090909090909}, 'timestamp': '2026-07-25 14:21:08'}",False,
"{'school': {'name': 'TECHNIKUM IM. STANISŁAWA MIKOŁAJCZYKA W WĄGROWCU', 'street': 'UL. KCYŃSKA', 'post_code': '62-100', 'city': 'WĄGROWIEC', 'longitude': '17.19966', 'latitude': '52.80848'}, 'data': {'humidity_avg': 38.5, 'pressure_avg': 997.6750000000001, 'temperature_avg': 25.8, 'pm10_avg': 5.125, 'pm25_avg': 4.325}, 'timestamp': '2026-07-25 14:21:08'}",False,
"{'school': {'name': 'SZKOŁA PODSTAWOWA IM. ORLĄT LWOWSKICH I BOHATERÓW 37 PUŁKU PIECHOTY 7 DYWIZJI II ARMII WOJSKA POLSKIEGO W RUSZOWIE', 'street': 'UL. ZGORZELECKA', 'post_code': '59-950', 'city': 'RUSZÓW', 'longitude': '15.1783741', 'latitude': '51.4018245'}, 'data': {'humidity_avg': 30.741666666666664, 'pressure_avg': 989.85, 'temperature_avg': 26.0, 'pm10_avg': 3.508333333333333, 'pm25_avg': 2.983333333333333}, 'timestamp': '2026-07-25 14:21:08'}",False,
"{'school': {'name': 'SZKOŁA PODSTAWOWA IM.ADAMA MICKIEWICZA W WIERZBNIE', 'street': None, 'post_code': '55-216', 'city': 'WIERZBNO', 'longitude': '17.1793700', 'latitude': '50.9343500'}, 'data': {'humidity_avg': 31.71666666666667, 'pressure_avg': 991.875, 'temperature_avg': 26.90833333333333, 'pm10_avg': 2.758333333333333, 'pm25_avg': 2.4916666666666663}, 'timestamp': '2026-07-25 14:21:08'}",False,
"{'school': {'name': 'TECHNIKUM NR 2 W WĄGROWCU', 'street': 'UL. KOŚCIUSZKI', 'post_code': '62-100', 'city': 'WĄGROWIEC', 'longitude': '17.2161963', 'latitude': '52.8053339'}, 'data': {'humidity_avg': 39.43333333333333, 'pressure_avg': 997.6, 'temperature_avg': 27.15833333333333, 'pm10_avg': 4.35, 'pm25_avg': 3.641666666666667}, 'timestamp': '2026-07-25 14:21:08'}",False,
"{'school': {'name': 'SZKOŁA PODSTAWOWA IM. KORNELA MAKUSZYNSKIEGO W BIELAWACH', 'street': None, 'post_code': '67-112', 'city': 'BIELAWY', 'longitude': '19.6561329', 'latitude': '52.0617142'}, 'data': {'humidity_avg': 33.56363636363636, 'pressure_avg': 999.4363636363636, 'temperature_avg': 27.281818181818185, 'pm10_avg': 4.327272727272727, 'pm25_avg': 3.827272727272727}, 'timestamp': '2026-07-25 14:21:08'}",False,
"{'school': {'name': 'LICEUM OGÓLNOKSZTAŁCĄCE IM. JAROSŁAWA DĄBROWSKIEGO W MIĘDZYCHODZIE', 'street': 'UL. GENERAŁA SIKORSKIEGO', 'post_code': '64-400', 'city': 'MIĘDZYCHÓD', 'longitude': '15.909179', 'latitude': '52.606012'}, 'data': {'humidity_avg': 36.733333333333334, 'pressure_avg': 1003.0583333333334, 'temperature_avg': 26.816666666666666, 'pm10_avg': 4.066666666666666, 'pm25_avg': 4.05}, 'timestamp': '2026-07-25 14:21:08'}",False,
"{'school': {'name': 'SZKOŁA PODSTAWOWA Z ODDZIAŁAMI DWUJĘZYCZNYMI IM. A I WŁ. NIEGOLEWSKICH W OPALENICY', 'street': 'UL. POZNAŃSKA', 'post_code': '64-330', 'city': 'OPALENICA', 'longitude': '16.41751442883519', 'latitude': '52.30940693118218'}, 'data': {'humidity_avg': 35.627272727272725, 'pressure_avg': 998.6363636363636, 'temperature_avg': 26.38181818181818, 'pm10_avg': 9.19090909090909, 'pm25_avg': 9.1}, 'timestamp': '2026-07-25 14:21:08'}",False,
"{'school': {'name': 'SZKOŁA PODSTAWOWA W DONABOROWIE', 'street': None, 'post_code': '63-604', 'city': 'DONABORÓW', 'longitude': '18.0613714', 'latitude': '51.2706662'}, 'data': {'humidity_avg': 32.276923076923076, 'pressure_avg': 989.5384615384615, 'temperature_avg': 28.069230769230767, 'pm10_avg': 3.138461538461538, 'pm25_avg': 3.138461538461538}, 'timestamp': '2026-07-25 14:21:08'}",False,
"{'school': {'name': 'PUBLICZNA SZKOŁA PODSTAWOWA NR 17 IM.MARII KONOPNICKIEJ W WAŁBRZYCHU', 'street': 'UL. 1 MAJA', 'post_code': '58-305', 'city': 'WAŁBRZYCH', 'longitude': '16.248929600000004', 'latitude': '50.764707872649666'}, 'data': {'humidity_avg': 35.34166666666667, 'pressure_avg': 958.4666666666667, 'temperature_avg': 26.275000000000002, 'pm10_avg': 6.274999999999999, 'pm25_avg': 5.466666666666666}, 'timestamp': '2026-07-25 14:21:08'}",False,
"{'school': {'name': 'SZKOŁA PODSTAWOWA IM. HENRYKA SIENKIEWICZA W ROZTOCE', 'street': 'UL. JANA PAWŁA II', 'post_code': '58-170', 'city': 'ROZTOKA', 'longitude': '16.227611', 'latitude': '50.959292'}, 'data': {'humidity_avg': 27.9, 'pressure_avg': 980.6555555555556, 'temperature_avg': 31.15555555555555, 'pm10_avg': 3.577777777777778, 'pm25_avg': 3.111111111111111}, 'timestamp': '2026-07-25 14:21:08'}",False,
"{'school': {'name': 'SZKOŁA PODSTAWOWA IM. ŚWIĘTEJ JADWIGI ŚLĄSKIEJ W KUNICACH', 'street': 'UL. STAROPOLSKA', 'post_code': '59-216', 'city': 'KUNICE', 'longitude': '16.247988', 'latitude': '51.223828'}, 'data': {'humidity_avg': 21.536363636363635, 'pressure_avg': 993.9545454545455, 'temperature_avg': 32.13636363636363, 'pm10_avg': 3.0, 'pm25_avg': 2.5727272727272723}, 'timestamp': '2026-07-25 14:21:08'}",False,
"{'school': {'name': 'PUBLICZNA SZKOŁA PODSTAWOWA NR 30 IM. ARMII KRAJOWEJ W WAŁBRZYCHU', 'street': 'UL. TYTUSA CHAŁUBIŃSKIEGO', 'post_code': '58-302', 'city': 'WAŁBRZYCH', 'longitude': '16.2785288', 'latitude': '50.7886076'}, 'data': {'humidity_avg': 36.55, 'pressure_avg': 954.7625, 'temperature_avg': 27.0375, 'pm10_avg': 3.575, 'pm25_avg': 3.1}, 'timestamp': '2026-07-25 14:21:08'}",False,
"{'school': {'name': 'PUBLICZNA SZKOŁA PODSTAWOWA NR 22 IM. GWARKÓW DOLNOŚLĄSKICH W WAŁBRZYCHU', 'street': 'UL. 11 LISTOPADA', 'post_code': '58-302', 'city': 'WAŁBRZYCH', 'longitude': '16.2968909', 'latitude': '50.7787007'}, 'data': {'humidity_avg': 37.78888888888889, 'pressure_avg': 959.8333333333334, 'temperature_avg': 26.333333333333332, 'pm10_avg': 3.4666666666666672, 'pm25_avg': 2.9}, 'timestamp': '2026-07-25 14:21:08'}",False,
"{'school': {'name': 'BRANŻOWA SZKOŁA I STOPNIA W ZŁOTORYI', 'street': 'UL. STANISŁAWA STASZICA', 'post_code': '59-500', 'city': 'ZŁOTORYJA', 'longitude': '15.9213852', 'latitude': '51.1259316'}, 'data': {'humidity_avg': 33.675, 'pressure_avg': 981.2666666666668, 'temperature_avg': 26.541666666666668, 'pm10_avg': 3.266666666666667, 'pm25_avg': 2.8666666666666663}, 'timestamp': '2026-07-25 14:21:08'}",False,
"{'school': {'name': 'SZKOŁA PODSTAWOWA IM. JANA BRZECHWY W DOBROMIERZU', 'street': 'UL. PODGÓRNA', 'post_code': '58-170', 'city': 'DOBROMIERZ', 'longitude': '16.2329721', 'latitude': '50.9099086'}, 'data': {'humidity_avg': 34.93333333333333, 'pressure_avg': 970.6222222222223, 'temperature_avg': 25.244444444444444, 'pm10_avg': 2.822222222222222, 'pm25_avg': 2.433333333333333}, 'timestamp': '2026-07-25 14:21:08'}",False,
"{'school': {'name': 'SZKOŁA PODSTAWOWA W WITOSZYCACH', 'street': None, 'post_code': '56-200', 'city': 'WITOSZYCE', 'longitude': '16.5154353', 'latitude': '51.7433015'}, 'data': {'humidity_avg': 38.127272727272725, 'pressure_avg': 997.8272727272728, 'temperature_avg': 26.05454545454546, 'pm10_avg': 3.89090909090909, 'pm25_avg': 3.472727272727273}, 'timestamp': '2026-07-25 14:21:08'}",False,
"{'school': {'name': 'PUBLICZNA SZKOŁA PODSTAWOWA W BIAŁYM KOŚCIELE', 'street': 'UL. KAMIENNA', 'post_code': '57-100', 'city': 'BIAŁY KOŚCIÓŁ', 'longitude': '17.041226711089568', 'latitude': '50.73048375535701 '}, 'data': {'humidity_avg': 24.88181818181818, 'pressure_avg': 985.2727272727273, 'temperature_avg': 30.40909090909091, 'pm10_avg': 1.509090909090909, 'pm25_avg': 1.309090909090909}, 'timestamp': '2026-07-25 14:21:08'}",False,
"{'school': {'name': 'SZKOŁA PODSTAWOWA IM.JANUSZA KORCZAKA W GNIEWKOWIE', 'street': None, 'post_code': '58-173', 'city': 'GNIEWKÓW', 'longitude': '16.223964', 'latitude': '50.994542'}, 'data': {'humidity_avg': 28.572727272727274, 'pressure_avg': 983.2909090909092, 'temperature_avg': 30.05454545454546, 'pm10_avg': 2.436363636363636, 'pm25_avg': 2.090909090909091}, 'timestamp': '2026-07-25 14:21:08'}",False,
"{'school': {'name': 'SZKOŁA PODSTAWOWA IM. ADAMA MICKIEWICZA W UJKOWICACH', 'street': None, 'post_code': '37-713', 'city': 'UJKOWICE', 'longitude': '22.7221522', 'latitude': '49.8381351'}, 'data': {'humidity_avg': 52.9, 'pressure_avg': 980.2, 'temperature_avg': 22.9, 'pm10_avg': 1.7000000000000002, 'pm25_avg': 1.7000000000000002}, 'timestamp': '2026-07-25 14:21:08'}",False,
"{'school': {'name': 'SZKOŁA PODSTAWOWA IM. ŚWIĘTEGO MIKOŁAJA W PASTUCHOWIE', 'street': 'UL. WYZWOLENIA', 'post_code': '58-115', 'city': 'PASTUCHÓW', 'longitude': '16.437169', 'latitude': '50.949092'}, 'data': {'humidity_avg': 31.53333333333333, 'pressure_avg': 986.6750000000001, 'temperature_avg': 27.191666666666666, 'pm10_avg': 3.208333333333333, 'pm25_avg': 2.933333333333333}, 'timestamp': '2026-07-25 14:21:08'}",False,
"{'school': {'name': 'SZKOŁA PODSTAWOWA IM. ORŁA BIAŁEGO W MARSZOWICACH', 'street': None, 'post_code': '32-420', 'city': 'MARSZOWICE', 'longitude': '20.2362141', 'latitude': '49.9174139'}, 'data': {'humidity_avg': 35.357142857142854, 'pressure_avg': 984.157142857143, 'temperature_avg': 25.271428571428572, 'pm10_avg': 3.071428571428571, 'pm25_avg': 2.742857142857143}, 'timestamp': '2026-07-25 14:21:08'}",False,
"{'school': {'name': 'SZKOŁA PODSTAWOWA NR 5 IM. JANA BRZECHWY Z JĘZYKIEM MNIEJSZOŚCI NIEMIECKIEJ W RACIBORZU', 'street': 'UL. BOJANOWSKA', 'post_code': '47-400', 'city': 'RACIBÓRZ', 'longitude': '18.1937900', 'latitude': '50.0675800'}, 'data': {'humidity_avg': 33.86666666666667, 'pressure_avg': 986.3833333333333, 'temperature_avg': 27.758333333333336, 'pm10_avg': 3.533333333333333, 'pm25_avg': 3.091666666666667}, 'timestamp': '2026-07-25 14:21:08'}",False,
"{'school': {'name': 'SZKOŁA PODSTAWOWA IM.ŚW. JANA DE LA SALLE W CZĘSTOCHOWIE', 'street': 'UL. GEN. KAZIMIERZA PUŁASKIEGO', 'post_code': '42-217', 'city': 'CZĘSTOCHOWA', 'longitude': '19.1029461', 'latitude': '50.8039173'}, 'data': {'humidity_avg': 46.455555555555556, 'pressure_avg': 979.5888888888888, 'temperature_avg': 23.799999999999997, 'pm10_avg': 3.266666666666666, 'pm25_avg': 2.766666666666666}, 'timestamp': '2026-07-25 14:21:08'}",False,
"{'school': {'name': 'SZKOŁA PODSTAWOWA NR 2 IM. TADEUSZA KOŚCIUSZKI W WIELICZCE', 'street': 'UL. STANISŁAWA MONIUSZKI', 'post_code': '32-020', 'city': 'WIELICZKA', 'longitude': '20.059786', 'latitude': '49.98544'}, 'data': {'humidity_avg': 38.08181818181818, 'pressure_avg': 986.9181818181819, 'temperature_avg': 28.6, 'pm10_avg': 1.281818181818181, 'pm25_avg': 1.009090909090909}, 'timestamp': '2026-07-25 14:21:08'}",False,
"{'school': {'name': 'SZKOŁA PODSTAWOWA NR 28 IM. ""LUBUSKICH RODZIN KATYŃSKICH"" W ZESPOLE EDUKACYJNYM NR 8 W ZIELONEJ GÓRZE', 'street': 'UL. ZAWADA-SZKOLNA', 'post_code': '66-001', 'city': 'ZIELONA GÓRA', 'longitude': '15.5568495', 'latitude': '51.992893'}, 'data': {'humidity_avg': 29.672727272727272, 'pressure_avg': 1000.6454545454545, 'temperature_avg': 30.527272727272727, 'pm10_avg': 4.163636363636363, 'pm25_avg': 3.454545454545454}, 'timestamp': '2026-07-25 14:21:08'}",False,
"{'school': {'name': 'PUBLICZNA SZKOŁA PODSTAWOWA W CISIU', 'street': 'UL. CISIAŃSKA', 'post_code': '42-290', 'city': 'CISIE', 'longitude': '21.3837731', 'latitude': '52.2123551'}, 'data': {'humidity_avg': 35.083333333333336, 'pressure_avg': 978.1916666666666, 'temperature_avg': 28.116666666666664, 'pm10_avg': 2.983333333333333, 'pm25_avg': 2.8}, 'timestamp': '2026-07-25 14:21:08'}",False,
"{'school': {'name': 'SZKOŁA PODSTAWOWA SPECJALNA NR 2 W SPECJALNYM OŚRODKU SZKOLNO-WYCHOWAWCZYM IM. POLSKICH OLIMPIJCZYKÓW W WARLUBIU', 'street': 'UL. SZKOLNA', 'post_code': '86-160', 'city': 'WARLUBIE', 'longitude': '18.6275983', 'latitude': '53.5896901'}, 'data': {'humidity_avg': 48.56666666666666, 'pressure_avg': 998.6583333333333, 'temperature_avg': 23.633333333333336, 'pm10_avg': 7.5, 'pm25_avg': 6.375}, 'timestamp': '2026-07-25 14:21:08'}",False,
"{'school': {'name': 'SZKOŁA PODSTAWOWA NR 3 IM. BOHATERÓW MONTE CASSINO W ZABRZU', 'street': 'UL. RTM. WITOLDA PILECKIEGO', 'post_code': '41-800', 'city': 'ZABRZE', 'longitude': '18.791714', 'latitude': '50.296268'}, 'data': {'humidity_avg': 38.75555555555556, 'pressure_avg': 979.6222222222223, 'temperature_avg': 26.233333333333334, 'pm10_avg': 3.433333333333333, 'pm25_avg': 2.8666666666666663}, 'timestamp': '2026-07-25 14:21:08'}",False,
"{'school': {'name': 'LICEUM OGÓLNOKSZTAŁCĄCE Z ODDZIAŁAMI DWUJĘZYCZNYMI IM. BOLESŁAWA CHROBREGO W BIELAWIE', 'street': 'UL. SZKOLNA', 'post_code': '58-260', 'city': 'BIELAWA', 'longitude': '16.612986', 'latitude': '50.683073'}, 'data': {'humidity_avg': 33.79090909090909, 'pressure_avg': 971.7727272727273, 'temperature_avg': 26.672727272727272, 'pm10_avg': 1.654545454545454, 'pm25_avg': 1.381818181818181}, 'timestamp': '2026-07-25 14:21:08'}",False,
"{'school': {'name': 'SZKOŁA PODSTAWOWA IM. LANCKOROŃSKICH W ZAKLICZYNIE', 'street': 'UL. JACKA MALCZEWSKIEGO', 'post_code': '32-840', 'city': 'ZAKLICZYN', 'longitude': '20.816176', 'latitude': '49.855242'}, 'data': {'humidity_avg': 38.42307692307692, 'pressure_avg': 984.8230769230769, 'temperature_avg': 24.523076923076925, 'pm10_avg': 2.9, 'pm25_avg': 2.5307692307692298}, 'timestamp': '2026-07-25 14:21:08'}",False,
"{'school': {'name': 'LICEUM OGÓLNOKSZTAŁCĄCE IM. HENRYKA SIENKIEWICZA W NOWEJ RUDZIE', 'street': 'OS. PIASTOWSKIE', 'post_code': '57-400', 'city': 'NOWA RUDA', 'longitude': '16.49718392', 'latitude': '50.58148236'}, 'data': {'humidity_avg': 36.88181818181818, 'pressure_avg': 964.9727272727273, 'temperature_avg': 26.29090909090909, 'pm10_avg': 2.245454545454545, 'pm25_avg': 1.927272727272727}, 'timestamp': '2026-07-25 14:21:08'}",False,
"{'school': {'name': 'SZKOŁA PODSTAWOWA IM.STEFANA ŻEROMSKIEGO W TRZCIŃSKU-ZDROJU', 'street': 'UL. 2 LUTEGO', 'post_code': '74-510', 'city': 'TRZCIŃSKO-ZDRÓJ', 'longitude': '14.607718', 'latitude': '52.966893'}, 'data': {'humidity_avg': 41.425000000000004, 'pressure_avg': 999.65, 'temperature_avg': 24.675, 'pm10_avg': 5.6416666666666675, 'pm25_avg': 4.908333333333333}, 'timestamp': '2026-07-25 14:21:08'}",False,
"{'school': {'name': 'BRANŻOWA SZKOŁA I STOPNIA NR 4 W SZCZECINIE', 'street': 'UL. GEN. JÓZEFA SOWIŃSKIEGO', 'post_code': '70-236', 'city': 'SZCZECIN', 'longitude': '14.539421', 'latitude': '53.418348'}, 'data': {'humidity_avg': 44.59090909090909, 'pressure_avg': 1002.9272727272728, 'temperature_avg': 24.472727272727273, 'pm10_avg': 4.854545454545454, 'pm25_avg': 4.163636363636363}, 'timestamp': '2026-07-25 14:21:08'}",False,
"{'school': {'name': 'SZKOŁA PODSTAWOWA IM. JANUSZA KORCZAKA W BIEDRZYCHOWICACH', 'street': None, 'post_code': '59-830', 'city': 'BIEDRZYCHOWICE', 'longitude': '15.3794474', 'latitude': '51.0398464'}, 'data': {'humidity_avg': 27.05454545454546, 'pressure_avg': 969.2363636363636, 'temperature_avg': 30.545454545454547, 'pm10_avg': 2.772727272727273, 'pm25_avg': 2.381818181818182}, 'timestamp': '2026-07-25 14:21:08'}",False,
"{'school': {'name': 'ZESPÓŁ SZKOLNO-PRZEDSZKOLNY-SZKOŁA PODSTAWOWA IM. MARSZAŁKA JÓZEFA PIŁSUDSKIEGO W ZAGÓRZU', 'street': None, 'post_code': '32-005', 'city': 'ZAGÓRZE', 'longitude': '20.189108999999995', 'latitude': '49.99264019216482'}, 'data': {'humidity_avg': 32.24545454545454, 'pressure_avg': 984.8636363636364, 'temperature_avg': 27.827272727272728, 'pm10_avg': 2.481818181818182, 'pm25_avg': 2.254545454545454}, 'timestamp': '2026-07-25 14:21:08'}",False,
"{'school': {'name': 'SZKOŁA PODSTAWOWA IM. MIKOŁAJA KOPERNIKA W PSZENNIE', 'street': 'UL. WROCŁAWSKA', 'post_code': '58-125', 'city': 'PSZENNO', 'longitude': '16.5392403', 'latitude': '50.8557823'}, 'data': {'humidity_avg': 37.9, 'pressure_avg': 983.6999999999999, 'temperature_avg': 27.09166666666667, 'pm10_avg': 3.233333333333333, 'pm25_avg': 2.816666666666666}, 'timestamp': '2026-07-25 14:21:08'}",False,
"{'school': {'name': 'SZKOŁA PODSTAWOWA IM. OJCA ŚWIĘTEGO JANA PAWAŁA II W MIETKOWIE', 'street': 'UL. KOLEJOWA', 'post_code': '55-081', 'city': 'MIETKÓW', 'longitude': '16.653863', 'latitude': '50.979778'}, 'data': {'humidity_avg': 28.62857142857143, 'pressure_avg': 990.7142857142857, 'temperature_avg': 28.114285714285717, 'pm10_avg': 3.542857142857143, 'pm25_avg': 3.157142857142857}, 'timestamp': '2026-07-25 14:21:08'}",False,
"{'school': {'name': 'SZKOŁA PODSTAWOWA IM. MARII KONOPNICKIEJ W UJEŹDŹCU WIELKIM', 'street': None, 'post_code': '55-100', 'city': 'UJEŹDZIEC WIELKI', 'longitude': '17.092104', 'latitude': '51.415639'}, 'data': {'humidity_avg': 45.336363636363636, 'pressure_avg': 998.4, 'temperature_avg': 26.154545454545453, 'pm10_avg': 5.381818181818182, 'pm25_avg': 4.545454545454546}, 'timestamp': '2026-07-25 14:21:08'}",False,
"{'school': {'name': 'SZKOŁA PODSTAWOWA IM. ŚW. JANA BOSKOW KARCZYCACH', 'street': None, 'post_code': '55-311', 'city': 'KARCZYCE', 'longitude': '16.7424417', 'latitude': '51.102343'}, 'data': {'humidity_avg': 35.375, 'pressure_avg': 991.9, 'temperature_avg': 26.6375, 'pm10_avg': 3.35, 'pm25_avg': 2.95}, 'timestamp': '2026-07-25 14:21:08'}",False,
"{'school': {'name': 'TECHNIKUM NR 5 W WAŁBRZYCHU', 'street': 'AL. WYZWOLENIA', 'post_code': '58-300', 'city': 'WAŁBRZYCH', 'longitude': '16.2784203', 'latitude': '50.770552'}, 'data': {'humidity_avg': 39.34444444444445, 'pressure_avg': 959.8777777777777, 'temperature_avg': 23.811111111111114, 'pm10_avg': 3.744444444444445, 'pm25_avg': 3.2111111111111112}, 'timestamp': '2026-07-25 14:21:08'}",False,
"{'school': {'name': 'LICEUM OGÓLNOKSZTAŁCĄCE Z ODDZIAŁAMI INTEGRACYJNYMI NR XXX WE WROCŁAWIU', 'street': 'UL. NOWODWORSKA', 'post_code': '54-438', 'city': 'WROCŁAW-FABRYCZNA', 'longitude': '16.9556769', 'latitude': '51.1153119'}, 'data': {'humidity_avg': 32.39090909090909, 'pressure_avg': 994.0636363636364, 'temperature_avg': 26.027272727272727, 'pm10_avg': 3.181818181818181, 'pm25_avg': 2.818181818181818}, 'timestamp': '2026-07-25 14:21:08'}",False,
"{'school': {'name': 'SZKOŁA PODSTAWOWA NR 10 IM. MIKOŁAJA KOPERNIKA W GŁOGOWIE', 'street': 'UL. ANDROMEDY', 'post_code': '67-200', 'city': 'GŁOGÓW', 'longitude': '16.0628868', 'latitude': '51.6534984'}, 'data': {'humidity_avg': 31.23, 'pressure_avg': 973.2700000000001, 'temperature_avg': 29.860000000000003, 'pm10_avg': 3.329999999999999, 'pm25_avg': 2.91}, 'timestamp': '2026-07-25 14:21:08'}",False,
"{'school': {'name': 'SZKOŁA PODSTAWOWA NR 2 IM. TADEUSZA KOŚCIUSZKI W PROCHOWICACH', 'street': 'UL. KOŚCIUSZKI', 'post_code': '59-230', 'city': 'PROCHOWICE', 'longitude': '16.364947', 'latitude': '51.280383'}, 'data': {'humidity_avg': 23.583333333333332, 'pressure_avg': 996.3166666666666, 'temperature_avg': 30.083333333333332, 'pm10_avg': 3.391666666666667, 'pm25_avg': 2.833333333333333}, 'timestamp': '2026-07-25 14:21:08'}",False,
"{'school': {'name': 'TECHNIKUM KSZTAŁTOWANIA ŚRODOWISKA W SZCZECINIE', 'street': 'UL. PORTOWA', 'post_code': '70-833', 'city': 'SZCZECIN', 'longitude': '14.669609', 'latitude': '53.399056'}, 'data': {'humidity_avg': 47.95454545454545, 'pressure_avg': 1006.1727272727272, 'temperature_avg': 24.018181818181816, 'pm10_avg': 4.572727272727272, 'pm25_avg': 4.009090909090909}, 'timestamp': '2026-07-25 14:21:08'}",False,
"{'school': {'name': 'SPECJALNA PRZYSZPITALNA NIEPUBLICZNA SZKOŁA PODSTAWOWA PRZY SUDECKIM CENTRUM ZDROWIA W PIESZYCACH', 'street': 'UL. KSIĘDZA EMILA PAGACZA', 'post_code': '58-250', 'city': 'PIESZYCE', 'longitude': '16.58036735', 'latitude': '50.71553783'}, 'data': {'humidity_avg': 32.00909090909091, 'pressure_avg': 973.0727272727272, 'temperature_avg': 28.327272727272728, 'pm10_avg': 2.772727272727273, 'pm25_avg': 2.527272727272727}, 'timestamp': '2026-07-25 14:21:08'}",False,
"{'school': {'name': 'SZKOŁA PODSTAWOWA IM. NOBLISTÓW POLSKICH W BRZEZIEJ ŁĄCE', 'street': 'UL. SZKOLNA', 'post_code': '55-093', 'city': 'BRZEZIA ŁĄKA', 'longitude': '17.2485849', 'latitude': '51.12506'}, 'data': {'humidity_avg': 32.58181818181818, 'pressure_avg': 995.6272727272727, 'temperature_avg': 27.854545454545452, 'pm10_avg': 3.245454545454545, 'pm25_avg': 2.881818181818182}, 'timestamp': '2026-07-25 14:21:08'}",False,
"{'school': {'name': 'PUBLICZNA SZKOŁA PODSTAWOWA W LATOSZYNIE', 'street': None, 'post_code': '39-200', 'city': 'LATOSZYN', 'longitude': '21.38439', 'latitude': '50.02607'}, 'data': {'humidity_avg': 30.063636363636363, 'pressure_avg': 984.9818181818181, 'temperature_avg': 29.91818181818182, 'pm10_avg': 2.6999999999999993, 'pm25_avg': 2.6999999999999993}, 'timestamp': '2026-07-25 14:21:08'}",False,
"{'school': {'name': 'PUBLICZNA SZKOŁA PODSTAWOWA IM. JANA PAWŁA II W BRZEŹNICY', 'street': 'UL. SZKOLNA', 'post_code': '39-207', 'city': 'BRZEŹNICA', 'longitude': '21.485064', 'latitude': '50.103691'}, 'data': {'humidity_avg': 36.65833333333333, 'pressure_avg': 988.7416666666667, 'temperature_avg': 25.666666666666668, 'pm10_avg': 3.058333333333333, 'pm25_avg': 2.6}, 'timestamp': '2026-07-25 14:21:08'}",False,
"{'school': {'name': 'SZKOŁA PODSTAWOWA W WOLI WIELKIEJ', 'street': None, 'post_code': '39-218', 'city': 'WOLA WIELKA', 'longitude': '21.342836', 'latitude': '50.08146'}, 'data': {'humidity_avg': 41.457142857142856, 'pressure_avg': 987.0714285714286, 'temperature_avg': 23.685714285714287, 'pm10_avg': 3.6, 'pm25_avg': 3.014285714285714}, 'timestamp': '2026-07-25 14:21:08'}",False,
"{'school': {'name': 'SZKOŁA PODSTAWOWA Z ODDZIAŁAMI INTEGRACYJNYMI NR 105 IM. LUDWIKI WAWRZYŃSKIEJ W KRAKOWIE', 'street': 'OS. OSIEDLE SŁONECZNE', 'post_code': '31-958', 'city': 'KRAKÓW-NOWA HUTA', 'longitude': '20.042014', 'latitude': '50.078466'}, 'data': {'humidity_avg': 40.5, 'pressure_avg': 987.0181818181819, 'temperature_avg': 23.527272727272727, 'pm10_avg': 3.163636363636363, 'pm25_avg': 2.5727272727272723}, 'timestamp': '2026-07-25 14:21:08'}",False,
"{'school': {'name': 'NIEPUBLICZNE LICEUM OGÓLNOKSZTAŁCĄCE W BIELAWIE', 'street': 'UL. WOLNOŚCI', 'post_code': '58-260', 'city': 'BIELAWA', 'longitude': '16.6516018', 'latitude': '50.7381464'}, 'data': {'humidity_avg': 32.525, 'pressure_avg': 973.8416666666667, 'temperature_avg': 27.0, 'pm10_avg': 3.166666666666666, 'pm25_avg': 2.666666666666666}, 'timestamp': '2026-07-25 14:21:08'}",False,
"{'school': {'name': 'TECHNIKUM W MOŃKACH', 'street': 'UL. SZKOLNA', 'post_code': '19-100', 'city': 'MOŃKI', 'longitude': '22.793105', 'latitude': '53.401592'}, 'data': {'humidity_avg': 42.61818181818182, 'pressure_avg': 988.3181818181819, 'temperature_avg': 26.172727272727272, 'pm10_avg': 2.336363636363636, 'pm25_avg': 2.109090909090909}, 'timestamp': '2026-07-25 14:21:08'}",False,
"{'school': {'name': 'LICEUM OGÓLNOKSZTAŁCĄCE IM. CYPRIANA KAMILA NORWIDA W MOŃKACH', 'street': 'UL. TYSIĄCLECIA', 'post_code': '19-100', 'city': 'MOŃKI', 'longitude': '22.804277', 'latitude': '53.404480516'}, 'data': {'humidity_avg': 53.127272727272725, 'pressure_avg': 991.7636363636364, 'temperature_avg': 23.20909090909091, 'pm10_avg': 3.027272727272727, 'pm25_avg': 2.854545454545454}, 'timestamp': '2026-07-25 14:21:08'}",False,
"{'school': {'name': 'I LICEUM OGÓLNOKSZTAŁCĄCE IM. BARTOSZA GŁOWACKIEGO W TOMASZOWIE LUBELSKIM', 'street': 'UL. WYSPIAŃSKIEGO', 'post_code': '22-600', 'city': 'TOMASZÓW LUBELSKI', 'longitude': '23.41242', 'latitude': '50.4428399'}, 'data': {'humidity_avg': 70.4, 'pressure_avg': 977.0615384615384, 'temperature_avg': 20.646153846153844, 'pm10_avg': 3.446153846153846, 'pm25_avg': 3.053846153846154}, 'timestamp': '2026-07-25 14:21:08'}",False,
"{'school': {'name': 'SZKOŁA PODSTAWOWA SPECJALNA W GRÓJCU SZKOŁA FILIALNA W NOWEJ WSI', 'street': None, 'post_code': '05-660', 'city': 'NOWA WIEŚ', 'longitude': '21.077920671164595', 'latitude': '51.809294519434474'}, 'data': {'humidity_avg': 46.45454545454545, 'pressure_avg': 993.0545454545455, 'temperature_avg': 24.2, 'pm10_avg': 3.227272727272727, 'pm25_avg': 2.663636363636363}, 'timestamp': '2026-07-25 14:21:08'}",False,
"{'school': {'name': 'PUBLICZNA SZKOŁA PODSTAWOWA IM. HENRYKA SIENKIEWICZA W BIERWCACH', 'street': None, 'post_code': '26-660', 'city': 'BIERWCE', 'longitude': '21.1684745', 'latitude': '51.5663509'}, 'data': {'humidity_avg': 43.82, 'pressure_avg': 991.4799999999999, 'temperature_avg': 26.1, 'pm10_avg': 2.66, 'pm25_avg': 2.2}, 'timestamp': '2026-07-25 14:21:08'}",False,
"{'school': {'name': 'I LICEUM OGÓLNOKSZTAŁCĄCE IM. MARCINA WADOWITY W WADOWICACH', 'street': 'UL. MICKIEWICZA', 'post_code': '34-100', 'city': 'WADOWICE', 'longitude': '19.48966', 'latitude': '49.883822'}, 'data': {'humidity_avg': 51.144444444444446, 'pressure_avg': 978.8333333333334, 'temperature_avg': 23.077777777777776, 'pm10_avg': 2.422222222222222, 'pm25_avg': 1.9666666666666661}, 'timestamp': '2026-07-25 14:21:08'}",False,
"{'school': {'name': 'SZKOŁA PODSTAWOWA W DOBRZYNIEWIE DUŻYM', 'street': 'UL. SZKOLNA', 'post_code': '16-002', 'city': 'DOBRZYNIEWO DUŻE', 'longitude': '23.0111979', 'latitude': '53.1993434'}, 'data': {'humidity_avg': 45.981818181818184, 'pressure_avg': 992.8909090909091, 'temperature_avg': 25.972727272727273, 'pm10_avg': 3.136363636363636, 'pm25_avg': 2.545454545454545}, 'timestamp': '2026-07-25 14:21:08'}",False,
"{'school': {'name': 'SZKOŁA PODSTAWOWA IM. JÓZEFA PIŁSUDSKIEGO W WOLI ZACHARIASZOWSKIEJ', 'street': 'UL. ŚWIĘTEGO FLORIANA', 'post_code': '32-087', 'city': 'WOLA ZACHARIASZOWSKA', 'longitude': '19.932638999999995', 'latitude': '50.1505174316246'}, 'data': {'humidity_avg': 49.7, 'pressure_avg': 977.0200000000001, 'temperature_avg': 23.759999999999998, 'pm10_avg': 3.18, 'pm25_avg': 2.71}, 'timestamp': '2026-07-25 14:21:08'}",False,
"{'school': {'name': 'NIEPUBLICZNA SZKOŁA PODSTAWOWA IM. LEONARDA DA VINCI W SUŁKOWICACH', 'street': 'SUŁKOWICE', 'post_code': '32-095', 'city': 'SUŁKOWICE', 'longitude': '19.9266258', 'latitude': '50.2316951'}, 'data': {'humidity_avg': 50.25, 'pressure_avg': 976.0083333333333, 'temperature_avg': 22.733333333333334, 'pm10_avg': 3.016666666666667, 'pm25_avg': 2.716666666666667}, 'timestamp': '2026-07-25 14:21:08'}",False,
"{'school': {'name': 'SZKOŁA PODSTAWOWA IM. TADEUSZA KOŚCIUSZKI W RACŁAWICACH', 'street': None, 'post_code': '32-222', 'city': 'RACŁAWICE', 'longitude': '20.2357084', 'latitude': '50.3240018'}, 'data': {'humidity_avg': 35.675000000000004, 'pressure_avg': 979.0916666666667, 'temperature_avg': 27.041666666666668, 'pm10_avg': 3.35, 'pm25_avg': 2.833333333333333}, 'timestamp': '2026-07-25 14:21:08'}",False,
"{'school': {'name': 'SZKOŁA PODSTAWOWA IM.STULECIA ODZYSKANIA NIEPODLEGŁOŚCI POLSKI W MINODZE', 'street': None, 'post_code': '32-043', 'city': 'MINOGA', 'longitude': '19.9006661', 'latitude': '50.2420125'}, 'data': {'humidity_avg': 38.75833333333333, 'pressure_avg': 972.9499999999999, 'temperature_avg': 24.5, 'pm10_avg': 2.9666666666666672, 'pm25_avg': 2.4916666666666663}, 'timestamp': '2026-07-25 14:21:08'}",False,
"{'school': {'name': 'SZKOŁA PODSTAWOWA NR 3 IM. FLAGI POLSKI W LIBIĄŻU', 'street': 'UL. ŚWIĘTEJ BARBARY', 'post_code': '32-590', 'city': 'LIBIĄŻ', 'longitude': '19.3156774', 'latitude': '50.1037928'}, 'data': {'humidity_avg': 44.73636363636364, 'pressure_avg': 976.2363636363636, 'temperature_avg': 25.063636363636363, 'pm10_avg': 2.6999999999999993, 'pm25_avg': 2.236363636363636}, 'timestamp': '2026-07-25 14:21:08'}",False,
"{'school': {'name': 'SZKOŁA PODSTAWOWA IM. ŚW.KRÓLOWEJ JADWIGI W JERZMANOWICACH', 'street': 'UL. SZKOLNA', 'post_code': '32-048', 'city': 'JERZMANOWICE', 'longitude': '19.7463992', 'latitude': '50.2118918'}, 'data': {'humidity_avg': 40.4, 'pressure_avg': 963.4090909090909, 'temperature_avg': 24.563636363636363, 'pm10_avg': 2.981818181818181, 'pm25_avg': 2.709090909090909}, 'timestamp': '2026-07-25 14:21:08'}",False,
"{'school': {'name': 'SZKOŁA PODSTAWOWA W GROMCU', 'street': 'UL. HUSARSKA', 'post_code': '32-590', 'city': 'GROMIEC', 'longitude': '19.2846434', 'latitude': '50.0550119'}, 'data': {'humidity_avg': 47.26363636363636, 'pressure_avg': 988.1454545454545, 'temperature_avg': 23.4, 'pm10_avg': 2.409090909090909, 'pm25_avg': 1.981818181818182}, 'timestamp': '2026-07-25 14:21:08'}",False,
"{'school': {'name': 'TECHNIKUM W GIEBUŁTOWIE W ZESPOLE SZKÓŁ PONADPODSTAWOWYCH IM. WINCENTEGO WITOSA W GIEBUŁTOWIE', 'street': 'OS. SZKOLNE', 'post_code': '32-085', 'city': 'GIEBUŁTÓW', 'longitude': '19.8869657', 'latitude': '50.1393595'}, 'data': {'humidity_avg': 34.93636363636364, 'pressure_avg': 976.6272727272727, 'temperature_avg': 26.645454545454548, 'pm10_avg': 2.590909090909091, 'pm25_avg': 2.181818181818181}, 'timestamp': '2026-07-25 14:21:08'}",False,
"{'school': {'name': 'ZESPÓŁ SZKOLNO-PRZEDSZKOLNY INTEGRACYJNY NR 1 W OLKUSZU - SZKOŁA PODSTAWOWA NR 2 Z ODDZIAŁAMI INTEGRACYJNYMI IM. J.IWASZKIEWICZA W OLKUSZU', 'street': 'UL. JANA KOCHANOWSKIEGO', 'post_code': '32-305', 'city': 'OLKUSZ', 'longitude': '19.5656869', 'latitude': '50.2813157'}, 'data': {'humidity_avg': 40.125, 'pressure_avg': 965.4166666666666, 'temperature_avg': 23.974999999999998, 'pm10_avg': 3.675, 'pm25_avg': 3.133333333333333}, 'timestamp': '2026-07-25 14:21:08'}",False,
"{'school': {'name': 'II LICEUM OGÓLNOKSZTAŁCĄCE IM. ZIEMI OLKUSKIEJ W OLKUSZU', 'street': 'UL. STEFANA ŻEROMSKIEGO', 'post_code': '32-305', 'city': 'OLKUSZ', 'longitude': '19.5635115', 'latitude': '50.2659999'}, 'data': {'humidity_avg': 42.45454545454545, 'pressure_avg': 963.7909090909092, 'temperature_avg': 24.481818181818184, 'pm10_avg': 3.336363636363636, 'pm25_avg': 2.845454545454545}, 'timestamp': '2026-07-25 14:21:08'}",False,
"{'school': {'name': 'SZKOŁA PODSTAWOWA IM. ŚW. JADWIGI KRÓLOWEJ W PIENIĄŻKOWICACH ZE SZKOŁĄ PODSTAWOWĄ FILIALNĄ W DZIALE', 'street': None, 'post_code': '34-408', 'city': 'PIENIĄŻKOWICE', 'longitude': '19.878498', 'latitude': '49.4941093'}, 'data': {'humidity_avg': 35.699999999999996, 'pressure_avg': 938.3416666666667, 'temperature_avg': 25.066666666666666, 'pm10_avg': 2.3, 'pm25_avg': 2.025}, 'timestamp': '2026-07-25 14:21:08'}",False,
"{'school': {'name': 'SZKOŁA PODSTAWOWA W BIEDRZYCHOWICACH', 'street': None, 'post_code': '48-250', 'city': 'BIEDRZYCHOWICE', 'longitude': '17.938484', 'latitude': '50.3371949'}, 'data': {'humidity_avg': 26.89090909090909, 'pressure_avg': 986.6, 'temperature_avg': 29.00909090909091, 'pm10_avg': 2.7636363636363632, 'pm25_avg': 2.563636363636363}, 'timestamp': '2026-07-25 14:21:08'}",False,
"{'school': {'name': 'I LICEUM OGÓLNOKSZTAŁCĄCE IM. SEWERYNA GOSZCZYŃSKIEGO W ZESPOLE SZKÓŁ OGÓLNOKSZTAŁCĄCYCH NR 1 W NOWYM TARGU', 'street': 'PL. ZYGMUNTA KRASIŃSKIEGO', 'post_code': '34-400', 'city': 'NOWY TARG', 'longitude': '20.034732', 'latitude': '49.4837969'}, 'data': {'humidity_avg': 53.375, 'pressure_avg': 946.1, 'temperature_avg': 19.675, 'pm10_avg': 2.45, 'pm25_avg': 2.35}, 'timestamp': '2026-07-25 14:21:08'}",False,
"{'school': {'name': 'SZKOŁA PODSTAWOWA W GROMOTACH', 'street': None, 'post_code': '14-204', 'city': 'GROMOTY', 'longitude': '19.7000004', 'latitude': '53.5982637'}, 'data': {'humidity_avg': 45.5, 'pressure_avg': 995.3916666666668, 'temperature_avg': 24.941666666666666, 'pm10_avg': 5.616666666666667, 'pm25_avg': 4.875}, 'timestamp': '2026-07-25 14:21:08'}",False,
"{'school': {'name': 'SZKOŁA PODSTAWOWA IM. MICHAŁA LENGOWSKIEGO W RUDZIENICACH', 'street': 'UL. SZKOLNA', 'post_code': '14-204', 'city': 'RUDZIENICE', 'longitude': '19.6657758', 'latitude': '53.62897'}, 'data': {'humidity_avg': 49.324999999999996, 'pressure_avg': 995.025, 'temperature_avg': 23.71666666666667, 'pm10_avg': 7.2, 'pm25_avg': 6.3}, 'timestamp': '2026-07-25 14:21:08'}",False,
"{'school': {'name': 'SZKOŁA PODSTAWOWA IM. TWÓRCÓW LITERATURY DZIECIĘCEJ W ZĄBROWIE', 'street': 'UL. SZKOLNA', 'post_code': '14-241', 'city': 'ZĄBROWO', 'longitude': '19.4557253', 'latitude': '53.6364963'}, 'data': {'humidity_avg': 48.472727272727276, 'pressure_avg': 996.5545454545455, 'temperature_avg': 24.49090909090909, 'pm10_avg': 6.054545454545454, 'pm25_avg': 5.636363636363637}, 'timestamp': '2026-07-25 14:21:08'}",False,
"{'school': {'name': 'SZKOŁA PODSTAWOWA IM. MJR HENRYKA DOBRZAŃSKIEGO ,,HUBALA"" W GAŁDOWIE', 'street': None, 'post_code': '14-241', 'city': 'GAŁDOWO', 'longitude': '19.4021385', 'latitude': '53.6236254'}, 'data': {'humidity_avg': 48.39, 'pressure_avg': 996.61, 'temperature_avg': 23.35, 'pm10_avg': 5.11, 'pm25_avg': 4.85}, 'timestamp': '2026-07-25 14:21:08'}",False,
"{'school': {'name': 'SZKOŁA PODSTAWOWA W LASECZNIE', 'street': None, 'post_code': '14-202', 'city': 'LASECZNO', 'longitude': '19.4356095', 'latitude': '53.5982722'}, 'data': {'humidity_avg': 45.836363636363636, 'pressure_avg': 995.4727272727273, 'temperature_avg': 24.981818181818184, 'pm10_avg': 5.045454545454546, 'pm25_avg': 4.518181818181818}, 'timestamp': '2026-07-25 14:21:08'}",False,
"{'school': {'name': 'SZKOŁA PODSTAWOWA IM. JANA PAWŁA II W WIKIELCU', 'street': None, 'post_code': '14-200', 'city': 'WIKIELEC', 'longitude': '19.5189377', 'latitude': '53.5801618'}, 'data': {'humidity_avg': 47.209090909090904, 'pressure_avg': 996.5727272727272, 'temperature_avg': 25.41818181818182, 'pm10_avg': 4.509090909090909, 'pm25_avg': 4.218181818181818}, 'timestamp': '2026-07-25 14:21:08'}",False,
"{'school': {'name': 'SZKOŁA PODSTAWOWA W SYBERII', 'street': None, 'post_code': '09-303', 'city': 'SYBERIA', 'longitude': '19.7116392', 'latitude': '53.0866545'}, 'data': {'humidity_avg': 56.08181818181818, 'pressure_avg': 995.4363636363636, 'temperature_avg': 25.627272727272725, 'pm10_avg': 3.418181818181818, 'pm25_avg': 2.981818181818181}, 'timestamp': '2026-07-25 14:21:08'}",False,
"{'school': {'name': 'SZKOŁA PODSTAWOWA W BĘDZYMINIE', 'street': 'UL. GŁÓWNA', 'post_code': '09-300', 'city': 'BĘDZYMIN', 'longitude': '19.8252916', 'latitude': '53.0500375'}, 'data': {'humidity_avg': 43.11666666666667, 'pressure_avg': 992.7583333333333, 'temperature_avg': 25.650000000000002, 'pm10_avg': 4.125, 'pm25_avg': 3.4916666666666663}, 'timestamp': '2026-07-25 14:21:08'}",False,
"{'school': {'name': 'SZKOŁA PODSTAWOWA IM.KRZYSZTOFA KAMILA BACZYŃSKIEGO W LIPOWEJ', 'street': 'UL. JANA PAWŁA II', 'post_code': '34-324', 'city': 'LIPOWA', 'longitude': '19.0737787', 'latitude': '49.6985065'}, 'data': {'humidity_avg': 38.3625, 'pressure_avg': 956.1125000000001, 'temperature_avg': 25.9875, 'pm10_avg': 1.7875, 'pm25_avg': 1.7875}, 'timestamp': '2026-07-25 14:21:08'}",False,
"{'school': {'name': 'SZKOŁA PODSTAWOWA NR 2 IM. STEFANA ŻEROMSKIEGO W BRENNEJ', 'street': 'UL. BUKOWA', 'post_code': '43-438', 'city': 'BRENNA', 'longitude': '18.9436714', 'latitude': '49.7184394'}, 'data': {'humidity_avg': 36.291666666666664, 'pressure_avg': 958.8833333333333, 'temperature_avg': 26.55, 'pm10_avg': 2.116666666666666, 'pm25_avg': 1.7666666666666662}, 'timestamp': '2026-07-25 14:21:08'}",False,
"{'school': {'name': 'SZKOŁA PODSTAWOWA W RUDZICY', 'street': None, 'post_code': '43-394', 'city': 'RUDZICA', 'longitude': '18.9050456', 'latitude': '49.849154'}, 'data': {'humidity_avg': 43.21666666666667, 'pressure_avg': 972.5166666666668, 'temperature_avg': 25.34166666666667, 'pm10_avg': 2.858333333333333, 'pm25_avg': 2.3666666666666663}, 'timestamp': '2026-07-25 14:21:08'}",False,
"{'school': {'name': 'SZKOŁA PODSTAWOWA NR 3 IM. ZOFII KOSSAK-SZCZUCKIEJ W LIGOCIE', 'street': 'UL. BORY', 'post_code': '43-518', 'city': 'LIGOTA', 'longitude': '18.9706800', 'latitude': '49.8999700'}, 'data': {'humidity_avg': 41.33, 'pressure_avg': 982.9, 'temperature_avg': 24.15, 'pm10_avg': 2.44, 'pm25_avg': 2.44}, 'timestamp': '2026-07-25 14:21:08'}",False,
"{'school': {'name': 'SZKOŁA PODSTAWOWA IM. ADAMA MICKIEWICZA W KOBIELICACH', 'street': 'UL. TOPOLOWA', 'post_code': '43-262', 'city': 'KOBIELICE', 'longitude': '18.8580059', 'latitude': '50.0122572'}, 'data': {'humidity_avg': 39.391666666666666, 'pressure_avg': 980.1999999999999, 'temperature_avg': 26.441666666666666, 'pm10_avg': 3.175, 'pm25_avg': 2.633333333333333}, 'timestamp': '2026-07-25 14:21:08'}",False,
"{'school': {'name': 'SZKOŁA PODSTAWOWA NR 5 W WIŚLE', 'street': 'UL. JAWORNIK', 'post_code': '43-460', 'city': 'WISŁA', 'longitude': '18.8272309', 'latitude': '49.657376'}, 'data': {'humidity_avg': 35.43333333333333, 'pressure_avg': 959.8416666666667, 'temperature_avg': 26.349999999999998, 'pm10_avg': 1.858333333333333, 'pm25_avg': 1.5750000000000002}, 'timestamp': '2026-07-25 14:21:08'}",False,
"{'school': {'name': 'SZKOŁA PODSTAWOWA NR 11 Z ODDZIAŁAMI INTEGRACYJNYMI IM. KORNELA MAKUSZYŃSKIEGO W BIAŁYMSTOKU', 'street': 'UL. POLESKA', 'post_code': '15-476', 'city': 'BIAŁYSTOK', 'longitude': '23.1618347', 'latitude': '53.1421672'}, 'data': {'humidity_avg': 48.10909090909092, 'pressure_avg': 994.1818181818181, 'temperature_avg': 24.172727272727272, 'pm10_avg': 2.0, 'pm25_avg': 1.672727272727272}, 'timestamp': '2026-07-25 14:21:08'}",False,
"{'school': {'name': 'SZKOŁA PODSTAWOWA W BABKACH OLECKICH', 'street': None, 'post_code': '19-400', 'city': 'BABKI OLECKIE', 'longitude': '22.50398', 'latitude': '54.086'}, 'data': {'humidity_avg': 55.78181818181818, 'pressure_avg': 990.1, 'temperature_avg': 24.5, 'pm10_avg': 2.6545454545454543, 'pm25_avg': 2.4}, 'timestamp': '2026-07-25 14:21:08'}",False,
"{'school': {'name': 'TECHNIKUM NR 5 W RZESZOWIE', 'street': 'UL. KLEMENTYNY HOFFMANOWEJ', 'post_code': '35-016', 'city': 'RZESZÓW', 'longitude': '21.9939611', 'latitude': '50.0340048'}, 'data': {'humidity_avg': 48.455555555555556, 'pressure_avg': 987.6444444444446, 'temperature_avg': 25.37777777777778, 'pm10_avg': 1.955555555555555, 'pm25_avg': 1.955555555555555}, 'timestamp': '2026-07-25 14:21:08'}",False,
"{'school': {'name': 'SZKOŁA PODSTAWOWA NR 26 W RZESZOWIE', 'street': 'UL. JAROSŁAWA DĄBROWSKIEGO', 'post_code': '35-036', 'city': 'RZESZÓW', 'longitude': '21.980829', 'latitude': '50.0223419'}, 'data': {'humidity_avg': 39.99090909090909, 'pressure_avg': 985.7181818181817, 'temperature_avg': 26.036363636363635, 'pm10_avg': 2.390909090909091, 'pm25_avg': 2.072727272727272}, 'timestamp': '2026-07-25 14:21:08'}",False,
"{'school': {'name': 'ZESPÓŁ SZKÓŁ NR4-SZKOŁA PODSTAWOWA W SOPOTNI WIELKIEJ', 'street': None, 'post_code': '34-340', 'city': 'SOPOTNIA WIELKA', 'longitude': '19.2960436', 'latitude': '49.5925166'}, 'data': {'humidity_avg': 71.86363636363636, 'pressure_avg': 1100.0, 'temperature_avg': -40.0, 'pm10_avg': 4.745454545454546, 'pm25_avg': 3.963636363636364}, 'timestamp': '2026-07-25 14:21:08'}",False,
"{'school': {'name': 'SZKOŁA PODSTAWOWA W PRZYBĘDZY', 'street': 'UL. 3 MAJA', 'post_code': '34-381', 'city': 'PRZYBĘDZA', 'longitude': '19.1251165', 'latitude': '49.6305149'}, 'data': {'humidity_avg': 42.43636363636364, 'pressure_avg': 956.8454545454545, 'temperature_avg': 22.936363636363637, 'pm10_avg': 3.136363636363636, 'pm25_avg': 2.872727272727273}, 'timestamp': '2026-07-25 14:21:08'}",False,
"{'school': {'name': 'SZKOŁA PODSTAWOWA IM. KS.JANA TWARDOWSKIEGO W SIENNEJ', 'street': 'UL. ŚWIĘTEJ JADWIGI ŚLĄSKIEJ', 'post_code': '34-300', 'city': 'SIENNA', 'longitude': '19.1480477', 'latitude': '49.6766991'}, 'data': {'humidity_avg': 38.90909090909091, 'pressure_avg': 963.4727272727273, 'temperature_avg': 26.636363636363637, 'pm10_avg': 2.49090909090909, 'pm25_avg': 2.136363636363636}, 'timestamp': '2026-07-25 14:21:08'}",False,
"{'school': {'name': 'SZKOŁA PODSTAWOWA IM. ŚW. JANA KANTEGO I ŚW. JANA PAWŁA II W ZRĘCINIE', 'street': 'UL. ŁUKASIEWICZA', 'post_code': '38-457', 'city': 'ZRĘCIN', 'longitude': '21.6905243', 'latitude': '49.6676748'}, 'data': {'humidity_avg': 44.88181818181818, 'pressure_avg': 977.7, 'temperature_avg': 23.5, 'pm10_avg': 3.39090909090909, 'pm25_avg': 3.018181818181818}, 'timestamp': '2026-07-25 14:21:08'}",False,
"{'school': {'name': 'SZKOŁA PODSTAWOWA W ZESPOLE SZKÓŁ W NOWOTAŃCU', 'street': None, 'post_code': '38-505', 'city': 'NOWOTANIEC', 'longitude': '22.031143', 'latitude': '49.50775'}, 'data': {'humidity_avg': 48.43333333333334, 'pressure_avg': 966.6555555555556, 'temperature_avg': 22.08888888888889, 'pm10_avg': 2.266666666666666, 'pm25_avg': 1.888888888888888}, 'timestamp': '2026-07-25 14:21:08'}",False,
"{'school': {'name': 'SZKOŁA PODSTAWOWA NR 8 W RZESZOWIE', 'street': 'UL. ANTONIEGO KOPACZEWSKIEGO', 'post_code': '35-225', 'city': 'RZESZÓW', 'longitude': '21.983086', 'latitude': '50.0496703'}, 'data': {'humidity_avg': 47.11818181818182, 'pressure_avg': 984.5272727272727, 'temperature_avg': 23.69090909090909, 'pm10_avg': 2.309090909090909, 'pm25_avg': 2.018181818181818}, 'timestamp': '2026-07-25 14:21:08'}",False,
"{'school': {'name': 'SZKOŁA PODSTAWOWA NR 15 Z ODDZIAŁAMI SPORTOWYMI W ŻORACH', 'street': 'UL. BANKOWA', 'post_code': '44-240', 'city': 'ŻORY', 'longitude': '18.7002921', 'latitude': '50.0287507'}, 'data': {'humidity_avg': 43.291666666666664, 'pressure_avg': 979.2166666666667, 'temperature_avg': 24.641666666666666, 'pm10_avg': 2.941666666666666, 'pm25_avg': 2.466666666666666}, 'timestamp': '2026-07-25 14:21:08'}",False,
"{'school': {'name': 'SZKOŁA PODSTAWOWA IM. GUSTAWA MORCINKA W KRZYŻOWICACH', 'street': 'UL. SZKOLNA', 'post_code': '43-254', 'city': 'KRZYŻOWICE', 'longitude': '18.6741042', 'latitude': '49.9847274'}, 'data': {'humidity_avg': 35.65, 'pressure_avg': 980.6666666666666, 'temperature_avg': 31.241666666666664, 'pm10_avg': 2.525, 'pm25_avg': 2.15}, 'timestamp': '2026-07-25 14:21:08'}",False,
"{'school': {'name': 'SZKOŁA PODSTAWOWA NR 13 IM. KS. FRANCISZKA BLACHNICKIEGO W JASTRZĘBIU-ZDROJU', 'street': 'UL. KATOWICKA', 'post_code': '44-335', 'city': 'JASTRZĘBIE-ZDRÓJ', 'longitude': '18.6101103', 'latitude': '49.9454207'}, 'data': {'humidity_avg': 33.8, 'pressure_avg': 979.875, 'temperature_avg': 27.2, 'pm10_avg': 3.35, 'pm25_avg': 2.7}, 'timestamp': '2026-07-25 14:21:08'}",False,
"{'school': {'name': 'SZKOŁA PODSTAWOWA NR 6 IM. JANUSZA KORCZAKA W JASTRZĘBIU-ZDROJU', 'street': 'UL. ŚLĄSKA', 'post_code': '44-335', 'city': 'JASTRZĘBIE-ZDRÓJ', 'longitude': '18.6101103', 'latitude': '49.9454207'}, 'data': {'humidity_avg': 42.28333333333333, 'pressure_avg': 978.9166666666666, 'temperature_avg': 23.483333333333334, 'pm10_avg': 3.333333333333333, 'pm25_avg': 2.8249999999999993}, 'timestamp': '2026-07-25 14:21:08'}",False,
"{'school': {'name': 'SZKOŁA PODSTAWOWA IM. BOHATERÓW WESTERPLATTE W KOŃCZYCACH WIELKICH', 'street': 'UL. KOŚCIELNA', 'post_code': '43-419', 'city': 'KOŃCZYCE WIELKIE', 'longitude': '18.644137', 'latitude': '49.8345649'}, 'data': {'humidity_avg': 40.61666666666667, 'pressure_avg': 980.8166666666666, 'temperature_avg': 26.65833333333333, 'pm10_avg': 2.9916666666666663, 'pm25_avg': 2.8416666666666672}, 'timestamp': '2026-07-25 14:21:08'}",False,
"{'school': {'name': 'SZKOŁA PODSTAWOWA IM. ""TRZECH BRACI"" W HAŻLACHU', 'street': 'UL. KOŚCIELNA', 'post_code': '43-419', 'city': 'HAŻLACH', 'longitude': '18.6369018', 'latitude': '49.7967297'}, 'data': {'humidity_avg': 38.925, 'pressure_avg': 977.3499999999999, 'temperature_avg': 28.9125, 'pm10_avg': 2.375, 'pm25_avg': 2.2}, 'timestamp': '2026-07-25 14:21:08'}",False,
"{'school': {'name': 'PUBLICZNA SZKOŁA PODSTAWOWA IM. MARII KONOPNICKIEJ W RZĄŚNIKU WŁOŚCIAŃSKIM', 'street': None, 'post_code': '07-311', 'city': 'RZĄŚNIK WŁOŚCIAŃSKI', 'longitude': '21.715940640027426', 'latitude': '52.85219083050499 '}, 'data': {'humidity_avg': 54.98181818181818, 'pressure_avg': 995.1818181818181, 'temperature_avg': 23.8, 'pm10_avg': 3.7363636363636363, 'pm25_avg': 3.054545454545454}, 'timestamp': '2026-07-25 14:21:08'}",False,
"{'school': {'name': 'SZKOŁA PODSTAWOWA IM.JANA PAWŁA WIELKIEGO W NOWYCH ŻUKOWICACH', 'street': None, 'post_code': '33-151', 'city': 'NOWE ŻUKOWICE', 'longitude': '21.1379808', 'latitude': '50.0897784'}, 'data': {'humidity_avg': 39.25454545454546, 'pressure_avg': 982.8909090909091, 'temperature_avg': 24.445454545454538, 'pm10_avg': 2.963636363636364, 'pm25_avg': 2.618181818181818}, 'timestamp': '2026-07-25 14:21:08'}",False,
"{'school': {'name': 'I LICEUM OGÓLNOKSZTAŁCĄCE W ŁAŃCUCIE', 'street': 'UL. ADAMA MICKIEWICZA', 'post_code': '37-100', 'city': 'ŁAŃCUT', 'longitude': '22.229792', 'latitude': '50.065729'}, 'data': {'humidity_avg': 44.63636363636363, 'pressure_avg': 982.6818181818181, 'temperature_avg': 24.4, 'pm10_avg': 1.8727272727272721, 'pm25_avg': 1.8727272727272721}, 'timestamp': '2026-07-25 14:21:08'}",False,
"{'school': {'name': 'SZKOŁA PODSTAWOWA NR 9 W RZESZOWIE', 'street': 'UL. MIŁA', 'post_code': '35-314', 'city': 'RZESZÓW', 'longitude': '22.0037829', 'latitude': '49.995803'}, 'data': {'humidity_avg': 42.11666666666667, 'pressure_avg': 989.8083333333334, 'temperature_avg': 27.78333333333333, 'pm10_avg': 1.5999999999999992, 'pm25_avg': 1.366666666666666}, 'timestamp': '2026-07-25 14:21:08'}",False,
"{'school': {'name': 'SZKOŁA PODSTAWOWA IM. JANA PAWŁA II W STĘPINIE', 'street': None, 'post_code': '38-125', 'city': 'STĘPINA', 'longitude': '21.5731784', 'latitude': '49.8730429'}, 'data': {'humidity_avg': 43.15833333333333, 'pressure_avg': 977.7416666666667, 'temperature_avg': 22.941666666666666, 'pm10_avg': 2.808333333333333, 'pm25_avg': 2.449999999999999}, 'timestamp': '2026-07-25 14:21:08'}",False,
"{'school': {'name': 'SZKOŁA PODSTAWOWA IM. KS. PIOTRA SKARGI W WARZYCACH', 'street': None, 'post_code': '38-200', 'city': 'WARZYCE', 'longitude': '21.539161', 'latitude': '49.7672'}, 'data': {'humidity_avg': 41.888888888888886, 'pressure_avg': 981.0777777777779, 'temperature_avg': 25.811111111111114, 'pm10_avg': 2.977777777777778, 'pm25_avg': 2.611111111111111}, 'timestamp': '2026-07-25 14:21:08'}",False,
"{'school': {'name': 'SZKOŁA PODSTAWOWA IM. A.FREDRY W KORCZYNIE', 'street': 'UL. ALEKSANDRA FREDRY', 'post_code': '38-420', 'city': 'KORCZYNA', 'longitude': '21.745109', 'latitude': '49.741178'}, 'data': {'humidity_avg': 44.663636363636364, 'pressure_avg': 979.3909090909091, 'temperature_avg': 27.127272727272725, 'pm10_avg': 2.418181818181818, 'pm25_avg': 2.1}, 'timestamp': '2026-07-25 14:21:08'}",False,
"{'school': {'name': 'SZKOŁA PODSTAWOWA NR 3 Z ODDZIAŁAMI INTEGRACYJNYMI IM. ADAMA MICKIEWICZA W CHEŁMIE', 'street': 'UL. REJOWIECKA', 'post_code': '22-100', 'city': 'CHEŁM', 'longitude': '23.450305', 'latitude': '51.144488'}, 'data': {'humidity_avg': 53.2, 'pressure_avg': 986.8666666666666, 'temperature_avg': 25.033333333333335, 'pm10_avg': 2.833333333333333, 'pm25_avg': 2.411111111111111}, 'timestamp': '2026-07-25 14:21:08'}",False,
"{'school': {'name': 'SZKOŁA PODSTAWOWA SPECJALNA NR 12 W CHEŁMIE', 'street': 'UL. TRUBAKOWSKA', 'post_code': '22-100', 'city': 'CHEŁM', 'longitude': '23.44590149', 'latitude': '51.13637258'}, 'data': {'humidity_avg': 59.809090909090905, 'pressure_avg': 987.1636363636363, 'temperature_avg': 22.21818181818182, 'pm10_avg': 3.218181818181818, 'pm25_avg': 2.8}, 'timestamp': '2026-07-25 14:21:08'}",False,
"{'school': {'name': 'TECHNIKUM NR 1 W CHEŁMIE', 'street': 'UL. STEFANA BATOREGO', 'post_code': '22-100', 'city': 'CHEŁM', 'longitude': '23.497516599999994', 'latitude': '51.13198101756866'}, 'data': {'humidity_avg': 52.86363636363637, 'pressure_avg': 987.1181818181819, 'temperature_avg': 24.572727272727274, 'pm10_avg': 3.281818181818181, 'pm25_avg': 2.845454545454545}, 'timestamp': '2026-07-25 14:21:08'}",False,
"{'school': {'name': 'TECHNIKUM NR 3 W BOLESŁAWCU', 'street': 'UL. KOMUNY PARYSKIEJ', 'post_code': '59-700', 'city': 'BOLESŁAWIEC', 'longitude': '15.563612', 'latitude': '51.260484'}, 'data': {'humidity_avg': 32.5, 'pressure_avg': 993.1545454545455, 'temperature_avg': 29.345454545454547, 'pm10_avg': 3.0, 'pm25_avg': 2.709090909090909}, 'timestamp': '2026-07-25 14:21:08'}",False,
"{'school': {'name': 'TECHNIKUM PRZEDSIĘBIORSTWA BUDOWNICTWA PRZEMYSŁOWEGO ""CHEMOBUDOWA-KRAKÓW"" S.A.', 'street': 'OS. OSIEDLE UROCZE', 'post_code': '31-953', 'city': 'KRAKÓW-NOWA HUTA', 'longitude': '19.8934774', 'latitude': '50.0764489'}, 'data': {'humidity_avg': 39.99090909090909, 'pressure_avg': 985.3181818181819, 'temperature_avg': 23.627272727272725, 'pm10_avg': 2.7818181818181813, 'pm25_avg': 2.372727272727272}, 'timestamp': '2026-07-25 14:21:08'}",False,
"{'school': {'name': 'CENTRUM KSZTAŁCENIA ZAWODOWEGO I USTAWICZNEGO W NIEPOŁOMICACH-BRANŻOWA SZKOŁA I STOPNIA IM. KRAKOWSKIEGO BRACTWA KURKOWEGO', 'street': 'UL. 3 MAJA', 'post_code': '32-005', 'city': 'NIEPOŁOMICE', 'longitude': '20.216084', 'latitude': '50.035891'}, 'data': {'humidity_avg': 36.481818181818184, 'pressure_avg': 987.5090909090909, 'temperature_avg': 25.41818181818182, 'pm10_avg': 2.409090909090909, 'pm25_avg': 2.1}, 'timestamp': '2026-07-25 14:21:08'}",False,
"{'school': {'name': 'PUBLICZNA SZKOŁA PODSTAWOWA IM.GEN.MARCINA KĄTSKIEGO W KĄTACH', 'street': None, 'post_code': '32-862', 'city': 'KĄTY', 'longitude': '20.601274', 'latitude': '49.78725'}, 'data': {'humidity_avg': 45.17272727272727, 'pressure_avg': 981.3818181818181, 'temperature_avg': 24.563636363636363, 'pm10_avg': 3.472727272727273, 'pm25_avg': 3.336363636363636}, 'timestamp': '2026-07-25 14:21:08'}",False,
"{'school': {'name': 'SZKOŁA PODSTAWOWA SPECJALNA NR 251', 'street': 'UL. BEŁSKA', 'post_code': '02-638', 'city': 'WARSZAWA', 'longitude': '20.999099', 'latitude': '52.191254'}, 'data': {'humidity_avg': 43.86363636363637, 'pressure_avg': 997.6272727272727, 'temperature_avg': 28.49090909090909, 'pm10_avg': 2.972727272727273, 'pm25_avg': 2.681818181818181}, 'timestamp': '2026-07-25 14:21:08'}",False,
"{'school': {'name': 'PUBLICZNA SZKOŁA PODSTAWOWA IM. MACIEJA RATAJA W BOROWIE', 'street': 'UL. WROCŁAWSKA', 'post_code': '57-160', 'city': 'BORÓW', 'longitude': '16.99427216', 'latitude': '50.88586649'}, 'data': {'humidity_avg': 31.263636363636362, 'pressure_avg': 991.8909090909091, 'temperature_avg': 28.70909090909091, 'pm10_avg': 1.945454545454545, 'pm25_avg': 1.945454545454545}, 'timestamp': '2026-07-25 14:21:08'}",False,
"{'school': {'name': 'SZKOŁA PODSTAWOWA NR 21 IM.JURIJA GAGARINA W ZABRZU', 'street': 'UL. BYTOMSKA', 'post_code': '41-803', 'city': 'ZABRZE', 'longitude': '18.818479', 'latitude': '50.319448'}, 'data': {'humidity_avg': 45.49090909090909, 'pressure_avg': 981.0090909090909, 'temperature_avg': 24.063636363636363, 'pm10_avg': 3.1, 'pm25_avg': 2.536363636363636}, 'timestamp': '2026-07-25 14:21:08'}",False,
"{'school': {'name': 'SZKOŁA PODSTAWOWA IM.MJR. JÓZEFA WIŚNIEWSKIEGO W LUTKÓWCE', 'street': 'UL. SZKOLNA', 'post_code': '96-323', 'city': 'LUTKÓWKA', 'longitude': '20.62648447', 'latitude': '51.92519026'}, 'data': {'humidity_avg': 55.05833333333334, 'pressure_avg': 987.4499999999999, 'temperature_avg': 23.383333333333336, 'pm10_avg': 4.758333333333334, 'pm25_avg': 4.158333333333333}, 'timestamp': '2026-07-25 14:21:08'}",False,
"{'school': {'name': 'SZKOŁA PODSTAWOWA IM HENRYKA POBOŻNEGO W TOMISŁAWIU', 'street': None, 'post_code': '59-724', 'city': 'TOMISŁAW', 'longitude': '15.4271019', 'latitude': '51.2944897'}, 'data': {'humidity_avg': 35.03076923076923, 'pressure_avg': 986.6384615384615, 'temperature_avg': 25.361538461538462, 'pm10_avg': 3.846153846153846, 'pm25_avg': 3.323076923076923}, 'timestamp': '2026-07-25 14:21:08'}",False,
"{'school': {'name': 'I LICEUM OGÓLNOKSZTAŁCĄCE IM. KAROLA MIARKI W ŻORACH', 'street': 'UL. POWSTAŃCÓW', 'post_code': '44-240', 'city': 'ŻORY', 'longitude': '18.69650962', 'latitude': '50.04960943'}, 'data': {'humidity_avg': 44.71666666666667, 'pressure_avg': 981.1916666666666, 'temperature_avg': 23.691666666666666, 'pm10_avg': 2.683333333333333, 'pm25_avg': 2.275}, 'timestamp': '2026-07-25 14:21:08'}",False,
"{'school': {'name': 'SZKOŁA PODSTAWOWA NR 39 DLA DZIECI SŁABOSŁYSZĄCYCH, NIESŁYSZĄCYCH I Z AFAZJĄ IM. MARII GÓRALÓWNY W BIELSKU-BIAŁEJ', 'street': 'UL. KAMIENICKA', 'post_code': '43-300', 'city': 'BIELSKO-BIAŁA', 'longitude': '19.0369427', 'latitude': '49.8105181'}, 'data': {'humidity_avg': 50.01818181818182, 'pressure_avg': 971.6727272727272, 'temperature_avg': 22.645454545454545, 'pm10_avg': 3.5, 'pm25_avg': 3.127272727272727}, 'timestamp': '2026-07-25 14:21:08'}",False,
"{'school': {'name': 'SZKOŁA PODSTAWOWA IM. ŚW. FRANCISZKA Z ASYŻU W EGIERTOWIE', 'street': 'UL. KARTUSKA', 'post_code': '83-312', 'city': 'EGIERTOWO', 'longitude': '18.20287653', 'latitude': '54.23957358'}, 'data': {'humidity_avg': 49.01666666666667, 'pressure_avg': 978.5083333333333, 'temperature_avg': 24.516666666666666, 'pm10_avg': 5.2, 'pm25_avg': 4.733333333333333}, 'timestamp': '2026-07-25 14:21:08'}",False,
"{'school': {'name': 'SZKOŁA PODSTAWOWA SPECJALNA NR 12 W TYCHACH', 'street': 'UL. EDUKACJI', 'post_code': '43-100', 'city': 'TYCHY', 'longitude': '19.0031763', 'latitude': '50.1159024'}, 'data': {'humidity_avg': 46.824999999999996, 'pressure_avg': 982.3416666666667, 'temperature_avg': 25.191666666666666, 'pm10_avg': 2.783333333333333, 'pm25_avg': 2.275}, 'timestamp': '2026-07-25 14:21:08'}",False,
"{'school': {'name': 'SZKOŁA PODSTAWOWA W BARCINKU', 'street': None, 'post_code': '58-512', 'city': 'BARCINEK', 'longitude': '15.594319', 'latitude': '50.9383351'}, 'data': {'humidity_avg': 32.96666666666667, 'pressure_avg': 967.625, 'temperature_avg': 26.575, 'pm10_avg': 3.175, 'pm25_avg': 2.758333333333333}, 'timestamp': '2026-07-25 14:21:08'}",False,
"{'school': {'name': 'SZKOŁA PODSTAWOWA NR 7 IM. JANA PAWŁA II W OLEŚNICY', 'street': 'UL. 11 LISTOPADA', 'post_code': '56-400', 'city': 'OLEŚNICA', 'longitude': '17.3825043', 'latitude': '51.2056527'}, 'data': {'humidity_avg': 22.954545454545453, 'pressure_avg': 991.0181818181819, 'temperature_avg': 32.07272727272727, 'pm10_avg': 3.372727272727273, 'pm25_avg': 2.9454545454545453}, 'timestamp': '2026-07-25 14:21:08'}",False,
"{'school': {'name': 'SZKOŁA PODSTAWOWA NR 57 IM. GEN. WŁADYSŁAWA ANDERSA W GDAŃSKU', 'street': 'UL. AKSAMITNA', 'post_code': '80-858', 'city': 'GDAŃSK', 'longitude': '18.6527195', 'latitude': '54.3580527'}, 'data': {'humidity_avg': 52.27272727272727, 'pressure_avg': 1007.1454545454545, 'temperature_avg': 22.945454545454545, 'pm10_avg': 5.445454545454545, 'pm25_avg': 4.572727272727273}, 'timestamp': '2026-07-25 14:21:08'}",False,
"{'school': {'name': 'SZKOŁA PODSTAWOWA IM.KRÓLA KAZIMIERZA WIELKIEGO W BINAROWEJ', 'street': None, 'post_code': '38-340', 'city': 'BINAROWA', 'longitude': '21.2269249', 'latitude': '49.7554945'}, 'data': {'humidity_avg': 32.025, 'pressure_avg': 978.25, 'temperature_avg': 28.45, 'pm10_avg': 2.158333333333333, 'pm25_avg': 1.858333333333333}, 'timestamp': '2026-07-25 14:21:08'}",False,
"{'school': {'name': 'SZKOŁA PODSTAWOWA IM. MARII DĄBROWSKIEJ W GRODŹCU', 'street': None, 'post_code': '62-580', 'city': 'GRODZIEC', 'longitude': '18.0597093', 'latitude': '52.0381615'}, 'data': {'humidity_avg': 33.4, 'pressure_avg': 996.0125, 'temperature_avg': 29.1375, 'pm10_avg': 3.8, 'pm25_avg': 3.1125}, 'timestamp': '2026-07-25 14:21:08'}",False,
"{'school': {'name': 'SZKOŁA PODSTAWOWA NR 23 SPECJALNA W PSZCZYNIE', 'street': 'UL. L. ZAMENHOFA', 'post_code': '43-200', 'city': 'PSZCZYNA', 'longitude': '18.9505973', 'latitude': '49.9729363'}, 'data': {'humidity_avg': 36.666666666666664, 'pressure_avg': 981.125, 'temperature_avg': 23.875, 'pm10_avg': 2.683333333333333, 'pm25_avg': 2.4}, 'timestamp': '2026-07-25 14:21:08'}",False,
"{'school': {'name': 'TECHNIKUM NR 1 W OSTROWCU ŚWIĘTOKRZYSKIM', 'street': 'OS. SŁONECZNE', 'post_code': '27-400', 'city': 'OSTROWIEC ŚWIĘTOKRZYSKI', 'longitude': '21.39347022', 'latitude': '50.94588695'}, 'data': {'humidity_avg': 34.17272727272727, 'pressure_avg': 987.3454545454545, 'temperature_avg': 27.563636363636363, 'pm10_avg': 1.918181818181818, 'pm25_avg': 1.609090909090909}, 'timestamp': '2026-07-25 14:21:08'}",False,
"{'school': {'name': 'SZKOŁA PODSTAWOWA IM. MARII KONOPNICKIEJ W TRZEBUNI', 'street': None, 'post_code': '32-438', 'city': 'TRZEBUNIA', 'longitude': '19.8527239', 'latitude': '49.789417'}, 'data': {'humidity_avg': 39.981818181818184, 'pressure_avg': 964.1090909090909, 'temperature_avg': 22.981818181818184, 'pm10_avg': 4.7, 'pm25_avg': 4.4}, 'timestamp': '2026-07-25 14:21:08'}",False,
"{'school': {'name': 'LICEUM OGÓLNOKSZTAŁCĄCE IM. J.M. OSSOLIŃSKIEGO W BRZEGU DOLNYM', 'street': 'UL. WILCZA', 'post_code': '56-120', 'city': 'BRZEG DOLNY', 'longitude': '16.6980365', 'latitude': '51.2690017'}, 'data': {'humidity_avg': 28.10909090909091, 'pressure_avg': 994.3272727272728, 'temperature_avg': 30.05454545454546, 'pm10_avg': 3.290909090909091, 'pm25_avg': 2.8636363636363633}, 'timestamp': '2026-07-25 14:21:08'}",False,
"{'school': {'name': 'TECHNIKUM W WYSOKIEM MAZOWIECKIEM', 'street': 'UL. JAGIELLOŃSKA', 'post_code': '18-200', 'city': 'WYSOKIE MAZOWIECKIE', 'longitude': '22.51006473', 'latitude': '52.91943607'}, 'data': {'humidity_avg': 51.527272727272724, 'pressure_avg': 992.3818181818183, 'temperature_avg': 23.91818181818182, 'pm10_avg': 2.209090909090909, 'pm25_avg': 1.854545454545454}, 'timestamp': '2026-07-25 14:21:08'}",False,
"{'school': {'name': 'PUBLICZNA SZKOŁA PODSTAWOWA NR 23 IM.WOJSK OCHRONY POGRANICZA W WAŁBRZYCHU', 'street': 'UL. ANDRZEJA STRUGA', 'post_code': '58-301', 'city': 'WAŁBRZYCH', 'longitude': '16.298195', 'latitude': '50.7669823'}, 'data': {'humidity_avg': 45.18181818181818, 'pressure_avg': 953.8727272727273, 'temperature_avg': 23.263636363636365, 'pm10_avg': 3.0, 'pm25_avg': 2.663636363636363}, 'timestamp': '2026-07-25 14:21:08'}",False,
"{'school': {'name': 'SZKOŁA PODSTAWOWA IM. JANA PAWŁA II W SULIKOWIE', 'street': 'UL. ZGORZELECKA', 'post_code': '59-975', 'city': 'SULIKÓW', 'longitude': '15.0710322', 'latitude': '51.0758548'}, 'data': {'humidity_avg': 30.218181818181815, 'pressure_avg': 983.2636363636364, 'temperature_avg': 28.00909090909091, 'pm10_avg': 3.690909090909091, 'pm25_avg': 3.118181818181817}, 'timestamp': '2026-07-25 14:21:08'}",False,
"{'school': {'name': 'NIEPUBLICZNA SZKOŁA PODSTAWOWA MIĘDZYNARODOWA AKADEMIA MONTESSORI W MOKRONOSIE GÓRNYM', 'street': 'UL. WROCŁAWSKA', 'post_code': '55-080', 'city': 'MOKRONOS GÓRNY', 'longitude': '16.9163528', 'latitude': '51.0752169'}, 'data': {'humidity_avg': 31.836363636363636, 'pressure_avg': 993.0454545454545, 'temperature_avg': 28.281818181818185, 'pm10_avg': 3.472727272727273, 'pm25_avg': 3.0}, 'timestamp': '2026-07-25 14:21:08'}",False,
"{'school': {'name': 'SZKOŁA PODSTAWOWA IM. JANA PAWŁA II W GIERAŁTOWIE', 'street': None, 'post_code': '59-730', 'city': 'GIERAŁTÓW', 'longitude': '15.3124392', 'latitude': '51.205073'}, 'data': {'humidity_avg': 36.03333333333333, 'pressure_avg': 981.9833333333332, 'temperature_avg': 25.400000000000002, 'pm10_avg': 3.583333333333333, 'pm25_avg': 3.05}, 'timestamp': '2026-07-25 14:21:08'}",False,
"{'school': {'name': 'SZKOŁA PODSTAWOWA W BIESNEJ', 'street': None, 'post_code': '38-324', 'city': 'BIESNA', 'longitude': '21.0025132', 'latitude': '49.7307664'}, 'data': {'humidity_avg': 42.872727272727275, 'pressure_avg': 977.4727272727273, 'temperature_avg': 25.00909090909091, 'pm10_avg': 2.727272727272727, 'pm25_avg': 2.4}, 'timestamp': '2026-07-25 14:21:08'}",False,
"{'school': {'name': 'SZKOŁA PODSTAWOWA NR 3 W GŁUSZYCY', 'street': 'UL. KOLEJOWA', 'post_code': '58-340', 'city': 'GŁUSZYCA', 'longitude': '16.3673149', 'latitude': '50.6855009'}, 'data': {'humidity_avg': 34.68888888888889, 'pressure_avg': 954.7444444444445, 'temperature_avg': 27.166666666666668, 'pm10_avg': 2.677777777777778, 'pm25_avg': 2.255555555555555}, 'timestamp': '2026-07-25 14:21:08'}",False,
"{'school': {'name': 'SPOŁECZNA SZKOŁA PODSTAWOWA NASZA DOBRA SZKOŁA W KATOWICACH', 'street': 'UL. AGNIESZKI', 'post_code': '40-110', 'city': 'KATOWICE', 'longitude': '19.0042579', 'latitude': '50.2786647'}, 'data': {'humidity_avg': 35.945454545454545, 'pressure_avg': 978.2454545454547, 'temperature_avg': 26.218181818181815, 'pm10_avg': 2.454545454545454, 'pm25_avg': 2.063636363636363}, 'timestamp': '2026-07-25 14:21:08'}",False,
"{'school': {'name': 'UNIWERSYTECKIE I LICEUM OGÓLNOKSZTAŁCĄCE IM. JULIUSZA SŁOWACKIEGO W CHORZOWIE', 'street': 'UL. GEN. HENRYKA DĄBROWSKIEGO', 'post_code': '41-500', 'city': 'CHORZÓW', 'longitude': '18.9510056', 'latitude': '50.2930441'}, 'data': {'humidity_avg': 38.775, 'pressure_avg': 977.1375, 'temperature_avg': 25.0625, 'pm10_avg': 2.7875, 'pm25_avg': 2.375}, 'timestamp': '2026-07-25 14:21:08'}",False,
"{'school': {'name': 'SZKOŁA PODSTAWOWA NR 2 Z ODDZIALAMI INTEGRACYJNYMI IM. JANA PAWŁA W WOLI', 'street': 'UL. LIPOWA', 'post_code': '43-225', 'city': 'WOLA', 'longitude': '19.0967092', 'latitude': '50.0162867'}, 'data': {'humidity_avg': 43.56363636363636, 'pressure_avg': 984.5636363636364, 'temperature_avg': 25.41818181818182, 'pm10_avg': 3.2, 'pm25_avg': 2.7636363636363632}, 'timestamp': '2026-07-25 14:21:08'}",False,
"{'school': {'name': 'SZKOŁA PODSTAWOWA Z ODDZIAŁAMI INTEGRACYJNYMI NR 148 IM. POLSKICH NOBLISTÓW W KRAKOWIE', 'street': 'UL. ŻABIA', 'post_code': '30-809', 'city': 'KRAKÓW-PODGÓRZE', 'longitude': '19.9959686', 'latitude': '50.0171518'}, 'data': {'humidity_avg': 33.541666666666664, 'pressure_avg': 984.2916666666666, 'temperature_avg': 27.058333333333334, 'pm10_avg': 3.225, 'pm25_avg': 2.85}, 'timestamp': '2026-07-25 14:21:08'}",False,
"{'school': {'name': 'SZKOŁA PODSTAWOWA IM. ZESŁAŃCÓW SYBIRU W SZAROCINIE', 'street': None, 'post_code': '58-400', 'city': 'SZAROCIN', 'longitude': '15.9235531', 'latitude': '50.7683008'}, 'data': {'humidity_avg': 38.833333333333336, 'pressure_avg': 946.125, 'temperature_avg': 24.325, 'pm10_avg': 3.4666666666666672, 'pm25_avg': 2.975}, 'timestamp': '2026-07-25 14:21:08'}",False,
"{'school': {'name': 'SZKOŁA PODSTAWOWA IM. WANDY CHOTOMSKIEJ W KIEŁCZOWIE', 'street': 'UL. SZKOLNA', 'post_code': '55-093', 'city': 'KIEŁCZÓW', 'longitude': '17.175736', 'latitude': '51.1396608'}, 'data': {'humidity_avg': 25.154545454545453, 'pressure_avg': 993.1909090909091, 'temperature_avg': 31.436363636363637, 'pm10_avg': 2.7363636363636363, 'pm25_avg': 2.309090909090909}, 'timestamp': '2026-07-25 14:21:08'}",False,
"{'school': {'name': 'SZKOŁA PODSTAWOWA IM. LEONA FILCKA W ŚWIERCZYNKACH', 'street': None, 'post_code': '87-148', 'city': 'ŚWIERCZYNKI', 'longitude': '18.5292148', 'latitude': '53.0982246'}, 'data': {'humidity_avg': 39.44166666666667, 'pressure_avg': 997.8333333333334, 'temperature_avg': 25.28333333333333, 'pm10_avg': 5.783333333333334, 'pm25_avg': 5.016666666666667}, 'timestamp': '2026-07-25 14:21:08'}",False,
"{'school': {'name': 'SZKOŁA PODSTAWOWA IM. MARII KONOPNICKIEJ W CZERWONCE', 'street': None, 'post_code': '06-232', 'city': 'CZERWONKA WŁOŚCIAŃSKA', 'longitude': '21.2176069', 'latitude': '52.893054'}, 'data': {'humidity_avg': 40.97272727272727, 'pressure_avg': 994.9727272727273, 'temperature_avg': 26.445454545454538, 'pm10_avg': 3.327272727272727, 'pm25_avg': 2.954545454545454}, 'timestamp': '2026-07-25 14:21:08'}",False,
"{'school': {'name': 'BRANŻOWA SZKOŁA I STOPNIA W BRNIU', 'street': None, 'post_code': '33-210', 'city': 'BREŃ', 'longitude': '21.0193426', 'latitude': '50.1085428'}, 'data': {'humidity_avg': 38.8375, 'pressure_avg': 989.5625, 'temperature_avg': 27.1375, 'pm10_avg': 3.0, 'pm25_avg': 2.575}, 'timestamp': '2026-07-25 14:21:08'}",False,
"{'school': {'name': 'SZKOŁA PODSTAWOWA NR 3 IM. JANUSZA KORCZAKA W CZELADZI', 'street': 'UL. STANISŁAWA STASZICA', 'post_code': '41-250', 'city': 'CZELADŹ', 'longitude': '19.0704415', 'latitude': '50.317273'}, 'data': {'humidity_avg': 39.809090909090905, 'pressure_avg': 979.6454545454545, 'temperature_avg': 24.718181818181815, 'pm10_avg': 2.854545454545454, 'pm25_avg': 2.709090909090909}, 'timestamp': '2026-07-25 14:21:08'}",False,
"{'school': {'name': 'SZKOŁA PODSTAWOWA NR 3 IM J.SŁOWACKIEGO W CZECHOWICACH-DZIEDZICACH', 'street': 'UL. LIPOWSKA', 'post_code': '43-502', 'city': 'CZECHOWICE-DZIEDZICE', 'longitude': '19.018569', 'latitude': '49.8807489'}, 'data': {'humidity_avg': 35.53333333333333, 'pressure_avg': 978.9666666666667, 'temperature_avg': 27.34166666666667, 'pm10_avg': 2.675, 'pm25_avg': 2.208333333333333}, 'timestamp': '2026-07-25 14:21:08'}",False,
"{'school': {'name': 'TECHNIKUM NR 1 W PIASECZNIE', 'street': 'UL. SZPITALNA', 'post_code': '05-500', 'city': 'PIASECZNO', 'longitude': '21.0220213', 'latitude': '52.064158'}, 'data': {'humidity_avg': 42.35454545454545, 'pressure_avg': 996.3272727272728, 'temperature_avg': 26.227272727272727, 'pm10_avg': 3.290909090909091, 'pm25_avg': 2.818181818181818}, 'timestamp': '2026-07-25 14:21:08'}",False,
"{'school': {'name': 'MIEJSKA SZKOŁA PODSTAWOWA NR 13 IM. POWSTAŃCÓW ŚLĄSKICH W PIEKARACH ŚLĄSKICH', 'street': 'UL. MARII CURIE-SKŁODOWSKIEJ', 'post_code': '41-949', 'city': 'PIEKARY ŚLĄSKIE', 'longitude': '18.9974136', 'latitude': '50.3650768'}, 'data': {'humidity_avg': 43.69166666666666, 'pressure_avg': 980.9250000000001, 'temperature_avg': 25.066666666666666, 'pm10_avg': 2.333333333333333, 'pm25_avg': 1.8083333333333331}, 'timestamp': '2026-07-25 14:21:08'}",False,
"{'school': {'name': 'SZKOŁA PODSTAWOWA NR 32 IM. JANA III SOBIESKIEGO W BIELSKU-BIAŁEJ', 'street': 'UL. CIESZYŃSKA', 'post_code': '43-382', 'city': 'BIELSKO-BIAŁA', 'longitude': '18.9841936', 'latitude': '49.8072544'}, 'data': {'humidity_avg': 48.83076923076923, 'pressure_avg': 971.4769230769232, 'temperature_avg': 22.03076923076923, 'pm10_avg': 3.230769230769231, 'pm25_avg': 2.9923076923076923}, 'timestamp': '2026-07-25 14:21:08'}",False,
"{'school': {'name': 'SZKOŁA PODSTAWOWA NR 1 IM. ARMII KRAJOWEJ W SZYNWAŁDZIE', 'street': None, 'post_code': '33-158', 'city': 'SZYNWAŁD', 'longitude': '21.114199', 'latitude': '49.974213'}, 'data': {'humidity_avg': 39.666666666666664, 'pressure_avg': 981.4333333333334, 'temperature_avg': 25.833333333333332, 'pm10_avg': 4.833333333333333, 'pm25_avg': 4.149999999999999}, 'timestamp': '2026-07-25 14:21:08'}",False,
"{'school': {'name': 'SZKOŁA PODSTAWOWA NR 9 IM. 42 PUŁKU PIECHOTY W BIAŁYMSTOKU', 'street': 'UL. LEGIONOWA', 'post_code': '15-281', 'city': 'BIAŁYSTOK', 'longitude': '23.15575350113204', 'latitude': '53.128982181525735'}, 'data': {'humidity_avg': 55.26153846153846, 'pressure_avg': 995.7769230769231, 'temperature_avg': 23.56153846153846, 'pm10_avg': 3.384615384615384, 'pm25_avg': 3.03076923076923}, 'timestamp': '2026-07-25 14:21:08'}",False,
"{'school': {'name': 'NIEPUBLICZNA SZKOŁA PODSTAWOWA NEO MONTESSORI SCHOOL W MYŚLENICACH', 'street': 'UL. ANDRZEJA ŚREDNIAWSKIEGO', 'post_code': '32-400', 'city': 'MYŚLENICE', 'longitude': '19.9336544', 'latitude': '49.8334292'}, 'data': {'humidity_avg': 39.50833333333333, 'pressure_avg': 975.1, 'temperature_avg': 23.40833333333333, 'pm10_avg': 2.633333333333333, 'pm25_avg': 2.441666666666667}, 'timestamp': '2026-07-25 14:21:08'}",False,
"{'school': {'name': 'I LICEUM OGÓLNOKSZTAŁCĄCE IM. TADEUSZA KOŚCIUSZKI W MYŚLENICACH', 'street': 'UL. JAGIELLOŃSKA', 'post_code': '32-400', 'city': 'MYŚLENICE', 'longitude': '19.9439101', 'latitude': '49.8302955'}, 'data': {'humidity_avg': 32.68181818181818, 'pressure_avg': 976.3, 'temperature_avg': 27.327272727272728, 'pm10_avg': 2.381818181818182, 'pm25_avg': 2.0}, 'timestamp': '2026-07-25 14:21:08'}",False,
"{'school': {'name': 'SZKOŁA PODSTAWOWA NR 2 IM. ZIEMI ŚWIECKIEJ W ŚWIECIU', 'street': 'UL. CHMIELNIKI', 'post_code': '86-100', 'city': 'ŚWIECIE', 'longitude': '18.447014082381997', 'latitude': '53.41280656744466 '}, 'data': {'humidity_avg': 37.97777777777778, 'pressure_avg': 1001.0555555555555, 'temperature_avg': 28.58888888888889, 'pm10_avg': 4.022222222222222, 'pm25_avg': 3.3666666666666663}, 'timestamp': '2026-07-25 14:21:08'}",False,
"{'school': {'name': 'II LICEUM OGÓLNOKSZTAŁCĄCE IM. KRÓLOWEJ JADWIGI W TORUNIU', 'street': 'UL. KOSYNIERÓW KOŚCIUSZKOWSKICH', 'post_code': '87-100', 'city': 'TORUŃ', 'longitude': '18.6912438', 'latitude': '53.0267445'}, 'data': {'humidity_avg': 44.11666666666667, 'pressure_avg': 1003.1166666666667, 'temperature_avg': 24.516666666666666, 'pm10_avg': 9.950000000000001, 'pm25_avg': 9.033333333333333}, 'timestamp': '2026-07-25 14:21:08'}",False,
"{'school': {'name': 'SZKOŁA PODSTAWOWA IM. KS. JANA RECA W SIEDLISKACH', 'street': None, 'post_code': '38-350', 'city': 'SIEDLISKA', 'longitude': '20.9844157', 'latitude': '49.7300798'}, 'data': {'humidity_avg': 35.800000000000004, 'pressure_avg': 971.1636363636363, 'temperature_avg': 25.99090909090909, 'pm10_avg': 2.3, 'pm25_avg': 2.027272727272727}, 'timestamp': '2026-07-25 14:21:08'}",False,
"{'school': {'name': 'SZKOŁA PODSTAWOWA IM. ADAMA MICKIEWICZAW LACHOWICACH', 'street': None, 'post_code': '34-232', 'city': 'LACHOWICE', 'longitude': '19.4703353', 'latitude': '49.7126179'}, 'data': {'humidity_avg': 37.05, 'pressure_avg': 955.3874999999999, 'temperature_avg': 25.825, 'pm10_avg': 7.762499999999999, 'pm25_avg': 5.4375}, 'timestamp': '2026-07-25 14:21:08'}",False,
"{'school': {'name': 'SZKOŁA PODSTAWOWA IM. KS. JANA TWARDOWSKIEGO W ŚLEMIENIU', 'street': 'UL. SZKOLNA', 'post_code': '34-323', 'city': 'ŚLEMIEŃ', 'longitude': '19.3652089', 'latitude': '49.717868'}, 'data': {'humidity_avg': 41.6, 'pressure_avg': 959.7454545454547, 'temperature_avg': 24.954545454545453, 'pm10_avg': 2.954545454545454, 'pm25_avg': 2.718181818181818}, 'timestamp': '2026-07-25 14:21:08'}",False,
"{'school': {'name': 'SZKOŁA PODSTAWOWA IM. WOJSKA POLSKIEGO W WIEWIÓRCZYNIE', 'street': 'UL. SZKOLNA', 'post_code': '98-100', 'city': 'WIEWIÓRCZYN', 'longitude': '19.161207571164812', 'latitude': '51.59139253847756'}, 'data': {'humidity_avg': 46.46666666666667, 'pressure_avg': 989.0666666666667, 'temperature_avg': 24.08888888888889, 'pm10_avg': 3.844444444444444, 'pm25_avg': 3.044444444444444}, 'timestamp': '2026-07-25 14:21:08'}",False,
"{'school': {'name': 'ZESPÓŁ SZKÓŁ SZKOŁA PODSTAWOWA IM. BŁ. O. MICHAŁA TOMASZKA W ŁĘKAWICY', 'street': 'UL. SPORTOWA', 'post_code': '34-321', 'city': 'ŁĘKAWICA', 'longitude': '19.263248942329625', 'latitude': '49.72064130457127'}, 'data': {'humidity_avg': 46.71666666666667, 'pressure_avg': 967.1583333333333, 'temperature_avg': 23.891666666666666, 'pm10_avg': 3.05, 'pm25_avg': 2.7416666666666663}, 'timestamp': '2026-07-25 14:21:08'}",False,
"{'school': {'name': 'SZKOŁA PODSTAWOWA W SADŁOWIE', 'street': None, 'post_code': '87-500', 'city': 'SADŁOWO', 'longitude': '19.5186241', 'latitude': '53.0875044'}, 'data': {'humidity_avg': 49.3, 'pressure_avg': 993.7818181818183, 'temperature_avg': 23.59090909090909, 'pm10_avg': 4.399999999999999, 'pm25_avg': 4.118181818181818}, 'timestamp': '2026-07-25 14:21:08'}",False,
"{'school': {'name': 'ZESPÓŁ SZKOLNO-PRZEDSZKOLNY W WITANOWICACH-SZKOŁA PODSTAWOWA IM.JANA KOCHANOWSKIEGO W WITANOWICACH', 'street': 'UL. JANA PAWŁA II', 'post_code': '34-103', 'city': 'WITANOWICE', 'longitude': '19.51365', 'latitude': '49.9184852'}, 'data': {'humidity_avg': 39.36666666666667, 'pressure_avg': 977.9916666666667, 'temperature_avg': 28.075, 'pm10_avg': 3.25, 'pm25_avg': 2.75}, 'timestamp': '2026-07-25 14:21:08'}",False,
"{'school': {'name': 'SZKOŁA PODSTAWOWA NR 2 IM. TADEUSZA KOŚCIUSZKI W WIELICZCE - FILIA W SUŁKOWIE', 'street': None, 'post_code': '32-020', 'city': 'SUŁKÓW', 'longitude': '20.1069823', 'latitude': '49.9883821'}, 'data': {'humidity_avg': 41.24166666666667, 'pressure_avg': 977.5500000000001, 'temperature_avg': 23.858333333333334, 'pm10_avg': 2.65, 'pm25_avg': 2.55}, 'timestamp': '2026-07-25 14:21:08'}",False,
"{'school': {'name': 'BRANŻOWA SZKOŁA I STOPNIA W CHRZANOWIE', 'street': 'UL. PADEREWSKIEGO', 'post_code': '32-500', 'city': 'CHRZANÓW', 'longitude': '19.4001765', 'latitude': '50.1345643'}, 'data': {'humidity_avg': 50.25, 'pressure_avg': 978.775, 'temperature_avg': 22.35, 'pm10_avg': 2.475, 'pm25_avg': 2.0875}, 'timestamp': '2026-07-25 14:21:08'}",False,
"{'school': {'name': 'I LICEUM OGÓLNOKSZTAŁCĄCE IM. STANISŁAWA STASZICA W CHRZANOWIE', 'street': 'UL. J. PIŁSUDSKIEGO', 'post_code': '32-500', 'city': 'CHRZANÓW', 'longitude': '19.3974271', 'latitude': '50.1394988'}, 'data': {'humidity_avg': 39.63636363636363, 'pressure_avg': 977.3818181818183, 'temperature_avg': 26.518181818181816, 'pm10_avg': 0.554545454545454, 'pm25_avg': 0.41818181818181804}, 'timestamp': '2026-07-25 14:21:08'}",False,
"{'school': {'name': 'SZKOŁA PODSTAWOWA NR 3 IM. WŁADYSŁAWA JAGIEŁŁY W BRODNICY', 'street': 'UL. WIEJSKA', 'post_code': '87-300', 'city': 'BRODNICA', 'longitude': '19.39751', 'latitude': '53.2610089'}, 'data': {'humidity_avg': 44.65833333333333, 'pressure_avg': 999.275, 'temperature_avg': 25.558333333333334, 'pm10_avg': 3.9916666666666663, 'pm25_avg': 3.341666666666667}, 'timestamp': '2026-07-25 14:21:08'}",False,
"{'school': {'name': 'PUBLICZNA SZKOŁA PODSTAWOWA W KORCZEWIE', 'street': 'UL. SZKOLNA', 'post_code': '08-108', 'city': 'KORCZEW', 'longitude': '22.613639', 'latitude': '52.3530467'}, 'data': {'humidity_avg': 47.15, 'pressure_avg': 993.3249999999999, 'temperature_avg': 24.708333333333332, 'pm10_avg': 2.449999999999999, 'pm25_avg': 2.191666666666667}, 'timestamp': '2026-07-25 14:21:08'}",False,
"{'school': {'name': 'SZKOŁA PODSTAWOWA IM.ADAMA MICKIEWICZA W TOMICACH', 'street': 'UL. FLORIAŃSKA', 'post_code': '34-100', 'city': 'TOMICE', 'longitude': '19.4837812', 'latitude': '49.8974869'}, 'data': {'humidity_avg': 41.67272727272727, 'pressure_avg': 980.6272727272727, 'temperature_avg': 27.60909090909091, 'pm10_avg': 2.872727272727273, 'pm25_avg': 2.354545454545455}, 'timestamp': '2026-07-25 14:21:08'}",False,
"{'school': {'name': 'SZKOŁA PODSTAWOWA NR 2 IM. STANISŁAWA KONARSKIEGO W STAREJ WSI', 'street': None, 'post_code': '34-600', 'city': 'STARA WIEŚ', 'longitude': '20.4262381', 'latitude': '49.6797439'}, 'data': {'humidity_avg': 38.43636363636364, 'pressure_avg': 949.3363636363636, 'temperature_avg': 24.38181818181818, 'pm10_avg': 2.536363636363636, 'pm25_avg': 2.227272727272727}, 'timestamp': '2026-07-25 14:21:08'}",False,
"{'school': {'name': 'SZKOŁA PODSTAWOWA NR 4 IM. STANISŁAWA STASZICA W BĘDZINIE', 'street': 'UL. WISŁAWY SZYMBORSKIEJ', 'post_code': '42-500', 'city': 'BĘDZIN', 'longitude': '19.1254121', 'latitude': '50.3255999'}, 'data': {'humidity_avg': 39.26923076923077, 'pressure_avg': 979.4923076923077, 'temperature_avg': 25.23846153846154, 'pm10_avg': 3.261538461538461, 'pm25_avg': 2.738461538461538}, 'timestamp': '2026-07-25 14:21:08'}",False,
"{'school': {'name': 'SZKOŁA PODSTAWOWA W KOBIERZYNIE', 'street': None, 'post_code': '33-140', 'city': 'KOBIERZYN', 'longitude': '20.9939935', 'latitude': '50.104034'}, 'data': {'humidity_avg': 37.300000000000004, 'pressure_avg': 985.275, 'temperature_avg': 25.8, 'pm10_avg': 2.833333333333333, 'pm25_avg': 2.558333333333333}, 'timestamp': '2026-07-25 14:21:08'}",False,
"{'school': {'name': 'SZKOŁA PODSTAWOWA IMIENIA PARTYZANTÓW BRACI MICHAŁA I ALEKSANDRA CHRZANOWSKICH W GRÓDKU', 'street': 'UL. ALEKSANDRA I GRZEGORZA CHODKIEWICZÓW', 'post_code': '16-040', 'city': 'GRÓDEK', 'longitude': '23.6733713', 'latitude': '53.093361'}, 'data': {'humidity_avg': 45.28181818181818, 'pressure_avg': 991.7636363636364, 'temperature_avg': 22.78181818181818, 'pm10_avg': 1.6, 'pm25_avg': 1.363636363636363}, 'timestamp': '2026-07-25 14:21:08'}",False,
"{'school': {'name': 'SZKOŁA PODSTAWOWA NR 6 W NOWEJ SOLI', 'street': 'UL. KOŚCIUSZKI', 'post_code': '67-100', 'city': 'NOWA SÓL', 'longitude': '15.7074217', 'latitude': '51.8085526'}, 'data': {'humidity_avg': 31.336363636363636, 'pressure_avg': 999.9181818181819, 'temperature_avg': 27.545454545454547, 'pm10_avg': 3.6, 'pm25_avg': 3.154545454545454}, 'timestamp': '2026-07-25 14:21:08'}",False,
"{'school': {'name': 'SZKOŁA PODSTAWOWA IM. KRÓLA JANA III SOBIESKIEGO W KAŃCZUDZE', 'street': 'UL. SZKOLNA', 'post_code': '37-220', 'city': 'KAŃCZUGA', 'longitude': '22.4116071', 'latitude': '49.9833529'}, 'data': {'humidity_avg': 46.3, 'pressure_avg': 987.75, 'temperature_avg': 23.71, 'pm10_avg': 2.01, 'pm25_avg': 1.76}, 'timestamp': '2026-07-25 14:21:08'}",False,
"{'school': {'name': 'TECHNIKUM W NIEĆKOWIE', 'street': None, 'post_code': '19-230', 'city': 'NIEĆKOWO', 'longitude': '22.351128913079865', 'latitude': '53.55105183568498 '}, 'data': {'humidity_avg': 43.541666666666664, 'pressure_avg': 993.0, 'temperature_avg': 26.349999999999998, 'pm10_avg': 2.608333333333333, 'pm25_avg': 2.3}, 'timestamp': '2026-07-25 14:21:08'}",False,
"{'school': {'name': 'PRYWATNA SZKOŁA PODSTAWOWA W PISZU', 'street': 'UL. ADAMA MICKIEWICZA', 'post_code': '12-200', 'city': 'PISZ', 'longitude': '21.794366', 'latitude': '53.629361'}, 'data': {'humidity_avg': 46.10833333333333, 'pressure_avg': 994.5, 'temperature_avg': 26.133333333333336, 'pm10_avg': 3.025, 'pm25_avg': 2.625}, 'timestamp': '2026-07-25 14:21:08'}",False,
"{'school': {'name': 'SZKOŁA PODSTAWOWA NR 3 IM. JANUSZA KUSOCIŃSKIEGO W LEGIONOWIE', 'street': 'UL. WŁADYSŁAWA BRONIEWSKIEGO', 'post_code': '05-120', 'city': 'LEGIONOWO', 'longitude': '20.92648791534102', 'latitude': '52.39938577565952'}, 'data': {'humidity_avg': 39.56363636363636, 'pressure_avg': 999.5545454545455, 'temperature_avg': 27.39090909090909, 'pm10_avg': 3.263636363636363, 'pm25_avg': 2.7363636363636363}, 'timestamp': '2026-07-25 14:21:08'}",False,
"{'school': {'name': 'OGÓLNOKSZTAŁCĄCA SZKOŁA MUZYCZNA II ST. W WARSZAWIE', 'street': 'UL. ZYGMUNTA KRASIŃSKIEGO', 'post_code': '01-530', 'city': 'WARSZAWA', 'longitude': '21.0082717', 'latitude': '52.2488761'}, 'data': {'humidity_avg': 44.050000000000004, 'pressure_avg': 998.2333333333332, 'temperature_avg': 25.058333333333334, 'pm10_avg': 2.816666666666666, 'pm25_avg': 2.508333333333333}, 'timestamp': '2026-07-25 14:21:08'}",False,
"{'school': {'name': 'II TECHNIKUM W ŁOSICACH', 'street': 'UL. RADZYŃSKA', 'post_code': '08-200', 'city': 'ŁOSICE', 'longitude': '22.7247614', 'latitude': '52.2001584'}, 'data': {'humidity_avg': 45.43333333333334, 'pressure_avg': 991.875, 'temperature_avg': 25.925, 'pm10_avg': 2.333333333333333, 'pm25_avg': 1.958333333333333}, 'timestamp': '2026-07-25 14:21:08'}",False,
"{'school': {'name': 'SZKOŁA PODSTAWOWA NR 9 IM. BERNARDA ŚWIERCZYNY W MYSŁOWICACH', 'street': 'UL. ARMII KRAJOWEJ', 'post_code': '41-400', 'city': 'MYSŁOWICE', 'longitude': '19.1324669', 'latitude': '50.239944'}, 'data': {'humidity_avg': 36.03636363636363, 'pressure_avg': 978.9545454545455, 'temperature_avg': 26.045454545454547, 'pm10_avg': 2.809090909090909, 'pm25_avg': 2.5727272727272723}, 'timestamp': '2026-07-25 14:21:08'}",False,
"{'school': {'name': 'SZKOŁA PODSTAWOWA NR 5 IM. HENRYKA SIENKIEWICZA W CZERWIONCE-LESZCZYNACH', 'street': 'UL. SZKOLNA', 'post_code': '44-230', 'city': 'CZERWIONKA-LESZCZYNY', 'longitude': '18.6745918', 'latitude': '50.1507066'}, 'data': {'humidity_avg': 46.23846153846154, 'pressure_avg': 980.7076923076924, 'temperature_avg': 24.45384615384615, 'pm10_avg': 3.223076923076923, 'pm25_avg': 2.6538461538461533}, 'timestamp': '2026-07-25 14:21:08'}",False,
"{'school': {'name': 'SZKOŁA PODSTAWOWA NR 3 IM. ZIEMI RADLIŃSKIEJ W RADLINIE', 'street': 'UL. JÓZEFA RYMERA', 'post_code': '44-310', 'city': 'RADLIN', 'longitude': '18.4495211', 'latitude': '50.0469368'}, 'data': {'humidity_avg': 38.25454545454546, 'pressure_avg': 976.0, 'temperature_avg': 27.018181818181816, 'pm10_avg': 2.9454545454545453, 'pm25_avg': 2.390909090909091}, 'timestamp': '2026-07-25 14:21:08'}",False,
"{'school': {'name': 'SZKOŁA PODSTAWOWA IM.ABP.JÓZEFA BILCZEWSKIEGO W WILAMOWICACH', 'street': 'RYNEK RYNEK', 'post_code': '43-330', 'city': 'WILAMOWICE', 'longitude': '19.1520875', 'latitude': '49.9166289'}, 'data': {'humidity_avg': 35.90909090909091, 'pressure_avg': 977.6, 'temperature_avg': 27.727272727272727, 'pm10_avg': 2.663636363636363, 'pm25_avg': 2.663636363636363}, 'timestamp': '2026-07-25 14:21:08'}",False,
"{'school': {'name': 'SZKOŁA PODSTAWOWA IM. TADEUSZA KOŚCIUSZKI W NEHRYBCE', 'street': None, 'post_code': '37-733', 'city': 'NEHRYBKA', 'longitude': '22.804719', 'latitude': '49.753056'}, 'data': {'humidity_avg': 49.77272727272727, 'pressure_avg': 986.7363636363636, 'temperature_avg': 23.481818181818184, 'pm10_avg': 3.072727272727272, 'pm25_avg': 2.554545454545454}, 'timestamp': '2026-07-25 14:21:08'}",False,
"{'school': {'name': 'SZKOŁA PODSTAWOWA IM.JANA PAWŁA II W DOBKOWICACH', 'street': None, 'post_code': '37-554', 'city': 'DOBKOWICE', 'longitude': '22.706004268724662', 'latitude': '49.92367017702528 '}, 'data': {'humidity_avg': 43.70909090909091, 'pressure_avg': 984.8272727272728, 'temperature_avg': 25.463636363636365, 'pm10_avg': 2.109090909090909, 'pm25_avg': 1.8}, 'timestamp': '2026-07-25 14:21:08'}",False,
"{'school': {'name': 'SZKOŁA PODSTAWOWA IM. ŚW. JANA KANTEGO W ŁOPUSZCE WIELKIEJ', 'street': None, 'post_code': '37-222', 'city': 'ŁOPUSZKA WIELKA', 'longitude': '22.3907875', 'latitude': '49.9363498'}, 'data': {'humidity_avg': 48.375, 'pressure_avg': 981.7583333333333, 'temperature_avg': 23.241666666666664, 'pm10_avg': 2.55, 'pm25_avg': 2.216666666666667}, 'timestamp': '2026-07-25 14:21:08'}",False,
"{'school': {'name': 'SZKOŁA PODSTAWOWA IM. IGNACEGO SOLARZA W GACI', 'street': None, 'post_code': '37-207', 'city': 'GAĆ', 'longitude': '22.373016099999994', 'latitude': '50.02446508943701'}, 'data': {'humidity_avg': 47.45454545454545, 'pressure_avg': 986.0363636363636, 'temperature_avg': 24.30909090909091, 'pm10_avg': 2.3, 'pm25_avg': 2.027272727272727}, 'timestamp': '2026-07-25 14:21:08'}",False,
"{'school': {'name': 'SZKOŁA PODSTAWOWA W WOLI WĘGIERSKIEJ', 'street': None, 'post_code': '37-560', 'city': 'WOLA WĘGIERSKA', 'longitude': '22.5612181', 'latitude': '49.8633435'}, 'data': {'humidity_avg': 44.699999999999996, 'pressure_avg': 980.3916666666665, 'temperature_avg': 24.71666666666667, 'pm10_avg': 2.083333333333333, 'pm25_avg': 1.7666666666666662}, 'timestamp': '2026-07-25 14:21:08'}",False,
"{'school': {'name': 'SZKOŁA PODSTAWOWA NR 3 IM. WŁ.BRONIEWSKIEGO W CZERWIONCE-LESZCZYNACH', 'street': 'UL. BRONIEWSKIEGO', 'post_code': '44-238', 'city': 'CZERWIONKA-LESZCZYNY', 'longitude': '18.6774678', 'latitude': '50.1489305'}, 'data': {'humidity_avg': 45.90909090909091, 'pressure_avg': 981.4454545454545, 'temperature_avg': 24.454545454545453, 'pm10_avg': 3.136363636363636, 'pm25_avg': 3.145454545454545}, 'timestamp': '2026-07-25 14:21:08'}",False,
"{'school': {'name': 'III LICEUM OGÓLNOKSZTAŁCĄCE IM.MIKOŁAJA KOPERNIKA W WAŁBRZYCHU', 'street': 'UL. HENRYKA JORDANA', 'post_code': '58-305', 'city': 'WAŁBRZYCH', 'longitude': '16.2416054', 'latitude': '50.7596874'}, 'data': {'humidity_avg': 37.4, 'pressure_avg': 954.8125, 'temperature_avg': 25.7875, 'pm10_avg': 2.85, 'pm25_avg': 2.85}, 'timestamp': '2026-07-25 14:21:08'}",False,
"{'school': {'name': 'SZKOŁA PODSTAWOWA IM. MIKOŁAJA KOPERNIKA W LUBAWIE', 'street': 'ul. BARBARY', 'post_code': '14-260', 'city': 'LUBAWA', 'longitude': '19.74177000', 'latitude': '53.50398300'}, 'data': {'humidity_avg': 50.800000000000004, 'pressure_avg': 992.625, 'temperature_avg': 23.95, 'pm10_avg': 3.775, 'pm25_avg': 3.041666666666666}, 'timestamp': '2026-07-25 14:21:08'}",False,
"{'school': {'name': 'SZKOŁA PODSTAWOWA NR 4 SPECJALNA W GŁOGÓWKU', 'street': 'UL. BATOREGO', 'post_code': '48-250', 'city': 'GŁOGÓWEK', 'longitude': '17.862977', 'latitude': '50.3528547'}, 'data': {'humidity_avg': 33.83, 'pressure_avg': 984.5, 'temperature_avg': 25.8, 'pm10_avg': 2.6, 'pm25_avg': 2.34}, 'timestamp': '2026-07-25 14:21:08'}",False,
"{'school': {'name': 'SZKOŁA PODSTAWOWA NR 1 IM. JANA PAWŁA II W SKRZYSZOWIE', 'street': None, 'post_code': '33-156', 'city': 'SKRZYSZÓW', 'longitude': '21.0570168', 'latitude': '49.9958784'}, 'data': {'humidity_avg': 46.35, 'pressure_avg': 986.7, 'temperature_avg': 25.21, 'pm10_avg': 4.15, 'pm25_avg': 3.5}, 'timestamp': '2026-07-25 14:21:08'}",False,
"{'school': {'name': 'TECHNIKUM NR 3 W GORLICACH', 'street': 'UL. ARIAŃSKA', 'post_code': '38-300', 'city': 'GORLICE', 'longitude': '21.1596321', 'latitude': '49.6546159'}, 'data': {'humidity_avg': 41.09166666666666, 'pressure_avg': 977.2083333333334, 'temperature_avg': 23.633333333333336, 'pm10_avg': 2.708333333333333, 'pm25_avg': 2.358333333333333}, 'timestamp': '2026-07-25 14:21:08'}",False,
"{'school': {'name': 'SZKOŁA PODSTAWOWA NR 46 IM. BRACTWA KURKOWEGO GRODU BYTOMSKIEGO W BYTOMIU', 'street': 'UL. BOLESŁAWA PRUSA', 'post_code': '41-902', 'city': 'BYTOM', 'longitude': '18.9290419', 'latitude': '50.3532975'}, 'data': {'humidity_avg': 45.233333333333334, 'pressure_avg': 977.4333333333333, 'temperature_avg': 23.311111111111114, 'pm10_avg': 2.622222222222222, 'pm25_avg': 2.233333333333333}, 'timestamp': '2026-07-25 14:21:08'}",False,
"{'school': {'name': 'SZKOŁA PODSTAWOWA IM. JANA PAWŁA II W KOWALACH OLECKICH', 'street': 'UL. WITOSA', 'post_code': '19-420', 'city': 'KOWALE OLECKIE', 'longitude': '22.4147515', 'latitude': '54.1701932'}, 'data': {'humidity_avg': 52.675000000000004, 'pressure_avg': 983.8333333333334, 'temperature_avg': 23.233333333333334, 'pm10_avg': 2.324999999999999, 'pm25_avg': 2.041666666666666}, 'timestamp': '2026-07-25 14:21:08'}",False,
"{'school': {'name': 'TECHNIKUM IM. JANA PAWŁA II W PODDĘBICACH', 'street': 'UL. POLNA', 'post_code': '99-200', 'city': 'PODDĘBICE', 'longitude': '18.95681689', 'latitude': '51.8883861'}, 'data': {'humidity_avg': 37.77777777777778, 'pressure_avg': 994.0555555555555, 'temperature_avg': 26.61111111111111, 'pm10_avg': 3.555555555555555, 'pm25_avg': 2.977777777777778}, 'timestamp': '2026-07-25 14:21:08'}",False,
"{'school': {'name': 'SZKOŁA PODSTAWOWA NR 1 IM. BOLESŁAWA PRUSA W GÓRZE', 'street': 'UL. MARII KONOPNICKIEJ', 'post_code': '56-200', 'city': 'GÓRA', 'longitude': '16.529885235098394', 'latitude': '51.6632922541776'}, 'data': {'humidity_avg': 32.64545454545455, 'pressure_avg': 996.6909090909091, 'temperature_avg': 29.49090909090909, 'pm10_avg': 3.6181818181818173, 'pm25_avg': 3.181818181818181}, 'timestamp': '2026-07-25 14:21:08'}",False,
"{'school': {'name': 'KOLEGIUM EUROPEJSKIE - EUROPEJSKIE NIEPUBLICZNE LICEUM OGÓLNOKSZTAŁCĄCE W KRAKOWIE', 'street': 'UL. ŚLUSARSKA', 'post_code': '30-710', 'city': 'KRAKÓW-PODGÓRZE', 'longitude': '19.9610702', 'latitude': '50.0483394'}, 'data': {'humidity_avg': 30.0, 'pressure_avg': 987.0272727272727, 'temperature_avg': 28.518181818181816, 'pm10_avg': 2.363636363636363, 'pm25_avg': 2.1}, 'timestamp': '2026-07-25 14:21:08'}",False,
"{'school': {'name': 'SZKOŁA PODSTAWOWA W KOPCIACH', 'street': None, 'post_code': '36-121', 'city': 'KOPCIE', 'longitude': '21.8655666', 'latitude': '50.3401797'}, 'data': {'humidity_avg': 43.68333333333334, 'pressure_avg': 988.8333333333334, 'temperature_avg': 24.933333333333334, 'pm10_avg': 2.25, 'pm25_avg': 1.916666666666666}, 'timestamp': '2026-07-25 14:21:08'}",False,
"{'school': {'name': 'SZKOŁA PODSTAWOWA IM. JANA PAWŁA II W ŁĘGAJNACH', 'street': 'UL. OGRODOWA', 'post_code': '11-010', 'city': 'ŁĘGAJNY', 'longitude': '20.6357122', 'latitude': '53.8204508'}, 'data': {'humidity_avg': 52.53333333333333, 'pressure_avg': 992.025, 'temperature_avg': 23.15833333333333, 'pm10_avg': 0.958333333333333, 'pm25_avg': 0.8250000000000001}, 'timestamp': '2026-07-25 14:21:08'}",False,
"{'school': {'name': 'SZKOŁA PODSTAWOWA Z ODDZIAŁAMI INTEGRACYJNYMI NR 354 IM. ADAMA ASNYKA W WARSZAWIE', 'street': 'UL. OTWOCKA', 'post_code': '03-759', 'city': 'WARSZAWA', 'longitude': '21.0377168', 'latitude': '52.2861058'}, 'data': {'humidity_avg': 43.06153846153846, 'pressure_avg': 999.1307692307693, 'temperature_avg': 24.799999999999997, 'pm10_avg': 3.03076923076923, 'pm25_avg': 2.746153846153846}, 'timestamp': '2026-07-25 14:21:08'}",False,
"{'school': {'name': 'LICEUM OGÓLNOKSZTAŁCĄCE IM.POLSKIEJ MACIERZY SZKOLNEJ W MIŃSKU MAZOWIECKIM', 'street': 'UL. PIĘKNA', 'post_code': '05-300', 'city': 'MIŃSK MAZOWIECKI', 'longitude': '21.5501669', 'latitude': '52.1774889'}, 'data': {'humidity_avg': 42.0, 'pressure_avg': 991.2727272727273, 'temperature_avg': 24.5, 'pm10_avg': 3.6181818181818173, 'pm25_avg': 3.154545454545454}, 'timestamp': '2026-07-25 14:21:08'}",False,
"{'school': {'name': 'SZKOŁA PODSTAWOWA NR 2 W MROZACH W ZESPOLE SZKÓŁ IM. ADAMA MICKIEWICZA W MROZACH', 'street': 'UL. LICEALNA', 'post_code': '05-320', 'city': 'MROZY', 'longitude': '21.8026971', 'latitude': '52.156954'}, 'data': {'humidity_avg': 68.2, 'pressure_avg': 989.75, 'temperature_avg': 23.433333333333334, 'pm10_avg': 2.449999999999999, 'pm25_avg': 2.066666666666667}, 'timestamp': '2026-07-25 14:21:08'}",False,
"{'school': {'name': 'SZKOŁA PODSTAWOWA NR 2 IM. WŁADYSŁAWA STANISŁAWA REYMONTA W MORĄGU', 'street': 'UL. ŻEROMSKIEGO', 'post_code': '14-300', 'city': 'MORĄG', 'longitude': '19.9266354', 'latitude': '53.9248797'}, 'data': {'humidity_avg': 55.31818181818182, 'pressure_avg': 993.2090909090908, 'temperature_avg': 22.927272727272726, 'pm10_avg': 4.445454545454545, 'pm25_avg': 3.809090909090909}, 'timestamp': '2026-07-25 14:21:08'}",False,
"{'school': {'name': 'SZKOŁA PODSTAWOWA NR 5 IM. HUGONA KOŁŁĄTAJA W ŻYWCU', 'street': 'UL. POWSTAŃCÓW ŚLĄSKICH', 'post_code': '34-300', 'city': 'ŻYWIEC', 'longitude': '19.1823983', 'latitude': '49.6912999'}, 'data': {'humidity_avg': 46.31666666666666, 'pressure_avg': 971.9833333333332, 'temperature_avg': 24.108333333333334, 'pm10_avg': 4.133333333333334, 'pm25_avg': 3.8}, 'timestamp': '2026-07-25 14:21:08'}",False,
"{'school': {'name': 'SZKOŁA PODSTAWOWA IM. ADAMA MICKIEWICZA W DOMINIKOWICACH', 'street': None, 'post_code': '38-303', 'city': 'DOMINIKOWICE', 'longitude': '21.2188105', 'latitude': '49.6508596'}, 'data': {'humidity_avg': 42.025, 'pressure_avg': 974.5125, 'temperature_avg': 23.9125, 'pm10_avg': 2.6375, 'pm25_avg': 2.3}, 'timestamp': '2026-07-25 14:21:08'}",False,
"{'school': {'name': 'I LICEUM OGÓLNOKSZTAŁCĄCE IM. STANISŁAWA WYSPIAŃSKIEGO W KĘTACH', 'street': 'UL. STANISŁAWA WYSPIAŃSKIEGO', 'post_code': '32-650', 'city': 'KĘTY', 'longitude': '19.215336', 'latitude': '49.8781411'}, 'data': {'humidity_avg': 37.46363636363636, 'pressure_avg': 977.9454545454545, 'temperature_avg': 27.972727272727273, 'pm10_avg': 2.581818181818181, 'pm25_avg': 2.163636363636363}, 'timestamp': '2026-07-25 14:21:08'}",False,
"{'school': {'name': 'TECHNIKUM LEŚNE W BIAŁOWIEŻY', 'street': 'PARK DYREKCYJNY', 'post_code': '17-230', 'city': 'BIAŁOWIEŻA', 'longitude': '23.8739355', 'latitude': '52.7021884'}, 'data': {'humidity_avg': 40.71666666666667, 'pressure_avg': 991.875, 'temperature_avg': 27.641666666666666, 'pm10_avg': 1.608333333333333, 'pm25_avg': 1.333333333333333}, 'timestamp': '2026-07-25 14:21:08'}",False,
"{'school': {'name': 'SZKOŁA PODSTAWOWA W SPIACH', 'street': None, 'post_code': '36-121', 'city': 'WILCZA WOLA', 'longitude': '21.9142446', 'latitude': '50.386554'}, 'data': {'humidity_avg': 40.791666666666664, 'pressure_avg': 990.8333333333334, 'temperature_avg': 27.78333333333333, 'pm10_avg': 2.275, 'pm25_avg': 2.058333333333333}, 'timestamp': '2026-07-25 14:21:08'}",False,
"{'school': {'name': 'SZKOŁA PODSTAWOWA W ROŹWIENICY', 'street': None, 'post_code': '37-565', 'city': 'ROŹWIENICA', 'longitude': '22.5987701', 'latitude': '49.9522037'}, 'data': {'humidity_avg': 48.94444444444444, 'pressure_avg': 983.8333333333334, 'temperature_avg': 23.8, 'pm10_avg': 2.222222222222222, 'pm25_avg': 1.844444444444444}, 'timestamp': '2026-07-25 14:21:08'}",False,
"{'school': {'name': 'LICEUM OGÓLNOKSZTAŁCĄCE IM. ARTURA GROTTGERA W GRYBOWIE', 'street': 'UL. KOŚCIUSZKI', 'post_code': '33-330', 'city': 'GRYBÓW', 'longitude': '20.9492019', 'latitude': '49.6229909'}, 'data': {'humidity_avg': 41.975, 'pressure_avg': 971.775, 'temperature_avg': 23.21666666666667, 'pm10_avg': 3.908333333333333, 'pm25_avg': 3.416666666666666}, 'timestamp': '2026-07-25 14:21:08'}",False,
"{'school': {'name': 'SZKOŁA PODSTAWOWA IMIENIA KOMISJI EDUKACJI NARODOWEJ W SUŁKOWICACH- ŁĘGU', 'street': 'UL. CENTRALNA', 'post_code': '34-120', 'city': 'SUŁKOWICE', 'longitude': '19.3430192', 'latitude': '49.8345846'}, 'data': {'humidity_avg': 47.775, 'pressure_avg': 967.975, 'temperature_avg': 22.575, 'pm10_avg': 10.25, 'pm25_avg': 8.2875}, 'timestamp': '2026-07-25 14:21:08'}",False,
"{'school': {'name': 'III LICEUM OGÓLNOKSZTAŁCĄCE W SIEMIANOWICACH ŚLĄSKICH', 'street': 'UL. KATOWICKA', 'post_code': '41-100', 'city': 'SIEMIANOWICE ŚLĄSKIE', 'longitude': '18.9999671', 'latitude': '50.3144126'}, 'data': {'humidity_avg': 37.300000000000004, 'pressure_avg': 978.1083333333332, 'temperature_avg': 27.066666666666666, 'pm10_avg': 2.8666666666666663, 'pm25_avg': 2.341666666666666}, 'timestamp': '2026-07-25 14:21:08'}",False,
"{'school': {'name': 'NIEPUBLICZNA SZKOŁA PODSTAWOWA FUNDACJI KRÓLOWEJ ŚWIĘTEJ JADWIGI W KĘTACH', 'street': 'UL. ŻWIRKI I WIGURY', 'post_code': '32-650', 'city': 'KĘTY', 'longitude': '19.2228003', 'latitude': '49.8807299'}, 'data': {'humidity_avg': 43.275, 'pressure_avg': 978.1666666666666, 'temperature_avg': 24.15833333333333, 'pm10_avg': 3.483333333333333, 'pm25_avg': 2.925}, 'timestamp': '2026-07-25 14:21:08'}",False,
"{'school': {'name': 'SPOŁECZNA SZKOŁA PODSTAWOWA SPOŁECZNEGO TOWARZYSTWA OŚWIATOWEGO W KLUCZBORKU', 'street': 'UL. LIGONIA', 'post_code': '46-203', 'city': 'KLUCZBORK', 'longitude': '18.208403', 'latitude': '50.980243'}, 'data': {'humidity_avg': 43.09090909090909, 'pressure_avg': 987.6454545454545, 'temperature_avg': 23.427272727272726, 'pm10_avg': 3.481818181818181, 'pm25_avg': 3.481818181818181}, 'timestamp': '2026-07-25 14:21:08'}",False,
"{'school': {'name': 'TECHNIKUM NR 1 W GLIWICACH', 'street': 'UL. CHORZOWSKA', 'post_code': '44-100', 'city': 'GLIWICE', 'longitude': '18.69488447', 'latitude': '50.298553'}, 'data': {'humidity_avg': 35.50909090909091, 'pressure_avg': 982.9, 'temperature_avg': 26.281818181818185, 'pm10_avg': 2.936363636363636, 'pm25_avg': 2.6}, 'timestamp': '2026-07-25 14:21:08'}",False,
"{'school': {'name': 'SZKOŁA PODSTAWOWA NR 12 IM. MIKOŁAJA KOPERNIKA W GLIWICACH', 'street': 'UL. MIKOŁAJA KOPERNIKA', 'post_code': '44-117', 'city': 'GLIWICE', 'longitude': '18.657136', 'latitude': '50.320351'}, 'data': {'humidity_avg': 40.05833333333334, 'pressure_avg': 982.9166666666666, 'temperature_avg': 26.15833333333333, 'pm10_avg': 2.933333333333333, 'pm25_avg': 2.516666666666666}, 'timestamp': '2026-07-25 14:21:08'}",False,
"{'school': {'name': 'PUBLICZNA SZKOŁA PODSTAWOWA NR 5 IM. ENERGETYKÓW W STALOWEJ WOLI', 'street': 'UL. ENERGETYKÓW', 'post_code': '37-450', 'city': 'STALOWA WOLA', 'longitude': '22.0833578', 'latitude': '50.5435751'}, 'data': {'humidity_avg': 51.61818181818182, 'pressure_avg': 994.8363636363637, 'temperature_avg': 23.09090909090909, 'pm10_avg': 0.8, 'pm25_avg': 0.6272727272727271}, 'timestamp': '2026-07-25 14:21:08'}",False,
"{'school': {'name': 'SZKOŁA PODSTAWOWA W DARGOSŁAWIU', 'street': None, 'post_code': '72-304', 'city': 'DARGOSŁAW', 'longitude': '15.3875086', 'latitude': '53.9993121'}, 'data': {'humidity_avg': 48.1875, 'pressure_avg': 1002.3375, 'temperature_avg': 26.0, 'pm10_avg': 5.3125, 'pm25_avg': 4.8875}, 'timestamp': '2026-07-25 14:21:08'}",False,
"{'school': {'name': 'SZKOŁA PODSTAWOWA SPECJALNA NR 9 W KŁODZKU', 'street': 'UL. STANISŁAWA WYSPIAŃSKIEGO', 'post_code': '57-300', 'city': 'KŁODZKO', 'longitude': '16.66483421', 'latitude': '50.4342639'}, 'data': {'humidity_avg': 28.018181818181816, 'pressure_avg': 974.4363636363636, 'temperature_avg': 30.854545454545452, 'pm10_avg': 2.809090909090909, 'pm25_avg': 2.327272727272727}, 'timestamp': '2026-07-25 14:21:08'}",False,
"{'school': {'name': 'SZKOŁA PODSTAWOWA IM. JANA PAWŁA II W LUBOMIERZU', 'street': 'UL. TADEUSZA KOŚCIUSZKI', 'post_code': '59-623', 'city': 'LUBOMIERZ', 'longitude': '15.5085272', 'latitude': '51.0102648'}, 'data': {'humidity_avg': 37.40909090909091, 'pressure_avg': 966.2272727272727, 'temperature_avg': 27.018181818181816, 'pm10_avg': 3.154545454545454, 'pm25_avg': 2.6999999999999993}, 'timestamp': '2026-07-25 14:21:08'}",False,
"{'school': {'name': 'LICEUM OGÓLNOKSZTAŁCĄCE IM. MIKOŁAJA KOPERNIKA W WOŁOWIE', 'street': 'PL. JANA SOBIESKIEGO', 'post_code': '56-100', 'city': 'WOŁÓW', 'longitude': '16.647069', 'latitude': '51.3377004'}, 'data': {'humidity_avg': 26.90909090909091, 'pressure_avg': 995.0454545454545, 'temperature_avg': 30.181818181818183, 'pm10_avg': 3.218181818181818, 'pm25_avg': 2.754545454545454}, 'timestamp': '2026-07-25 14:21:08'}",False,
"{'school': {'name': 'SZKOŁA PODSTAWOWA NR 2 IM. JANA PAWŁA II W PIECHOWICACH ', 'street': 'UL. TYSIĄCLECIA', 'post_code': '58-573', 'city': 'PIECHOWICE', 'longitude': '15.606747', 'latitude': '50.849283'}, 'data': {'humidity_avg': 27.78, 'pressure_avg': 965.3100000000001, 'temperature_avg': 28.82, 'pm10_avg': 0.37, 'pm25_avg': 0.43}, 'timestamp': '2026-07-25 14:21:08'}",False,
"{'school': {'name': 'SZKOŁA PODSTAWOWA IM. IRENY SENDLEROWEJ W DOBROSZYCACH', 'street': 'UL. PARKOWA', 'post_code': '56-410', 'city': 'DOBROSZYCE', 'longitude': '17.340778', 'latitude': '51.2653364'}, 'data': {'humidity_avg': 36.58181818181818, 'pressure_avg': 989.9909090909091, 'temperature_avg': 24.163636363636364, 'pm10_avg': 3.918181818181818, 'pm25_avg': 3.327272727272727}, 'timestamp': '2026-07-25 14:21:08'}",False,
"{'school': {'name': 'SZKOŁA PODSTAWOWA NR 8 IM. ROMANA I ZDZISŁAWA PIETRASÓW W CZERWIONCE-LESZCZYNACH', 'street': 'UL. PROSTA', 'post_code': '44-230', 'city': 'CZERWIONKA-LESZCZYNY', 'longitude': '18.6774678', 'latitude': '50.1489305'}, 'data': {'humidity_avg': 39.541666666666664, 'pressure_avg': 977.4499999999999, 'temperature_avg': 25.058333333333334, 'pm10_avg': 2.85, 'pm25_avg': 2.483333333333333}, 'timestamp': '2026-07-25 14:21:08'}",False,
"{'school': {'name': 'SZKOŁA PODSTAWOWA W LUBANICACH', 'street': None, 'post_code': '68-200', 'city': 'LUBANICE', 'longitude': '15.1026979', 'latitude': '51.6968528'}, 'data': {'humidity_avg': 33.03636363636363, 'pressure_avg': 990.7727272727273, 'temperature_avg': 26.40909090909091, 'pm10_avg': 16.554545454545455, 'pm25_avg': 13.863636363636363}, 'timestamp': '2026-07-25 14:21:08'}",False,
"{'school': {'name': 'TECHNIKUM W ŻAGANIU', 'street': 'UL. POMORSKA', 'post_code': '68-100', 'city': 'ŻAGAŃ', 'longitude': '15.3217354', 'latitude': '51.6184885'}, 'data': {'humidity_avg': 31.181818181818183, 'pressure_avg': 995.3181818181819, 'temperature_avg': 27.809090909090912, 'pm10_avg': 3.718181818181818, 'pm25_avg': 3.172727272727272}, 'timestamp': '2026-07-25 14:21:08'}",False,
"{'school': {'name': 'SZKOŁA PODSTAWOWA W SIECIEBORZYCACH', 'street': None, 'post_code': '67-320', 'city': 'SIECIEBORZYCE', 'longitude': '15.5375655', 'latitude': '51.6630943'}, 'data': {'humidity_avg': 27.20909090909091, 'pressure_avg': 1027.8999999999999, 'temperature_avg': 31.063636363636363, 'pm10_avg': 3.672727272727272, 'pm25_avg': 3.163636363636363}, 'timestamp': '2026-07-25 14:21:08'}",False,
"{'school': {'name': 'SZKOŁA PODSTAWOWA IM. JANA PAWŁA II W ZŁOTNIKU', 'street': None, 'post_code': '68-200', 'city': 'ZŁOTNIK', 'longitude': '15.1902044', 'latitude': '51.6850821'}, 'data': {'humidity_avg': 31.09166666666667, 'pressure_avg': 992.1833333333334, 'temperature_avg': 27.666666666666668, 'pm10_avg': 4.616666666666666, 'pm25_avg': 4.1}, 'timestamp': '2026-07-25 14:21:08'}",False,
"{'school': {'name': 'SZKOŁA PODSTAWOWA IM. JANUSZA KORCZAKA W LASKOWEJ', 'street': None, 'post_code': '34-602', 'city': 'LASKOWA', 'longitude': '20.4496765', 'latitude': '49.7610405'}, 'data': {'humidity_avg': 43.25833333333333, 'pressure_avg': 972.3416666666667, 'temperature_avg': 23.041666666666668, 'pm10_avg': 2.35, 'pm25_avg': 2.058333333333333}, 'timestamp': '2026-07-25 14:21:08'}",False,
"{'school': {'name': 'SZKOŁA PODSTAWOWA NR 35 SPECJALNA W RUDZIE ŚLĄSKIEJ', 'street': 'UL. MAGAZYNOWA', 'post_code': '41-700', 'city': 'RUDA ŚLĄSKA', 'longitude': '18.86383', 'latitude': '50.307029'}, 'data': {'humidity_avg': 31.281818181818178, 'pressure_avg': 976.4727272727273, 'temperature_avg': 27.9, 'pm10_avg': 2.690909090909091, 'pm25_avg': 2.454545454545454}, 'timestamp': '2026-07-25 14:21:08'}",False,
"{'school': {'name': 'SZKOŁA PODSTAWOWA IMIENIA TADEUSZA KOŚCIUSZKI W CZEMIERNIKACH', 'street': 'UL. KOCKA', 'post_code': '21-306', 'city': 'CZEMIERNIKI', 'longitude': '22.626976', 'latitude': '51.672757'}, 'data': {'humidity_avg': 47.48461538461538, 'pressure_avg': 995.123076923077, 'temperature_avg': 23.123076923076926, 'pm10_avg': 1.569230769230769, 'pm25_avg': 1.446153846153846}, 'timestamp': '2026-07-25 14:21:08'}",False,
"{'school': {'name': 'PUBLICZNA SZKOŁA PODSTAWOWA IM.POWSTAŃCÓW 1863 ROKU W NAGOSZEWIE', 'street': None, 'post_code': '07-300', 'city': 'TURKA', 'longitude': '21.82001978', 'latitude': '52.74592765'}, 'data': {'humidity_avg': 51.36363636363637, 'pressure_avg': 998.5818181818181, 'temperature_avg': 26.218181818181815, 'pm10_avg': 0.9, 'pm25_avg': 0.718181818181818}, 'timestamp': '2026-07-25 14:21:08'}",False,
"{'school': {'name': 'SZKOŁA PODSTAWOWA NR 3 IM. PODRÓŻNIKÓW I ODKRYWCÓW POLSKICH W OLEŚNICY', 'street': 'UL. JANA KOCHANOWSKIEGO', 'post_code': '56-400', 'city': 'OLEŚNICA', 'longitude': '17.3900401', 'latitude': '51.210936'}, 'data': {'humidity_avg': 32.518181818181816, 'pressure_avg': 991.0, 'temperature_avg': 26.654545454545453, 'pm10_avg': 3.172727272727272, 'pm25_avg': 2.890909090909091}, 'timestamp': '2026-07-25 14:21:08'}",False,
"{'school': {'name': 'NIEPUBLICZNA OGÓLNOKSZTAŁCĄCA SZKOŁA MUZYCZNA I STOPNIA CLEVER W WAŁBRZYCHU', 'street': 'UL. ARMII KRAJOWEJ', 'post_code': '58-302', 'city': 'WAŁBRZYCH', 'longitude': '16.2868599', 'latitude': '50.8040348'}, 'data': {'humidity_avg': 37.833333333333336, 'pressure_avg': 960.9555555555556, 'temperature_avg': 26.0, 'pm10_avg': 3.277777777777777, 'pm25_avg': 2.8666666666666663}, 'timestamp': '2026-07-25 14:21:08'}",False,
"{'school': {'name': 'II LICEUM OGÓLNOKSZTAŁCĄCE IM. CYPRIANA KAMILA NORWIDA W JELENIEJ GÓRZE', 'street': 'UL. GIMNAZJALNA', 'post_code': '58-560', 'city': 'JELENIA GÓRA', 'longitude': '15.683888637696663', 'latitude': '50.866245288517455'}, 'data': {'humidity_avg': 26.845454545454547, 'pressure_avg': 968.8636363636364, 'temperature_avg': 29.318181818181817, 'pm10_avg': 3.372727272727273, 'pm25_avg': 2.8636363636363633}, 'timestamp': '2026-07-25 14:21:08'}",False,
"{'school': {'name': 'SZKOŁA PODSTAWOWA Z ODDZIAŁAMI INTEGRACYJNYMI IM. POWSTAŃCÓW WIELKOPOLSKICH W BODZEWIE', 'street': None, 'post_code': '63-820', 'city': 'BODZEWO', 'longitude': '17.070719', 'latitude': '51.8485949'}, 'data': {'humidity_avg': 42.69, 'pressure_avg': 994.8299999999999, 'temperature_avg': 26.04, 'pm10_avg': 3.88, 'pm25_avg': 3.88}, 'timestamp': '2026-07-25 14:21:08'}",False,
"{'school': {'name': 'SZKOŁA PODSTAWOWA W MILEJCZYCACH', 'street': 'UL. SZKOLNA', 'post_code': '17-332', 'city': 'MILEJCZYCE', 'longitude': '23.1365379', 'latitude': '52.5189199'}, 'data': {'humidity_avg': 49.80769230769231, 'pressure_avg': 989.4769230769232, 'temperature_avg': 23.6, 'pm10_avg': 2.192307692307692, 'pm25_avg': 1.8615384615384611}, 'timestamp': '2026-07-25 14:21:08'}",False,
"{'school': {'name': 'SZKOŁA PODSTAWOWA W WĄSICACH', 'street': 'UL. GŁÓWNA', 'post_code': '46-250', 'city': 'WĄSICE', 'longitude': '18.029775', 'latitude': '50.983905'}, 'data': {'humidity_avg': 35.891666666666666, 'pressure_avg': 992.5749999999999, 'temperature_avg': 26.441666666666666, 'pm10_avg': 4.925, 'pm25_avg': 4.375}, 'timestamp': '2026-07-25 14:21:08'}",False,
"{'school': {'name': 'I LICEUM OGÓLNOKSZTAŁCĄCE IM. HENRYKA SIENKIEWICZA  W MALBORKU', 'street': 'UL. 17 MARCA', 'post_code': '82-200', 'city': 'MALBORK', 'longitude': '19.0379763', 'latitude': '54.0361319'}, 'data': {'humidity_avg': 52.33636363636364, 'pressure_avg': 1005.5636363636364, 'temperature_avg': 22.927272727272726, 'pm10_avg': 5.1, 'pm25_avg': 4.745454545454546}, 'timestamp': '2026-07-25 14:21:08'}",False,
"{'school': {'name': 'SZKOŁA PODSTAWOWA NR 16 W ZABRZU', 'street': 'UL. JÓZEFA LOMPY', 'post_code': '41-806', 'city': 'ZABRZE', 'longitude': '18.8139578', 'latitude': '50.2870184'}, 'data': {'humidity_avg': 45.20909090909091, 'pressure_avg': 981.0727272727272, 'temperature_avg': 23.227272727272727, 'pm10_avg': 3.7818181818181813, 'pm25_avg': 3.018181818181818}, 'timestamp': '2026-07-25 14:21:08'}",False,
"{'school': {'name': 'SZKOŁA PODSTAWOWA NR 4 IM. I SAMODZIELNEJ WARSZAWSKIEJ BRYGADY KAWALERII W GRYFICACH', 'street': 'UL. SIENKIEWICZA', 'post_code': '72-300', 'city': 'GRYFICE', 'longitude': '15.19512694', 'latitude': '53.9126862'}, 'data': {'humidity_avg': 62.01818181818182, 'pressure_avg': 1005.8181818181819, 'temperature_avg': 22.145454545454545, 'pm10_avg': 5.727272727272727, 'pm25_avg': 4.827272727272727}, 'timestamp': '2026-07-25 14:21:08'}",False,
"{'school': {'name': 'SZKOŁA PODSTAWOWA IM. JANA PAWŁA II W RACŁAWICACH ŚLĄSKICH', 'street': 'UL. ZWYCIĘSTWA', 'post_code': '48-250', 'city': 'RACŁAWICE ŚLĄSKIE', 'longitude': '17.771528', 'latitude': '50.311402'}, 'data': {'humidity_avg': 33.96666666666667, 'pressure_avg': 984.6666666666666, 'temperature_avg': 27.758333333333336, 'pm10_avg': 10.691666666666665, 'pm25_avg': 9.016666666666667}, 'timestamp': '2026-07-25 14:21:08'}",False,
"{'school': {'name': 'SZKOŁA PODSTAWOWA W STRZELECZKACH', 'street': 'UL. SIENKIEWICZA', 'post_code': '47-364', 'city': 'STRZELECZKI', 'longitude': '17.8541788', 'latitude': '50.4590123'}, 'data': {'humidity_avg': 25.0, 'pressure_avg': 988.2, 'temperature_avg': 29.4, 'pm10_avg': 550.9, 'pm25_avg': 471.4}, 'timestamp': '2026-07-25 14:21:08'}",False,
"{'school': {'name': 'SPORTOWA SZKOŁA PODSTAWOWA W SŁUPSKU', 'street': 'UL. MARII ZABOROWSKIEJ', 'post_code': '76-200', 'city': 'SŁUPSK', 'longitude': '17.0284824', 'latitude': '54.464148'}, 'data': {'humidity_avg': 51.9, 'pressure_avg': 999.3000000000001, 'temperature_avg': 24.125, 'pm10_avg': 5.058333333333334, 'pm25_avg': 4.491666666666666}, 'timestamp': '2026-07-25 14:21:08'}",False,
"{'school': {'name': 'SZKOŁA PODSTAWOWA IM. TYSIĄCLECIA PAŃSTWA POLSKIEGO W DZIERZGOŃ', 'street': 'UL. KRZYWA', 'post_code': '82-440', 'city': 'DZIERZGOŃ', 'longitude': '19.349508', 'latitude': '53.92348'}, 'data': {'humidity_avg': 47.50909090909091, 'pressure_avg': 1005.8545454545455, 'temperature_avg': 24.127272727272725, 'pm10_avg': 6.372727272727272, 'pm25_avg': 5.572727272727272}, 'timestamp': '2026-07-25 14:21:08'}",False,
"{'school': {'name': 'SZKOŁA PODSTAWOWA W POLANCE WIELKIEJ', 'street': 'UL. DŁUGA', 'post_code': '32-607', 'city': 'POLANKA WIELKA', 'longitude': '19.326337', 'latitude': '49.985272'}, 'data': {'humidity_avg': 43.58, 'pressure_avg': 980.8, 'temperature_avg': 26.8, 'pm10_avg': 4.14, 'pm25_avg': 3.4}, 'timestamp': '2026-07-25 14:21:08'}",False,
"{'school': {'name': 'SZKOŁA PODSTAWOWA IM. KARDYNAŁA STEFANA WYSZYŃSKIEGO W GRUSZOWIE WIELKIM', 'street': None, 'post_code': '33-200', 'city': 'GRUSZÓW WIELKI', 'longitude': '21.03335443', 'latitude': '50.19213307'}, 'data': {'humidity_avg': 41.336363636363636, 'pressure_avg': 987.6181818181817, 'temperature_avg': 24.59090909090909, 'pm10_avg': 3.063636363636364, 'pm25_avg': 2.663636363636363}, 'timestamp': '2026-07-25 14:21:08'}",False,
"{'school': {'name': 'SZKOŁA PODSTAWOWA IM. GEN. DYW. TADEUSZA KUTRZEBY W KOŹLU', 'street': None, 'post_code': '95-011', 'city': 'KOŹLE', 'longitude': '19.58919231', 'latitude': '51.93825404'}, 'data': {'humidity_avg': 40.4, 'pressure_avg': 992.4, 'temperature_avg': 26.233333333333334, 'pm10_avg': 3.666666666666666, 'pm25_avg': 3.033333333333333}, 'timestamp': '2026-07-25 14:21:08'}",False,
"{'school': {'name': 'TECHNIKUM NR 3 W MALBORKU', 'street': 'UL. ALEJA WOJSKA POLSKIEGO', 'post_code': '82-200', 'city': 'MALBORK', 'longitude': '19.0530892', 'latitude': '54.0360115'}, 'data': {'humidity_avg': 48.18181818181818, 'pressure_avg': 1005.3636363636364, 'temperature_avg': 23.836363636363636, 'pm10_avg': 4.854545454545454, 'pm25_avg': 4.8}, 'timestamp': '2026-07-25 14:21:08'}",False,
"{'school': {'name': 'SZKOŁA PODSTAWOWA W LUCIENIU', 'street': None, 'post_code': '09-500', 'city': 'LUCIEŃ', 'longitude': '19.472959', 'latitude': '52.4884269'}, 'data': {'humidity_avg': 37.146153846153844, 'pressure_avg': 999.5384615384615, 'temperature_avg': 27.476923076923075, 'pm10_avg': 3.953846153846153, 'pm25_avg': 3.323076923076923}, 'timestamp': '2026-07-25 14:21:08'}",False,
"{'school': {'name': 'SZKOŁA PODSTAWOWA NR 5 W RUDZIE ŚLĄSKIEJ', 'street': 'UL. PIOTRA NIEDURNEGO', 'post_code': '41-708', 'city': 'RUDA ŚLĄSKA', 'longitude': '18.8815597', 'latitude': '50.30117879'}, 'data': {'humidity_avg': 36.86666666666667, 'pressure_avg': 975.7333333333333, 'temperature_avg': 28.033333333333335, 'pm10_avg': 1.744444444444444, 'pm25_avg': 1.455555555555555}, 'timestamp': '2026-07-25 14:21:08'}",False,
"{'school': {'name': 'NIEPUBLICZNA SZKOŁA PODSTAWOWA W BZINICY STAREJ', 'street': 'UL. KAROLA MIARKI', 'post_code': '46-380', 'city': 'BZINICA STARA', 'longitude': '18.4612867', 'latitude': '50.6892203'}, 'data': {'humidity_avg': 40.199999999999996, 'pressure_avg': 983.2090909090908, 'temperature_avg': 24.754545454545454, 'pm10_avg': 4.036363636363636, 'pm25_avg': 3.609090909090909}, 'timestamp': '2026-07-25 14:21:08'}",False,
"{'school': {'name': 'SZKOŁA PODSTAWOWA IM. PPOR. EMILII GIERCZAK W POSTOMINIE', 'street': None, 'post_code': '76-113', 'city': 'POSTOMINO', 'longitude': '16.71239247', 'latitude': '54.48931415'}, 'data': {'humidity_avg': 68.49090909090908, 'pressure_avg': 1001.8909090909091, 'temperature_avg': 22.054545454545455, 'pm10_avg': 4.690909090909091, 'pm25_avg': 3.881818181818182}, 'timestamp': '2026-07-25 14:21:08'}",False,
"{'school': {'name': 'SZKOŁA PODSTAWOWA NR 2 IM. MARII SKŁODOWSKIEJ-CURIE W KRZEPICACH', 'street': 'UL. SKŁODOWSKIEJ', 'post_code': '42-160', 'city': 'KRZEPICE', 'longitude': '18.702433', 'latitude': '50.964886'}, 'data': {'humidity_avg': 37.044444444444444, 'pressure_avg': 983.4666666666667, 'temperature_avg': 25.577777777777776, 'pm10_avg': 3.033333333333333, 'pm25_avg': 2.4666666666666672}, 'timestamp': '2026-07-25 14:21:08'}",False,
"{'school': {'name': 'PUBLICZNA SZKOŁA PODSTAWOWA IM. MIKOŁAJA KOPERNIKA W TARNOWIE OPOLSKIM', 'street': 'UL. KOPERNIKA', 'post_code': '46-050', 'city': 'TARNÓW OPOLSKI', 'longitude': '18.078098161771777', 'latitude': '50.57654911811356'}, 'data': {'humidity_avg': 33.21666666666667, 'pressure_avg': 988.8916666666668, 'temperature_avg': 26.641666666666666, 'pm10_avg': 2.974999999999999, 'pm25_avg': 2.533333333333333}, 'timestamp': '2026-07-25 14:21:08'}",False,
"{'school': {'name': 'SZKOŁA PODSTAWOWA NR 1 IM.POWSTANCÓW WIELKOPOLSKICH W LEGNICY', 'street': 'UL. KAMIENNA', 'post_code': '59-220', 'city': 'LEGNICA', 'longitude': '16.173446', 'latitude': '51.210851'}, 'data': {'humidity_avg': 25.566666666666666, 'pressure_avg': 993.6666666666666, 'temperature_avg': 29.758333333333336, 'pm10_avg': 3.25, 'pm25_avg': 2.833333333333333}, 'timestamp': '2026-07-25 14:21:08'}",False,
"{'school': {'name': 'III LICEUM OGÓLNOKSZTAŁCĄCE IM. KAZIMIERZA KOSIŃSKIEGO W KŁOBUCKU', 'street': 'UL. KS. IGNACEGO SKORUPKI', 'post_code': '42-100', 'city': 'KŁOBUCK', 'longitude': '18.9423379', 'latitude': '50.9004679'}, 'data': {'humidity_avg': 39.025, 'pressure_avg': 980.3916666666668, 'temperature_avg': 26.775000000000002, 'pm10_avg': 2.9666666666666672, 'pm25_avg': 2.4}, 'timestamp': '2026-07-25 14:21:08'}",False,
"{'school': {'name': 'SZKOŁA PODSTAWOWA NR 10 IM ZOFII KOSSAK W LEGNICY', 'street': 'UL. JAWORZYŃSKA', 'post_code': '59-220', 'city': 'LEGNICA', 'longitude': '16.1588159', 'latitude': '51.1992709'}, 'data': {'humidity_avg': 28.275000000000002, 'pressure_avg': 993.4833333333332, 'temperature_avg': 28.349999999999998, 'pm10_avg': 3.116666666666666, 'pm25_avg': 2.625}, 'timestamp': '2026-07-25 14:21:08'}",False,
"{'school': {'name': 'SZKOŁA PODSTAWOWA NR 9 W LEGNICY', 'street': 'UL. MARYNARSKA', 'post_code': '59-220', 'city': 'LEGNICA', 'longitude': '16.141123', 'latitude': '51.202816'}, 'data': {'humidity_avg': 20.818181818181817, 'pressure_avg': 992.8818181818183, 'temperature_avg': 32.82727272727273, 'pm10_avg': 3.509090909090909, 'pm25_avg': 2.9454545454545453}, 'timestamp': '2026-07-25 14:21:08'}",False,
"{'school': {'name': 'SZKOŁA PODSTAWOWA NR 1 IM. ŚW.JANA PAWŁA II W KŁODAWIE', 'street': 'UL. KOŚCIELNA', 'post_code': '62-650', 'city': 'KŁODAWA', 'longitude': '18.9134684', 'latitude': '52.2542661'}, 'data': {'humidity_avg': 38.550000000000004, 'pressure_avg': 994.3916666666668, 'temperature_avg': 27.916666666666668, 'pm10_avg': 4.733333333333333, 'pm25_avg': 3.916666666666666}, 'timestamp': '2026-07-25 14:21:08'}",False,
"{'school': {'name': 'SZKOŁA PODSTAWOWA NR 31 IM. GEN. JÓZEFA HALLERA W TORUNIU', 'street': 'UL. WŁADYSŁAWA DZIEWULSKIEGO', 'post_code': '87-100', 'city': 'TORUŃ', 'longitude': '18.6812901', 'latitude': '53.0291419'}, 'data': {'humidity_avg': 42.28333333333333, 'pressure_avg': 1000.2166666666667, 'temperature_avg': 25.183333333333334, 'pm10_avg': 6.033333333333334, 'pm25_avg': 5.308333333333334}, 'timestamp': '2026-07-25 14:21:08'}",False,
"{'school': {'name': 'SZKOŁA PODSTAWOWA IM.ORŁA BIAŁEGO W DOBRZENIU', 'street': None, 'post_code': '56-410', 'city': 'DOBRZEŃ', 'longitude': '17.2950269', 'latitude': '51.2416989'}, 'data': {'humidity_avg': 31.69090909090909, 'pressure_avg': 990.8818181818183, 'temperature_avg': 27.89090909090909, 'pm10_avg': 3.045454545454545, 'pm25_avg': 2.690909090909091}, 'timestamp': '2026-07-25 14:21:08'}",False,
"{'school': {'name': 'SZKOŁA PODSTAWOWA W DŁUGOPOLU DOLNYM', 'street': None, 'post_code': '57-520', 'city': 'DŁUGOPOLE DOLNE', 'longitude': '16.6369911', 'latitude': '50.256696'}, 'data': {'humidity_avg': 34.025, 'pressure_avg': 967.6583333333333, 'temperature_avg': 28.141666666666666, 'pm10_avg': 3.1, 'pm25_avg': 2.675}, 'timestamp': '2026-07-25 14:21:08'}",False,
"{'school': {'name': 'SZKOŁA PODSTAWOWA IM.WŁADYSŁAWA STANISŁAWA REYMONTA W ŚCIĘGNACH', 'street': None, 'post_code': '58-535', 'city': 'ŚCIĘGNY', 'longitude': '15.7770925', 'latitude': '50.7908626'}, 'data': {'humidity_avg': 30.5, 'pressure_avg': 950.6181818181817, 'temperature_avg': 26.88181818181818, 'pm10_avg': 3.036363636363636, 'pm25_avg': 2.609090909090909}, 'timestamp': '2026-07-25 14:21:08'}",False,
"{'school': {'name': 'SZKOŁA PODSTAWOWA W DROŁTOWICACH', 'street': None, 'post_code': '56-500', 'city': 'DROŁTOWICE', 'longitude': '17.59580112646376', 'latitude': '51.33562166466934 '}, 'data': {'humidity_avg': 34.86363636363637, 'pressure_avg': 985.3727272727273, 'temperature_avg': 26.61818181818182, 'pm10_avg': 4.281818181818182, 'pm25_avg': 3.590909090909091}, 'timestamp': '2026-07-25 14:21:08'}",False,
"{'school': {'name': 'SZKOŁA PODSTAWOWA IM. KAROLA KURPIŃSKIEGO WE WŁOSZAKOWICACH', 'street': 'UL. KAROLA KURPIŃSKIEGO', 'post_code': '64-140', 'city': 'WŁOSZAKOWICE', 'longitude': '16.3711235', 'latitude': '51.9317237'}, 'data': {'humidity_avg': 37.46153846153846, 'pressure_avg': 997.4538461538461, 'temperature_avg': 25.615384615384617, 'pm10_avg': 3.707692307692308, 'pm25_avg': 3.707692307692308}, 'timestamp': '2026-07-25 14:21:08'}",False,
"{'school': {'name': 'SZKOŁA PODSTAWOWA IM. HENRYKA SIENKIEWICZA W KONOPISKACH', 'street': 'UL. SPORTOWA', 'post_code': '42-274', 'city': 'KONOPISKA', 'longitude': '19.0078926', 'latitude': '50.7263775'}, 'data': {'humidity_avg': 39.300000000000004, 'pressure_avg': 976.4, 'temperature_avg': 24.463636363636365, 'pm10_avg': 3.527272727272727, 'pm25_avg': 3.190909090909091}, 'timestamp': '2026-07-25 14:21:08'}",False,
"{'school': {'name': 'SPOŁECZNA SZKOŁA PODSTAWOWA IM. STANISŁAWA MONIUSZKI W KUDOWIE-ZDROJU', 'street': 'UL. SŁONE', 'post_code': '57-350', 'city': 'KUDOWA-ZDRÓJ', 'longitude': '16.2426605', 'latitude': '50.4427156'}, 'data': {'humidity_avg': 36.6625, 'pressure_avg': 967.5125, 'temperature_avg': 26.175, 'pm10_avg': 2.8875, 'pm25_avg': 2.4625}, 'timestamp': '2026-07-25 14:21:08'}",False,
"{'school': {'name': 'SZKOŁA PODSTAWOWA NR 13 W ZAWIERCIU', 'street': 'UL. FILARETÓW', 'post_code': '42-400', 'city': 'ZAWIERCIE', 'longitude': '19.4911184', 'latitude': '50.4934888'}, 'data': {'humidity_avg': 39.208333333333336, 'pressure_avg': 966.2916666666666, 'temperature_avg': 25.933333333333334, 'pm10_avg': 4.566666666666666, 'pm25_avg': 3.933333333333333}, 'timestamp': '2026-07-25 14:21:08'}",False,
"{'school': {'name': 'SZKOŁA PODSTAWOWA NR 8 W ZAWIERCIU', 'street': 'UL. WOJSKA POLSKIEGO', 'post_code': '42-400', 'city': 'ZAWIERCIE', 'longitude': '19.4092199', 'latitude': '50.486569'}, 'data': {'humidity_avg': 45.61666666666667, 'pressure_avg': 971.975, 'temperature_avg': 22.625, 'pm10_avg': 4.208333333333333, 'pm25_avg': 3.583333333333333}, 'timestamp': '2026-07-25 14:21:08'}",False,
"{'school': {'name': 'SZKOŁA PODSTAWOWA NR 4 IM. MIKOŁAJA KOPERNIKA W ZAWIERCIU', 'street': 'UL. POWSTAŃCÓW ŚLĄSKICH', 'post_code': '42-400', 'city': 'ZAWIERCIE', 'longitude': '19.4267169', 'latitude': '50.4838354'}, 'data': {'humidity_avg': 38.40833333333333, 'pressure_avg': 971.65, 'temperature_avg': 25.358333333333334, 'pm10_avg': 4.45, 'pm25_avg': 4.016666666666667}, 'timestamp': '2026-07-25 14:21:08'}",False,
"{'school': {'name': 'SZKOŁA PODSTAWOWA NR 7 IM. MARII KONOPNICKIEJ W ZAWIERCIU', 'street': 'UL. OŚWIATOWA', 'post_code': '42-400', 'city': 'ZAWIERCIE', 'longitude': '19.5150167', 'latitude': '50.4773682'}, 'data': {'humidity_avg': 35.61666666666667, 'pressure_avg': 973.6833333333334, 'temperature_avg': 26.775000000000002, 'pm10_avg': 3.75, 'pm25_avg': 3.183333333333333}, 'timestamp': '2026-07-25 14:21:08'}",False,
"{'school': {'name': 'SZKOŁA PODSTAWOWA NR 3 W ZAWIERCIU', 'street': 'UL. MARII SKŁODOWSKIEJ-CURIE', 'post_code': '42-400', 'city': 'ZAWIERCIE', 'longitude': '19.4347172', 'latitude': '50.4796517'}, 'data': {'humidity_avg': 33.71818181818182, 'pressure_avg': 970.4909090909091, 'temperature_avg': 27.363636363636363, 'pm10_avg': 2.7818181818181813, 'pm25_avg': 2.472727272727272}, 'timestamp': '2026-07-25 14:21:08'}",False,
"{'school': {'name': 'II LICEUM OGÓLNOKSZTAŁCĄCE IM. ADAMA ASNYKA W BIELSKU-BIAŁEJ', 'street': 'UL. JUTRZENKI', 'post_code': '43-300', 'city': 'BIELSKO-BIAŁA', 'longitude': '19.0635478', 'latitude': '49.8094065'}, 'data': {'humidity_avg': 48.73636363636364, 'pressure_avg': 968.3545454545455, 'temperature_avg': 22.827272727272728, 'pm10_avg': 2.909090909090909, 'pm25_avg': 2.6}, 'timestamp': '2026-07-25 14:21:08'}",False,
"{'school': {'name': 'SZKOŁA PODSTAWOWA NR 2 IM. STANISŁAWA SZYMAŃSKIEGO W ZAWIERCIU', 'street': 'UL. MIECZYSŁAWA NIEDZIAŁKOWSKIEGO', 'post_code': '42-400', 'city': 'ZAWIERCIE', 'longitude': '19.4166259', 'latitude': '50.487743'}, 'data': {'humidity_avg': 31.099999999999998, 'pressure_avg': 971.5666666666666, 'temperature_avg': 28.78333333333333, 'pm10_avg': 3.483333333333333, 'pm25_avg': 3.1}, 'timestamp': '2026-07-25 14:21:08'}",False,
"{'school': {'name': 'SZKOŁA PODSTAWOWA NR 1 IM.BPA MARCINA KROMERA W BIECZU', 'street': 'UL. GRODZKA', 'post_code': '38-340', 'city': 'BIECZ', 'longitude': '21.252429', 'latitude': '49.730338'}, 'data': {'humidity_avg': 39.475, 'pressure_avg': 978.9250000000001, 'temperature_avg': 24.166666666666668, 'pm10_avg': 2.199999999999999, 'pm25_avg': 2.0}, 'timestamp': '2026-07-25 14:21:08'}",False,
"{'school': {'name': 'SZKOŁA PODSTAWOWA NR 2 IM. JANA PAWŁA II W PORĘBIE', 'street': 'UL. WIEDZY', 'post_code': '42-480', 'city': 'PORĘBA', 'longitude': '19.361528', 'latitude': '50.489263'}, 'data': {'humidity_avg': 42.833333333333336, 'pressure_avg': 972.9416666666666, 'temperature_avg': 25.325, 'pm10_avg': 3.875, 'pm25_avg': 3.4666666666666672}, 'timestamp': '2026-07-25 14:21:08'}",False,
"{'school': {'name': 'SZKOŁA PODSTAWOWA NR 4 W BIELSKU-BIAŁEJ', 'street': 'UL. EMILII PLATER', 'post_code': '43-300', 'city': 'BIELSKO-BIAŁA', 'longitude': '19.0583845', 'latitude': '49.8223768'}, 'data': {'humidity_avg': 44.68181818181818, 'pressure_avg': 967.4, 'temperature_avg': 23.527272727272727, 'pm10_avg': 3.172727272727272, 'pm25_avg': 2.854545454545454}, 'timestamp': '2026-07-25 14:21:08'}",False,
"{'school': {'name': 'PUBLICZNA SZKOŁA PODSTAWOWA IM. JANA KOCHANOWSKIEGO W DOBRYSZYCACH', 'street': 'UL. LEŚNA', 'post_code': '97-505', 'city': 'DOBRYSZYCE', 'longitude': '19.4126126', 'latitude': '51.1463112'}, 'data': {'humidity_avg': 42.05555555555556, 'pressure_avg': 983.8444444444444, 'temperature_avg': 26.177777777777777, 'pm10_avg': 3.5444444444444443, 'pm25_avg': 2.9666666666666672}, 'timestamp': '2026-07-25 14:21:08'}",False,
"{'school': {'name': 'SZKOŁA PODSTAWOWA IM. STANISŁAWA STASZICA W BOBOWEJ', 'street': 'UL. BOHATERÓW BOBOWEJ', 'post_code': '38-350', 'city': 'BOBOWA', 'longitude': '20.9509659', 'latitude': '49.7102798'}, 'data': {'humidity_avg': 42.654545454545456, 'pressure_avg': 977.4636363636364, 'temperature_avg': 23.2, 'pm10_avg': 3.972727272727273, 'pm25_avg': 3.554545454545454}, 'timestamp': '2026-07-25 14:21:08'}",False,
"{'school': {'name': 'SZKOŁA PODSTAWOWA W WINOWNIE', 'street': 'UL. SZKOLNA', 'post_code': '42-350', 'city': 'WINOWNO', 'longitude': '19.2179609', 'latitude': '50.575152'}, 'data': {'humidity_avg': 50.90909090909091, 'pressure_avg': 973.2090909090908, 'temperature_avg': 23.036363636363635, 'pm10_avg': 3.009090909090909, 'pm25_avg': 2.727272727272727}, 'timestamp': '2026-07-25 14:21:08'}",False,
"{'school': {'name': 'SZKOŁA PODSTAWOWA IM. FRYDERYKA CHOPINA W WOJSZCZYCACH', 'street': None, 'post_code': '05-180', 'city': 'WOJSZCZYCE', 'longitude': '20.6139434', 'latitude': '52.494382'}, 'data': {'humidity_avg': 44.1, 'pressure_avg': 996.9, 'temperature_avg': 25.963636363636365, 'pm10_avg': 3.790909090909091, 'pm25_avg': 3.39090909090909}, 'timestamp': '2026-07-25 14:21:08'}",False,
"{'school': {'name': 'SZKOŁA PODSTAWOWA IM.MIKOŁAJA KOPERNIKA W ŁĄŻYNIE II', 'street': None, 'post_code': '87-123', 'city': 'ŁĄŻYN', 'longitude': '18.8923600', 'latitude': '53.0001000'}, 'data': {'humidity_avg': 47.85454545454545, 'pressure_avg': 995.8909090909091, 'temperature_avg': 24.354545454545452, 'pm10_avg': 5.0, 'pm25_avg': 4.345454545454545}, 'timestamp': '2026-07-25 14:21:08'}",False,
"{'school': {'name': 'NIEPUBLICZNA SZKOŁA PODSTAWOWA ""GALILEO"" NR 1 W NAKONOWIE', 'street': None, 'post_code': '87-853', 'city': 'NAKONOWO', 'longitude': '19.0568663', 'latitude': '52.5562316'}, 'data': {'humidity_avg': 49.074999999999996, 'pressure_avg': 1002.1166666666667, 'temperature_avg': 24.84166666666667, 'pm10_avg': 6.058333333333334, 'pm25_avg': 5.616666666666667}, 'timestamp': '2026-07-25 14:21:08'}",False,
"{'school': {'name': 'PUBLICZNA SZKOŁA PODSTAWOWA IM. HELENY I JÓZEFA ŚWIĄTYŃSKICH W OSSALI', 'street': None, 'post_code': '28-221', 'city': 'OSSALA', 'longitude': '21.3789417', 'latitude': '50.4840431'}, 'data': {'humidity_avg': 40.32727272727273, 'pressure_avg': 988.7818181818183, 'temperature_avg': 24.218181818181815, 'pm10_avg': 2.609090909090909, 'pm25_avg': 2.227272727272727}, 'timestamp': '2026-07-25 14:21:08'}",False,
"{'school': {'name': 'SZKOŁA PODSTAWOWA IM. MARII KONOPNICKIEJ W JAMKACH-KORZONKU', 'street': None, 'post_code': '42-274', 'city': 'KORZONEK', 'longitude': '18.9878115', 'latitude': '50.712784'}, 'data': {'humidity_avg': 46.51666666666667, 'pressure_avg': 974.9916666666667, 'temperature_avg': 24.275000000000002, 'pm10_avg': 2.8, 'pm25_avg': 2.341666666666666}, 'timestamp': '2026-07-25 14:21:08'}",False,
"{'school': {'name': 'SZKOŁA PODSTAWOWA NR 54 Z ODDZIAŁAMI INTEGRACYJNYMI W CZĘSTOCHOWIE', 'street': 'UL. JERZEGO KUKUCZKI', 'post_code': '42-224', 'city': 'CZĘSTOCHOWA', 'longitude': '19.137204428836377', 'latitude': '50.835792530242145'}, 'data': {'humidity_avg': 43.3625, 'pressure_avg': 980.4375, 'temperature_avg': 24.675, 'pm10_avg': 3.2875, 'pm25_avg': 2.6875}, 'timestamp': '2026-07-25 14:21:08'}",False,
"{'school': {'name': 'TECHNIKUM W ZESPOLE SZKÓŁ PONADPODSTAWOWYCH IM. INŻ. JÓZEFA MARKA W MSZANIE DOLNEJ', 'street': 'UL. JÓZEFA MARKA', 'post_code': '34-730', 'city': 'MSZANA DOLNA', 'longitude': '20.0783649', 'latitude': '49.6670619'}, 'data': {'humidity_avg': 30.05, 'pressure_avg': 964.0166666666668, 'temperature_avg': 27.925, 'pm10_avg': 2.333333333333333, 'pm25_avg': 2.016666666666666}, 'timestamp': '2026-07-25 14:21:08'}",False,
"{'school': {'name': 'SZKOŁA PODSTAWOWA IM. JANA PAWŁA II W DĄBIU', 'street': 'UL. 3 MAJA', 'post_code': '62-660', 'city': 'DĄBIE', 'longitude': '18.8198211', 'latitude': '52.0891079'}, 'data': {'humidity_avg': 38.375, 'pressure_avg': 996.75, 'temperature_avg': 28.0625, 'pm10_avg': 3.5125, 'pm25_avg': 2.925}, 'timestamp': '2026-07-25 14:21:08'}",False,
"{'school': {'name': 'ZESPÓŁ SZKÓŁ-SZKOŁA PODSTAWOWA W ZEMBRZYCACH', 'street': None, 'post_code': '34-210', 'city': 'ZEMBRZYCE', 'longitude': '19.5620127', 'latitude': '49.7784772'}, 'data': {'humidity_avg': 33.61818181818182, 'pressure_avg': 974.0, 'temperature_avg': 27.99090909090909, 'pm10_avg': 1.772727272727272, 'pm25_avg': 1.5818181818181811}, 'timestamp': '2026-07-25 14:21:08'}",False,
"{'school': {'name': 'SZKOŁA PODSTAWOWA IM.KAZIMIERZA WIELKIEGO W HUCIE STAREJ B', 'street': 'UL. ADAMA MICKIEWICZA', 'post_code': '42-263', 'city': 'HUTA STARA B', 'longitude': '19.138718', 'latitude': '50.7370817'}, 'data': {'humidity_avg': 43.9, 'pressure_avg': 976.3272727272728, 'temperature_avg': 24.1, 'pm10_avg': 3.818181818181818, 'pm25_avg': 3.027272727272727}, 'timestamp': '2026-07-25 14:21:08'}",False,
"{'school': {'name': 'III PRYWATNE LICEUM OGÓLNOKSZTAŁCĄCE ""SZKOŁY OTWARTEGO MYŚLENIA"" W SOSNOWCU', 'street': 'UL. RACŁAWICKA', 'post_code': '41-200', 'city': 'SOSNOWIEC', 'longitude': '19.1040791', 'latitude': '50.2862638'}, 'data': {'humidity_avg': 37.61666666666667, 'pressure_avg': 981.475, 'temperature_avg': 25.566666666666666, 'pm10_avg': 3.4666666666666672, 'pm25_avg': 3.016666666666667}, 'timestamp': '2026-07-25 14:21:08'}",False,
"{'school': {'name': 'SZKOŁA PODSTAWOWA IM.HENRYKA SIENKIEWICZA W KAMIENICY POLSKIEJ', 'street': 'UL. ADAMA FERENSA', 'post_code': '42-260', 'city': 'KAMIENICA POLSKA', 'longitude': '19.1305413', 'latitude': '50.6705877'}, 'data': {'humidity_avg': 46.25833333333333, 'pressure_avg': 976.1833333333334, 'temperature_avg': 23.275000000000002, 'pm10_avg': 3.883333333333333, 'pm25_avg': 3.133333333333333}, 'timestamp': '2026-07-25 14:21:08'}",False,
"{'school': {'name': 'SZKOŁA PODSTAWOWA Z ODDZIAŁAMI INTEGRACYJNYMI NR 5 IM. HENRYKA SIENKIEWICZA W MYSZKOWIE', 'street': 'UL. SIKORSKIEGO', 'post_code': '42-300', 'city': 'MYSZKÓW', 'longitude': '19.3144637', 'latitude': '50.5706845'}, 'data': {'humidity_avg': 47.855555555555554, 'pressure_avg': 974.5555555555555, 'temperature_avg': 22.844444444444445, 'pm10_avg': 4.566666666666666, 'pm25_avg': 3.755555555555555}, 'timestamp': '2026-07-25 14:21:08'}",False,
"{'school': {'name': 'SZKOŁA PODSTAWOWA IM. JANA PAWŁA II W PISANICY', 'street': None, 'post_code': '19-314', 'city': 'PISANICA', 'longitude': '22.5789816', 'latitude': '53.8232701'}, 'data': {'humidity_avg': 52.15, 'pressure_avg': 993.6416666666668, 'temperature_avg': 23.95, 'pm10_avg': 2.383333333333333, 'pm25_avg': 2.083333333333333}, 'timestamp': '2026-07-25 14:21:08'}",False,
"{'school': {'name': 'TECHNIKUM W ZESPOLE SZKÓŁ IM. BOHATERÓW WESTERPLATTE W JABŁONCE', 'street': 'UL. PODHALAŃSKA', 'post_code': '34-480', 'city': 'JABŁONKA', 'longitude': '19.69526927', 'latitude': '49.47987225'}, 'data': {'humidity_avg': 31.2, 'pressure_avg': 939.9363636363636, 'temperature_avg': 24.80909090909091, 'pm10_avg': 2.245454545454545, 'pm25_avg': 1.963636363636363}, 'timestamp': '2026-07-25 14:21:08'}",False,
"{'school': {'name': 'SZKOŁA PODSTAWOWA W BACZYNIE', 'street': None, 'post_code': '34-211', 'city': 'BACZYN', 'longitude': '19.7182581', 'latitude': '49.7900852'}, 'data': {'humidity_avg': 44.333333333333336, 'pressure_avg': 964.7833333333333, 'temperature_avg': 22.933333333333334, 'pm10_avg': 2.8, 'pm25_avg': 2.475}, 'timestamp': '2026-07-25 14:21:08'}",False,
"{'school': {'name': 'SZKOŁA PODSTAWOWA IM. ŚW. FRANCISZKA Z ASYŻU W JELNEJ', 'street': None, 'post_code': '37-310', 'city': 'JELNA', 'longitude': '22.3518669', 'latitude': '50.2962689'}, 'data': {'humidity_avg': 53.09090909090909, 'pressure_avg': 990.7272727272727, 'temperature_avg': 24.254545454545454, 'pm10_avg': 2.418181818181818, 'pm25_avg': 2.254545454545454}, 'timestamp': '2026-07-25 14:21:08'}",False,
"{'school': {'name': 'BRANŻOWA SZKOŁA I STOPNIA NR 3 W TARNOWSKICH GÓRACH', 'street': 'UL. HENRYKA SIENKIEWICZA', 'post_code': '42-600', 'city': 'TARNOWSKIE GÓRY', 'longitude': '18.8608006', 'latitude': '50.4472968'}, 'data': {'humidity_avg': 46.975, 'pressure_avg': 978.475, 'temperature_avg': 22.974999999999998, 'pm10_avg': 2.541666666666666, 'pm25_avg': 2.816666666666666}, 'timestamp': '2026-07-25 14:21:08'}",False,
"{'school': {'name': 'PUBLICZNA SZKOŁA PODSTAWOWA W KRZESZOWIE GÓRNYM', 'street': None, 'post_code': '37-413', 'city': 'KRZESZÓW GÓRNY', 'longitude': '22.384137', 'latitude': '50.419185'}, 'data': {'humidity_avg': 55.75, 'pressure_avg': 989.4250000000001, 'temperature_avg': 22.241666666666664, 'pm10_avg': 3.2416666666666663, 'pm25_avg': 3.016666666666667}, 'timestamp': '2026-07-25 14:21:08'}",False,
"{'school': {'name': 'I LICEUM OGÓLNOKSZTAŁCĄCE Z ODDZIAŁAMI DWUJĘZYCZNYMI IM. POWSTAŃCÓW ŚLĄSKICH W RYBNIKU', 'street': 'UL. TADEUSZA KOŚCIUSZKI', 'post_code': '44-200', 'city': 'RYBNIK', 'longitude': '18.5519661', 'latitude': '50.097143'}, 'data': {'humidity_avg': 32.06363636363636, 'pressure_avg': 981.4, 'temperature_avg': 28.363636363636363, 'pm10_avg': 3.372727272727273, 'pm25_avg': 3.027272727272727}, 'timestamp': '2026-07-25 14:21:08'}",False,
"{'school': {'name': 'SZKOŁA PODSTAWOWA Z ODDZIAŁAMI MISTRZOSTWA SPORTOWEGO NR 9 IM. ADAMA MICKIEWICZA W RYBNIKU', 'street': 'UL. CMENTARNA', 'post_code': '44-200', 'city': 'RYBNIK', 'longitude': '18.541821', 'latitude': '50.097862'}, 'data': {'humidity_avg': 40.981818181818184, 'pressure_avg': 982.6272727272727, 'temperature_avg': 24.536363636363635, 'pm10_avg': 3.89090909090909, 'pm25_avg': 3.281818181818181}, 'timestamp': '2026-07-25 14:21:08'}",False,
"{'school': {'name': 'II LICEUM OGÓLNOKSZTAŁCĄCE IM. STANISŁAWA WYSPIAŃSKIEGO W BĘDZINIE', 'street': 'UL. TEATRALNA', 'post_code': '42-500', 'city': 'BĘDZIN', 'longitude': '19.1387173', 'latitude': '50.3262993'}, 'data': {'humidity_avg': 37.97777777777778, 'pressure_avg': 978.7222222222222, 'temperature_avg': 25.41111111111111, 'pm10_avg': 3.055555555555555, 'pm25_avg': 2.488888888888889}, 'timestamp': '2026-07-25 14:21:08'}",False,
"{'school': {'name': 'SZKOŁA PODSTAWOWA NR 8 IM. KAWALERÓW ORDERU UŚMIECHU W ŚWIDNICY', 'street': 'UL. WAŁBRZYSKA', 'post_code': '58-100', 'city': 'ŚWIDNICA', 'longitude': '16.4766735', 'latitude': '50.8345375'}, 'data': {'humidity_avg': 31.418181818181814, 'pressure_avg': 979.3727272727273, 'temperature_avg': 28.981818181818184, 'pm10_avg': 3.318181818181818, 'pm25_avg': 2.690909090909091}, 'timestamp': '2026-07-25 14:21:08'}",False,
"{'school': {'name': 'SZKOŁA PODSTAWOWA W WIADROWIE', 'street': None, 'post_code': '59-411', 'city': 'WIADRÓW', 'longitude': '16.177058', 'latitude': '50.978719'}, 'data': {'humidity_avg': 30.66923076923077, 'pressure_avg': 981.1846153846153, 'temperature_avg': 29.976923076923075, 'pm10_avg': 2.715384615384615, 'pm25_avg': 2.715384615384615}, 'timestamp': '2026-07-25 14:21:08'}",False,
"{'school': {'name': 'SZKOŁA PODSTAWOWA NR 30 W ZABRZU', 'street': 'UL. LUDWIKI WAWRZYŃSKIEJ', 'post_code': '41-813', 'city': 'ZABRZE', 'longitude': '18.8038211', 'latitude': '50.3787192'}, 'data': {'humidity_avg': 33.49166666666667, 'pressure_avg': 975.8166666666666, 'temperature_avg': 26.766666666666666, 'pm10_avg': 2.608333333333333, 'pm25_avg': 2.341666666666666}, 'timestamp': '2026-07-25 14:21:08'}",False,
"{'school': {'name': 'SZKOŁA PODSTAWOWA NR 28 IM. MIŁOŚNIKÓW ROKITNICY W ZABRZU', 'street': 'UL. IRENY KOSMOWSKIEJ', 'post_code': '41-813', 'city': 'ZABRZE', 'longitude': '18.6721773', 'latitude': '50.293402'}, 'data': {'humidity_avg': 39.90909090909091, 'pressure_avg': 977.2636363636364, 'temperature_avg': 25.50909090909091, 'pm10_avg': 2.136363636363636, 'pm25_avg': 1.7818181818181822}, 'timestamp': '2026-07-25 14:21:08'}",False,
"{'school': {'name': 'SZKOŁA PODSTAWOWA W BORECZNIE', 'street': None, 'post_code': '14-230', 'city': 'BORECZNO', 'longitude': '19.6819503', 'latitude': '53.785392'}, 'data': {'humidity_avg': 52.11666666666667, 'pressure_avg': 994.2166666666667, 'temperature_avg': 22.766666666666666, 'pm10_avg': 4.8, 'pm25_avg': 4.533333333333333}, 'timestamp': '2026-07-25 14:21:08'}",False,
"{'school': {'name': 'SZKOŁA PODSTAWOWA NR 3 IM. JANA KOCHANOWSKIEGO W TYCHACH', 'street': 'UL. WOJSKA POLSKIEGO', 'post_code': '43-100', 'city': 'TYCHY', 'longitude': '18.967428851534244', 'latitude': '50.133349896354915 '}, 'data': {'humidity_avg': 43.8125, 'pressure_avg': 980.7625, 'temperature_avg': 23.925, 'pm10_avg': 3.1625, 'pm25_avg': 3.0}, 'timestamp': '2026-07-25 14:21:08'}",False,
"{'school': {'name': 'SZKOŁA PODSTAWOWAW IM. HENRYKA SIENKIEWICZA W KOŚCIELCU', 'street': None, 'post_code': '59-223', 'city': 'KOŚCIELEC', 'longitude': '16.13685', 'latitude': '51.14836'}, 'data': {'humidity_avg': 31.254545454545454, 'pressure_avg': 988.2363636363636, 'temperature_avg': 26.645454545454548, 'pm10_avg': 3.281818181818181, 'pm25_avg': 2.772727272727273}, 'timestamp': '2026-07-25 14:21:08'}",False,
"{'school': {'name': 'SZKOŁA PODSTAWOWA Z ODDZIAŁAMI INTEGRACYJNYMI NR 34 IM. IRENY SENDLEROWEJ W RYBNIKU', 'street': 'UL. WŁADYSŁAWA STANISŁAWA REYMONTA', 'post_code': '44-200', 'city': 'RYBNIK', 'longitude': '18.52614', 'latitude': '50.09058'}, 'data': {'humidity_avg': 35.05833333333333, 'pressure_avg': 980.3000000000001, 'temperature_avg': 28.291666666666668, 'pm10_avg': 3.591666666666667, 'pm25_avg': 3.058333333333333}, 'timestamp': '2026-07-25 14:21:08'}",False,
"{'school': {'name': 'SZKOŁA PODSTAWOWA NR 1 IM. STANISŁAWY ŁAKOMIK W CZELADZI', 'street': 'UL. WŁADYSŁAWA REYMONTA', 'post_code': '41-250', 'city': 'CZELADŹ', 'longitude': '19.073488', 'latitude': '50.3091799'}, 'data': {'humidity_avg': 35.199999999999996, 'pressure_avg': 979.5727272727272, 'temperature_avg': 27.481818181818184, 'pm10_avg': 2.8, 'pm25_avg': 2.318181818181818}, 'timestamp': '2026-07-25 14:21:08'}",False,
"{'school': {'name': 'SZKOŁA PODSTAWOWA NR 2 IM. JANA PAWŁA II W ŚWIERADOWIE-ZDROJU', 'street': 'UL. SANATORYJNA', 'post_code': '59-850', 'city': 'ŚWIERADÓW-ZDRÓJ', 'longitude': '15.3071925', 'latitude': '50.9269757'}, 'data': {'humidity_avg': 42.675, 'pressure_avg': 955.6625, 'temperature_avg': 25.2875, 'pm10_avg': 3.825, 'pm25_avg': 3.4625}, 'timestamp': '2026-07-25 14:21:08'}",False,
"{'school': {'name': 'TECHNIKUM NR 2 W ZESPOLE SZKÓŁ BUDOWLANYCH IM. GENERAŁA STANISŁAWA MACZKA W BIELSKU-BIAŁEJ', 'street': 'UL. BUDOWLANYCH', 'post_code': '43-300', 'city': 'BIELSKO-BIAŁA', 'longitude': '19.0578358', 'latitude': '49.7952988'}, 'data': {'humidity_avg': 38.333333333333336, 'pressure_avg': 975.7222222222222, 'temperature_avg': 28.333333333333332, 'pm10_avg': 2.577777777777777, 'pm25_avg': 2.266666666666666}, 'timestamp': '2026-07-25 14:21:08'}",False,
"{'school': {'name': 'SZKOŁA PODSTAWOWA NR 6 SPECJALNA IM. PROF. MARII GRZEGORZEWSKIEJ W CZELADZI', 'street': 'UL. SZPITALNA', 'post_code': '41-250', 'city': 'CZELADŹ', 'longitude': '19.0754521', 'latitude': '50.3289091'}, 'data': {'humidity_avg': 35.345454545454544, 'pressure_avg': 977.6090909090909, 'temperature_avg': 27.08181818181818, 'pm10_avg': 2.427272727272727, 'pm25_avg': 2.209090909090909}, 'timestamp': '2026-07-25 14:21:08'}",False,
"{'school': {'name': 'SAMORZĄDOWA SZKOŁA PODSTAWOWA IM. STEFANA BATOREGO W LIWIE ', 'street': 'UL. KS. K. R. LESZCZYŃSKIEGO', 'post_code': '07-100', 'city': 'LIW', 'longitude': '21.9631846', 'latitude': '52.3725265'}, 'data': {'humidity_avg': 61.11538461538461, 'pressure_avg': 997.4846153846154, 'temperature_avg': 24.607692307692307, 'pm10_avg': 1.092307692307692, 'pm25_avg': 0.869230769230769}, 'timestamp': '2026-07-25 14:21:08'}",False,
"{'school': {'name': 'SZKOŁA PODSTAWOWA IM. HELENY MARUSARZÓWNY W ZĘBIE', 'street': 'UL. ŚW. ANNY', 'post_code': '34-521', 'city': 'ZĄB', 'longitude': '19.9474975', 'latitude': '49.3379768'}, 'data': {'humidity_avg': 52.309090909090905, 'pressure_avg': 963.1181818181819, 'temperature_avg': 22.154545454545456, 'pm10_avg': 2.645454545454545, 'pm25_avg': 2.390909090909091}, 'timestamp': '2026-07-25 14:21:08'}",False,
"{'school': {'name': 'LICEUM OGÓLNOKSZTAŁACĄCE IM. PROF. ZBIGNIEWA RELIGI W GILOWICACH', 'street': 'UL. WOJCIECHA KORFANTEGO', 'post_code': '43-227', 'city': 'GILOWICE', 'longitude': '19.3085572', 'latitude': '49.7122409'}, 'data': {'humidity_avg': 45.59090909090909, 'pressure_avg': 984.2545454545453, 'temperature_avg': 24.981818181818184, 'pm10_avg': 7.327272727272727, 'pm25_avg': 6.718181818181819}, 'timestamp': '2026-07-25 14:21:08'}",False,
"{'school': {'name': 'SZKOŁA PODSTAWOWA W CZERNICY', 'street': None, 'post_code': '58-521', 'city': 'CZERNICA', 'longitude': '17.2449367', 'latitude': '51.0457859'}, 'data': {'humidity_avg': 36.67777777777778, 'pressure_avg': 971.1999999999999, 'temperature_avg': 28.555555555555557, 'pm10_avg': 2.9, 'pm25_avg': 2.455555555555555}, 'timestamp': '2026-07-25 14:21:08'}",False,
"{'school': {'name': 'NIEPUBLICZNE LICEUM SZTUK PLASTYCZNYCH IM. ORLĄT LWOWSKICH W TYCHACH', 'street': 'UL. BUDOWLANYCH', 'post_code': '43-100', 'city': 'TYCHY', 'longitude': '19.0200022', 'latitude': '50.1218007'}, 'data': {'humidity_avg': 43.13333333333333, 'pressure_avg': 980.4888888888888, 'temperature_avg': 23.48888888888889, 'pm10_avg': 2.655555555555555, 'pm25_avg': 2.233333333333333}, 'timestamp': '2026-07-25 14:21:08'}",False,
"{'school': {'name': 'LICEUM OGÓLNOKSZTAŁCĄCE IM. HENRYKA SIENKIEWICZA W BOBOWEJ', 'street': 'UL. DŁUGOSZOWSKICH', 'post_code': '38-350', 'city': 'BOBOWA', 'longitude': '20.9509659', 'latitude': '49.7102798'}, 'data': {'humidity_avg': 36.38333333333333, 'pressure_avg': 977.1166666666667, 'temperature_avg': 26.849999999999998, 'pm10_avg': 2.449999999999999, 'pm25_avg': 2.066666666666667}, 'timestamp': '2026-07-25 14:21:08'}",False,
"{'school': {'name': 'SZKOŁA PODSTAWOWA NR 1 IM. JANA III SOBIESKIEGO W LIBIĄŻU', 'street': 'UL. SZKOLNA', 'post_code': '32-590', 'city': 'LIBIĄŻ', 'longitude': '19.3286373', 'latitude': '50.1013661'}, 'data': {'humidity_avg': 51.86363636363637, 'pressure_avg': 979.8818181818183, 'temperature_avg': 22.400000000000002, 'pm10_avg': 90.33636363636364, 'pm25_avg': 89.33636363636364}, 'timestamp': '2026-07-25 14:21:08'}",False,
"{'school': {'name': 'TECHNIKUM NR 2 W ZESPOLE SZKÓŁ NR 2 IM.ŚW.JADWIGI KRÓLOWEJ W ANDRYCHOWIE ', 'street': 'UL. STEFANA BATOREGO', 'post_code': '34-120', 'city': 'ANDRYCHÓW', 'longitude': '19.3412842', 'latitude': '49.8548934'}, 'data': {'humidity_avg': 48.05833333333334, 'pressure_avg': 972.6999999999999, 'temperature_avg': 23.691666666666666, 'pm10_avg': 3.208333333333333, 'pm25_avg': 2.641666666666666}, 'timestamp': '2026-07-25 14:21:08'}",False,
"{'school': {'name': 'SZKOŁA PODSTAWOWA NR 7 IM. KS. STANISŁAWA STASZICA W JAROSŁAWIU', 'street': 'UL. DOLNOLEŻAJSKA', 'post_code': '37-500', 'city': 'JAROSŁAW', 'longitude': '22.680698', 'latitude': '50.044337'}, 'data': {'humidity_avg': 42.77272727272727, 'pressure_avg': 988.7545454545453, 'temperature_avg': 26.363636363636363, 'pm10_avg': 2.954545454545454, 'pm25_avg': 2.627272727272727}, 'timestamp': '2026-07-25 14:21:08'}",False,
"{'school': {'name': 'SZKOŁA PODSTAWOWA W UŚCIU GORLICKIM', 'street': None, 'post_code': '38-315', 'city': 'UŚCIE GORLICKIE', 'longitude': '21.1384131', 'latitude': '49.5218473'}, 'data': {'humidity_avg': 42.03636363636363, 'pressure_avg': 967.2545454545453, 'temperature_avg': 26.318181818181817, 'pm10_avg': 2.872727272727273, 'pm25_avg': 2.627272727272727}, 'timestamp': '2026-07-25 14:21:08'}",False,
"{'school': {'name': 'SZKOŁA PODSTAWOWA IM.MARSZAŁKA JÓZEFA PIŁSUDSKIEGO W GĄSKACH', 'street': None, 'post_code': '19-400', 'city': 'GĄSKI', 'longitude': '15.921626', 'latitude': '54.236797'}, 'data': {'humidity_avg': 53.315384615384616, 'pressure_avg': 990.8846153846154, 'temperature_avg': 23.46153846153846, 'pm10_avg': 2.476923076923077, 'pm25_avg': 2.161538461538461}, 'timestamp': '2026-07-25 14:21:08'}",False,
"{'school': {'name': 'II LICEUM OGÓLNOKSZTAŁCĄCE Z DODATKOWĄ NAUKĄ JĘZYKA BIAŁORUSKIEGO W HAJNÓWCE', 'street': 'UL. MARSZAŁKA JÓZEFA PIŁSUDSKIEGO', 'post_code': '17-200', 'city': 'HAJNÓWKA', 'longitude': '23.592226', 'latitude': '52.735871'}, 'data': {'humidity_avg': 35.53636363636363, 'pressure_avg': 991.6636363636363, 'temperature_avg': 26.50909090909091, 'pm10_avg': 0.618181818181818, 'pm25_avg': 0.5181818181818181}, 'timestamp': '2026-07-25 14:21:08'}",False,
"{'school': {'name': 'TECHNIKUM W KĘTACH ZAKŁADU DOSKONALENIA ZAWODOWEGO W KATOWICACH', 'street': 'UL. ŻWIRKI I WIGURY', 'post_code': '32-650', 'city': 'KĘTY', 'longitude': '19.2228003', 'latitude': '49.8807299'}, 'data': {'humidity_avg': 48.35454545454545, 'pressure_avg': 979.6181818181817, 'temperature_avg': 25.072727272727274, 'pm10_avg': 0.0, 'pm25_avg': 0.0}, 'timestamp': '2026-07-25 14:21:08'}",False,
"{'school': {'name': 'SPOŁECZNA SZKOŁA PODSTAWOWA Z ODDZIAŁAMI DWUJĘZYCZNYMI IM. JERZEGO KUKUCZKI W RYBNIKU', 'street': 'UL. ŚW. JÓZEFA', 'post_code': '44-217', 'city': 'RYBNIK', 'longitude': '18.531808211060092', 'latitude': '50.10136552503232 '}, 'data': {'humidity_avg': 39.41818181818182, 'pressure_avg': 983.3454545454545, 'temperature_avg': 24.236363636363638, 'pm10_avg': 3.554545454545454, 'pm25_avg': 3.309090909090909}, 'timestamp': '2026-07-25 14:21:08'}",False,
"{'school': {'name': 'SZKOŁA PODSTAWOWA NR 8 IM. WŁADYSŁAWA WEBERA W ZESPOLE SZKOLNO-PRZEDSZKOLNYM Z ODDZIAŁAMI INTEGRACYJNYMI NR 1 W RYBNIKU', 'street': 'UL. GLIWICKA', 'post_code': '44-207', 'city': 'RYBNIK', 'longitude': '18.5502200', 'latitude': '50.1225400'}, 'data': {'humidity_avg': 33.88333333333333, 'pressure_avg': 980.8249999999999, 'temperature_avg': 28.558333333333334, 'pm10_avg': 3.375, 'pm25_avg': 3.05}, 'timestamp': '2026-07-25 14:21:08'}",False,
"{'school': {'name': 'SZKOŁA PODSTAWOWA NR 32 IM. ALFREDA SZKLARSKIEGO W RYBNIKU', 'street': 'UL. BORKI', 'post_code': '44-200', 'city': 'RYBNIK', 'longitude': '18.5162417', 'latitude': '50.1108233'}, 'data': {'humidity_avg': 41.04545454545455, 'pressure_avg': 982.2909090909092, 'temperature_avg': 24.463636363636365, 'pm10_avg': 3.463636363636364, 'pm25_avg': 2.9454545454545453}, 'timestamp': '2026-07-25 14:21:08'}",False,
"{'school': {'name': 'TECHNIKUM NR 2 W RYBNIKU', 'street': 'UL. TADEUSZA KOŚCIUSZKI', 'post_code': '44-200', 'city': 'RYBNIK', 'longitude': '18.5490429', 'latitude': '50.0946384'}, 'data': {'humidity_avg': 41.85454545454545, 'pressure_avg': 981.8363636363637, 'temperature_avg': 24.10909090909091, 'pm10_avg': 3.545454545454545, 'pm25_avg': 3.136363636363636}, 'timestamp': '2026-07-25 14:21:08'}",False,
"{'school': {'name': 'SZKOŁA PODSTAWOWA NR 1 IM. TADEUSZA KOŚCIUSZKI W NOWEJ SOLI', 'street': 'UL. SZKOLNA', 'post_code': '67-100', 'city': 'NOWA SÓL', 'longitude': '15.71707', 'latitude': '51.80344'}, 'data': {'humidity_avg': 28.8, 'pressure_avg': 1000.0909090909091, 'temperature_avg': 28.163636363636364, 'pm10_avg': 4.054545454545455, 'pm25_avg': 3.509090909090909}, 'timestamp': '2026-07-25 14:21:08'}",False,
"{'school': {'name': 'SZKOŁA PODSTAWOWA IM. ZOFII KOSSAK W PIERŚĆCU', 'street': 'UL. JERZEGO TOMANKA', 'post_code': '43-430', 'city': 'PIERŚCIEC', 'longitude': '18.8202885', 'latitude': '49.8369'}, 'data': {'humidity_avg': 36.42727272727273, 'pressure_avg': 977.5818181818181, 'temperature_avg': 28.436363636363637, 'pm10_avg': 2.363636363636363, 'pm25_avg': 1.945454545454545}, 'timestamp': '2026-07-25 14:21:08'}",False,
"{'school': {'name': 'SZKOŁA PODSTAWOWA Z ODDZIAŁAMI INTEGRACYJNYMI NR 1 IM. JANUSZA KORCZAKA W RYBNIKU', 'street': 'UL. BOLESŁAWA CHROBREGO', 'post_code': '44-200', 'city': 'RYBNIK', 'longitude': '18.5493700', 'latitude': '50.0928600'}, 'data': {'humidity_avg': 33.07272727272727, 'pressure_avg': 981.1272727272727, 'temperature_avg': 27.527272727272727, 'pm10_avg': 3.163636363636363, 'pm25_avg': 2.854545454545454}, 'timestamp': '2026-07-25 14:21:08'}",False,
"{'school': {'name': 'SZKOŁA PODSTAWOWA IM. JANA PAWŁA II W PSARACH', 'street': 'UL. GŁÓWNA', 'post_code': '42-287', 'city': 'PSARY', 'longitude': '19.1137897', 'latitude': '50.3794553'}, 'data': {'humidity_avg': 40.21666666666667, 'pressure_avg': 972.9916666666667, 'temperature_avg': 26.733333333333334, 'pm10_avg': 5.608333333333333, 'pm25_avg': 4.666666666666667}, 'timestamp': '2026-07-25 14:21:08'}",False,
"{'school': {'name': 'LICEUM OGÓLNOKSZTAŁCĄCE IM. GEN. WŁADYSŁAWA ANDERSA W ŻAGANIU', 'street': 'UL. GIMNAZJALNA', 'post_code': '68-100', 'city': 'ŻAGAŃ', 'longitude': '15.3248642', 'latitude': '51.6151339'}, 'data': {'humidity_avg': 36.25833333333333, 'pressure_avg': 994.975, 'temperature_avg': 26.483333333333334, 'pm10_avg': 4.066666666666666, 'pm25_avg': 3.4666666666666672}, 'timestamp': '2026-07-25 14:21:08'}",False,
"{'school': {'name': 'SZKOŁA PODSTAWOWA NR 6 IM. JANUSZA KORCZAKA W ZAWIERCIU', 'street': 'UL. WIERZBOWA', 'post_code': '42-400', 'city': 'ZAWIERCIE', 'longitude': '19.4166259', 'latitude': '50.487743'}, 'data': {'humidity_avg': 43.800000000000004, 'pressure_avg': 971.7416666666667, 'temperature_avg': 22.733333333333334, 'pm10_avg': 4.683333333333334, 'pm25_avg': 3.858333333333333}, 'timestamp': '2026-07-25 14:21:08'}",False,
"{'school': {'name': 'SZKOŁA PODSTAWOWA SPECJALNA W DOBRODZIENIU', 'street': 'UL. PIASTOWSKA', 'post_code': '46-380', 'city': 'DOBRODZIEŃ', 'longitude': '18.44702463', 'latitude': '50.72184475'}, 'data': {'humidity_avg': 32.50833333333333, 'pressure_avg': 982.2666666666668, 'temperature_avg': 27.316666666666666, 'pm10_avg': 3.783333333333333, 'pm25_avg': 3.3}, 'timestamp': '2026-07-25 14:21:08'}",False,
"{'school': {'name': 'SZKOŁA PODSTAWOWA IM. JANA PAWŁA II W JONINACH', 'street': None, 'post_code': '33-160', 'city': 'JONINY', 'longitude': '21.1750307', 'latitude': '49.8859362'}, 'data': {'humidity_avg': 53.57272727272728, 'pressure_avg': 1097.8, 'temperature_avg': 26.50909090909091, 'pm10_avg': 2.472727272727272, 'pm25_avg': 2.090909090909091}, 'timestamp': '2026-07-25 14:21:08'}",False,
"{'school': {'name': 'SZKOŁA PODSTAWOWA NR 19 W RYBNIKU', 'street': 'UL. WŁOŚCIAŃSKA', 'post_code': '44-251', 'city': 'RYBNIK', 'longitude': '18.62631', 'latitude': '50.05483'}, 'data': {'humidity_avg': 43.46363636363637, 'pressure_avg': 979.4363636363636, 'temperature_avg': 24.08181818181818, 'pm10_avg': 4.245454545454546, 'pm25_avg': 3.6545454545454543}, 'timestamp': '2026-07-25 14:21:08'}",False,
"{'school': {'name': 'ZESPÓŁ SZKÓŁ SAMORZĄDOWYCH W HOCZWI SZKOŁA PODSTAWOWA W HOCZWI', 'street': None, 'post_code': '38-604', 'city': 'HOCZEW', 'longitude': '22.3277466', 'latitude': '49.4275648'}, 'data': {'humidity_avg': 54.945454545454545, 'pressure_avg': 972.8363636363637, 'temperature_avg': 22.61818181818182, 'pm10_avg': 2.509090909090909, 'pm25_avg': 2.181818181818181}, 'timestamp': '2026-07-25 14:21:08'}",False,
"{'school': {'name': 'EUROPEJSKIE LICEUM SŁUŻB MUNDUROWYCH WE WROCŁAWIU', 'street': 'UL. KRUSZWICKA', 'post_code': '53-652', 'city': 'WROCŁAW-STARE MIASTO', 'longitude': '17.00897301250473', 'latitude': '51.11399445590569'}, 'data': {'humidity_avg': 29.423076923076923, 'pressure_avg': 994.2538461538461, 'temperature_avg': 26.56153846153846, 'pm10_avg': 2.838461538461538, 'pm25_avg': 2.615384615384615}, 'timestamp': '2026-07-25 14:21:08'}",False,
"{'school': {'name': 'SZKOŁA PODSTAWOWA W NIEBIESZCZANACH', 'street': None, 'post_code': '38-504', 'city': 'NIEBIESZCZANY', 'longitude': '22.1593098', 'latitude': '49.5008701'}, 'data': {'humidity_avg': 47.40833333333333, 'pressure_avg': 968.5749999999999, 'temperature_avg': 23.40833333333333, 'pm10_avg': 2.758333333333333, 'pm25_avg': 2.508333333333333}, 'timestamp': '2026-07-25 14:21:08'}",False,
"{'school': {'name': 'SZKOŁA PODSTAWOWA IM. ŚWIĘTEGO ANDRZEJA BOBOLI W KOSTAROWCACH', 'street': None, 'post_code': '38-507', 'city': 'KOSTAROWCE', 'longitude': '22.1133372', 'latitude': '49.5876781'}, 'data': {'humidity_avg': 43.90909090909091, 'pressure_avg': 975.2272727272727, 'temperature_avg': 25.227272727272727, 'pm10_avg': 4.554545454545455, 'pm25_avg': 3.8}, 'timestamp': '2026-07-25 14:21:08'}",False,
"{'school': {'name': 'BRANŻOWA SZKOŁA I STOPNIA SPECJALNA W RYBNIKU', 'street': 'UL. STANISŁAWA MAŁACHOWSKIEGO', 'post_code': '44-251', 'city': 'RYBNIK', 'longitude': '18.5866335', 'latitude': '50.052555'}, 'data': {'humidity_avg': 40.46363636363637, 'pressure_avg': 979.9727272727273, 'temperature_avg': 24.79090909090909, 'pm10_avg': 2.6999999999999993, 'pm25_avg': 2.436363636363636}, 'timestamp': '2026-07-25 14:21:08'}",False,
"{'school': {'name': 'TECHNIKUM LEŚNE W MILICZU', 'street': 'UL. KASZTELAŃSKA', 'post_code': '56-300', 'city': 'MILICZ', 'longitude': '17.2664553', 'latitude': '51.5302895'}, 'data': {'humidity_avg': 34.91818181818182, 'pressure_avg': 996.3090909090909, 'temperature_avg': 25.363636363636363, 'pm10_avg': 4.136363636363637, 'pm25_avg': 3.545454545454545}, 'timestamp': '2026-07-25 14:21:08'}",False,
"{'school': {'name': 'LICEUM OGÓLNOKSZTAŁCĄCE SPECJALNE NR XXXII DLA UCZNIÓW NIEWIDOMYCH I SŁABOWIDZĄCYCH W DOLNOŚLĄSKIM SPECJLANYM OŚRODKU SZKOLNO-WYCHOWAWCZYM NR 13 DLA NIEWIDOMYCH I SŁABOWIDZĄCYCH WE WROCŁAWIU', 'street': 'UL. KAMIENNOGÓRSKA', 'post_code': '54-034', 'city': 'WROCŁAW-FABRYCZNA', 'longitude': '16.89878269', 'latitude': '51.13928491'}, 'data': {'humidity_avg': 25.025000000000002, 'pressure_avg': 995.2166666666667, 'temperature_avg': 31.308333333333334, 'pm10_avg': 2.449999999999999, 'pm25_avg': 2.175}, 'timestamp': '2026-07-25 14:21:08'}",False,
"{'school': {'name': 'SZKOŁA PODSTAWOWA IM. WANDY KAWY I BRONISŁAWY KAWY W KOŚMIDRACH', 'street': 'UL. SZKOLNA', 'post_code': '42-772', 'city': 'KOŚMIDRY', 'longitude': '18.5679671', 'latitude': '50.6647589'}, 'data': {'humidity_avg': 44.175, 'pressure_avg': 983.25, 'temperature_avg': 23.975, 'pm10_avg': 4.0, 'pm25_avg': 3.2375}, 'timestamp': '2026-07-25 14:21:08'}",False,
"{'school': {'name': 'SZKOŁA PODSTAWOWA NR 4 IM 21. WARSZAWSKIEGO PUŁKU PIECHOTY ""DZIECI WARSZAWY"" W CIECHANOWIE', 'street': 'UL. PŁOŃSKA', 'post_code': '06-400', 'city': 'CIECHANÓW', 'longitude': '20.630814', 'latitude': '52.8633337'}, 'data': {'humidity_avg': 31.945454545454538, 'pressure_avg': 995.1909090909091, 'temperature_avg': 31.027272727272727, 'pm10_avg': 4.463636363636364, 'pm25_avg': 3.872727272727273}, 'timestamp': '2026-07-25 14:21:08'}",False,
"{'school': {'name': 'TECHNIKUM NR 1 IM. PROF. BOLESŁAWA KRUPIŃSKIEGO W LUBINIE', 'street': 'UL. TADEUSZA KOŚCIUSZKI', 'post_code': '59-300', 'city': 'LUBIN', 'longitude': '16.208145', 'latitude': '51.4014027'}, 'data': {'humidity_avg': 28.483333333333334, 'pressure_avg': 992.8166666666666, 'temperature_avg': 28.275000000000002, 'pm10_avg': 3.6166666666666663, 'pm25_avg': 3.083333333333333}, 'timestamp': '2026-07-25 14:21:08'}",False,
"{'school': {'name': 'SZKOŁA PODSTAWOWA NR 1 IM. MIKOŁAJA KOPERNIKA W GUBINIE', 'street': 'UL. RACŁAWICKA', 'post_code': '66-620', 'city': 'GUBIN', 'longitude': '14.7284576', 'latitude': '51.9489824'}, 'data': {'humidity_avg': 27.2, 'pressure_avg': 1001.3272727272728, 'temperature_avg': 29.954545454545453, 'pm10_avg': 3.7818181818181813, 'pm25_avg': 3.227272727272727}, 'timestamp': '2026-07-25 14:21:08'}",False,
"{'school': {'name': 'IV LICEUM OGÓLNOKSZTAŁCĄCE IM. KARD. STEFANA WYSZYŃSKIEGO W ZESPOLE SZKÓŁ NR 1 IM. JÓZEFA PIŁSUDSKIEGO W LIMANOWEJ ', 'street': 'UL. WINCENTEGO WITOSA', 'post_code': '34-600', 'city': 'LIMANOWA', 'longitude': '20.4080007', 'latitude': '49.7185471'}, 'data': {'humidity_avg': 31.0, 'pressure_avg': 966.9, 'temperature_avg': 28.045454545454547, 'pm10_avg': 2.0, 'pm25_avg': 1.818181818181818}, 'timestamp': '2026-07-25 14:21:08'}",False,
"{'school': {'name': 'MIEJSKA SZKOŁA PODSTAWOWA NR 3 W KNUROWIE', 'street': 'UL. FELIKSA MICHALSKIEGO', 'post_code': '44-193', 'city': 'KNURÓW', 'longitude': '18.6452996', 'latitude': '50.2109434'}, 'data': {'humidity_avg': 43.654545454545456, 'pressure_avg': 982.8454545454545, 'temperature_avg': 25.063636363636363, 'pm10_avg': 4.090909090909091, 'pm25_avg': 3.427272727272727}, 'timestamp': '2026-07-25 14:21:08'}",False,
"{'school': {'name': 'TECHNIKUM NR 3 W SUWAŁKACH', 'street': 'UL. SEJNEŃSKA', 'post_code': '16-400', 'city': 'SUWAŁKI', 'longitude': '22.94463', 'latitude': '54.10127'}, 'data': {'humidity_avg': 48.84166666666667, 'pressure_avg': 988.5916666666667, 'temperature_avg': 23.683333333333334, 'pm10_avg': 2.666666666666666, 'pm25_avg': 2.425}, 'timestamp': '2026-07-25 14:21:08'}",False,
"{'school': {'name': 'SZKOŁA PODSTAWOWA W JUDZIKACH', 'street': None, 'post_code': '19-400', 'city': 'JUDZIKI', 'longitude': '22.5106122', 'latitude': '54.1146732'}, 'data': {'humidity_avg': 52.13636363636363, 'pressure_avg': 988.1909090909091, 'temperature_avg': 23.981818181818184, 'pm10_avg': 2.209090909090909, 'pm25_avg': 1.945454545454545}, 'timestamp': '2026-07-25 14:21:08'}",False,
"{'school': {'name': 'SZKOŁA PODSTAWOWA IM. KONSTYTUCJI 3 MAJA W JAŚWIŁACH', 'street': None, 'post_code': '19-124', 'city': 'JAŚWIŁY', 'longitude': '22.9430109', 'latitude': '53.477615'}, 'data': {'humidity_avg': 53.375, 'pressure_avg': 988.6999999999999, 'temperature_avg': 22.866666666666664, 'pm10_avg': 2.75, 'pm25_avg': 2.458333333333333}, 'timestamp': '2026-07-25 14:21:08'}",False,
"{'school': {'name': 'PUBLICZNA SZKOŁA PODSTAWOWA W KOCHCICACH', 'street': 'UL. PARKOWA', 'post_code': '42-283', 'city': 'KOCHCICE', 'longitude': '18.6821575', 'latitude': '50.7082443'}, 'data': {'humidity_avg': 41.17272727272727, 'pressure_avg': 977.9727272727273, 'temperature_avg': 24.845454545454547, 'pm10_avg': 3.6545454545454543, 'pm25_avg': 2.963636363636364}, 'timestamp': '2026-07-25 14:21:08'}",False,
"{'school': {'name': 'SZKOŁA PODSTAWOWA IM.JANA KOCHANOWSKIEGO W SZÓWSKU', 'street': 'UL. LUBELSKA', 'post_code': '37-522', 'city': 'SZÓWSKO', 'longitude': '22.710251184075926', 'latitude': '50.04758822852888 '}, 'data': {'humidity_avg': 40.481818181818184, 'pressure_avg': 989.9090909090909, 'temperature_avg': 27.19090909090909, 'pm10_avg': 5.172727272727273, 'pm25_avg': 4.463636363636364}, 'timestamp': '2026-07-25 14:21:08'}",False,
"{'school': {'name': 'ZESPÓŁ SZKÓŁ SPECJALNYCH SZKOŁA PODSTAWOWA SPECJALNA NR 6 W WADOWICACH', 'street': 'UL. ZEGADŁOWICZA', 'post_code': '34-100', 'city': 'WADOWICE', 'longitude': '19.4939579', 'latitude': '49.8827856'}, 'data': {'humidity_avg': 39.06666666666667, 'pressure_avg': 980.8583333333332, 'temperature_avg': 25.675, 'pm10_avg': 2.9499999999999993, 'pm25_avg': 2.683333333333333}, 'timestamp': '2026-07-25 14:21:08'}",False,
"{'school': {'name': 'SZKOŁA PODSTAWOWA Z ODDZIAŁEM PRZEDSZKOLNYM W POSKWITOWIE', 'street': 'POSKWITÓW', 'post_code': '32-095', 'city': 'POSKWITÓW (WIEŚ)', 'longitude': '20.0004568', 'latitude': '50.2236024'}, 'data': {'humidity_avg': 40.53636363636363, 'pressure_avg': 979.9363636363636, 'temperature_avg': 23.7, 'pm10_avg': 5.009090909090909, 'pm25_avg': 4.745454545454546}, 'timestamp': '2026-07-25 14:21:08'}",False,
"{'school': {'name': 'SZKOŁA PODSTAWOWA IM.BOHATERÓW WRZEŚNIA 1939R.W JORDANOWIE', 'street': 'UL. KOLEJOWA', 'post_code': '34-240', 'city': 'JORDANÓW', 'longitude': '19.829654', 'latitude': '49.6477513'}, 'data': {'humidity_avg': 36.733333333333334, 'pressure_avg': 956.0, 'temperature_avg': 25.391666666666666, 'pm10_avg': 2.791666666666666, 'pm25_avg': 2.416666666666666}, 'timestamp': '2026-07-25 14:21:08'}",False,
"{'school': {'name': 'SZKOŁA PODSTAWOWA IM. B.CHROBREGO W RYBARZOWICACH', 'street': 'UL. BESKIDZKA', 'post_code': '43-378', 'city': 'RYBARZOWICE', 'longitude': '19.1030526', 'latitude': '49.7294784'}, 'data': {'humidity_avg': 38.89090909090909, 'pressure_avg': 962.7363636363636, 'temperature_avg': 26.063636363636363, 'pm10_avg': 2.472727272727272, 'pm25_avg': 1.9727272727272722}, 'timestamp': '2026-07-25 14:21:08'}",False,
"{'school': {'name': 'AKADEMICKI ZESPÓŁ PLACÓWEK OŚWIATOWYCH SZKOŁA PODSTAWOWA W FIJEWIE', 'street': None, 'post_code': '14-260', 'city': 'FIJEWO', 'longitude': '19.7542438', 'latitude': '53.4991344'}, 'data': {'humidity_avg': 46.127272727272725, 'pressure_avg': 991.4, 'temperature_avg': 23.972727272727273, 'pm10_avg': 5.181818181818182, 'pm25_avg': 4.445454545454545}, 'timestamp': '2026-07-25 14:21:08'}",False,
"{'school': {'name': 'SZKOŁA PODSTAWOWA IM. LOTNIKÓW POLSKICH W PŁOCICZNIE-TARTAK', 'street': None, 'post_code': '16-402', 'city': 'PŁOCICZNO-TARTAK', 'longitude': '22.983029328835258', 'latitude': '54.02273741338736'}, 'data': {'humidity_avg': 47.65833333333333, 'pressure_avg': 990.3166666666666, 'temperature_avg': 24.666666666666668, 'pm10_avg': 2.975, 'pm25_avg': 2.65}, 'timestamp': '2026-07-25 14:21:08'}",False,
"{'school': {'name': 'SZKOŁA PODSTAWOWA IM. JULIUSZA SŁOWACKIEGO W HERBACH', 'street': 'UL. KATOWICKA', 'post_code': '42-284', 'city': 'HERBY', 'longitude': '18.880949', 'latitude': '50.743272'}, 'data': {'humidity_avg': 51.28333333333333, 'pressure_avg': 978.8000000000001, 'temperature_avg': 23.55, 'pm10_avg': 3.074999999999999, 'pm25_avg': 2.791666666666666}, 'timestamp': '2026-07-25 14:21:08'}",False,
"{'school': {'name': 'SZKOŁA PODSTAWOWA W DĄBROWIE', 'street': 'UL. PARKOWA', 'post_code': '46-112', 'city': 'DĄBROWA', 'longitude': '17.799011', 'latitude': '50.9711671'}, 'data': {'humidity_avg': 38.42727272727273, 'pressure_avg': 991.5454545454545, 'temperature_avg': 25.70909090909091, 'pm10_avg': 2.918181818181818, 'pm25_avg': 2.918181818181818}, 'timestamp': '2026-07-25 14:21:08'}",False,
"{'school': {'name': 'SZKOŁA PODSTAWOWA IM. WOŁYŃSKIEJ BRYGADY KAWALERII W MIEDŹNIE', 'street': 'UL. SZKOLNA', 'post_code': '42-120', 'city': 'MIEDŹNO', 'longitude': '18.9868811', 'latitude': '50.9680679'}, 'data': {'humidity_avg': 44.6, 'pressure_avg': 983.9888888888888, 'temperature_avg': 23.855555555555554, 'pm10_avg': 4.388888888888889, 'pm25_avg': 3.633333333333333}, 'timestamp': '2026-07-25 14:21:08'}",False,
"{'school': {'name': 'TECHNIKUM NR 1 W TARNOWSKICH GÓRACH', 'street': 'UL. OPOLSKA', 'post_code': '42-600', 'city': 'TARNOWSKIE GÓRY', 'longitude': '18.849052', 'latitude': '50.446684'}, 'data': {'humidity_avg': 43.07272727272727, 'pressure_avg': 974.6181818181817, 'temperature_avg': 24.281818181818185, 'pm10_avg': 4.0, 'pm25_avg': 3.218181818181818}, 'timestamp': '2026-07-25 14:21:08'}",False,
"{'school': {'name': 'SZKOŁA PODSTAWOWA NR 3 IM. JANA HEMPLA W WYSZKOWIE', 'street': 'UL. STEFANA BATOREGO', 'post_code': '07-201', 'city': 'WYSZKÓW', 'longitude': '21.458395', 'latitude': '52.5928523'}, 'data': {'humidity_avg': 43.34615384615385, 'pressure_avg': 998.4769230769232, 'temperature_avg': 26.43076923076923, 'pm10_avg': 3.315384615384615, 'pm25_avg': 2.976923076923077}, 'timestamp': '2026-07-25 14:21:08'}",False,
"{'school': {'name': 'SZKOŁA PODSTAWOWA W KRÓLEWIE', 'street': None, 'post_code': '09-131', 'city': 'KRÓLEWO', 'longitude': '20.5648353', 'latitude': '52.6353613'}, 'data': {'humidity_avg': 45.43333333333333, 'pressure_avg': 998.0666666666667, 'temperature_avg': 25.133333333333333, 'pm10_avg': 4.733333333333333, 'pm25_avg': 4.144444444444444}, 'timestamp': '2026-07-25 14:21:08'}",False,
"{'school': {'name': 'SPOŁECZNA SZKOŁA PODSTAWOWA Z ODDZIAŁEM PRZEDSZKOLNYM W ZAŁUŻU', 'street': None, 'post_code': '37-600', 'city': 'ZAŁUŻE', 'longitude': '23.170994', 'latitude': '50.1994769'}, 'data': {'humidity_avg': 57.31818181818182, 'pressure_avg': 984.0818181818181, 'temperature_avg': 24.154545454545453, 'pm10_avg': 3.8636363636363633, 'pm25_avg': 3.39090909090909}, 'timestamp': '2026-07-25 14:21:08'}",False,
"{'school': {'name': 'SZKOŁA PODSTAWOWA IM. JANA PAWŁA II W LUBATOWEJ', 'street': None, 'post_code': '38-440', 'city': 'LUBATOWA', 'longitude': '21.76125', 'latitude': '49.5404048'}, 'data': {'humidity_avg': 55.10909090909092, 'pressure_avg': 964.1545454545455, 'temperature_avg': 24.345454545454547, 'pm10_avg': 3.1, 'pm25_avg': 2.618181818181818}, 'timestamp': '2026-07-25 14:21:08'}",False,
"{'school': {'name': 'TECHNIKUM W SEJNACH', 'street': 'UL. KONARSKIEGO', 'post_code': '16-500', 'city': 'SEJNY', 'longitude': '23.33861373', 'latitude': '54.10713149'}, 'data': {'humidity_avg': 50.85454545454545, 'pressure_avg': 994.1727272727272, 'temperature_avg': 24.927272727272726, 'pm10_avg': 2.199999999999999, 'pm25_avg': 1.927272727272727}, 'timestamp': '2026-07-25 14:21:08'}",False,
"{'school': {'name': 'SZKOŁA PODSTAWOWA NR 2 W ROPCZYCACH', 'street': 'UL. ROBOTNICZA', 'post_code': '39-100', 'city': 'ROPCZYCE', 'longitude': '21.5863232', 'latitude': '50.0775233'}, 'data': {'humidity_avg': 41.86363636363637, 'pressure_avg': 986.0181818181819, 'temperature_avg': 24.672727272727272, 'pm10_avg': 3.036363636363636, 'pm25_avg': 2.554545454545454}, 'timestamp': '2026-07-25 14:21:08'}",False,
"{'school': {'name': 'SZKOŁA PODSTAWOWA IM. C.K. NORWIDA W DĄBRÓWCE', 'street': 'UL. TADEUSZA KOŚCIUSZKI', 'post_code': '05-252', 'city': 'DĄBRÓWKA', 'longitude': '21.2966041', 'latitude': '52.4866867'}, 'data': {'humidity_avg': 36.375, 'pressure_avg': 997.9416666666666, 'temperature_avg': 28.391666666666666, 'pm10_avg': 4.341666666666667, 'pm25_avg': 3.7416666666666663}, 'timestamp': '2026-07-25 14:21:08'}",False,
"{'school': {'name': 'SZKOŁA PODSTAWOWA W PILCHOWICACH', 'street': 'UL. SZKOLNA', 'post_code': '44-145', 'city': 'PILCHOWICE', 'longitude': '18.55892249999911', 'latitude': '50.21769552978952'}, 'data': {'humidity_avg': 48.06666666666666, 'pressure_avg': 985.3916666666668, 'temperature_avg': 24.058333333333334, 'pm10_avg': 3.225, 'pm25_avg': 2.466666666666666}, 'timestamp': '2026-07-25 14:21:08'}",False,
"{'school': {'name': 'SZKOŁA PODSTAWOWA W ROGOWICACH', 'street': None, 'post_code': '26-080', 'city': 'ROGOWICE', 'longitude': '20.558991380964468', 'latitude': '51.03562685582885 '}, 'data': {'humidity_avg': 54.6875, 'pressure_avg': 978.9125, 'temperature_avg': 22.45, 'pm10_avg': 230.7625, 'pm25_avg': 206.8375}, 'timestamp': '2026-07-25 14:21:08'}",False,
"{'school': {'name': 'SZKOŁA PODSTAWOWA W SIDRZE', 'street': 'UL. SZKOLNA', 'post_code': '16-124', 'city': 'SIDRA', 'longitude': '23.4487107', 'latitude': '53.5532039'}, 'data': {'humidity_avg': 34.72727272727273, 'pressure_avg': 992.5636363636364, 'temperature_avg': 27.79090909090909, 'pm10_avg': 1.7636363636363632, 'pm25_avg': 1.554545454545454}, 'timestamp': '2026-07-25 14:21:08'}",False,
"{'school': {'name': 'SZKOŁA PODSTAWOWA W KUŹNICY', 'street': 'UL. JAGIELLOŃSKA', 'post_code': '16-123', 'city': 'KUŹNICA', 'longitude': '23.6492992', 'latitude': '53.5106708'}, 'data': {'humidity_avg': 40.56666666666667, 'pressure_avg': 990.9, 'temperature_avg': 23.875, 'pm10_avg': 1.758333333333333, 'pm25_avg': 1.525}, 'timestamp': '2026-07-25 14:21:08'}",False,
"{'school': {'name': 'SZKOŁA PODSTAWOWA IM. MARII KONOPNICKIEJ W OPATOWIE', 'street': 'UL. SZKOLNA', 'post_code': '42-152', 'city': 'OPATÓW', 'longitude': '18.8226827', 'latitude': '50.9545445'}, 'data': {'humidity_avg': 32.333333333333336, 'pressure_avg': 981.4, 'temperature_avg': 29.599999999999998, 'pm10_avg': 3.1, 'pm25_avg': 2.5}, 'timestamp': '2026-07-25 14:21:08'}",False,
"{'school': {'name': 'SZKOŁA PODSTAWOWA IM. JÓZEFA LOMPY W LUBSZY', 'street': 'UL. SZKOLNA', 'post_code': '42-287', 'city': 'LUBSZA', 'longitude': '18.9962539', 'latitude': '50.6125221'}, 'data': {'humidity_avg': 50.90909090909091, 'pressure_avg': 971.5181818181819, 'temperature_avg': 21.927272727272726, 'pm10_avg': 5.781818181818182, 'pm25_avg': 5.109090909090909}, 'timestamp': '2026-07-25 14:21:08'}",False,
"{'school': {'name': 'ZESPÓŁ SZKÓŁ SPECJALNYCH NR 102 W WARSZAWIE', 'street': 'UL. DERKACZY', 'post_code': '04-963', 'city': 'WARSZAWA', 'longitude': '21.20527549', 'latitude': '52.16464066'}, 'data': {'humidity_avg': 48.4, 'pressure_avg': 998.3363636363637, 'temperature_avg': 24.20909090909091, 'pm10_avg': 3.209090909090909, 'pm25_avg': 2.8}, 'timestamp': '2026-07-25 14:21:08'}",False,
"{'school': {'name': 'BRANŻOWA SZKOŁA I STOPNIA IM. KPT. STEFANA POGONOWSKIEGO W RADZYMINIE', 'street': 'UL. KOMUNALNA', 'post_code': '05-250', 'city': 'RADZYMIN', 'longitude': '21.1891905', 'latitude': '52.4148957'}, 'data': {'humidity_avg': 43.5, 'pressure_avg': 1000.1363636363636, 'temperature_avg': 27.6, 'pm10_avg': 4.818181818181818, 'pm25_avg': 4.136363636363637}, 'timestamp': '2026-07-25 14:21:08'}",False,
"{'school': {'name': 'PUBLICZNA SZKOŁA PODSTAWOWA NR 5 IM.MARII DĄBROWSKIEJ W RADOMIU', 'street': 'UL. GEN. JÓZEFA SOWIŃSKIEGO', 'post_code': '26-600', 'city': 'RADOM', 'longitude': '21.1619916', 'latitude': '51.41283841'}, 'data': {'humidity_avg': 33.775, 'pressure_avg': 990.2333333333332, 'temperature_avg': 29.525000000000002, 'pm10_avg': 2.475, 'pm25_avg': 2.05}, 'timestamp': '2026-07-25 14:21:08'}",False,
"{'school': {'name': 'SZKOŁA PODSTAWOWA W POĆKUNACH', 'street': None, 'post_code': '16-500', 'city': 'POĆKUNY', 'longitude': '23.4302158', 'latitude': '54.0869616'}, 'data': {'humidity_avg': 45.18181818181818, 'pressure_avg': 990.8272727272728, 'temperature_avg': 24.59090909090909, 'pm10_avg': 2.245454545454545, 'pm25_avg': 2.036363636363636}, 'timestamp': '2026-07-25 14:21:08'}",False,
"{'school': {'name': 'SZKOŁA PODSTAWOWA IM. ŚWIĘTEJ KRÓLOWEJ JADWIGI W DYDNI', 'street': None, 'post_code': '36-204', 'city': 'DYDNIA', 'longitude': '22.1746713', 'latitude': '49.6854658'}, 'data': {'humidity_avg': 51.53636363636363, 'pressure_avg': 978.1090909090909, 'temperature_avg': 22.827272727272728, 'pm10_avg': 2.590909090909091, 'pm25_avg': 2.209090909090909}, 'timestamp': '2026-07-25 14:21:08'}",False,
"{'school': {'name': 'LICEUM OGÓLNOKSZTAŁCĄCE IM. ROMANA CZERNECKIEGO W SZCZEKOCINACH', 'street': 'UL. SPACEROWA', 'post_code': '42-445', 'city': 'SZCZEKOCINY', 'longitude': '19.823275', 'latitude': '50.619208'}, 'data': {'humidity_avg': 40.9875, 'pressure_avg': 979.4875, 'temperature_avg': 26.725, 'pm10_avg': 4.0625, 'pm25_avg': 3.4}, 'timestamp': '2026-07-25 14:21:08'}",False,
"{'school': {'name': 'ZESPÓŁ SZKOLNO-PRZEDSZKOLNY W SIERAKOWIE ŚLĄSKIM-SZKOŁA PODSTAWOWA W SIERAKOWIE ŚLĄSKIM', 'street': 'UL. SZKOLNA', 'post_code': '42-793', 'city': 'SIERAKÓW ŚLĄSKI', 'longitude': '18.577074', 'latitude': '50.8012616'}, 'data': {'humidity_avg': 37.74444444444444, 'pressure_avg': 981.1555555555556, 'temperature_avg': 28.833333333333332, 'pm10_avg': 3.7222222222222223, 'pm25_avg': 2.988888888888889}, 'timestamp': '2026-07-25 14:21:08'}",False,
"{'school': {'name': 'SZKOŁA PODSTAWOWA NR 20 IM. GEN. WŁADYSŁAWA SIKORSKIEGO W BIAŁYMSTOKU', 'street': 'UL. LEŚNA', 'post_code': '15-559', 'city': 'BIAŁYSTOK', 'longitude': '23.20856832883596', 'latitude': '53.11937961459712'}, 'data': {'humidity_avg': 48.190909090909095, 'pressure_avg': 992.2363636363636, 'temperature_avg': 23.754545454545454, 'pm10_avg': 2.590909090909091, 'pm25_avg': 2.254545454545454}, 'timestamp': '2026-07-25 14:21:08'}",False,
"{'school': {'name': 'SZKOŁA PODSTAWOWA IM. EDWARDA SZYMAŃSKIEGO W STOCZKU', 'street': 'UL. WĘGROWSKA', 'post_code': '07-104', 'city': 'STOCZEK', 'longitude': '21.9001015', 'latitude': '52.5429093'}, 'data': {'humidity_avg': 43.975, 'pressure_avg': 994.4583333333334, 'temperature_avg': 26.858333333333334, 'pm10_avg': 3.3, 'pm25_avg': 2.808333333333333}, 'timestamp': '2026-07-25 14:21:08'}",False,
"{'school': {'name': 'TECHNIKUM NR 5 W ZABRZU W ZESPOLE SZKÓŁ SPOŻYWCZYCH IM. DR BRONISŁAWA HAGERA W ZABRZU', 'street': 'UL. FRANCISZKAŃSKA', 'post_code': '41-819', 'city': 'ZABRZE', 'longitude': '18.768076', 'latitude': '50.3132502'}, 'data': {'humidity_avg': 43.654545454545456, 'pressure_avg': 981.9090909090909, 'temperature_avg': 24.645454545454548, 'pm10_avg': 3.345454545454545, 'pm25_avg': 2.790909090909091}, 'timestamp': '2026-07-25 14:21:08'}",False,
"{'school': {'name': 'SZKOŁA PODSTAWOWA W KOPIENICY', 'street': 'UL. 1 MAJA', 'post_code': '42-674', 'city': 'KOPIENICA', 'longitude': '18.6504282', 'latitude': '50.4496034'}, 'data': {'humidity_avg': 47.42857142857143, 'pressure_avg': 979.5714285714286, 'temperature_avg': 25.014285714285716, 'pm10_avg': 4.242857142857143, 'pm25_avg': 3.542857142857143}, 'timestamp': '2026-07-25 14:21:08'}",False,
"{'school': {'name': 'SZKOŁA PODSTAWOWA W GROMADCE', 'street': 'UL. GEN. WŁ. SIKORSKIEGO', 'post_code': '59-706', 'city': 'GROMADKA', 'longitude': '15.76266314', 'latitude': '51.35525115'}, 'data': {'humidity_avg': 43.666666666666664, 'pressure_avg': 993.7666666666668, 'temperature_avg': 24.69333333333333, 'pm10_avg': 0.30000000000000004, 'pm25_avg': 0.18000000000000002}, 'timestamp': '2026-07-25 14:21:08'}",False,
"{'school': {'name': 'SZKOŁA PODSTAWOWA NR 13 IM. ORLĄT LWOWSKICH W SZCZECINIE', 'street': 'UL. BAŁTYCKA', 'post_code': '70-880', 'city': 'SZCZECIN', 'longitude': '14.7642087', 'latitude': ' 53.38566007'}, 'data': {'humidity_avg': 42.699999999999996, 'pressure_avg': 1004.7333333333332, 'temperature_avg': 26.03333333333333, 'pm10_avg': 5.033333333333333, 'pm25_avg': 4.25}, 'timestamp': '2026-07-25 14:21:08'}",False,
"{'school': {'name': 'BRANŻOWA SZKOŁA I STOPNIA SPECJALNA NR 1 W GOLENIOWIE', 'street': 'UL. NIEPODLEGŁOŚCI', 'post_code': '72-100', 'city': 'GOLENIÓW', 'longitude': '14.8193', 'latitude': '53.570509'}, 'data': {'humidity_avg': 37.63333333333333, 'pressure_avg': 1004.8083333333334, 'temperature_avg': 28.883333333333336, 'pm10_avg': 3.058333333333333, 'pm25_avg': 2.783333333333333}, 'timestamp': '2026-07-25 14:21:08'}",False,
"{'school': {'name': 'SZKOŁA PODSTAWOWA NR 3 IM.ŻOŁNIERZA POLSKIEGO UL.CZWARTAKÓW 2 W ZŁOCIEŃCU', 'street': 'UL. CZWARTAKÓW', 'post_code': '78-524', 'city': 'ZŁOCIENIEC', 'longitude': '16.048539', 'latitude': '53.541936'}, 'data': {'humidity_avg': 48.74166666666667, 'pressure_avg': 992.4, 'temperature_avg': 23.125, 'pm10_avg': 5.75, 'pm25_avg': 5.158333333333333}, 'timestamp': '2026-07-25 14:21:08'}",False,
"{'school': {'name': 'SZKOŁA PODSTAWOWA IM. KRZYSZTOFA KAMILA BACZYŃSKIEGO W IŃSKU', 'street': 'UL. POPRZECZNA', 'post_code': '73-140', 'city': 'IŃSKO', 'longitude': '15.55039', 'latitude': '53.43606'}, 'data': {'humidity_avg': 40.800000000000004, 'pressure_avg': 991.5833333333334, 'temperature_avg': 25.7, 'pm10_avg': 5.541666666666667, 'pm25_avg': 5.266666666666667}, 'timestamp': '2026-07-25 14:21:08'}",False,
"{'school': {'name': 'PUBLICZNA SZKOŁA PODSTAWOWA NR 3 IM. MIKOŁAJA KOPERNIKA W BRZESKU', 'street': 'UL. LEGIONÓW PIŁSUDSKIEGO', 'post_code': '32-800', 'city': 'BRZESKO', 'longitude': '20.612038', 'latitude': '49.97275'}, 'data': {'humidity_avg': 40.949999999999996, 'pressure_avg': 985.0166666666668, 'temperature_avg': 23.566666666666666, 'pm10_avg': 2.158333333333333, 'pm25_avg': 1.9}, 'timestamp': '2026-07-25 14:21:08'}",False,
"{'school': {'name': 'TECHNIKUM W KADZIDLE', 'street': 'UL. SŁONECZNA', 'post_code': '07-420', 'city': 'KADZIDŁO', 'longitude': '21.464272', 'latitude': '53.23041'}, 'data': {'humidity_avg': 54.13333333333333, 'pressure_avg': 998.3249999999999, 'temperature_avg': 25.53333333333333, 'pm10_avg': 2.941666666666666, 'pm25_avg': 2.658333333333333}, 'timestamp': '2026-07-25 14:21:08'}",False,
"{'school': {'name': 'LICEUM OGÓLNOKSZTAŁCĄCE W ZESPOLE SZKÓŁ W RÓŻANIE', 'street': 'UL. WARSZAWSKA', 'post_code': '06-320', 'city': 'RÓŻAN', 'longitude': '21.391333', 'latitude': '52.88777'}, 'data': {'humidity_avg': 44.4, 'pressure_avg': 994.9583333333334, 'temperature_avg': 25.75, 'pm10_avg': 3.691666666666666, 'pm25_avg': 3.158333333333333}, 'timestamp': '2026-07-25 14:21:08'}",False,
"{'school': {'name': 'III LICEUM OGÓLNOKSZTAŁCĄCE W PABIANICACH', 'street': 'UL. GDAŃSKA', 'post_code': '95-200', 'city': 'PABIANICE', 'longitude': '19.36155263', 'latitude': '51.66500025'}, 'data': {'humidity_avg': 41.8, 'pressure_avg': 988.6999999999999, 'temperature_avg': 25.944444444444443, 'pm10_avg': 3.255555555555555, 'pm25_avg': 2.7222222222222223}, 'timestamp': '2026-07-25 14:21:08'}",False,
"{'school': {'name': 'SZKOŁA PODSTAWOWA IM. MIKOŁAJA KOPERNIKA W MIKOŁAJOWICACH', 'street': None, 'post_code': '33-121', 'city': 'MIKOŁAJOWICE', 'longitude': '20.869079', 'latitude': '49.979718'}, 'data': {'humidity_avg': 33.309090909090905, 'pressure_avg': 988.2636363636364, 'temperature_avg': 28.00909090909091, 'pm10_avg': 2.836363636363636, 'pm25_avg': 2.581818181818181}, 'timestamp': '2026-07-25 14:21:08'}",False,
"{'school': {'name': 'SZKOŁA PODSTAWOWA IM. FRYDERYKA CHOPINA W BUDKACH PIASECKICH', 'street': None, 'post_code': '96-516', 'city': 'BUDKI PIASECKIE', 'longitude': '20.33231767', 'latitude': '52.19724553'}, 'data': {'humidity_avg': 41.74166666666667, 'pressure_avg': 998.0833333333334, 'temperature_avg': 26.275000000000002, 'pm10_avg': 3.6166666666666663, 'pm25_avg': 3.066666666666666}, 'timestamp': '2026-07-25 14:21:08'}",False,
"{'school': {'name': 'BRANŻOWA SZKOŁA I STOPNIA W SOCHACZEWIE', 'street': 'UL. MARSZAŁKA JÓZEFA PIŁSUDSKIEGO', 'post_code': '96-500', 'city': 'SOCHACZEW', 'longitude': '20.24313864', 'latitude': '52.21990386'}, 'data': {'humidity_avg': 36.32727272727273, 'pressure_avg': 999.0363636363636, 'temperature_avg': 28.20909090909091, 'pm10_avg': 4.390909090909091, 'pm25_avg': 3.9454545454545453}, 'timestamp': '2026-07-25 14:21:08'}",False,
"{'school': {'name': 'SZKOŁA PODSTAWOWA W GNIECHOWICACH', 'street': 'UL. SZKOLNA', 'post_code': '55-080', 'city': 'GNIECHOWICE', 'longitude': '16.832592', 'latitude': '50.990853'}, 'data': {'humidity_avg': 28.842857142857145, 'pressure_avg': 991.5714285714286, 'temperature_avg': 28.642857142857142, 'pm10_avg': 2.9571428571428573, 'pm25_avg': 2.6428571428571432}, 'timestamp': '2026-07-25 14:21:08'}",False,
"{'school': {'name': 'SZKOŁA PODSTAWOWA IM. POWSTAŃCÓW STYCZNIOWYCH W KRUSZYNIE', 'street': 'UL. POCZTOWA', 'post_code': '42-282', 'city': 'KRUSZYNA', 'longitude': '19.27871369', 'latitude': '50.96725877'}, 'data': {'humidity_avg': 42.2, 'pressure_avg': 982.3818181818183, 'temperature_avg': 26.036363636363635, 'pm10_avg': 3.363636363636363, 'pm25_avg': 2.790909090909091}, 'timestamp': '2026-07-25 14:21:08'}",False,
"{'school': {'name': 'SZKOŁA PODSTAWOWA NR 36 IM. JOHNA BAILDONA W GLIWICACH', 'street': 'UL. ROBOTNICZA', 'post_code': '44-100', 'city': 'GLIWICE', 'longitude': '18.68979652', 'latitude': '50.28995971'}, 'data': {'humidity_avg': 35.044444444444444, 'pressure_avg': 984.0, 'temperature_avg': 28.700000000000003, 'pm10_avg': 2.7111111111111112, 'pm25_avg': 2.277777777777777}, 'timestamp': '2026-07-25 14:21:08'}",False,
"{'school': {'name': 'BRANŻOWA SZKOŁA SPECJALNA I STOPNIA W ŁĘCZYCY', 'street': 'UL. KALISKA', 'post_code': '99-100', 'city': 'ŁĘCZYCA', 'longitude': '19.19969', 'latitude': '52.05959'}, 'data': {'humidity_avg': 45.94166666666666, 'pressure_avg': 996.5666666666666, 'temperature_avg': 24.708333333333332, 'pm10_avg': 3.9916666666666663, 'pm25_avg': 3.333333333333333}, 'timestamp': '2026-07-25 14:21:08'}",False,
"{'school': {'name': 'SZKOŁA PODSTAWOWA NR 1 IM. KRÓLOWEJ JADWIGI W KONSTANTYNOWIE ŁÓDZKIM', 'street': 'UL. ŁÓDZKA', 'post_code': '95-050', 'city': 'KONSTANTYNÓW ŁÓDZKI', 'longitude': '19.354178', 'latitude': '51.748192'}, 'data': {'humidity_avg': 48.31666666666666, 'pressure_avg': 989.9833333333332, 'temperature_avg': 24.650000000000002, 'pm10_avg': 2.666666666666666, 'pm25_avg': 2.666666666666666}, 'timestamp': '2026-07-25 14:21:08'}",False,
"{'school': {'name': 'SZKOŁA PODSTAWOWA W SŁOWIKU W ZESPOLE SZKOLNO-PRZEDSZKOLNYM W SŁOWIKU', 'street': 'UL. PODLASKA', 'post_code': '42-263', 'city': 'SŁOWIK', 'longitude': '19.1785632', 'latitude': '50.7475999'}, 'data': {'humidity_avg': 45.7, 'pressure_avg': 980.1750000000001, 'temperature_avg': 24.3, 'pm10_avg': 3.825, 'pm25_avg': 3.1}, 'timestamp': '2026-07-25 14:21:08'}",False,
"{'school': {'name': 'BRANŻOWA SZKOŁA I STOPNIA NR 1 W ZESPOLE SZKÓŁ TECHNICZNYCH I PLACÓWEK IM. STANISŁAWA STASZICA W NOWYM TARGU', 'street': 'UL. WOJSKA POLSKIEGO', 'post_code': '34-400', 'city': 'NOWY TARG', 'longitude': '20.025719', 'latitude': '49.472942'}, 'data': {'humidity_avg': 42.96666666666667, 'pressure_avg': 942.1083333333335, 'temperature_avg': 21.599999999999998, 'pm10_avg': 2.199999999999999, 'pm25_avg': 1.9083333333333332}, 'timestamp': '2026-07-25 14:21:08'}",False,
"{'school': {'name': 'SZKOŁA PODSTAWOWA NR 7 IM. HUGONA KOŁŁĄTAJA W BIAŁYMSTOKU', 'street': 'UL. WIATRAKOWA', 'post_code': '15-827', 'city': 'BIAŁYSTOK', 'longitude': '23.14176339', 'latitude': '53.14087454'}, 'data': {'humidity_avg': 53.14166666666667, 'pressure_avg': 992.5916666666667, 'temperature_avg': 22.891666666666666, 'pm10_avg': 2.2, 'pm25_avg': 1.816666666666666}, 'timestamp': '2026-07-25 14:21:08'}",False,
"{'school': {'name': 'TECHNIKUM W ZESPOLE SZKÓŁ W DOWSPUDZIE', 'street': None, 'post_code': '16-420', 'city': 'DOWSPUDA', 'longitude': '22.802537', 'latitude': '53.978353'}, 'data': {'humidity_avg': 50.63076923076923, 'pressure_avg': 990.0769230769231, 'temperature_avg': 24.23076923076923, 'pm10_avg': 3.353846153846154, 'pm25_avg': 2.9846153846153842}, 'timestamp': '2026-07-25 14:21:08'}",False,
"{'school': {'name': 'SZKOŁA PODSTAWOWA NR 85 IM. KS. KAZIMIERZA JANCARZA W KRAKOWIE', 'street': 'OS. OSIEDLE ZŁOTEGO WIEKU', 'post_code': '31-615', 'city': 'KRAKÓW-NOWA HUTA', 'longitude': '20.000041997569085', 'latitude': '50.09770523236809 '}, 'data': {'humidity_avg': 43.56363636363636, 'pressure_avg': 980.0090909090909, 'temperature_avg': 23.40909090909091, 'pm10_avg': 2.954545454545454, 'pm25_avg': 2.481818181818182}, 'timestamp': '2026-07-25 14:21:08'}",False,
"{'school': {'name': 'RZEMIEŚLNICZA BRANŻOWA SZKOŁA I STOPNIA MAŁOPOLSKIEJ IZBY RZEMIOSŁA I PRZEDSIĘBIORCZOŚCI W KRAKOWIE', 'street': 'UL. RZEŹNICZA', 'post_code': '31-540', 'city': 'KRAKÓW-ŚRÓDMIEŚCIE', 'longitude': '20.0454464', 'latitude': '50.0758688'}, 'data': {'humidity_avg': 41.00909090909091, 'pressure_avg': 986.2272727272727, 'temperature_avg': 23.30909090909091, 'pm10_avg': 2.927272727272727, 'pm25_avg': 2.4}, 'timestamp': '2026-07-25 14:21:08'}",False,
"{'school': {'name': 'SZKOŁA PODSTAWOWA SPECJALNA NR 38 W ZABRZU', 'street': 'UL. KS. KONSTANTEGO DAMROTA', 'post_code': '41-800', 'city': 'ZABRZE', 'longitude': '18.7678691', 'latitude': '50.3004748'}, 'data': {'humidity_avg': 51.23636363636364, 'pressure_avg': 981.7, 'temperature_avg': 24.818181818181817, 'pm10_avg': 3.372727272727273, 'pm25_avg': 2.818181818181818}, 'timestamp': '2026-07-25 14:21:08'}",False,
"{'school': {'name': 'SZKOŁA PODSTAWOWA W JUGOWIE', 'street': 'UL. GŁÓWNA', 'post_code': '57-430', 'city': 'JUGÓW', 'longitude': '16.517636', 'latitude': '50.6269273'}, 'data': {'humidity_avg': 31.075, 'pressure_avg': 955.3833333333333, 'temperature_avg': 27.55, 'pm10_avg': 3.208333333333333, 'pm25_avg': 2.725}, 'timestamp': '2026-07-25 14:21:08'}",False,
"{'school': {'name': 'SZKOŁA PODSTAWOWA IM. MIKOŁAJA KOPERNIKA W OSTROSZOWICACH', 'street': 'UL. BIELAWSKA', 'post_code': '58-262', 'city': 'OSTROSZOWICE', 'longitude': '16.639145', 'latitude': '50.6466927'}, 'data': {'humidity_avg': 31.385714285714283, 'pressure_avg': 965.3571428571429, 'temperature_avg': 26.571428571428573, 'pm10_avg': 2.814285714285714, 'pm25_avg': 2.4}, 'timestamp': '2026-07-25 14:21:08'}",False,
"{'school': {'name': 'PAŃSTWOWA SZKOŁA MUZYCZNA I ST. W ZGORZELCU', 'street': 'UL. MARIANA LANGIEWICZA', 'post_code': '59-900', 'city': 'ZGORZELEC', 'longitude': '15.0098556', 'latitude': '51.15037275'}, 'data': {'humidity_avg': 32.31, 'pressure_avg': 982.0899999999999, 'temperature_avg': 28.26, 'pm10_avg': 1.78, 'pm25_avg': 1.53}, 'timestamp': '2026-07-25 14:21:08'}",False,
"{'school': {'name': 'LICEUM OGÓLNOKSZTAŁCĄCE COGITO Z ODDZIAŁAMI DWUJĘZYCZNYMI W ZGORZELCU', 'street': 'UL. MARSZ. JÓZEFA PIŁSUDSKIEGO', 'post_code': '59-900', 'city': 'ZGORZELEC', 'longitude': '15.004683', 'latitude': '51.13437552'}, 'data': {'humidity_avg': 32.24166666666667, 'pressure_avg': 985.1583333333333, 'temperature_avg': 29.516666666666666, 'pm10_avg': 2.858333333333333, 'pm25_avg': 2.558333333333333}, 'timestamp': '2026-07-25 14:21:08'}",False,
"{'school': {'name': 'BRANŻOWA SZKOŁA I STOPNIA NR 1 IM. HIPOLITA CEGIELSKIEGO W ZŁOTOWIE', 'street': 'UL. NORWIDA', 'post_code': '77-400', 'city': 'ZŁOTÓW', 'longitude': '17.043408', 'latitude': '53.358096'}, 'data': {'humidity_avg': 36.336363636363636, 'pressure_avg': 1007.0818181818181, 'temperature_avg': 27.681818181818183, 'pm10_avg': 5.136363636363637, 'pm25_avg': 4.645454545454545}, 'timestamp': '2026-07-25 14:21:08'}",False,
"{'school': {'name': 'SZKOŁA PODSTAWOWA NR 2 W MILICZU', 'street': 'UL. MIKOŁAJA KOPERNIKA', 'post_code': '56-300', 'city': 'MILICZ', 'longitude': '17.2632671', 'latitude': '51.52472079301254'}, 'data': {'humidity_avg': 28.941666666666666, 'pressure_avg': 995.8666666666667, 'temperature_avg': 28.875, 'pm10_avg': 4.116666666666666, 'pm25_avg': 3.5}, 'timestamp': '2026-07-25 14:21:08'}",False,
"{'school': {'name': 'TECHNIKUM W ZESPOLE SZKÓŁ TECHNICZNYCH ""MECHANIK"" W JELENIEJ GÓRZE', 'street': 'UL. OBROŃCÓW POKOJU', 'post_code': '58-500', 'city': 'JELENIA GÓRA', 'longitude': '15.7290772', 'latitude': '50.9069298'}, 'data': {'humidity_avg': 25.454545454545453, 'pressure_avg': 970.0545454545455, 'temperature_avg': 30.554545454545462, 'pm10_avg': 3.009090909090909, 'pm25_avg': 2.5727272727272723}, 'timestamp': '2026-07-25 14:21:08'}",False,
"{'school': {'name': 'KATOLICKA SZKOŁA PODSTAWOWA IM. ŚW. JANA APOSTOŁA I EWANGELISTY W OLEŚNICY', 'street': 'UL. PÓŁNOCNA', 'post_code': '56-400', 'city': 'OLEŚNICA', 'longitude': '17.3898504', 'latitude': '51.2134346'}, 'data': {'humidity_avg': 39.125, 'pressure_avg': 992.8249999999999, 'temperature_avg': 27.291666666666668, 'pm10_avg': 2.533333333333333, 'pm25_avg': 2.199999999999999}, 'timestamp': '2026-07-25 14:21:08'}",False,
"{'school': {'name': 'SZKOŁA PODSTAWOWA W PAROWEJ', 'street': None, 'post_code': '59-724', 'city': 'PAROWA', 'longitude': '15.2803958', 'latitude': '51.36334255'}, 'data': {'humidity_avg': 26.80909090909091, 'pressure_avg': 988.7818181818183, 'temperature_avg': 29.263636363636362, 'pm10_avg': 2.890909090909091, 'pm25_avg': 2.381818181818182}, 'timestamp': '2026-07-25 14:21:08'}",False,
"{'school': {'name': 'PUBLICZNA SZKOŁA PODSTAWOWA IM. BRONISŁAWA KORASZEWSKIEGO W PRÓSZKOWIE', 'street': 'UL. SZKOLNA', 'post_code': '46-060', 'city': 'PRÓSZKÓW', 'longitude': '17.873774880949654', 'latitude': '50.577995243024674'}, 'data': {'humidity_avg': 34.044444444444444, 'pressure_avg': 987.6444444444444, 'temperature_avg': 25.922222222222224, 'pm10_avg': 3.655555555555555, 'pm25_avg': 3.111111111111111}, 'timestamp': '2026-07-25 14:21:08'}",False,
"{'school': {'name': 'TECHNIKUM NR 5 W ZAWIERCIU', 'street': 'UL. PARKOWA', 'post_code': '42-400', 'city': 'ZAWIERCIE', 'longitude': '19.4338741', 'latitude': '50.4929809'}, 'data': {'humidity_avg': 39.1, 'pressure_avg': 970.7636363636364, 'temperature_avg': 24.79090909090909, 'pm10_avg': 4.163636363636363, 'pm25_avg': 3.727272727272727}, 'timestamp': '2026-07-25 14:21:08'}",False,
"{'school': {'name': 'PUBLICZNA SZKOŁA PODSTAWOWA STANISZCZE WIELKIE-KOLONOWSKIE 3', 'street': 'UL. JANA PAWŁA II', 'post_code': '47-113', 'city': 'KOLONOWSKIE', 'longitude': '18.35300127116459', 'latitude': '50.662892819423945'}, 'data': {'humidity_avg': 39.48333333333333, 'pressure_avg': 989.6083333333332, 'temperature_avg': 27.75, 'pm10_avg': 3.166666666666666, 'pm25_avg': 2.941666666666666}, 'timestamp': '2026-07-25 14:21:08'}",False,
"{'school': {'name': 'PUBLICZNA SZKOŁA PODSTAWOWA NR 17 IM. JANA KOCHANOWSKIEGO W RADOMIU', 'street': 'UL. CZARNOLESKA', 'post_code': '26-600', 'city': 'RADOM', 'longitude': '21.1308802', 'latitude': '51.3713463'}, 'data': {'humidity_avg': 43.725, 'pressure_avg': 990.1125000000001, 'temperature_avg': 25.125, 'pm10_avg': 2.7, 'pm25_avg': 2.15}, 'timestamp': '2026-07-25 14:21:08'}",False,
"{'school': {'name': 'SZKOŁA PODSTAWOWA W WIERZCHOWIE', 'street': None, 'post_code': '78-411', 'city': 'WIERZCHOWO', 'longitude': '16.0968376', 'latitude': '53.4559625'}, 'data': {'humidity_avg': 49.42727272727273, 'pressure_avg': 989.1181818181817, 'temperature_avg': 23.863636363636363, 'pm10_avg': 6.163636363636363, 'pm25_avg': 5.463636363636364}, 'timestamp': '2026-07-25 14:21:08'}",False,
"{'school': {'name': 'SZKOŁA PODSTAWOWA IM. JANA BRZECHWY W KŁODZINIE', 'street': None, 'post_code': '74-210', 'city': 'KŁODZINO', 'longitude': '15.106625', 'latitude': '53.109389'}, 'data': {'humidity_avg': 31.583333333333332, 'pressure_avg': 1000.0666666666666, 'temperature_avg': 29.583333333333332, 'pm10_avg': 4.25, 'pm25_avg': 3.816666666666666}, 'timestamp': '2026-07-25 14:21:08'}",False,
"{'school': {'name': 'SZKOŁA PODSTAWOWA IM. STANISŁAWA WYSPIAŃSKIEGO W FILIPOWICACH', 'street': None, 'post_code': '32-065', 'city': 'FILIPOWICE', 'longitude': '19.5674615', 'latitude': '50.1510153'}, 'data': {'humidity_avg': 41.39090909090909, 'pressure_avg': 974.5272727272727, 'temperature_avg': 23.918181818181814, 'pm10_avg': 2.890909090909091, 'pm25_avg': 2.618181818181818}, 'timestamp': '2026-07-25 14:21:08'}",False,
"{'school': {'name': 'II LICEUM OGÓLNOKSZTAŁCĄCE IM. JANA KASPROWICZA W KUTNIE', 'street': 'UL. OKRZEI', 'post_code': '99-300', 'city': 'KUTNO', 'longitude': '19.34721901', 'latitude': '52.23517579'}, 'data': {'humidity_avg': 45.127272727272725, 'pressure_avg': 996.0727272727272, 'temperature_avg': 25.00909090909091, 'pm10_avg': 4.1, 'pm25_avg': 3.409090909090909}, 'timestamp': '2026-07-25 14:21:08'}",False,
"{'school': {'name': 'SZKOŁA PODSTAWOWA W BRUDNOWIE', 'street': None, 'post_code': '87-731', 'city': 'BRUDNOWO', 'longitude': '18.8099861', 'latitude': '52.8109379'}, 'data': {'humidity_avg': 46.6, 'pressure_avg': 997.5083333333333, 'temperature_avg': 25.241666666666664, 'pm10_avg': 4.008333333333334, 'pm25_avg': 3.4}, 'timestamp': '2026-07-25 14:21:08'}",False,
"{'school': {'name': 'SZKOŁA PODSTAWOWA IM. KOMISJI EDUKACJI NARODOWEJ W RACIĄŻKU', 'street': 'UL. SZKOLNA', 'post_code': '87-721', 'city': 'RACIĄŻEK', 'longitude': '18.8133859', 'latitude': '52.856485'}, 'data': {'humidity_avg': 46.6875, 'pressure_avg': 997.625, 'temperature_avg': 24.3125, 'pm10_avg': 5.0125, 'pm25_avg': 4.275}, 'timestamp': '2026-07-25 14:21:08'}",False,
"{'school': {'name': 'SZKOŁA PODSTAWOWA IM. CZESŁAWA HIŃCAW ROGOZINIE', 'street': 'UL. MAZOWIECKA', 'post_code': '09-442', 'city': 'ROGOZINO', 'longitude': '19.8050343', 'latitude': '52.5668522'}, 'data': {'humidity_avg': 38.225, 'pressure_avg': 1013.8416666666667, 'temperature_avg': 26.333333333333332, 'pm10_avg': 3.8249999999999993, 'pm25_avg': 3.191666666666666}, 'timestamp': '2026-07-25 14:21:08'}",False,
"{'school': {'name': 'SZKOŁA PODSTAWOWA IM. TADEUSZA KOŚCIUSZKI W GASZOWICACH', 'street': 'UL. RYDUŁTOWSKA', 'post_code': '44-293', 'city': 'GASZOWICE', 'longitude': '18.4281481', 'latitude': '50.1081405'}, 'data': {'humidity_avg': 44.26363636363636, 'pressure_avg': 980.5909090909091, 'temperature_avg': 25.627272727272725, 'pm10_avg': 3.672727272727272, 'pm25_avg': 3.154545454545454}, 'timestamp': '2026-07-25 14:21:08'}",False,
"{'school': {'name': 'SZKOŁA PODSTAWOWA IM. WINCENTEGO WOŹNIAKA W CZYŻOWICACH', 'street': 'UL. WODZISŁAWSKA', 'post_code': '44-352', 'city': 'CZYŻOWICE', 'longitude': '18.404863', 'latitude': '49.98451'}, 'data': {'humidity_avg': 43.18181818181818, 'pressure_avg': 981.0272727272727, 'temperature_avg': 26.2, 'pm10_avg': 2.854545454545454, 'pm25_avg': 2.427272727272727}, 'timestamp': '2026-07-25 14:21:08'}",False,
"{'school': {'name': 'SZKOŁA PODSTAWOWA NR 2 W RYDUŁTOWACH', 'street': 'UL. RACIBORSKA', 'post_code': '44-280', 'city': 'RYDUŁTOWY', 'longitude': '18.429921', 'latitude': '50.0757421'}, 'data': {'humidity_avg': 48.28181818181818, 'pressure_avg': 976.6909090909091, 'temperature_avg': 23.818181818181817, 'pm10_avg': 3.536363636363636, 'pm25_avg': 3.081818181818181}, 'timestamp': '2026-07-25 14:21:08'}",False,
"{'school': {'name': 'SZKOŁA PODSTAWOWA IM. KS. KONSTANTEGO DAMROTA W ZESPOLE SZKOLNO-PRZEDSZKOLNYM W ZWONOWICACH', 'street': 'UL. SUMIŃSKA', 'post_code': '44-292', 'city': 'ZWONOWICE', 'longitude': '18.4378208', 'latitude': '50.1433165'}, 'data': {'humidity_avg': 39.445454545454545, 'pressure_avg': 979.5818181818181, 'temperature_avg': 28.236363636363638, 'pm10_avg': 2.563636363636363, 'pm25_avg': 2.154545454545454}, 'timestamp': '2026-07-25 14:21:08'}",False,
"{'school': {'name': 'SZKOŁA PODSTAWOWA NR 7 IM. POWSTAŃCÓW ŚLĄSKICH W TYCHACH', 'street': 'UL. LWA TOŁSTOJA', 'post_code': '43-100', 'city': 'TYCHY', 'longitude': '18.99160757', 'latitude': '50.10091564'}, 'data': {'humidity_avg': 41.269999999999996, 'pressure_avg': 980.4100000000001, 'temperature_avg': 23.96, 'pm10_avg': 2.64, 'pm25_avg': 2.21}, 'timestamp': '2026-07-25 14:21:08'}",False,
"{'school': {'name': 'SPOŁECZNA SZKOŁA PODSTAWOWA SPOŁECZNEGO TOWARZYSTWA OŚWIATOWEGO W BYTOMIU', 'street': 'UL. SKRAJNA', 'post_code': '41-907', 'city': 'BYTOM', 'longitude': '18.90117439', 'latitude': '50.33890828'}, 'data': {'humidity_avg': 36.50833333333333, 'pressure_avg': 978.375, 'temperature_avg': 26.849999999999998, 'pm10_avg': 2.666666666666666, 'pm25_avg': 2.183333333333333}, 'timestamp': '2026-07-25 14:21:08'}",False,
"{'school': {'name': 'SZKOŁA PODSTAWOWA IM.JANA PAWŁA II W KONARACH', 'street': 'UL. SZKOLNA', 'post_code': '42-270', 'city': 'KONARY', 'longitude': '19.40616951', 'latitude': '50.9175298'}, 'data': {'humidity_avg': 47.9625, 'pressure_avg': 983.725, 'temperature_avg': 23.825, 'pm10_avg': 4.3125, 'pm25_avg': 3.4625}, 'timestamp': '2026-07-25 14:21:08'}",False,
"{'school': {'name': 'SZKOŁA PODSTAWOWA Z ODDZIAŁAMI INTEGRACYJNYMI NR 11 IM. BOLESŁAWA CHROBREGO W PŁOCKU', 'street': 'UL. JANA KOCHANOWSKIEGO', 'post_code': '09-402', 'city': 'PŁOCK', 'longitude': '19.69874', 'latitude': '52.5520801'}, 'data': {'humidity_avg': 40.981818181818184, 'pressure_avg': 997.1818181818181, 'temperature_avg': 26.045454545454547, 'pm10_avg': 4.154545454545454, 'pm25_avg': 3.563636363636364}, 'timestamp': '2026-07-25 14:21:08'}",False,
"{'school': {'name': 'LICEUM OGÓLNOKSZTAŁCĄCE Z ODDZIAŁAMI DWUJĘZYCZNYMI IM. TADEUSZA KOŚCIUSZKI W GOSTYNINIE', 'street': 'UL. 3 MAJA', 'post_code': '09-500', 'city': 'GOSTYNIN', 'longitude': '19.4606299', 'latitude': '52.4262601'}, 'data': {'humidity_avg': 39.36363636363637, 'pressure_avg': 998.1090909090909, 'temperature_avg': 25.80909090909091, 'pm10_avg': 4.436363636363636, 'pm25_avg': 3.9454545454545453}, 'timestamp': '2026-07-25 14:21:08'}",False,
"{'school': {'name': 'SZKOŁA PODSTAWOWA IM. JANA BRZECHWY W PAPROTNI', 'street': 'UL. ZIELONA', 'post_code': '62-513', 'city': 'PAPROTNIA', 'longitude': '18.4210458', 'latitude': '52.1744156'}, 'data': {'humidity_avg': 35.699999999999996, 'pressure_avg': 997.9083333333333, 'temperature_avg': 27.275000000000002, 'pm10_avg': 3.35, 'pm25_avg': 2.9}, 'timestamp': '2026-07-25 14:21:08'}",False,
"{'school': {'name': 'SZKOŁA PODSTAWOWA IM. 6 PUŁKU PIECHOTY W STARYM BRONISZEWIE', 'street': 'UL. KWIATOWA', 'post_code': '42-231', 'city': 'STARY BRONISZEW', 'longitude': '19.16268476', 'latitude': '50.98367124'}, 'data': {'humidity_avg': 37.74444444444444, 'pressure_avg': 983.9555555555556, 'temperature_avg': 27.11111111111111, 'pm10_avg': 3.5666666666666673, 'pm25_avg': 2.8888888888888893}, 'timestamp': '2026-07-25 14:21:08'}",False,
"{'school': {'name': 'SZKOŁA PODSTAWOWA IM. BŁOGOSŁAWIONEJ KAROLINY KÓZKÓWNY W ROZDZIELU', 'street': None, 'post_code': '32-731', 'city': 'ROZDZIELE', 'longitude': '20.44490879', 'latitude': '49.78856719'}, 'data': {'humidity_avg': 40.61818181818182, 'pressure_avg': 955.1, 'temperature_avg': 22.09090909090909, 'pm10_avg': 1.9, 'pm25_avg': 1.672727272727272}, 'timestamp': '2026-07-25 14:21:08'}",False,
"{'school': {'name': 'SZKOŁA PODSTAWOWA IM. WOJSKA POLSKIEGO W ROBAKOWIE', 'street': None, 'post_code': '86-212', 'city': 'ROBAKOWO', 'longitude': '18.6632422', 'latitude': '53.3593873'}, 'data': {'humidity_avg': 42.15, 'pressure_avg': 996.3083333333334, 'temperature_avg': 26.208333333333332, 'pm10_avg': 7.5, 'pm25_avg': 6.591666666666666}, 'timestamp': '2026-07-25 14:21:08'}",False,
"{'school': {'name': 'SZKOŁA PODSTAWOWA IM. MIKOŁAJA REJA W GRZECHYNI', 'street': None, 'post_code': '34-220', 'city': 'GRZECHYNIA', 'longitude': '19.637399', 'latitude': '49.713197'}, 'data': {'humidity_avg': 39.833333333333336, 'pressure_avg': 961.5444444444444, 'temperature_avg': 26.0, 'pm10_avg': 3.277777777777777, 'pm25_avg': 2.744444444444444}, 'timestamp': '2026-07-25 14:21:08'}",False,
"{'school': {'name': 'ZESPÓŁ SZKÓŁ NR 2 IM. H. KOŁŁĄTAJA TECHNIKUM NR 2 W MYSZKOWIE', 'street': 'UL. PUŁASKIEGO', 'post_code': '42-300', 'city': 'MYSZKÓW', 'longitude': '19.2969718', 'latitude': '50.5546354'}, 'data': {'humidity_avg': 42.28181818181818, 'pressure_avg': 976.4, 'temperature_avg': 26.772727272727273, 'pm10_avg': 5.263636363636364, 'pm25_avg': 4.527272727272727}, 'timestamp': '2026-07-25 14:21:08'}",False,
"{'school': {'name': 'SZKOŁA PODSTAWOWA NR 15 W WODZISŁAWIU ŚLĄSKIM', 'street': 'UL. MŁODZIEŻOWA', 'post_code': '44-373', 'city': 'WODZISŁAW ŚLĄSKI', 'longitude': '18.410009471165118', 'latitude': '50.01082844379947'}, 'data': {'humidity_avg': 41.15, 'pressure_avg': 977.975, 'temperature_avg': 25.058333333333334, 'pm10_avg': 3.375, 'pm25_avg': 2.9}, 'timestamp': '2026-07-25 14:21:08'}",False,
"{'school': {'name': 'SZKOŁA PODSTAWOWA IM. ROTMISTRZA WITOLDA PILECKIEGO W GROCHOWCACH', 'street': None, 'post_code': '37-733', 'city': 'GROCHOWCE', 'longitude': '22.7549891', 'latitude': '49.7310954'}, 'data': {'humidity_avg': 45.09090909090909, 'pressure_avg': 980.9181818181819, 'temperature_avg': 24.327272727272728, 'pm10_avg': 2.263636363636363, 'pm25_avg': 1.981818181818182}, 'timestamp': '2026-07-25 14:21:08'}",False,
"{'school': {'name': 'PUBLICZNE TECHNIKUM ZESPOŁU SZKÓŁ W OZIMKU', 'street': 'UL. CZĘSTOCHOWSKA', 'post_code': '46-040', 'city': 'OZIMEK', 'longitude': '18.22029921', 'latitude': '50.68532728'}, 'data': {'humidity_avg': 38.15, 'pressure_avg': 987.9666666666667, 'temperature_avg': 24.21666666666667, 'pm10_avg': 3.475, 'pm25_avg': 3.05}, 'timestamp': '2026-07-25 14:21:08'}",False,
"{'school': {'name': 'SZKOŁA PODSTAWOWA IM. MARII KONOPNICKIEJ W SOSNÓWCE', 'street': 'UL. STRAŻACKA', 'post_code': '58-564', 'city': 'SOSNÓWKA', 'longitude': '15.7230035', 'latitude': '50.8177069'}, 'data': {'humidity_avg': 32.84166666666667, 'pressure_avg': 963.9499999999999, 'temperature_avg': 24.916666666666668, 'pm10_avg': 2.133333333333333, 'pm25_avg': 2.133333333333333}, 'timestamp': '2026-07-25 14:21:08'}",False,
"{'school': {'name': 'SZKOŁA PODSTAWOWA IM. JANA ADAMA DE GARNIER W GŁĘBOWICACH', 'street': None, 'post_code': '56-160', 'city': 'GŁĘBOWICE', 'longitude': '16.7360843', 'latitude': '51.4489007'}, 'data': {'humidity_avg': 35.75454545454546, 'pressure_avg': 989.6909090909091, 'temperature_avg': 29.50909090909091, 'pm10_avg': 3.6545454545454543, 'pm25_avg': 3.145454545454545}, 'timestamp': '2026-07-25 14:21:08'}",False,
"{'school': {'name': 'SZKOŁA PODSTAWOWA W WIŃSKU', 'street': 'UL. NOWA', 'post_code': '56-160', 'city': 'WIŃSKO', 'longitude': '16.6079403', 'latitude': '51.469753'}, 'data': {'humidity_avg': 29.29090909090909, 'pressure_avg': 988.6363636363636, 'temperature_avg': 29.7, 'pm10_avg': 3.8636363636363633, 'pm25_avg': 3.518181818181818}, 'timestamp': '2026-07-25 14:21:08'}",False,
"{'school': {'name': 'SZKOŁA PODSTAWOWA IM. JANA PAWŁA II W LEONCINIE', 'street': 'UL. ISAACA BASHEVISA SINGERA', 'post_code': '05-155', 'city': 'LEONCIN', 'longitude': '20.5369966', 'latitude': '52.3951342'}, 'data': {'humidity_avg': 46.809090909090905, 'pressure_avg': 1001.1909090909091, 'temperature_avg': 24.8, 'pm10_avg': 3.718181818181818, 'pm25_avg': 3.163636363636363}, 'timestamp': '2026-07-25 14:21:08'}",False,
"{'school': {'name': 'SZKOŁA PODSTAWOWA IM. STEFANA ŻEROMSKIEGO W OGRODZIEŃCU', 'street': 'UL. KOŚCIUSZKI', 'post_code': '42-440', 'city': 'OGRODZIENIEC', 'longitude': '19.5171628', 'latitude': '50.4512905'}, 'data': {'humidity_avg': 46.949999999999996, 'pressure_avg': 965.0333333333333, 'temperature_avg': 23.066666666666666, 'pm10_avg': 4.95, 'pm25_avg': 4.3}, 'timestamp': '2026-07-25 14:21:08'}",False,
"{'school': {'name': 'LICEUM OGÓLNOKSZTAŁCĄCE SZKOŁA MISTRZOSTWA SPORTOWEGO W KOLARSTWIE W ŚWIDNICY', 'street': 'UL. ROMUALDA TRAUGUTTA', 'post_code': '58-100', 'city': 'ŚWIDNICA', 'longitude': '16.677532', 'latitude': '51.0740481'}, 'data': {'humidity_avg': 28.919999999999998, 'pressure_avg': 979.24, 'temperature_avg': 30.22, 'pm10_avg': 2.7, 'pm25_avg': 2.26}, 'timestamp': '2026-07-25 14:21:08'}",False,
"{'school': {'name': 'SZKOŁA PODSTAWOWA NR 1 IM. MIKOŁAJA KOPERNIKA W MILICZU', 'street': 'UL. ARMII KRAJOWEJ', 'post_code': '56-300', 'city': 'MILICZ', 'longitude': '17.27622', 'latitude': '51.52735'}, 'data': {'humidity_avg': 28.05, 'pressure_avg': 997.4166666666666, 'temperature_avg': 30.808333333333334, 'pm10_avg': 3.108333333333333, 'pm25_avg': 3.108333333333333}, 'timestamp': '2026-07-25 14:21:08'}",False,
"{'school': {'name': 'SZKOŁA PODSTAWOWA NR 4 IM. JANA MATEJKI W BOLESŁAWCU', 'street': 'UL. MIKOŁAJA BRODY', 'post_code': '59-700', 'city': 'BOLESŁAWIEC', 'longitude': '15.5673211', 'latitude': '51.2597212'}, 'data': {'humidity_avg': 32.61818181818182, 'pressure_avg': 984.4636363636364, 'temperature_avg': 25.981818181818184, 'pm10_avg': 4.2, 'pm25_avg': 3.609090909090909}, 'timestamp': '2026-07-25 14:21:08'}",False,
"{'school': {'name': 'SZKOŁA PODSTAWOWA W PECNEJ', 'street': 'UL. SZKOLNA', 'post_code': '62-053', 'city': 'PECNA', 'longitude': '16.800542699999998', 'latitude': '52.17923244553197'}, 'data': {'humidity_avg': 38.330769230769235, 'pressure_avg': 1000.0076923076923, 'temperature_avg': 25.123076923076926, 'pm10_avg': 4.523076923076923, 'pm25_avg': 3.892307692307692}, 'timestamp': '2026-07-25 14:21:08'}",False,
"{'school': {'name': 'SZKOŁA PODSTAWOWA IM. BOHATERÓW WYZWOLENIA ZIEMI WAŁECKIEJ W SKRZATUSZU', 'street': None, 'post_code': '64-930', 'city': 'SKRZATUSZ', 'longitude': '16.579039', 'latitude': '53.2047989'}, 'data': {'humidity_avg': 40.22727272727273, 'pressure_avg': 990.5, 'temperature_avg': 25.954545454545453, 'pm10_avg': 4.272727272727272, 'pm25_avg': 3.609090909090909}, 'timestamp': '2026-07-25 14:21:08'}",False,
"{'school': {'name': 'TECHNIKUM TEB EDUKACJA W LUBINIE', 'street': 'UL. MIKOŁAJA KOPERNIKA', 'post_code': '59-300', 'city': 'LUBIN', 'longitude': '16.202913', 'latitude': '51.397703'}, 'data': {'humidity_avg': 28.218181818181815, 'pressure_avg': 993.4727272727273, 'temperature_avg': 28.036363636363635, 'pm10_avg': 3.89090909090909, 'pm25_avg': 3.354545454545454}, 'timestamp': '2026-07-25 14:21:08'}",False,
"{'school': {'name': 'SZKOŁA PODSTAWOWA NR 1 SPECJALNA W GRĘBOWIE', 'street': 'UL. DOLAŃSKICH', 'post_code': '39-410', 'city': 'GRĘBÓW', 'longitude': '21.89609263', 'latitude': '50.5448996'}, 'data': {'humidity_avg': 33.75, 'pressure_avg': 992.9250000000001, 'temperature_avg': 28.96666666666667, 'pm10_avg': 1.9083333333333332, 'pm25_avg': 1.616666666666666}, 'timestamp': '2026-07-25 14:21:08'}",False,
"{'school': {'name': 'VII LICEUM OGÓLNOKSZTAŁCĄCE W ZABRZU W ZESPOLE SZKÓŁ NR 10 IM. PROF. JANUSZA GROSZKOWSKIEGO W ZABRZU', 'street': 'UL. FRYDERYKA CHOPINA', 'post_code': '41-807', 'city': 'ZABRZE', 'longitude': '18.7812902', 'latitude': '50.3344451'}, 'data': {'humidity_avg': 37.6375, 'pressure_avg': 980.2125, 'temperature_avg': 28.4625, 'pm10_avg': 3.1, 'pm25_avg': 2.55}, 'timestamp': '2026-07-25 14:21:08'}",False,
"{'school': {'name': 'SZKOŁA PODSTAWOWA IM. JÓZEFY JABCZYŃSKIEJ W WYSOKIEJ', 'street': 'UL. ADAMA MICKIEWICZA', 'post_code': '42-450', 'city': 'WYSOKA', 'longitude': '19.355767', 'latitude': '50.4243729'}, 'data': {'humidity_avg': 39.10909090909091, 'pressure_avg': 970.2090909090908, 'temperature_avg': 25.763636363636362, 'pm10_avg': 4.5, 'pm25_avg': 3.672727272727272}, 'timestamp': '2026-07-25 14:21:08'}",False,
"{'school': {'name': 'PUBLICZNA SZKOŁA PODSTAWOWA IM.MARII DĄBROWSKIEJ W DUDACH', 'street': None, 'post_code': '07-300', 'city': 'DUDY', 'longitude': '21.88516495', 'latitude': '52.75442246'}, 'data': {'humidity_avg': 53.790909090909096, 'pressure_avg': 995.7090909090908, 'temperature_avg': 24.4, 'pm10_avg': 2.390909090909091, 'pm25_avg': 2.118181818181818}, 'timestamp': '2026-07-25 14:21:08'}",False,
"{'school': {'name': 'SZKOŁA PODSTAWOWA NR 1 IM. ANDRZEJA KNAPCZYKA-DUCHA W CZERWIENNEM', 'street': None, 'post_code': '34-407', 'city': 'CZERWIENNE', 'longitude': '19.92160664', 'latitude': '49.39404087'}, 'data': {'humidity_avg': 47.44166666666666, 'pressure_avg': 986.3583333333332, 'temperature_avg': 21.941666666666666, 'pm10_avg': 1.666666666666666, 'pm25_avg': 1.3916666666666662}, 'timestamp': '2026-07-25 14:21:08'}",False,
"{'school': {'name': 'I LICEUM OGÓLNOKSZTAŁCĄCE IM. HENRYKA SIENKIEWICZA W KĘDZIERZYNIE-KOŹLU', 'street': 'UL. GRZEGORZA PIRAMOWICZA', 'post_code': '47-200', 'city': 'KĘDZIERZYN-KOŹLE', 'longitude': '18.14262081', 'latitude': '50.33790531'}, 'data': {'humidity_avg': 36.02727272727273, 'pressure_avg': 990.9818181818181, 'temperature_avg': 26.627272727272725, 'pm10_avg': 3.836363636363636, 'pm25_avg': 3.290909090909091}, 'timestamp': '2026-07-25 14:21:08'}",False,
"{'school': {'name': 'VII LICEUM OGÓLNOKSZTAŁCACE W RZESZOWIE', 'street': 'AL. TADEUSZA REJTANA', 'post_code': '35-326', 'city': 'RZESZÓW', 'longitude': '22.0170526', 'latitude': '50.0348962'}, 'data': {'humidity_avg': 37.85, 'pressure_avg': 987.2916666666666, 'temperature_avg': 26.09166666666667, 'pm10_avg': 2.133333333333333, 'pm25_avg': 2.091666666666667}, 'timestamp': '2026-07-25 14:21:08'}",False,
"{'school': {'name': 'TECHNIKUM NR 3 W DZIERŻONIOWIE - ZESPÓŁ SZKÓŁ NR 3 IM. KOMBATANTÓW RZECZYPOSPOLITEJ POLSKIEJ W DZIERŻONIOWIE', 'street': 'UL. SŁOWIAŃSKA', 'post_code': '58-200', 'city': 'DZIERŻONIÓW', 'longitude': '16.65669399', 'latitude': '50.72557241'}, 'data': {'humidity_avg': 40.018181818181816, 'pressure_avg': 981.9090909090909, 'temperature_avg': 25.363636363636363, 'pm10_avg': 2.5727272727272723, 'pm25_avg': 2.3}, 'timestamp': '2026-07-25 14:21:08'}",False,
"{'school': {'name': 'SZKOŁA PODSTAWOWA NR 9 IM. MIKOŁAJA KOPERNIKA W DZIERŻONIOWIE', 'street': 'UL. MIKOŁAJA KOPERNIKA', 'post_code': '58-200', 'city': 'DZIERŻONIÓW', 'longitude': '16.649692', 'latitude': '50.724446'}, 'data': {'humidity_avg': 28.163636363636364, 'pressure_avg': 980.6363636363636, 'temperature_avg': 29.69090909090909, 'pm10_avg': 2.418181818181818, 'pm25_avg': 2.163636363636363}, 'timestamp': '2026-07-25 14:21:08'}",False,
"{'school': {'name': 'SAMORZĄDOWA SZKOŁA PODSTAWOWA W MIĘDZYLESIU', 'street': 'UL. BOLESŁAWA CHROBREGO', 'post_code': '57-530', 'city': 'MIĘDZYLESIE', 'longitude': '16.6670843', 'latitude': '50.1477491'}, 'data': {'humidity_avg': 34.518181818181816, 'pressure_avg': 957.6545454545455, 'temperature_avg': 24.89090909090909, 'pm10_avg': 3.418181818181818, 'pm25_avg': 2.936363636363636}, 'timestamp': '2026-07-25 14:21:08'}",False,
"{'school': {'name': 'SZKOŁA PODSTAWOWA NR 10 Z ODDZIAŁAMI SPORTOWYMI W BIELAWIE', 'street': 'UL. GEN. GROTA ROWECKIEGO', 'post_code': '58-260', 'city': 'BIELAWA', 'longitude': '16.61694446', 'latitude': '50.68265975'}, 'data': {'humidity_avg': 38.858333333333334, 'pressure_avg': 971.9583333333334, 'temperature_avg': 24.825, 'pm10_avg': 3.283333333333333, 'pm25_avg': 2.858333333333333}, 'timestamp': '2026-07-25 14:21:08'}",False,
"{'school': {'name': 'SZKOŁA PODSTAWOWA  IM.KS.JANA TWARDOWSKIEGO  W STARYM BOSEWIE', 'street': 'UL. ROZWOJOWA', 'post_code': '07-210', 'city': 'STARE BOSEWO', 'longitude': '21.540101744931388', 'latitude': '52.76931002081105'}, 'data': {'humidity_avg': 46.518181818181816, 'pressure_avg': 998.1272727272727, 'temperature_avg': 25.4, 'pm10_avg': 2.5727272727272723, 'pm25_avg': 2.218181818181818}, 'timestamp': '2026-07-25 14:21:08'}",False,
"{'school': {'name': 'SZKOŁA PODSTAWOWA W MIĄSOWEJ', 'street': None, 'post_code': '28-305', 'city': 'MIĄSOWA', 'longitude': '20.3810297', 'latitude': '50.7122903'}, 'data': {'humidity_avg': 36.725, 'pressure_avg': 980.1, 'temperature_avg': 25.525000000000002, 'pm10_avg': 2.583333333333333, 'pm25_avg': 2.225}, 'timestamp': '2026-07-25 14:21:08'}",False,
"{'school': {'name': 'PUBLICZNA SZKOŁA PODSTAWOWA JANKOWICE WIELKIE', 'street': None, 'post_code': '49-332', 'city': 'JANKOWICE WIELKIE', 'longitude': '17.442356', 'latitude': '50.7669935'}, 'data': {'humidity_avg': 28.854545454545452, 'pressure_avg': 1006.1454545454545, 'temperature_avg': 28.41818181818182, 'pm10_avg': 2.790909090909091, 'pm25_avg': 2.509090909090909}, 'timestamp': '2026-07-25 14:21:08'}",False,
"{'school': {'name': 'SZKOŁA PODSTAWOWA IM. MJR. HENRYKA DOBRZAŃSKIEGO ""HUBALA"" W ZABRAŃCU', 'street': 'UL. KS. WŁ. SKONIECKIEGO', 'post_code': '05-079', 'city': 'ZABRANIEC', 'longitude': '21.3365645', 'latitude': '52.2989045'}, 'data': {'humidity_avg': 45.82727272727273, 'pressure_avg': 996.3272727272728, 'temperature_avg': 25.10909090909091, 'pm10_avg': 3.145454545454545, 'pm25_avg': 2.7363636363636363}, 'timestamp': '2026-07-25 14:21:08'}",False,
"{'school': {'name': 'SZKOŁA PODSTAWOWA NR 9 W TYCHACH', 'street': 'UL. LEŚNA', 'post_code': '43-100', 'city': 'TYCHY', 'longitude': '18.950379138440248', 'latitude': '50.142887143940584'}, 'data': {'humidity_avg': 37.45454545454545, 'pressure_avg': 979.1909090909091, 'temperature_avg': 27.60909090909091, 'pm10_avg': 1.818181818181818, 'pm25_avg': 1.818181818181818}, 'timestamp': '2026-07-25 14:21:08'}",False,
"{'school': {'name': 'BRANŻOWA SZKOŁA I STOPNIA W GORZYCACH', 'street': 'UL. ŻWIRKI I WIGURY', 'post_code': '39-432', 'city': 'GORZYCE', 'longitude': '21.84007287', 'latitude': '50.65740322'}, 'data': {'humidity_avg': 41.800000000000004, 'pressure_avg': 993.7454545454547, 'temperature_avg': 26.545454545454547, 'pm10_avg': 2.090909090909091, 'pm25_avg': 2.0}, 'timestamp': '2026-07-25 14:21:08'}",False,
"{'school': {'name': 'SZKOŁA PODSTAWOWA IM. TADEUSZA KOŚCIUSZKI W PAWONKOWIE', 'street': 'UL. SZKOLNA', 'post_code': '42-772', 'city': 'PAWONKÓW', 'longitude': '18.5817496', 'latitude': '50.6943842'}, 'data': {'humidity_avg': 41.95454545454545, 'pressure_avg': 980.6727272727272, 'temperature_avg': 23.554545454545462, 'pm10_avg': 4.263636363636364, 'pm25_avg': 3.418181818181818}, 'timestamp': '2026-07-25 14:21:08'}",False,
"{'school': {'name': 'PUBLICZNA SZKOŁA PODSTAWOWA IM. OJCA ŚWIĘTEGO JANA PAWŁA II W STAREJ BŁOTNICY', 'street': None, 'post_code': '26-806', 'city': 'STARA BŁOTNICA', 'longitude': '19.9410935', 'latitude': '52.3679201'}, 'data': {'humidity_avg': 45.1, 'pressure_avg': 991.0363636363636, 'temperature_avg': 25.345454545454547, 'pm10_avg': 2.909090909090909, 'pm25_avg': 2.436363636363636}, 'timestamp': '2026-07-25 14:21:08'}",False,
"{'school': {'name': 'SZKOŁA PODSTAWOWA IM. ZOFII SOLARZOWEJ W MIĄSEM', 'street': 'UL. KARDYNAŁA WYSZYŃSKIEGO', 'post_code': '05-240', 'city': 'MIĄSE', 'longitude': '21.4381993', 'latitude': '52.3967302'}, 'data': {'humidity_avg': 46.03333333333333, 'pressure_avg': 996.3916666666665, 'temperature_avg': 24.741666666666664, 'pm10_avg': 3.9, 'pm25_avg': 3.4}, 'timestamp': '2026-07-25 14:21:08'}",False,
"{'school': {'name': 'TECHNIKUM W ZESPOLE SZKÓŁ PRZYRODNICZO-USŁUGOWYCH I BURSY SZKOLNEJ W JELENIEJ GÓRZE', 'street': 'UL. LEŚNA', 'post_code': '58-560', 'city': 'JELENIA GÓRA', 'longitude': '15.7000735', 'latitude': '50.8669637'}, 'data': {'humidity_avg': 28.21666666666667, 'pressure_avg': 965.35, 'temperature_avg': 29.833333333333332, 'pm10_avg': 2.225, 'pm25_avg': 1.925}, 'timestamp': '2026-07-25 14:21:08'}",False,
"{'school': {'name': 'V LICEUM OGÓLNOKSZTAŁCĄCE W RYBNIKU', 'street': 'UL. ORZEPOWICKA', 'post_code': '44-217', 'city': 'RYBNIK', 'longitude': '18.51736', 'latitude': '50.0994589'}, 'data': {'humidity_avg': 40.38181818181818, 'pressure_avg': 981.5454545454545, 'temperature_avg': 24.445454545454538, 'pm10_avg': 3.054545454545454, 'pm25_avg': 2.818181818181818}, 'timestamp': '2026-07-25 14:21:08'}",False,
"{'school': {'name': 'SZKOŁA PODSTAWOWA W DUBINIE', 'street': None, 'post_code': '63-930', 'city': 'DUBIN', 'longitude': '17.1480027', 'latitude': '51.6249813'}, 'data': {'humidity_avg': 41.18333333333333, 'pressure_avg': 996.1416666666668, 'temperature_avg': 25.258333333333336, 'pm10_avg': 3.449999999999999, 'pm25_avg': 3.449999999999999}, 'timestamp': '2026-07-25 14:21:08'}",False,
"{'school': {'name': 'SZKOŁA PODSTAWOWA IM. KAROLA MARCINKOWSKIEGO W LUDOMACH', 'street': None, 'post_code': '64-603', 'city': 'LUDOMY', 'longitude': '16.8230475', 'latitude': '52.7545231'}, 'data': {'humidity_avg': 37.925000000000004, 'pressure_avg': 999.775, 'temperature_avg': 25.958333333333332, 'pm10_avg': 5.95, 'pm25_avg': 5.125}, 'timestamp': '2026-07-25 14:21:08'}",False,
"{'school': {'name': 'LICEUM OGÓLNOKSZTAŁCĄCE IM.TADEUSZA KOŚCIUSZKI W ŁOBŻENICY', 'street': 'UL. ZŁOTOWSKA', 'post_code': '89-310', 'city': 'ŁOBŻENICA', 'longitude': '17.2547677', 'latitude': '53.2625013'}, 'data': {'humidity_avg': 41.336363636363636, 'pressure_avg': 995.3636363636364, 'temperature_avg': 25.636363636363637, 'pm10_avg': 6.181818181818182, 'pm25_avg': 5.336363636363637}, 'timestamp': '2026-07-25 14:21:08'}",False,
"{'school': {'name': 'LICEUM OGÓLNOKSZTAŁCĄCE IM. OLIMPIJCZYKÓW POLSKICH W DŁUGOŁĘCE', 'street': 'UL. SZKOLNA', 'post_code': '55-095', 'city': 'DŁUGOŁĘKA', 'longitude': '17.1889302', 'latitude': '51.1751006'}, 'data': {'humidity_avg': 35.9, 'pressure_avg': 993.5200000000001, 'temperature_avg': 25.619999999999997, 'pm10_avg': 2.8600000000000003, 'pm25_avg': 2.48}, 'timestamp': '2026-07-25 14:21:08'}",False,
"{'school': {'name': 'SZKOŁA PODSTAWOWA IM.KS.JANA TWARDOWSKIEGO W KOLNICZKACH', 'street': None, 'post_code': '63-040', 'city': 'KOLNICZKI', 'longitude': '17.3618409', 'latitude': '52.045122'}, 'data': {'humidity_avg': 33.050000000000004, 'pressure_avg': 996.6750000000001, 'temperature_avg': 29.675, 'pm10_avg': 3.9916666666666663, 'pm25_avg': 3.4666666666666672}, 'timestamp': '2026-07-25 14:21:08'}",False,
"{'school': {'name': 'ZESPÓŁ SZKÓŁ SZKOŁA PODSTAWOWA W PISARZOWICACH', 'street': None, 'post_code': '58-400', 'city': 'PISARZOWICE', 'longitude': '15.954357', 'latitude': '50.78687017996712'}, 'data': {'humidity_avg': 36.28181818181818, 'pressure_avg': 949.2636363636364, 'temperature_avg': 25.845454545454547, 'pm10_avg': 2.9, 'pm25_avg': 2.527272727272727}, 'timestamp': '2026-07-25 14:21:08'}",False,
"{'school': {'name': 'TECHNIKUM W ZESPOLE SZKÓŁ IM. GEN. SYLWESTRA KALISKIEGO W GÓRZE', 'street': 'UL. ARMII POLSKIEJ', 'post_code': '56-200', 'city': 'GÓRA', 'longitude': '16.537487', 'latitude': '51.663379'}, 'data': {'humidity_avg': 31.427272727272726, 'pressure_avg': 998.0363636363636, 'temperature_avg': 28.19090909090909, 'pm10_avg': 3.636363636363636, 'pm25_avg': 3.172727272727272}, 'timestamp': '2026-07-25 14:21:08'}",False,
"{'school': {'name': 'SZKOŁA PODSTAWOWA SPECJALNA W ZESPOLE SZKÓŁ SPECJALNYCH W ŻMIGRODZIE', 'street': 'UL. RYBACKA', 'post_code': '55-140', 'city': 'ŻMIGRÓD', 'longitude': '16.905825', 'latitude': '51.4721651'}, 'data': {'humidity_avg': 29.545454545454547, 'pressure_avg': 997.7909090909092, 'temperature_avg': 29.527272727272727, 'pm10_avg': 3.7363636363636363, 'pm25_avg': 3.218181818181818}, 'timestamp': '2026-07-25 14:21:08'}",False,
"{'school': {'name': 'SZKOŁA PODSTAWOWA W MIĘKINI', 'street': 'UL. SZKOLNA', 'post_code': '55-330', 'city': 'MIĘKINIA', 'longitude': '16.7422437', 'latitude': '51.1929907'}, 'data': {'humidity_avg': 38.554545454545455, 'pressure_avg': 996.4363636363636, 'temperature_avg': 26.58181818181818, 'pm10_avg': 2.836363636363636, 'pm25_avg': 2.49090909090909}, 'timestamp': '2026-07-25 14:21:08'}",False,
"{'school': {'name': 'SZKOŁA PODSTAWOWA W ZESPOLE SZKOLNO-PRZEDSZKOLNYM W MOŚCISKU', 'street': 'UL. SZKOLNA', 'post_code': '58-116', 'city': 'MOŚCISKO', 'longitude': '16.5883176', 'latitude': '50.7808876'}, 'data': {'humidity_avg': 36.233333333333334, 'pressure_avg': 980.0, 'temperature_avg': 26.61111111111111, 'pm10_avg': 3.011111111111111, 'pm25_avg': 2.455555555555555}, 'timestamp': '2026-07-25 14:21:08'}",False,
"{'school': {'name': 'SZKOŁA PODSTAWOWA IM. ODKRYWCÓW I PODRÓŻNIKÓW W BOROWEJ', 'street': 'UL. PARKOWA', 'post_code': '55-095', 'city': 'BOROWA', 'longitude': '17.277433', 'latitude': '51.188053'}, 'data': {'humidity_avg': 34.82727272727273, 'pressure_avg': 994.1727272727272, 'temperature_avg': 29.6, 'pm10_avg': 3.027272727272727, 'pm25_avg': 2.690909090909091}, 'timestamp': '2026-07-25 14:21:08'}",False,
"{'school': {'name': 'SZKOŁA PODSTAWOWA W SOKOŁOWIE', 'street': None, 'post_code': '26-333', 'city': 'GRZYMAŁÓW', 'longitude': '20.1653269', 'latitude': '51.318281'}, 'data': {'humidity_avg': 42.06857142857143, 'pressure_avg': 990.1771428571428, 'temperature_avg': 25.037142857142857, 'pm10_avg': 3.597142857142857, 'pm25_avg': 3.442857142857143}, 'timestamp': '2026-07-25 14:21:08'}",False,
"{'school': {'name': 'NIEPUBLICZNA SZKOŁA PODSTAWOWA STOWARZYSZENIA NA RZECZ ROZWOJU I PROMOCJI WSI LUBNÓW I OKOLIC W LUBANOWIE', 'street': None, 'post_code': '57-220', 'city': 'LUBNÓW', 'longitude': '17.016813', 'latitude': '50.512531'}, 'data': {'humidity_avg': 30.845454545454547, 'pressure_avg': 977.0090909090909, 'temperature_avg': 26.981818181818184, 'pm10_avg': 3.227272727272727, 'pm25_avg': 2.727272727272727}, 'timestamp': '2026-07-25 14:21:08'}",False,
"{'school': {'name': 'I ZESPÓŁ SZKÓŁ IM. STANISŁAWA STASZICA WE WSCHOWIE BRANŻOWA SZKOŁA I STOPNIA NR 2 WE WSCHOWIE', 'street': 'UL. KOŚCIUSZKI', 'post_code': '67-400', 'city': 'WSCHOWA', 'longitude': '16.3113985', 'latitude': '51.8077413'}, 'data': {'humidity_avg': 32.74545454545454, 'pressure_avg': 996.4454545454545, 'temperature_avg': 28.145454545454548, 'pm10_avg': 3.3, 'pm25_avg': 3.036363636363636}, 'timestamp': '2026-07-25 14:21:08'}",False,
"{'school': {'name': 'SZKOŁA PODSTAWOWA W DUNKOWEJ', 'street': None, 'post_code': '56-300', 'city': 'DUNKOWA', 'longitude': '17.1682893', 'latitude': '51.535732'}, 'data': {'humidity_avg': 36.041666666666664, 'pressure_avg': 995.1166666666667, 'temperature_avg': 26.008333333333336, 'pm10_avg': 4.016666666666667, 'pm25_avg': 3.433333333333333}, 'timestamp': '2026-07-25 14:21:08'}",False,
"{'school': {'name': 'SZKOŁA PODSTAWOWA NR 24 IM. WISŁAWY SZYMBORSKIEJ W ZESPOLE SZKOLNO-PRZEDSZKOLNYM NR 14 W RYBNIKU', 'street': 'UL. LEOPOLDA STAFFA', 'post_code': '44-274', 'city': 'RYBNIK', 'longitude': '18.540553', 'latitude': '50.143783'}, 'data': {'humidity_avg': 41.86666666666667, 'pressure_avg': 978.9583333333334, 'temperature_avg': 24.36666666666667, 'pm10_avg': 2.916666666666666, 'pm25_avg': 2.65}, 'timestamp': '2026-07-25 14:21:08'}",False,
"{'school': {'name': 'PUBLICZNA SZKOŁA PODSTAWOWA NR 3 IM. WŁADYSŁAWA SIKORSKIEGO W ZDZIESZOWICACH', 'street': 'UL. NOWA', 'post_code': '47-330', 'city': 'ZDZIESZOWICE', 'longitude': '18.12477', 'latitude': '50.42422'}, 'data': {'humidity_avg': 30.400000000000002, 'pressure_avg': 987.1416666666668, 'temperature_avg': 28.183333333333334, 'pm10_avg': 3.216666666666667, 'pm25_avg': 2.725}, 'timestamp': '2026-07-25 14:21:08'}",False,
"{'school': {'name': 'SZKOŁA PODSTAWOWA IM. WINCENTEGO WITOSA W NOSÓWCE', 'street': None, 'post_code': '36-046', 'city': 'NOSÓWKA', 'longitude': '21.882434839892888', 'latitude': '50.023151791895195 '}, 'data': {'humidity_avg': 43.13636363636363, 'pressure_avg': 986.4909090909091, 'temperature_avg': 25.09090909090909, 'pm10_avg': 2.336363636363636, 'pm25_avg': 2.045454545454545}, 'timestamp': '2026-07-25 14:21:08'}",False,
"{'school': {'name': 'PUBLICZNA SZKOŁA PODSTAWOWA W JAŹWINACH', 'street': None, 'post_code': '39-215', 'city': 'JAŹWINY', 'longitude': '21.4809252', 'latitude': '51.9701122'}, 'data': {'humidity_avg': 38.300000000000004, 'pressure_avg': 983.875, 'temperature_avg': 25.40833333333333, 'pm10_avg': 4.583333333333333, 'pm25_avg': 3.758333333333333}, 'timestamp': '2026-07-25 14:21:08'}",False,
"{'school': {'name': 'SZKOŁA PODSTAWOWA IM.STANISŁAWA DĄMBSKIEGO W RUDNEJ WIELKIEJ', 'street': None, 'post_code': '36-054', 'city': 'RUDNA WIELKA', 'longitude': '21.954377626405005', 'latitude': '50.08747932340838 '}, 'data': {'humidity_avg': 68.90833333333333, 'pressure_avg': 986.1416666666668, 'temperature_avg': 23.53333333333333, 'pm10_avg': 2.6, 'pm25_avg': 2.516666666666666}, 'timestamp': '2026-07-25 14:21:08'}",False,
"{'school': {'name': 'NIEPUBLICZNA NIEPŁATNA SZKOŁA PODSTAWOWA STOWARZYSZENIA ""SIÓDEMKA"" W TARNOWIE', 'street': 'UL. JÓZEFA PONIATOWSKIEGO', 'post_code': '33-100', 'city': 'TARNÓW', 'longitude': '20.99013999756542', 'latitude': '50.01871682796816 '}, 'data': {'humidity_avg': 39.730000000000004, 'pressure_avg': 985.6, 'temperature_avg': 24.8, 'pm10_avg': 3.579999999999999, 'pm25_avg': 3.09}, 'timestamp': '2026-07-25 14:21:08'}",False,
"{'school': {'name': 'SZKOŁA PODSTAWOWA W ŚMIGNIE', 'street': None, 'post_code': '33-140', 'city': 'ŚMIGNO', 'longitude': '20.99488313989564', 'latitude': '50.08187231039279 '}, 'data': {'humidity_avg': 41.22727272727273, 'pressure_avg': 984.8, 'temperature_avg': 24.7, 'pm10_avg': 2.618181818181818, 'pm25_avg': 2.345454545454545}, 'timestamp': '2026-07-25 14:21:08'}",False,
"{'school': {'name': 'LICEUM OGÓLNOKSZTAŁCĄCE IM. TADEUSZA KOŚCIUSZKI W SYCOWIE', 'street': 'UL. KOŚCIELNA', 'post_code': '56-500', 'city': 'SYCÓW', 'longitude': '17.72016', 'latitude': '51.30787'}, 'data': {'humidity_avg': 31.474999999999998, 'pressure_avg': 989.275, 'temperature_avg': 27.616666666666664, 'pm10_avg': 3.508333333333333, 'pm25_avg': 3.008333333333333}, 'timestamp': '2026-07-25 14:21:08'}",False,
"{'school': {'name': 'SZKOŁA PODSTAWOWA IM. ŚWIĘTEGO JÓZEFA W KROSNEJ', 'street': None, 'post_code': '34-603', 'city': 'KROSNA', 'longitude': '20.528512', 'latitude': '49.7714131'}, 'data': {'humidity_avg': 47.28181818181818, 'pressure_avg': 977.1181818181819, 'temperature_avg': 23.863636363636363, 'pm10_avg': 4.954545454545454, 'pm25_avg': 4.472727272727273}, 'timestamp': '2026-07-25 14:21:08'}",False,
"{'school': {'name': 'SZKOŁA PODSTAWOWA NR 35 Z ODDZIAŁAMI INTEGRACYJNYMI IM. MATKI TERESY Z KALKUTY W TYCHACH', 'street': 'AL. MARSZAŁKA PIŁSUDSKIEGO', 'post_code': '43-100', 'city': 'TYCHY', 'longitude': '18.9864571', 'latitude': '50.1087174'}, 'data': {'humidity_avg': 42.480000000000004, 'pressure_avg': 978.82, 'temperature_avg': 23.619999999999997, 'pm10_avg': 2.3, 'pm25_avg': 1.9500000000000002}, 'timestamp': '2026-07-25 14:21:08'}",False,
"{'school': {'name': 'SZKOŁA PODSTAWOWA NR 5 Z ODDZIAŁAMI INTEGRACYJNYMI W TYCHACH', 'street': 'UL. STEFANA CZARNIECKIEGO', 'post_code': '43-100', 'city': 'TYCHY', 'longitude': '18.9817917', 'latitude': '50.1201912'}, 'data': {'humidity_avg': 41.93333333333333, 'pressure_avg': 979.2333333333333, 'temperature_avg': 23.700000000000003, 'pm10_avg': 2.3666666666666663, 'pm25_avg': 2.166666666666666}, 'timestamp': '2026-07-25 14:21:08'}",False,
"{'school': {'name': 'SZKOŁA PODSTAWOWA IM. GENERAŁA STANISŁAWA MACZKA W OLSZYNACH', 'street': None, 'post_code': '32-831', 'city': 'OLSZYNY', 'longitude': '20.7611656', 'latitude': '51.1053173'}, 'data': {'humidity_avg': 41.18181818181818, 'pressure_avg': 983.9181818181819, 'temperature_avg': 23.863636363636363, 'pm10_avg': 2.645454545454545, 'pm25_avg': 2.445454545454545}, 'timestamp': '2026-07-25 14:21:08'}",False,
"{'school': {'name': 'SZKOŁA PODSTAWOWA IM. STEFANA CZARNIECKIEGO W TYKOCINIE', 'street': 'UL. JANA KOCHANOWSKIEGO', 'post_code': '16-080', 'city': 'TYKOCIN', 'longitude': '22.7740605', 'latitude': '53.2062669'}, 'data': {'humidity_avg': 52.60833333333333, 'pressure_avg': 996.0749999999999, 'temperature_avg': 24.041666666666668, 'pm10_avg': 2.683333333333333, 'pm25_avg': 2.2416666666666663}, 'timestamp': '2026-07-25 14:21:08'}",False,
"{'school': {'name': 'SZKOŁA PODSTAWOWA W HUTKACH', 'street': None, 'post_code': '42-274', 'city': 'HUTKI', 'longitude': '19.0062626', 'latitude': '50.6813486'}, 'data': {'humidity_avg': 52.61818181818182, 'pressure_avg': 977.6454545454545, 'temperature_avg': 22.61818181818182, 'pm10_avg': 4.572727272727272, 'pm25_avg': 4.209090909090909}, 'timestamp': '2026-07-25 14:21:08'}",False,
"{'school': {'name': 'TECHNIKUM NR 1 W BRZEGU', 'street': 'UL. SŁOWIAŃSKA', 'post_code': '49-300', 'city': 'BRZEG', 'longitude': '17.4633865', 'latitude': '50.858939'}, 'data': {'humidity_avg': 30.636363636363637, 'pressure_avg': 991.8818181818183, 'temperature_avg': 26.845454545454547, 'pm10_avg': 2.272727272727273, 'pm25_avg': 2.272727272727273}, 'timestamp': '2026-07-25 14:21:08'}",False,
"{'school': {'name': 'PUBLICZNA SZKOŁA PODSTAWOWA IM. BOHATERÓW WALKI Z FASZYZMEM W ŁAMBINOWICACH', 'street': 'UL. OBOZOWA', 'post_code': '48-316', 'city': 'ŁAMBINOWICE', 'longitude': '17.5596274', 'latitude': '50.538452'}, 'data': {'humidity_avg': 28.50909090909091, 'pressure_avg': 985.3090909090909, 'temperature_avg': 29.19090909090909, 'pm10_avg': 3.827272727272727, 'pm25_avg': 3.263636363636363}, 'timestamp': '2026-07-25 14:21:08'}",False,
"{'school': {'name': 'SZKOŁA PODSTAWOWA W SILNIE', 'street': 'UL. GŁÓWNA', 'post_code': '89-620', 'city': 'SILNO', 'longitude': '17.6993', 'latitude': '53.65103'}, 'data': {'humidity_avg': 41.02727272727273, 'pressure_avg': 991.8545454545455, 'temperature_avg': 25.845454545454547, 'pm10_avg': 4.736363636363636, 'pm25_avg': 4.136363636363637}, 'timestamp': '2026-07-25 14:21:08'}",False,
"{'school': {'name': 'SZKOŁA PODSTAWOWA W PRZEŁĘKU', 'street': None, 'post_code': '48-303', 'city': 'PRZEŁĘK', 'longitude': '17.333027', 'latitude': '50.4109082'}, 'data': {'humidity_avg': 24.763636363636362, 'pressure_avg': 984.2181818181817, 'temperature_avg': 30.518181818181816, 'pm10_avg': 2.8, 'pm25_avg': 2.509090909090909}, 'timestamp': '2026-07-25 14:21:08'}",False,
"{'school': {'name': 'SZKOŁA PODSTAWOWA IM. WOJSKA POLSKIEGO W KAMIENNEJ', 'street': None, 'post_code': '46-100', 'city': 'KAMIENNA', 'longitude': '17.769607', 'latitude': '51.07871'}, 'data': {'humidity_avg': 35.666666666666664, 'pressure_avg': 991.2833333333333, 'temperature_avg': 28.791666666666668, 'pm10_avg': 7.75, 'pm25_avg': 5.975}, 'timestamp': '2026-07-25 14:21:08'}",False,
"{'school': {'name': 'SZKOŁA PODSTAWOWA SPECJALNA NR 7 IM. MARII KONOPNICKIEJ W ŚWIDNICY', 'street': 'UL. ROTMISTRZA WITOLDA PILECKIEGO', 'post_code': '58-100', 'city': 'ŚWIDNICA', 'longitude': '16.49738157', 'latitude': '50.8520284'}, 'data': {'humidity_avg': 31.472727272727273, 'pressure_avg': 982.1363636363636, 'temperature_avg': 30.09090909090909, 'pm10_avg': 2.672727272727272, 'pm25_avg': 2.245454545454545}, 'timestamp': '2026-07-25 14:21:08'}",False,
"{'school': {'name': 'SZKOŁA PODSTAWOWA IM. 10 BRYGADY KAWALERII PANCERNEJ W KRZYWEJ ', 'street': None, 'post_code': '59-225', 'city': 'KRZYWA', 'longitude': '15.81206583', 'latitude': '51.28056359'}, 'data': {'humidity_avg': 30.349999999999998, 'pressure_avg': 986.9666666666667, 'temperature_avg': 28.391666666666666, 'pm10_avg': 3.858333333333333, 'pm25_avg': 3.316666666666666}, 'timestamp': '2026-07-25 14:21:08'}",False,
"{'school': {'name': 'SZKOŁA PODSTAWOWA IM. JANA PAWŁA II W GOSTYCYNIE', 'street': 'UL. SĘPOLEŃSKA', 'post_code': '89-520', 'city': 'GOSTYCYN', 'longitude': '17.8086931', 'latitude': '53.4899486'}, 'data': {'humidity_avg': 46.481818181818184, 'pressure_avg': 993.2363636363636, 'temperature_avg': 23.49090909090909, 'pm10_avg': 5.263636363636364, 'pm25_avg': 5.018181818181818}, 'timestamp': '2026-07-25 14:21:08'}",False,
"{'school': {'name': 'SZKOŁA PODSTAWOWA NR 3 IM. MIKOŁAJA KOPERNIKA W WĄGROWCU', 'street': 'UL. KLASZTORNA', 'post_code': '62-100', 'city': 'WĄGROWIEC', 'longitude': '17.2156193', 'latitude': '52.8174847'}, 'data': {'humidity_avg': 45.55555555555556, 'pressure_avg': 997.0, 'temperature_avg': 25.288888888888888, 'pm10_avg': 4.388888888888889, 'pm25_avg': 4.388888888888889}, 'timestamp': '2026-07-25 14:21:08'}",False,
"{'school': {'name': 'I LICEUM OGÓLNOKSZTAŁCĄCE IM. TADEUSZA KOŚCIUSZKI W DĄBROWIE TARNOWSKIEJ', 'street': 'UL. MARSZAŁKA JÓZEFA PIŁSUDSKIEGO', 'post_code': '33-200', 'city': 'DĄBROWA TARNOWSKA', 'longitude': '20.9830385', 'latitude': '50.16866618'}, 'data': {'humidity_avg': 35.845454545454544, 'pressure_avg': 987.5363636363636, 'temperature_avg': 28.963636363636365, 'pm10_avg': 2.527272727272727, 'pm25_avg': 2.254545454545454}, 'timestamp': '2026-07-25 14:21:08'}",False,
"{'school': {'name': 'LICEUM OGÓLNOKSZTAŁCĄCE IM. TOMASZA ZANA W PRUSZKOWIE', 'street': 'UL. IGNACEGO DASZYŃSKIEGO', 'post_code': '05-800', 'city': 'PRUSZKÓW', 'longitude': '20.80021723', 'latitude': '52.16766803'}, 'data': {'humidity_avg': 42.95, 'pressure_avg': 998.0, 'temperature_avg': 25.3, 'pm10_avg': 4.6, 'pm25_avg': 4.025}, 'timestamp': '2026-07-25 14:21:08'}",False,
"{'school': {'name': 'SZKOŁA PODSTAWOWA NR 1 IM. KSIĄŻĄT PSZCZYŃSKICH W PSZCZYNIE', 'street': 'UL. KS. BP. BOGEDAINA', 'post_code': '43-200', 'city': 'PSZCZYNA', 'longitude': '18.9477092', 'latitude': '49.9857805'}, 'data': {'humidity_avg': 36.86666666666667, 'pressure_avg': 981.1666666666666, 'temperature_avg': 26.016666666666666, 'pm10_avg': 2.5666666666666673, 'pm25_avg': 2.133333333333333}, 'timestamp': '2026-07-25 14:21:08'}",False,
"{'school': {'name': 'SZKOŁA PODSTAWOWA IM. HENRYKA SIENKIEWICZA W BRZYSKACH', 'street': None, 'post_code': '38-212', 'city': 'BRZYSKA', 'longitude': '21.3890225', 'latitude': '49.8193288'}, 'data': {'humidity_avg': 34.309090909090905, 'pressure_avg': 982.0727272727272, 'temperature_avg': 27.536363636363635, 'pm10_avg': 5.845454545454545, 'pm25_avg': 4.972727272727273}, 'timestamp': '2026-07-25 14:21:08'}",False,
"{'school': {'name': 'PUBLICZNA SZKOŁA PODSTAWOWA Z ODDZIAŁAMI INTEGRACYJNYMI NR 26 IM. KOMISJI EDUKACJI NARODOWEJ W WAŁBRZYCHU', 'street': 'UL. PALISADOWA', 'post_code': '58-314', 'city': 'WAŁBRZYCH', 'longitude': '16.2800376', 'latitude': '50.8261104'}, 'data': {'humidity_avg': 33.28333333333334, 'pressure_avg': 963.1416666666668, 'temperature_avg': 24.90833333333333, 'pm10_avg': 3.391666666666667, 'pm25_avg': 2.908333333333333}, 'timestamp': '2026-07-25 14:21:08'}",False,
"{'school': {'name': 'SZKOŁA PODSTAWOWA NR 19 IM. KS. PIOTRA SKARGI W RZESZOWIE', 'street': 'UL. PIOTRA SKARGI', 'post_code': '35-202', 'city': 'RZESZÓW', 'longitude': '22.0102447', 'latitude': '50.0455103'}, 'data': {'humidity_avg': 44.345454545454544, 'pressure_avg': 986.2, 'temperature_avg': 25.08181818181818, 'pm10_avg': 2.336363636363636, 'pm25_avg': 2.109090909090909}, 'timestamp': '2026-07-25 14:21:08'}",False,
"{'school': {'name': '""MAŁA SZKOŁA"" NIEPUBLICZNA SZKOŁA PODSTAWOWA W KONINIE ŻAGAŃSKIM', 'street': None, 'post_code': '68-120', 'city': 'KONIN ŻAGAŃSKI', 'longitude': '15.193599', 'latitude': '51.545944'}, 'data': {'humidity_avg': 33.9, 'pressure_avg': 992.1818181818181, 'temperature_avg': 28.327272727272728, 'pm10_avg': 3.49090909090909, 'pm25_avg': 2.954545454545454}, 'timestamp': '2026-07-25 14:21:08'}",False,
"{'school': {'name': 'PUBLICZNA SZKOŁA PODSTAWOWA W GRABINACH', 'street': None, 'post_code': '39-217', 'city': 'GRABINY', 'longitude': '21.796093', 'latitude': '52.6229809'}, 'data': {'humidity_avg': 37.09090909090909, 'pressure_avg': 989.1727272727272, 'temperature_avg': 28.29090909090909, 'pm10_avg': 2.372727272727273, 'pm25_avg': 2.0}, 'timestamp': '2026-07-25 14:21:08'}",False,
"{'school': {'name': 'PUBLICZNA SZKOŁA PODSTAWOWA NR 2 Z ODDZIAŁAMI INTEGRACYJNYMI IM. MJP. HENRYKA SUCHARSKIEGO W PUŁTUSKU', 'street': 'UL. POLNA', 'post_code': '06-100', 'city': 'PUŁTUSK', 'longitude': '21.10934', 'latitude': '52.691192'}, 'data': {'humidity_avg': 54.709090909090904, 'pressure_avg': 1000.7818181818183, 'temperature_avg': 24.254545454545454, 'pm10_avg': 4.309090909090909, 'pm25_avg': 3.8636363636363633}, 'timestamp': '2026-07-25 14:21:08'}",False,
"{'school': {'name': 'SZKOŁA PODSTAWOWA IM. MIKOŁAJA KOPERNIKA W ROGOWIE', 'street': 'UL. SZKOLNA', 'post_code': '88-420', 'city': 'ROGOWO', 'longitude': '17.6514186', 'latitude': '52.7279476'}, 'data': {'humidity_avg': 38.945454545454545, 'pressure_avg': 995.4909090909091, 'temperature_avg': 27.827272727272728, 'pm10_avg': 5.409090909090909, 'pm25_avg': 4.6}, 'timestamp': '2026-07-25 14:21:08'}",False,
"{'school': {'name': 'SZKOŁA PODSTAWOWA NR 16 IM. SZCZECIŃSKICH OLIMPIJCZYKÓW W SZCZECINIE', 'street': 'UL. CHOBOLAŃSKA', 'post_code': '71-023', 'city': 'SZCZECIN', 'longitude': '14.4995518', 'latitude': '53.4109284'}, 'data': {'humidity_avg': 42.108333333333334, 'pressure_avg': 1002.9666666666667, 'temperature_avg': 25.224999999999998, 'pm10_avg': 4.675, 'pm25_avg': 4.191666666666666}, 'timestamp': '2026-07-25 14:21:08'}",False,
"{'school': {'name': 'SZKOŁA PODSTAWOWA IM. MARII KONOPNICKIEJ W JAWORZYNIE ŚLĄSKIEJ', 'street': 'UL. ADAMA MICKIEWICZA', 'post_code': '58-140', 'city': 'JAWORZYNA ŚLĄSKA', 'longitude': '16.43197400', 'latitude': '50.91057600'}, 'data': {'humidity_avg': 28.30909090909091, 'pressure_avg': 980.5, 'temperature_avg': 31.518181818181816, 'pm10_avg': 2.554545454545454, 'pm25_avg': 2.118181818181818}, 'timestamp': '2026-07-25 14:21:08'}",False,
"{'school': {'name': 'SZKOŁA PODSTAWOWA W PIESZCZU', 'street': None, 'post_code': '76-113', 'city': 'PIESZCZ', 'longitude': '16.77799479', 'latitude': '54.45917898'}, 'data': {'humidity_avg': 53.2, 'pressure_avg': 1004.7181818181817, 'temperature_avg': 24.745454545454546, 'pm10_avg': 4.509090909090909, 'pm25_avg': 3.89090909090909}, 'timestamp': '2026-07-25 14:21:08'}",False,
"{'school': {'name': 'SZKOŁA PODSTAWOWA IM.MARII SKŁODOWSKIEJ -CURIE W ŁUKOWICY', 'street': None, 'post_code': '34-606', 'city': 'ŁUKOWICA', 'longitude': '20.49278900', 'latitude': '49.60466781'}, 'data': {'humidity_avg': 44.49090909090909, 'pressure_avg': 960.0545454545455, 'temperature_avg': 22.481818181818184, 'pm10_avg': 2.9, 'pm25_avg': 2.772727272727273}, 'timestamp': '2026-07-25 14:21:08'}",False,
"{'school': {'name': 'SZKOŁA PODSTAWOWA NR 173 IM. GÓRNIKÓW POLSKICH W WARSZAWIE', 'street': 'INNE TRAKT BRZESKI', 'post_code': '05-077', 'city': 'WARSZAWA', 'longitude': '21.2213906', 'latitude': '52.2233683'}, 'data': {'humidity_avg': 43.05833333333333, 'pressure_avg': 997.0583333333334, 'temperature_avg': 25.308333333333334, 'pm10_avg': 2.408333333333333, 'pm25_avg': 2.091666666666666}, 'timestamp': '2026-07-25 14:21:08'}",False,
"{'school': {'name': 'SZKOŁA PODSTAWOWA NR 50 IM. WŁODZIMIERZA TETMAJERA W KRAKOWIE', 'street': 'UL. KATOWICKA', 'post_code': '31-351', 'city': 'KRAKÓW-KROWODRZA', 'longitude': '19.88192366', 'latitude': '50.08454303'}, 'data': {'humidity_avg': 38.95454545454545, 'pressure_avg': 983.7727272727273, 'temperature_avg': 25.227272727272727, 'pm10_avg': 2.463636363636364, 'pm25_avg': 2.009090909090909}, 'timestamp': '2026-07-25 14:21:08'}",False,
"{'school': {'name': 'DWUJĘZYCZNA PRYWATNA SZKOŁA PODSTAWOWA IM. ANTONIEGO BUĆKO', 'street': 'UL. ANTONIEGO BUĆKI', 'post_code': '16-010', 'city': 'WASILKÓW', 'longitude': '23.20824714', 'latitude': '53.20575663'}, 'data': {'humidity_avg': 51.35454545454545, 'pressure_avg': 992.7818181818183, 'temperature_avg': 23.781818181818185, 'pm10_avg': 3.227272727272727, 'pm25_avg': 2.590909090909091}, 'timestamp': '2026-07-25 14:21:08'}",False,
"{'school': {'name': 'BRANŻOWA SZKOŁA I STOPNIA W ZESPOLE SZKÓŁ NR 2 IM. JANA DŁUGOSZA W WIELUNIU', 'street': 'UL. ROMUALDA TRAUGUTTA', 'post_code': '98-300', 'city': 'WIELUŃ', 'longitude': '18.55921428', 'latitude': '51.2272899'}, 'data': {'humidity_avg': 36.41818181818182, 'pressure_avg': 988.3727272727273, 'temperature_avg': 26.972727272727273, 'pm10_avg': 3.472727272727273, 'pm25_avg': 2.836363636363636}, 'timestamp': '2026-07-25 14:21:08'}",False,
"{'school': {'name': 'SZKOŁA PODSTAWOWA NR 3 W PSZOWIE', 'street': 'UL. ARMII KRAJOWEJ', 'post_code': '44-370', 'city': 'PSZÓW', 'longitude': '18.3868154', 'latitude': '50.0548434'}, 'data': {'humidity_avg': 44.11818181818182, 'pressure_avg': 975.4909090909091, 'temperature_avg': 24.8, 'pm10_avg': 2.354545454545454, 'pm25_avg': 2.063636363636363}, 'timestamp': '2026-07-25 14:21:08'}",False,
"{'school': {'name': 'LICEUM OGÓLNOKSZTAŁCĄCE W ORZYSZU W ZESPOLE SZKÓŁ OGÓLNOKSZTAŁCĄCYCH W ORZYSZU', 'street': 'UL. WOJSKA POLSKIEGO', 'post_code': '12-250', 'city': 'ORZYSZ', 'longitude': '21.94493203', 'latitude': '53.80638148'}, 'data': {'humidity_avg': 53.654545454545456, 'pressure_avg': 993.3909090909091, 'temperature_avg': 23.336363636363636, 'pm10_avg': 2.836363636363636, 'pm25_avg': 2.427272727272727}, 'timestamp': '2026-07-25 14:21:08'}",False,
"{'school': {'name': 'PUBLICZNA SZKOŁA PODSTAWOWA NR 2 IM.JULIUSZA LIGONIA W ZESPOLE PLACÓWEK OŚWIATOWYCH W KALETACH MIOTKU', 'street': 'UL. ELIZY ORZESZKOWEJ', 'post_code': '42-660', 'city': 'KALETY', 'longitude': '18.9537573', 'latitude': '50.5518933'}, 'data': {'humidity_avg': 40.0625, 'pressure_avg': 977.65, 'temperature_avg': 26.5125, 'pm10_avg': 3.6125, 'pm25_avg': 3.05}, 'timestamp': '2026-07-25 14:21:08'}",False,
"{'school': {'name': 'SZKOŁA PODSTAWOWA IM. ORŁA BIAŁEGO W OSTRÓWKU', 'street': 'UL. SZKOLNA', 'post_code': '07-132', 'city': 'OSTRÓWEK', 'longitude': '21.68182', 'latitude': '52.5307'}, 'data': {'humidity_avg': 46.291666666666664, 'pressure_avg': 996.3166666666666, 'temperature_avg': 24.525000000000002, 'pm10_avg': 2.416666666666666, 'pm25_avg': 2.1}, 'timestamp': '2026-07-25 14:21:08'}",False,
"{'school': {'name': 'PUBLICZNA SZKOŁA PODSTAWOWA W KADŁUBIE', 'street': 'UL. POWSTAŃCÓW ŚLĄSKICH', 'post_code': '47-175', 'city': 'KADŁUB', 'longitude': '18.26324', 'latitude': '50.612797181770425'}, 'data': {'humidity_avg': 33.6, 'pressure_avg': 987.9916666666667, 'temperature_avg': 27.09166666666667, 'pm10_avg': 3.016666666666667, 'pm25_avg': 2.5666666666666673}, 'timestamp': '2026-07-25 14:21:08'}",False,
"{'school': {'name': 'SZKOŁA PODSTAWOWA W KOKANINIE', 'street': None, 'post_code': '62-817', 'city': 'KOKANIN', 'longitude': '18.0903799', 'latitude': '51.8135676'}, 'data': {'humidity_avg': 45.75833333333333, 'pressure_avg': 995.2083333333334, 'temperature_avg': 24.849999999999998, 'pm10_avg': 4.208333333333333, 'pm25_avg': 3.766666666666667}, 'timestamp': '2026-07-25 14:21:08'}",False,
"{'school': {'name': 'SZKOŁA PODSTAWOWA NR 5 IM. KSIĘCIA MAZOWIECKIEGO SIEMOWITA IV W GOSTYNINIE', 'street': 'UL. POLNA', 'post_code': '09-500', 'city': 'GOSTYNIN', 'longitude': '19.46185866', 'latitude': '52.42027883'}, 'data': {'humidity_avg': 41.23636363636364, 'pressure_avg': 998.5363636363636, 'temperature_avg': 25.036363636363635, 'pm10_avg': 4.763636363636364, 'pm25_avg': 4.336363636363637}, 'timestamp': '2026-07-25 14:21:08'}",False,
"{'school': {'name': 'PUBLICZNA SZKOŁA PODSTAWOWA IM. JULIANA TUWIMA W INOWŁODZU', 'street': 'UL. SPALSKA', 'post_code': '97-215', 'city': 'INOWŁÓDZ', 'longitude': '20.2235462', 'latitude': '51.5270197'}, 'data': {'humidity_avg': 38.077777777777776, 'pressure_avg': 991.4888888888888, 'temperature_avg': 27.322222222222223, 'pm10_avg': 3.411111111111111, 'pm25_avg': 2.766666666666666}, 'timestamp': '2026-07-25 14:21:08'}",False,
"{'school': {'name': 'PUBLICZNA SZKOŁA PODSTAWOWA IM. JANA PAWŁA II W BRZUSTOWIE', 'street': None, 'post_code': '97-215', 'city': 'BRZUSTÓW', 'longitude': '20.1427601', 'latitude': '51.4943863'}, 'data': {'humidity_avg': 37.23636363636364, 'pressure_avg': 976.8545454545455, 'temperature_avg': 27.5, 'pm10_avg': 2.536363636363636, 'pm25_avg': 2.118181818181818}, 'timestamp': '2026-07-25 14:21:08'}",False,
"{'school': {'name': 'SZKOŁA PODSTAWOWA IM. JANA PAWŁA II W LINDOWIE', 'street': None, 'post_code': '42-165', 'city': 'LINDÓW', 'longitude': '18.8664105', 'latitude': '51.0511057'}, 'data': {'humidity_avg': 38.91111111111111, 'pressure_avg': 984.7555555555555, 'temperature_avg': 24.422222222222224, 'pm10_avg': 3.011111111111111, 'pm25_avg': 2.422222222222222}, 'timestamp': '2026-07-25 14:21:08'}",False,
"{'school': {'name': 'SZKOŁA PODSTAWOWA W POGORZAŁKACH', 'street': None, 'post_code': '16-002', 'city': 'POGORZAŁKI', 'longitude': '22.9606466', 'latitude': '53.2263495'}, 'data': {'humidity_avg': 57.77272727272727, 'pressure_avg': 997.5545454545455, 'temperature_avg': 23.718181818181815, 'pm10_avg': 2.872727272727273, 'pm25_avg': 2.609090909090909}, 'timestamp': '2026-07-25 14:21:08'}",False,
"{'school': {'name': 'SZKOŁA PODSTAWOWA W KROCZYCACH', 'street': 'UL. SIENKIEWICZA', 'post_code': '42-425', 'city': 'KROCZYCE', 'longitude': '19.587505', 'latitude': '50.6061776'}, 'data': {'humidity_avg': 43.574999999999996, 'pressure_avg': 972.0500000000001, 'temperature_avg': 22.474999999999998, 'pm10_avg': 5.583333333333333, 'pm25_avg': 4.941666666666666}, 'timestamp': '2026-07-25 14:21:08'}",False,
"{'school': {'name': 'I LICEUM OGÓLNOKSZTAŁCĄCE IM. JANA ŚNIADECKIEGO W SIEMIANOWICACH ŚLĄSKICH', 'street': 'UL. STANISŁAWA WYSPIAŃSKIEGO', 'post_code': '41-100', 'city': 'SIEMIANOWICE ŚLĄSKIE', 'longitude': '19.0287014', 'latitude': '50.3027423'}, 'data': {'humidity_avg': 43.5125, 'pressure_avg': 978.6750000000001, 'temperature_avg': 22.6125, 'pm10_avg': 2.7, 'pm25_avg': 2.275}, 'timestamp': '2026-07-25 14:21:08'}",False,
"{'school': {'name': 'SZKOŁA PODSTAWOWA NR 13 IM. ŚW. BARBARY W KATOWICACH', 'street': 'UL. WALEREGO WRÓBLEWSKIEGO', 'post_code': '40-214', 'city': 'KATOWICE', 'longitude': '19.0452743', 'latitude': '50.1158117'}, 'data': {'humidity_avg': 37.336363636363636, 'pressure_avg': 978.2545454545453, 'temperature_avg': 24.7, 'pm10_avg': 3.009090909090909, 'pm25_avg': 2.509090909090909}, 'timestamp': '2026-07-25 14:21:08'}",False,
"{'school': {'name': 'SZKOŁA PODSTAWOWA NR 9 W CHRZANOWIE', 'street': 'UL. PADEREWSKIEGO', 'post_code': '32-500', 'city': 'CHRZANÓW', 'longitude': '19.4001765', 'latitude': '50.1345643'}, 'data': {'humidity_avg': 39.127272727272725, 'pressure_avg': 977.8636363636364, 'temperature_avg': 26.20909090909091, 'pm10_avg': 2.890909090909091, 'pm25_avg': 2.545454545454545}, 'timestamp': '2026-07-25 14:21:08'}",False,
"{'school': {'name': 'TECHNIKUM AKADEMICKIE PRZY MIĘDZYNARODOWEJ WYŻSZEJ SZKOLE LOGISTYKI I TRANSPORTU WE WROCŁAWIU', 'street': 'UL. SOŁTYSOWICKA', 'post_code': '51-168', 'city': 'WROCŁAW-PSIE POLE', 'longitude': '17.0717259', 'latitude': '51.1405059'}, 'data': {'humidity_avg': 29.933333333333334, 'pressure_avg': 994.4, 'temperature_avg': 27.291666666666668, 'pm10_avg': 2.3666666666666663, 'pm25_avg': 2.3666666666666663}, 'timestamp': '2026-07-25 14:21:08'}",False,
"{'school': {'name': 'SZKOŁA PODSTAWOWA IM.HENRYKA SIENKIEWICZA W JASIENIU', 'street': 'UL. KONOPNICKIEJ', 'post_code': '68-320', 'city': 'JASIEŃ', 'longitude': '15.0086995', 'latitude': '51.7536042'}, 'data': {'humidity_avg': 33.25, 'pressure_avg': 999.225, 'temperature_avg': 31.849999999999998, 'pm10_avg': 3.6166666666666663, 'pm25_avg': 3.216666666666667}, 'timestamp': '2026-07-25 14:21:08'}",False,
"{'school': {'name': 'SZKOŁA PODSTAWOWA IM. JANINY JÓŹWIAK W CIEŚLACH', 'street': None, 'post_code': '09-470', 'city': 'CIEŚLE', 'longitude': '19.993422', 'latitude': '52.4660378'}, 'data': {'humidity_avg': 46.050000000000004, 'pressure_avg': 998.1999999999999, 'temperature_avg': 25.433333333333334, 'pm10_avg': 3.733333333333333, 'pm25_avg': 3.258333333333333}, 'timestamp': '2026-07-25 14:21:08'}",False,
"{'school': {'name': 'SZKOŁA PODSTAWOWA IM. ŚW. MAKSYMILIANA MARII KOLBEGO W ZALASOWEJ', 'street': 'UL. KARPACKA', 'post_code': '33-159', 'city': 'ZALASOWA', 'longitude': '21.1412067', 'latitude': '49.9305584'}, 'data': {'humidity_avg': 34.71818181818182, 'pressure_avg': 970.0636363636364, 'temperature_avg': 26.736363636363638, 'pm10_avg': 3.036363636363636, 'pm25_avg': 2.5727272727272723}, 'timestamp': '2026-07-25 14:21:08'}",False,
"{'school': {'name': 'SZKOŁA PODSTAWOWA IM. JADWIGI ŚLĄSKIEJ W SOKOŁOWCU', 'street': None, 'post_code': '59-540', 'city': 'SOKOŁOWIEC', 'longitude': '15.827769997613172', 'latitude': '51.036228405040355 '}, 'data': {'humidity_avg': 35.230000000000004, 'pressure_avg': 974.2, 'temperature_avg': 25.55, 'pm10_avg': 3.45, 'pm25_avg': 3.19}, 'timestamp': '2026-07-25 14:21:08'}",False,
"{'school': {'name': 'SZKOŁA PODSTAWOWA IM. LUDWIKI WAWRZYŃSKIEJ W WITOSZOWIE DOLNYM', 'street': None, 'post_code': '58-100', 'city': 'WITOSZÓW DOLNY', 'longitude': '16.4285465', 'latitude': '50.8241697'}, 'data': {'humidity_avg': 36.3625, 'pressure_avg': 977.075, 'temperature_avg': 25.95, 'pm10_avg': 4.2125, 'pm25_avg': 3.575}, 'timestamp': '2026-07-25 14:21:08'}",False,
"{'school': {'name': 'SZKOŁA PODSTAWOWA IM. KARDYNAŁA STEFANA WYSZYŃSKIEGO W LUBCZYNIE', 'street': 'UL. LIPOWA', 'post_code': '72-105', 'city': 'LUBCZYNA', 'longitude': '14.70558', 'latitude': '53.50303'}, 'data': {'humidity_avg': 46.22727272727273, 'pressure_avg': 1006.5272727272727, 'temperature_avg': 28.036363636363635, 'pm10_avg': 3.036363636363636, 'pm25_avg': 3.036363636363636}, 'timestamp': '2026-07-25 14:21:08'}",False,
"{'school': {'name': 'SZKOŁA PODSTAWOWA W LIPIE', 'street': None, 'post_code': '59-420', 'city': 'LIPA', 'longitude': '16.018181', 'latitude': '50.971763'}, 'data': {'humidity_avg': 31.166666666666668, 'pressure_avg': 966.2833333333333, 'temperature_avg': 27.849999999999998, 'pm10_avg': 3.375, 'pm25_avg': 2.941666666666666}, 'timestamp': '2026-07-25 14:21:08'}",False,
"{'school': {'name': 'VIII LICEUM OGÓLNOKSZTAŁCĄCE SAMORZĄDOWE W CZĘSTOCHOWIE', 'street': 'UL. STANISŁAWA WORCELLA', 'post_code': '42-202', 'city': 'CZĘSTOCHOWA', 'longitude': '19.12187934232724', 'latitude': '50.82164897849296'}, 'data': {'humidity_avg': 42.67272727272727, 'pressure_avg': 980.3727272727273, 'temperature_avg': 24.945454545454538, 'pm10_avg': 17.4, 'pm25_avg': 14.0}, 'timestamp': '2026-07-25 14:21:08'}",False,
"{'school': {'name': 'PUBLICZNA SZKOŁA PODSTAWOWA W RZECZNIOWIE', 'street': None, 'post_code': '27-353', 'city': 'RZECZNIÓW', 'longitude': '21.4279614', 'latitude': '51.1269697'}, 'data': {'humidity_avg': 37.516666666666666, 'pressure_avg': 987.4166666666666, 'temperature_avg': 26.133333333333336, 'pm10_avg': 2.074999999999999, 'pm25_avg': 1.858333333333333}, 'timestamp': '2026-07-25 14:21:08'}",False,
"{'school': {'name': 'II LICEUM OGÓLNOKSZTAŁCĄCE IM. ROMUALDA TRAUGUTTA W CZĘSTOCHOWIE', 'street': 'UL. JANA KILIŃSKIEGO', 'post_code': '42-218', 'city': 'CZĘSTOCHOWA', 'longitude': '19.1146093', 'latitude': '50.8186865'}, 'data': {'humidity_avg': 42.300000000000004, 'pressure_avg': 980.6333333333333, 'temperature_avg': 24.833333333333332, 'pm10_avg': 3.541666666666666, 'pm25_avg': 2.8666666666666663}, 'timestamp': '2026-07-25 14:21:08'}",False,
"{'school': {'name': 'SZKOŁA PODSTAWOWA IM. TADEUSZA KOŚCIUSZKI W STRÓŻACH', 'street': None, 'post_code': '32-840', 'city': 'STRÓŻE', 'longitude': '20.768770011047934', 'latitude': '49.83779635014003 '}, 'data': {'humidity_avg': 46.85454545454545, 'pressure_avg': 983.4090909090909, 'temperature_avg': 22.78181818181818, 'pm10_avg': 3.818181818181818, 'pm25_avg': 3.509090909090909}, 'timestamp': '2026-07-25 14:21:08'}",False,
"{'school': {'name': 'I LICEUM OGÓLNOKSZTAŁCĄCE IM.GEN. JÓZEFA BEMA W OSTROŁĘCE', 'street': 'UL. ROMUALDA TRAUGUTTA', 'post_code': '07-410', 'city': 'OSTROŁĘKA', 'longitude': '21.57398661', 'latitude': '53.08885042'}, 'data': {'humidity_avg': 46.71666666666667, 'pressure_avg': 996.9333333333334, 'temperature_avg': 25.474999999999998, 'pm10_avg': 3.016666666666667, 'pm25_avg': 2.725}, 'timestamp': '2026-07-25 14:21:08'}",False,
"{'school': {'name': 'SZKOŁA PODSTAWOWA KOLUMBUS Z ODDZIAŁAMI DWUJĘZYCZNYMI W BŁONIU', 'street': 'UL. TRAUGUTTA', 'post_code': '05-870', 'city': 'BŁONIE', 'longitude': '20.6132282', 'latitude': '52.1959064'}, 'data': {'humidity_avg': 44.224999999999994, 'pressure_avg': 998.475, 'temperature_avg': 25.075000000000003, 'pm10_avg': 4.1, 'pm25_avg': 3.675}, 'timestamp': '2026-07-25 14:21:08'}",False,
"{'school': {'name': 'ZESPÓŁ PLACÓWEK OŚWIATOWYCH - PUBLICZNA SZKOŁA PODSTAWOWA IM. ODDZIAŁU PARTYZANCKIEGO AK ""JĘDRUSIE"" I PRZEDSZKOLE W SMERDYNIE', 'street': None, 'post_code': '28-200', 'city': 'SMERDYNA 100 LOK. -', 'longitude': '21.31890673', 'latitude': '50.59216633'}, 'data': {'humidity_avg': 38.6, 'pressure_avg': 982.8499999999999, 'temperature_avg': 26.133333333333336, 'pm10_avg': 1.7833333333333332, 'pm25_avg': 1.566666666666666}, 'timestamp': '2026-07-25 14:21:08'}",False,
"{'school': {'name': 'SZKOŁA PODSTAWOWA IM. POLSKICH OLIMPIJCZYKÓW W KWAKOWIE', 'street': 'UL. SŁUPSKA', 'post_code': '76-251', 'city': 'KWAKOWO', 'longitude': '17.02297907', 'latitude': '54.3656514'}, 'data': {'humidity_avg': 63.05833333333334, 'pressure_avg': 1002.125, 'temperature_avg': 22.733333333333334, 'pm10_avg': 5.283333333333333, 'pm25_avg': 4.916666666666667}, 'timestamp': '2026-07-25 14:21:08'}",False,
"{'school': {'name': 'SZKOŁA PODSTAWOWA NR 38 W GLIWICACH', 'street': 'UL. PARTYZANTÓW', 'post_code': '44-113', 'city': 'GLIWICE', 'longitude': '18.63271084', 'latitude': '50.33941742'}, 'data': {'humidity_avg': 43.208333333333336, 'pressure_avg': 983.6750000000001, 'temperature_avg': 23.866666666666664, 'pm10_avg': 3.566666666666666, 'pm25_avg': 2.875}, 'timestamp': '2026-07-25 14:21:08'}",False,
"{'school': {'name': 'SZKOŁA PODSTAWOWA W STANIEWICACH', 'street': None, 'post_code': '76-113', 'city': 'STANIEWICE', 'longitude': '16.73267224', 'latitude': '54.43475515'}, 'data': {'humidity_avg': 57.46363636363637, 'pressure_avg': 1003.3545454545455, 'temperature_avg': 23.718181818181815, 'pm10_avg': 5.681818181818182, 'pm25_avg': 5.163636363636363}, 'timestamp': '2026-07-25 14:21:08'}",False,
"{'school': {'name': 'SZKOŁA PODSTAWOWA IM. ŚW. FRANCISZKA Z ASYŻU W LUDWIKOWICACH KŁODZKICH', 'street': 'UL. WIEJSKA', 'post_code': '57-450', 'city': 'LUDWIKOWICE KŁODZKIE', 'longitude': '16.478333', 'latitude': '50.617778'}, 'data': {'humidity_avg': 33.5, 'pressure_avg': 958.78, 'temperature_avg': 28.82, 'pm10_avg': 2.36, 'pm25_avg': 2.08}, 'timestamp': '2026-07-25 14:21:08'}",False,
"{'school': {'name': 'SZKOŁA PODSTAWOWA NR 3 IM. MARII KONOPNICKIEJ W TARNOWIE', 'street': 'UL. MIKOŁAJA KOPERNIKA', 'post_code': '33-100', 'city': 'TARNÓW', 'longitude': '20.98352173', 'latitude': '50.01326099'}, 'data': {'humidity_avg': 30.872727272727275, 'pressure_avg': 987.0818181818181, 'temperature_avg': 28.545454545454547, 'pm10_avg': 3.709090909090909, 'pm25_avg': 3.345454545454545}, 'timestamp': '2026-07-25 14:21:08'}",False,
"{'school': {'name': 'SZKOŁA PODSTAWOWA IM. OSADNIKÓW WOJSKOWYCH W TRÓJCY', 'street': None, 'post_code': '59-900', 'city': 'TRÓJCA', 'longitude': '15.10845647', 'latitude': '51.15999072'}, 'data': {'humidity_avg': 27.683333333333334, 'pressure_avg': 982.8000000000001, 'temperature_avg': 29.96666666666667, 'pm10_avg': 2.791666666666666, 'pm25_avg': 2.791666666666666}, 'timestamp': '2026-07-25 14:21:08'}",False,
"{'school': {'name': 'SZKOŁA PODSTAWOWA IM. PIOTRA BARYLAKA W KSIĄŻNICACH WIELKICH', 'street': None, 'post_code': '32-130', 'city': 'KSIĄŻNICE WIELKIE', 'longitude': '20.500547', 'latitude': '50.1699187'}, 'data': {'humidity_avg': 35.11818181818182, 'pressure_avg': 988.5181818181819, 'temperature_avg': 25.845454545454547, 'pm10_avg': 2.254545454545454, 'pm25_avg': 1.963636363636363}, 'timestamp': '2026-07-25 14:21:08'}",False,
"{'school': {'name': 'TECHNIKUM IM. PROF. TADEUSZA KONOPIŃSKIEGO W CENTRUM KSZTAŁCENIA ZAWODOWEGO I USTAWICZNEGO W LUDOWIE POLSKIM', 'street': None, 'post_code': '57-100', 'city': 'LUDÓW POLSKI', 'longitude': '17.06087', 'latitude': '50.830149'}, 'data': {'humidity_avg': 28.616666666666664, 'pressure_avg': 990.6416666666668, 'temperature_avg': 28.383333333333336, 'pm10_avg': 2.816666666666666, 'pm25_avg': 2.416666666666666}, 'timestamp': '2026-07-25 14:21:08'}",False,
"{'school': {'name': 'PUBLICZNA SZKOŁA PODSTAWOWA IM. ALEKSANDRA KAMIŃSKIEGO W LUBRAŃCU', 'street': 'UL. NOWA', 'post_code': '87-890', 'city': 'LUBRANIEC', 'longitude': '18.8315208', 'latitude': '52.5413225'}, 'data': {'humidity_avg': 42.375, 'pressure_avg': 997.6416666666668, 'temperature_avg': 25.5, 'pm10_avg': 4.266666666666667, 'pm25_avg': 3.658333333333333}, 'timestamp': '2026-07-25 14:21:08'}",False,
"{'school': {'name': 'LXXVIII LICEUM OGÓLNOKSZTAŁCĄCE IM. MARII PAWLIKOWSKIEJ-JASNORZEWSKIEJ W WARSZAWIE', 'street': 'UL. ANIELI KRZYWOŃ', 'post_code': '01-391', 'city': 'WARSZAWA', 'longitude': '20.91798648', 'latitude': '52.22885819'}, 'data': {'humidity_avg': 41.09090909090909, 'pressure_avg': 995.7545454545453, 'temperature_avg': 27.1, 'pm10_avg': 4.527272727272727, 'pm25_avg': 3.936363636363637}, 'timestamp': '2026-07-25 14:21:08'}",False,
"{'school': {'name': 'SZKOŁA PODSTAWOWA NR 1 SPECJALNA W DĘBLINIE', 'street': 'UL. NIEPODLEGŁOŚCI', 'post_code': '08-530', 'city': 'DĘBLIN', 'longitude': '21.86936804', 'latitude': '51.5632153'}, 'data': {'humidity_avg': 40.9, 'pressure_avg': 996.6666666666666, 'temperature_avg': 24.65833333333333, 'pm10_avg': 1.9083333333333332, 'pm25_avg': 1.5750000000000002}, 'timestamp': '2026-07-25 14:21:08'}",False,
"{'school': {'name': 'SZKOŁA PODSTAWOWA IM. LUDWIKA KUPCZYKA W SEREDZICACH', 'street': None, 'post_code': '27-100', 'city': 'SEREDZICE', 'longitude': '21.18481407', 'latitude': '51.15171865'}, 'data': {'humidity_avg': 39.59090909090909, 'pressure_avg': 987.3909090909091, 'temperature_avg': 24.554545454545462, 'pm10_avg': 2.590909090909091, 'pm25_avg': 2.272727272727273}, 'timestamp': '2026-07-25 14:21:08'}",False,
"{'school': {'name': 'BRANŻOWA SZKOŁA I STOPNIA IM. STANISŁAWA STASZICA W NOWEJ RUDZIE', 'street': 'UL. STARA DROGA', 'post_code': '57-401', 'city': 'NOWA RUDA', 'longitude': '16.51301915', 'latitude': '50.59158766'}, 'data': {'humidity_avg': 33.333333333333336, 'pressure_avg': 964.311111111111, 'temperature_avg': 26.58888888888889, 'pm10_avg': 2.433333333333333, 'pm25_avg': 2.166666666666666}, 'timestamp': '2026-07-25 14:21:08'}",False,
"{'school': {'name': 'SZKOŁA PODSTAWOWA IM. EDMUNDA BOJANOWSKIEGO W KUNOWIE', 'street': 'UL. SZKOLNA', 'post_code': '63-800', 'city': 'KUNOWO', 'longitude': '17.0138959', 'latitude': '51.9366947'}, 'data': {'humidity_avg': 32.69166666666667, 'pressure_avg': 997.7166666666667, 'temperature_avg': 28.75, 'pm10_avg': 6.149999999999999, 'pm25_avg': 6.149999999999999}, 'timestamp': '2026-07-25 14:21:08'}",False,
"{'school': {'name': 'SZKOŁA PODSTAWOWA NR 1 IM. ADAMA BORYSA W WITKOWIE', 'street': 'UL. POZNAŃSKA', 'post_code': '62-230', 'city': 'WITKOWO', 'longitude': '17.774261982334572', 'latitude': '52.436646831271645 '}, 'data': {'humidity_avg': 39.4, 'pressure_avg': 994.4200000000001, 'temperature_avg': 25.29, 'pm10_avg': 6.32, 'pm25_avg': 5.479999999999999}, 'timestamp': '2026-07-25 14:21:08'}",False,
"{'school': {'name': 'SZKOŁA PODSTAWOWA NR 3 IM. OJCA ŚWIĘTEGO JANA PAWŁA II W SPYTKOWICACH', 'street': None, 'post_code': '34-745', 'city': 'SPYTKOWICE', 'longitude': '19.78210166', 'latitude': '49.56854069'}, 'data': {'humidity_avg': 39.55384615384616, 'pressure_avg': 942.7538461538461, 'temperature_avg': 23.53076923076923, 'pm10_avg': 2.1, 'pm25_avg': 1.8384615384615381}, 'timestamp': '2026-07-25 14:21:08'}",False,
"{'school': {'name': 'SZKOŁA PODSTAWOWA Z ODDZIAŁAMI INTEGRACYJNYMI W STARYM JANOWIE', 'street': None, 'post_code': '58-140', 'city': 'STARY JAWORÓW', 'longitude': '16.42954530', 'latitude': '50.89056880'}, 'data': {'humidity_avg': 29.983333333333334, 'pressure_avg': 978.975, 'temperature_avg': 27.983333333333334, 'pm10_avg': 3.1, 'pm25_avg': 2.666666666666666}, 'timestamp': '2026-07-25 14:21:08'}",False,
"{'school': {'name': 'ZESPÓŁ PLACÓWEK SZKOLNO-WYCHOWAWCZO-OPIEKUŃCZYCH W NOWYM TARGU', 'street': 'UL. JANA PAWŁA II', 'post_code': '34-400', 'city': 'NOWY TARG', 'longitude': '20.050842626471432\r\n', 'latitude': '49.478407310213505\r\n'}, 'data': {'humidity_avg': 42.59166666666667, 'pressure_avg': 942.6833333333334, 'temperature_avg': 22.166666666666668, 'pm10_avg': 2.35, 'pm25_avg': 2.1}, 'timestamp': '2026-07-25 14:21:08'}",False,
"{'school': {'name': 'ZESPÓŁ SZKÓŁ OGÓLNOKSZTAŁCĄCYCH I ZAWODOWYCH IM. MJRA H. SUCHARSKIEGO W BOLESŁAWCU', 'street': 'Komuny Paryskiej', 'post_code': '59-700', 'city': 'BOLESŁAWIEC', 'longitude': '15.563553', 'latitude': '51.259736'}, 'data': {'humidity_avg': None, 'pressure_avg': None, 'temperature_avg': None, 'pm10_avg': 15.866666666666665, 'pm25_avg': 8.733333333333333}, 'timestamp': '2026-07-25 14:21:08'}",False,
"{'school': {'name': 'TECHNIKUM INFORMATYCZNE PRZY NOWORUDZKIEJ SZKOLE TECHNICZNEJ W NOWEJ RUDZIE', 'street': 'Stara Droga', 'post_code': '57-401', 'city': 'NOWA RUDA', 'longitude': '16.51259', 'latitude': '50.59164898'}, 'data': {'humidity_avg': None, 'pressure_avg': None, 'temperature_avg': None, 'pm10_avg': 29.399999999999995, 'pm25_avg': 8.066666666666668}, 'timestamp': '2026-07-25 14:21:08'}",False,
"{'school': {'name': 'SZKOŁA PODSTAWOWA IM. KARDYNAŁA STEFANA WYSZYŃSKIEGO W STOBNIE', 'street': '', 'post_code': '62-872', 'city': 'STOBNO SIÓDME', 'longitude': '18.147820841825457', 'latitude': '51.67631251814208 '}, 'data': {'humidity_avg': 45.654545454545456, 'pressure_avg': 995.7090909090908, 'temperature_avg': 24.536363636363635, 'pm10_avg': 5.218181818181818, 'pm25_avg': 4.818181818181818}, 'timestamp': '2026-07-25 14:21:08'}",False,
"{'school': {'name': 'I LICEUM OGÓLNOKSZTAŁCĄCE IM. PROF. ZBIGNIEWA RELIGI W ZABRZU', 'street': 'UL. WOLNOŚCI', 'post_code': '41-800', 'city': 'ZABRZE', 'longitude': '18.79133707116482', 'latitude': '50.302459290066544'}, 'data': {'humidity_avg': 37.4, 'pressure_avg': 979.9727272727273, 'temperature_avg': 26.436363636363637, 'pm10_avg': 3.081818181818181, 'pm25_avg': 2.509090909090909}, 'timestamp': '2026-07-25 14:21:08'}",False,
"{'school': {'name': 'SZKOŁA PODSTAWOWA NR 3 IM. KRZYSZTOFA KAMILA BACZYŃSKIEGO W RACIBORZU', 'street': 'UL. KAPITANA SERAFINA MYŚLIWCA', 'post_code': '47-400', 'city': 'RACIBÓRZ', 'longitude': '18.26407573', 'latitude': '50.07454437'}, 'data': {'humidity_avg': 48.372727272727275, 'pressure_avg': 988.0909090909091, 'temperature_avg': 24.863636363636363, 'pm10_avg': 6.818181818181818, 'pm25_avg': 6.354545454545455}, 'timestamp': '2026-07-25 14:21:08'}",False,
"{'school': {'name': 'SZKOŁA PODSTAWOWA IM SYBIRAKÓW W JERZMANKACH', 'street': '', 'post_code': '59-900', 'city': 'JERZMANKI', 'longitude': '15.06098458', 'latitude': '51.13624505'}, 'data': {'humidity_avg': 32.48571428571429, 'pressure_avg': 983.5428571428572, 'temperature_avg': 27.785714285714285, 'pm10_avg': 2.657142857142857, 'pm25_avg': 2.657142857142857}, 'timestamp': '2026-07-25 14:21:08'}",False,
"{'school': {'name': 'SZKOŁA PODSTAWOWA IM. JANA KOCHANOWSKIEGO W CHĘCINACH', 'street': 'KIELECKA', 'post_code': '26-260', 'city': 'CHĘCINY', 'longitude': '20.466774779539026', 'latitude': '50.80116921655686'}, 'data': {'humidity_avg': 28.427272727272726, 'pressure_avg': 979.6090909090909, 'temperature_avg': 29.3, 'pm10_avg': 2.590909090909091, 'pm25_avg': 2.199999999999999}, 'timestamp': '2026-07-25 14:21:08'}",False,
"{'school': {'name': 'LICEUM OGÓLNOKSZTAŁCĄCE W SZCZYTNIE', 'street': 'UL. JERZEGO LANCA', 'post_code': '12-100', 'city': 'SZCZYTNO', 'longitude': '21.00763106', 'latitude': '53.56301256'}, 'data': {'humidity_avg': 62.95, 'pressure_avg': 993.975, 'temperature_avg': 25.700000000000003, 'pm10_avg': 2.425, 'pm25_avg': 2.175}, 'timestamp': '2026-07-25 14:21:08'}",False,
"{'school': {'name': 'SZKOŁA PODSTAWOWA IM. M. KONOPNICKIEJ W STAREJ SOBÓTCE', 'street': '', 'post_code': '99-150', 'city': 'STARA SOBÓTKA', 'longitude': '19.03167003', 'latitude': '52.18487542'}, 'data': {'humidity_avg': 40.0, 'pressure_avg': 993.6818181818181, 'temperature_avg': 25.90909090909091, 'pm10_avg': 3.3, 'pm25_avg': 3.3}, 'timestamp': '2026-07-25 14:21:08'}",False,
"{'school': {'name': 'ZESPÓŁ SZKOLNO - PRZEDSZKOLNY IM. JANA PAWŁA II W GÓRKACH ŚLĄSKICH - SZKOŁA PODSTAWOWA', 'street': 'UL. OFIAR OŚWIĘCIMSKICH', 'post_code': '47-440', 'city': 'GÓRKI ŚLĄSKIE', 'longitude': '18.38847178', 'latitude': '50.14082465'}, 'data': {'humidity_avg': 38.13636363636363, 'pressure_avg': 1001.7090909090908, 'temperature_avg': 27.154545454545453, 'pm10_avg': 2.963636363636364, 'pm25_avg': 2.436363636363636}, 'timestamp': '2026-07-25 14:21:08'}",False,
"{'school': {'name': 'EKOLOGICZNA SZKOŁA PODSTAWOWA NR 7 IM. JULIANA TUWIMA W BIELAWIE', 'street': 'OS. OSIEDLE WŁÓKNIARZY', 'post_code': '58-260', 'city': 'BIELAWA', 'longitude': '16.619114371164812', 'latitude': '50.690333832287315'}, 'data': {'humidity_avg': 28.616666666666664, 'pressure_avg': 973.4833333333332, 'temperature_avg': 28.650000000000002, 'pm10_avg': 3.583333333333333, 'pm25_avg': 3.033333333333333}, 'timestamp': '2026-07-25 14:21:08'}",False,
"{'school': {'name': 'SZKOŁA PODSTAWOWA Z ODDZIAŁAMI INTEGRACYJNYMI IM. KORNELA MAKUSZYŃSKIEGO W BOŻKOWIE', 'street': '', 'post_code': '57-441', 'city': 'BOŻKÓW', 'longitude': '16.5775574', 'latitude': '50.51426595'}, 'data': {'humidity_avg': 36.59090909090909, 'pressure_avg': 970.3363636363637, 'temperature_avg': 27.9, 'pm10_avg': 3.5727272727272723, 'pm25_avg': 3.272727272727273}, 'timestamp': '2026-07-25 14:21:08'}",False,
"{'school': {'name': 'SZKOŁA PODSTAWOWA NR 4 IM. MARII KONOPNICKIEJ W SIERADZU', 'street': 'LEŚNIEWSKIEGO', 'post_code': '98-200', 'city': 'SIERADZ', 'longitude': '18.7355592274991', 'latitude': '51.5890109934242'}, 'data': {'humidity_avg': 37.97272727272727, 'pressure_avg': 993.9727272727273, 'temperature_avg': 28.463636363636365, 'pm10_avg': 4.136363636363637, 'pm25_avg': 3.445454545454545}, 'timestamp': '2026-07-25 14:21:08'}",False,
"{'school': {'name': 'SZKOŁA PODSTAWOWA NR 31 Z ODDZIAŁAMI INTEGRACYJNYMI IM. HENRYKA SIENKIEWICZA W KIELCACH', 'street': 'ul. Krzemionkowa', 'post_code': '25-750', 'city': 'KIELCE', 'longitude': '20.585992097604986', 'latitude': '50.86314770232769 '}, 'data': {'humidity_avg': 34.91818181818182, 'pressure_avg': 979.9636363636364, 'temperature_avg': 26.063636363636363, 'pm10_avg': 3.018181818181818, 'pm25_avg': 2.5}, 'timestamp': '2026-07-25 14:21:08'}",False,
"{'school': {'name': 'SZKOŁA PODSTAWOWA IM. JANUSZA KORCZAKA W ŚWIERZAWIE', 'street': 'UL. DWORCOWA', 'post_code': '59-540', 'city': 'ŚWIERZAWA', 'longitude': '15.88709825767037', 'latitude': '51.01898320441042'}, 'data': {'humidity_avg': 27.166666666666668, 'pressure_avg': 973.1750000000001, 'temperature_avg': 29.816666666666666, 'pm10_avg': 3.433333333333333, 'pm25_avg': 2.9666666666666672}, 'timestamp': '2026-07-25 14:21:08'}",False,
"{'school': {'name': 'SZKOŁA PODSTAWOWA IM. ODKRYWCÓW POLSKIEJ MIEDZI W CHOCIANOWIE', 'street': 'UL. WESOŁA', 'post_code': '59-140', 'city': 'CHOCIANÓW', 'longitude': '15.909826399999998', 'latitude': '51.41291795313292'}, 'data': {'humidity_avg': 31.39090909090909, 'pressure_avg': 992.1545454545455, 'temperature_avg': 27.572727272727274, 'pm10_avg': 2.509090909090909, 'pm25_avg': 2.509090909090909}, 'timestamp': '2026-07-25 14:21:08'}",False,
"{'school': {'name': 'PUBLICZNA SZKOŁA PODSTAWOWA IM. MARII KOWNACKIEJ W PŁOSKACH', 'street': '', 'post_code': '56-210', 'city': 'PŁOSKI', 'longitude': '16.69230886', 'latitude': '51.5269786'}, 'data': {'humidity_avg': 30.541666666666668, 'pressure_avg': 996.3166666666666, 'temperature_avg': 30.083333333333332, 'pm10_avg': 2.8, 'pm25_avg': 2.8}, 'timestamp': '2026-07-25 14:21:08'}",False,
"{'school': {'name': 'SAMORZĄDOWY ZESPÓŁ SZKÓŁ IM. MARII KONOPNICKIEJ W GORZOWIE', 'street': 'ul. Szkolna', 'post_code': '32-660', 'city': 'CHEŁMEK', 'longitude': '19.22562401', 'latitude': '50.07910829'}, 'data': {'humidity_avg': 42.300000000000004, 'pressure_avg': 985.3916666666668, 'temperature_avg': 27.950000000000003, 'pm10_avg': 1.916666666666666, 'pm25_avg': 1.625}, 'timestamp': '2026-07-25 14:21:08'}",False,
"{'school': {'name': 'SZKOŁA PODSTAWOWA IM. KARDYNAŁA STEFANA WYSZYŃSKIEGO W SZULBORZU WIELKIM', 'street': 'UL. SZARYCH SZEREGÓW', 'post_code': '07-324', 'city': 'SZULBORZE WIELKIE', 'longitude': '22.21318', 'latitude': '52.76146'}, 'data': {'humidity_avg': 46.040000000000006, 'pressure_avg': 994.5600000000001, 'temperature_avg': 26.21, 'pm10_avg': 3.2, 'pm25_avg': 2.8}, 'timestamp': '2026-07-25 14:21:08'}",False,
"{'school': {'name': 'SZKOŁA PODSTAWOWA NR 7 IM. ŚW. JANA PAWŁA II W SUWAŁKACH', 'street': 'UL. ROMUALDA MINKIEWICZA', 'post_code': '16-400', 'city': 'SUWAŁKI', 'longitude': '22.9350803', 'latitude': '54.12461641'}, 'data': {'humidity_avg': 51.4, 'pressure_avg': 987.5818181818181, 'temperature_avg': 22.736363636363635, 'pm10_avg': 1.709090909090909, 'pm25_avg': 1.709090909090909}, 'timestamp': '2026-07-25 14:21:08'}",False,
"{'school': {'name': 'SZKOŁA PODSTAWOWA IM. JANA MARKA W POGÓRZU', 'street': 'UL. ZAMEK', 'post_code': '43-430', 'city': 'POGÓRZE', 'longitude': '18.81904624', 'latitude': '49.8012116'}, 'data': {'humidity_avg': 37.55, 'pressure_avg': 975.45, 'temperature_avg': 28.9125, 'pm10_avg': 2.9375, 'pm25_avg': 2.375}, 'timestamp': '2026-07-25 14:21:08'}",False,
"{'school': {'name': 'SZKOŁA PODSTAWOWA IM. JANA PAWŁA II W ZESPOLE SZKOLNO-PRZEDSZKOLNYM W PIETRZYKOWICACH', 'street': 'UL. KOŚCIUSZKI', 'post_code': '34-326', 'city': 'PIETRZYKOWICE', 'longitude': '19.15915626', 'latitude': '49.70056214'}, 'data': {'humidity_avg': 29.345454545454547, 'pressure_avg': 969.3909090909091, 'temperature_avg': 29.763636363636362, 'pm10_avg': 1.7636363636363632, 'pm25_avg': 1.7636363636363632}, 'timestamp': '2026-07-25 14:21:08'}",False,
"{'school': {'name': 'TECHNIKUM NR 2 IM. KOMISJI EDUKACJI NARODOWEJ W WODZISŁAWIU ŚLĄSKIM', 'street': 'UL. SZKOLNA', 'post_code': '44-300', 'city': 'WODZISŁAW ŚLĄSKI', 'longitude': '18.45995308', 'latitude': '50.00487818'}, 'data': {'humidity_avg': 34.475, 'pressure_avg': 979.4, 'temperature_avg': 27.691666666666666, 'pm10_avg': 3.041666666666666, 'pm25_avg': 2.691666666666666}, 'timestamp': '2026-07-25 14:21:08'}",False,
"{'school': {'name': 'PUBLICZNA SZKOŁA PODSTAWOWA IM. KRÓLOWEJ JADWIGI W SŁAWNIE', 'street': '', 'post_code': '26-625', 'city': 'SŁAWNO', 'longitude': '21.02626351', 'latitude': '51.39080308'}, 'data': {'humidity_avg': 38.92727272727273, 'pressure_avg': 986.9, 'temperature_avg': 28.463636363636365, 'pm10_avg': 2.8636363636363633, 'pm25_avg': 2.372727272727273}, 'timestamp': '2026-07-25 14:21:08'}",False,
"{'school': {'name': 'SPOŁECZNA SZKOŁA PODSTAWOWA IM. JULIUSZA SŁOWACKIEGO W TORUNIU', 'street': 'UL. WŁADYSŁAWA DZIEWULSKIEGO', 'post_code': '87-100', 'city': 'TORUŃ', 'longitude': '18.676159300000002', 'latitude': '53.02777363684514'}, 'data': {'humidity_avg': 39.66923076923077, 'pressure_avg': 1000.6615384615385, 'temperature_avg': 24.93846153846154, 'pm10_avg': 4.292307692307692, 'pm25_avg': 4.292307692307692}, 'timestamp': '2026-07-25 14:21:08'}",False,
"{'school': {'name': 'I LICEUM OGÓLNOKSZTAŁCĄCE IM. STEFANA ŻEROMSKIEGO W OPOCZNIE', 'street': 'UL. ŻEROMSKIEGO', 'post_code': '26-300', 'city': 'OPOCZNO', 'longitude': '20.28510977', 'latitude': '51.3778952'}, 'data': {'humidity_avg': 43.627272727272725, 'pressure_avg': 990.2909090909092, 'temperature_avg': 26.19090909090909, 'pm10_avg': 5.5, 'pm25_avg': 4.827272727272727}, 'timestamp': '2026-07-25 14:21:08'}",False,
"{'school': {'name': 'SZKOŁA PODSTAWOWA IM. MARII KONOPNICKIEJ W KRZYKOSACH', 'street': 'UL. GŁÓWNA', 'post_code': '63-024', 'city': 'KRZYKOSY', 'longitude': '17.37239934', 'latitude': '52.11001162'}, 'data': {'humidity_avg': 39.309090909090905, 'pressure_avg': 999.3363636363637, 'temperature_avg': 25.172727272727272, 'pm10_avg': 3.754545454545454, 'pm25_avg': 3.754545454545454}, 'timestamp': '2026-07-25 14:21:08'}",False,
"{'school': {'name': 'SZKOŁA PODSTAWOWA Z ODDZIAŁAMI INTEGRACYJNYMI IM. JANA PAWŁA II W GOŚCIESZYNIE', 'street': '', 'post_code': '88-420', 'city': 'GOŚCIESZYN', 'longitude': '17.72638887', 'latitude': '52.65758768'}, 'data': {'humidity_avg': 38.583333333333336, 'pressure_avg': 992.6916666666666, 'temperature_avg': 25.375, 'pm10_avg': 4.841666666666667, 'pm25_avg': 4.841666666666667}, 'timestamp': '2026-07-25 14:21:08'}",False,
"{'school': {'name': 'SZKOŁA PODSTAWOWA IM. TADEUSZA KOŚCIUSZKI W KWILCZU', 'street': 'ul. Kardynała Stefana Wyszyńskiego', 'post_code': '64-420', 'city': 'KWILCZ', 'longitude': '16.084433353503734', 'latitude': '52.55226145071493 '}, 'data': {'humidity_avg': 36.199999999999996, 'pressure_avg': 995.6999999999999, 'temperature_avg': 27.241666666666664, 'pm10_avg': 4.183333333333333, 'pm25_avg': 4.183333333333333}, 'timestamp': '2026-07-25 14:21:08'}",False,
"{'school': {'name': 'SZKOŁA PODSTAWOWA IM. JANUSZA KORCZAKA W GOSTOMI', 'street': '', 'post_code': '78-600', 'city': 'GOSTOMIA', 'longitude': '16.42614537', 'latitude': '53.18950826'}, 'data': {'humidity_avg': 40.06666666666667, 'pressure_avg': 989.6083333333332, 'temperature_avg': 25.458333333333332, 'pm10_avg': 3.316666666666666, 'pm25_avg': 3.316666666666666}, 'timestamp': '2026-07-25 14:21:08'}",False,
"{'school': {'name': 'NIEPUBLICZNA SZKOŁA PRZYSPOSABIAJĄCA DO PRACY W NOWIELINIE', 'street': '', 'post_code': '74-320', 'city': 'NOWIELIN', 'longitude': '14.87625648', 'latitude': '53.10548122'}, 'data': {'humidity_avg': 39.345454545454544, 'pressure_avg': 998.5818181818181, 'temperature_avg': 25.536363636363635, 'pm10_avg': 5.081818181818182, 'pm25_avg': 4.290909090909091}, 'timestamp': '2026-07-25 14:21:08'}",False,
"{'school': {'name': 'ZESPÓŁ SZKÓŁ OGÓLNOKSZTAŁCĄCYCH NR 14 W ZABRZU', 'street': 'UL. KS. DOKTORA ANTONIEGO KORCZOKA', 'post_code': '41-840', 'city': 'ZABRZE', 'longitude': '18.83904135', 'latitude': '50.30036453'}, 'data': {'humidity_avg': 38.87777777777777, 'pressure_avg': 976.7555555555555, 'temperature_avg': 25.88888888888889, 'pm10_avg': 2.688888888888888, 'pm25_avg': 2.233333333333333}, 'timestamp': '2026-07-25 14:21:08'}",False,
"{'school': {'name': 'SZKOŁA PODSTAWOWA IM. TADEUSZA KOŚCIUSZKI W ROŻNOWICACH', 'street': '', 'post_code': '38-323', 'city': 'ROŻNOWICE', 'longitude': '21.16105055', 'latitude': '49.75986859'}, 'data': {'humidity_avg': 32.275, 'pressure_avg': 976.5666666666666, 'temperature_avg': 27.96666666666667, 'pm10_avg': 7.95, 'pm25_avg': 7.016666666666667}, 'timestamp': '2026-07-25 14:21:08'}",False,
"{'school': {'name': 'SZKOŁA PODSTAWOWA IM. ADAMA MICKIEWICZA W SOKOŁACH', 'street': 'UL. KOŚCIELNA', 'post_code': '18-218', 'city': 'SOKOŁY', 'longitude': '22.69770204', 'latitude': '52.99167725'}, 'data': {'humidity_avg': 47.349999999999994, 'pressure_avg': 990.95, 'temperature_avg': 26.25, 'pm10_avg': 2.95, 'pm25_avg': 2.4}, 'timestamp': '2026-07-25 14:21:08'}",False,
"{'school': {'name': 'SZKOŁA PODSTAWOWA IM. BOHATERÓW TAJNEGO NAUCZANIA W DZIEKANOWICACH', 'street': '', 'post_code': '32-410', 'city': 'DZIEKANOWICE', 'longitude': '20.09609736', 'latitude': '49.90728886'}, 'data': {'humidity_avg': 43.57272727272727, 'pressure_avg': 974.0636363636364, 'temperature_avg': 23.463636363636365, 'pm10_avg': 2.809090909090909, 'pm25_avg': 2.681818181818181}, 'timestamp': '2026-07-25 14:21:08'}",False,
"{'school': {'name': 'ZESPÓŁ SZKÓŁ W GRÓDKU NAD DUNAJCEM', 'street': 'Gródek nad Dunajcem', 'post_code': '33-318', 'city': 'GRÓDEK NAD DUNAJCEM', 'longitude': '20.73281971', 'latitude': '49.74729100'}, 'data': {'humidity_avg': 40.28181818181818, 'pressure_avg': 979.0363636363636, 'temperature_avg': 23.863636363636363, 'pm10_avg': 2.318181818181818, 'pm25_avg': 2.318181818181818}, 'timestamp': '2026-07-25 14:21:08'}",False,
"{'school': {'name': 'SZKOŁA PODSTAWOWA IM. JANUSZA KUSOCIŃSKIEGO W DALESZYNIE', 'street': 'Daleszyn', 'post_code': '63-800', 'city': 'DALESZYN', 'longitude': '16.97119494', 'latitude': '51.91850934'}, 'data': {'humidity_avg': 34.518181818181816, 'pressure_avg': 995.7181818181817, 'temperature_avg': 27.763636363636362, 'pm10_avg': 4.563636363636363, 'pm25_avg': 3.972727272727272}, 'timestamp': '2026-07-25 14:21:08'}",False,
"{'school': {'name': 'SZKOŁA PODSTAWOWA IM. HENRYKA SIENKIEWICZA W DĄBIU W ZESPOLE SZKOLNO - PRZEDSZKOLNYM W DĄBIU', 'street': 'ul. Strażacka', 'post_code': '66-615', 'city': 'DĄBIE', 'longitude': '15.14514209', 'latitude': '52.0078805'}, 'data': {'humidity_avg': 32.372727272727275, 'pressure_avg': 999.0727272727272, 'temperature_avg': 29.20909090909091, 'pm10_avg': 3.245454545454545, 'pm25_avg': 2.927272727272727}, 'timestamp': '2026-07-25 14:21:08'}",False,
"{'school': {'name': 'NIEPUBLICZNA SZKOŁA PODSTAWOWA IM. JANUSZA KORCZAKA W SZYDŁÓWCE', 'street': '', 'post_code': '08-207', 'city': 'SZYDŁÓWKA', 'longitude': '22.62314895', 'latitude': '52.13664373'}, 'data': {'humidity_avg': 54.46, 'pressure_avg': 990.43, 'temperature_avg': 23.509999999999998, 'pm10_avg': 2.23, 'pm25_avg': 1.8900000000000001}, 'timestamp': '2026-07-25 14:21:08'}",False,
"{'school': {'name': 'SZKOŁA PODSTAWOWA NR 1 IM. STANISŁAWA STASZICA W CHODZIEŻY', 'street': 'ul. Stanisława Staszica', 'post_code': '64-800', 'city': 'CHODZIEŻ', 'longitude': '16.92059412', 'latitude': '52.99112838'}, 'data': {'humidity_avg': 42.127272727272725, 'pressure_avg': 999.5636363636364, 'temperature_avg': 24.263636363636362, 'pm10_avg': 5.063636363636363, 'pm25_avg': 5.063636363636363}, 'timestamp': '2026-07-25 14:21:08'}",False,
"{'school': {'name': 'II LICEUM OGÓLNOKSZTAŁCĄCE W PISZU', 'street': 'ul. Młodzieżowa', 'post_code': '12-200', 'city': 'PISZ', 'longitude': '21.81385222', 'latitude': '53.62587521'}, 'data': {'humidity_avg': 53.14545454545455, 'pressure_avg': 996.3181818181819, 'temperature_avg': 23.354545454545452, 'pm10_avg': 3.309090909090909, 'pm25_avg': 3.027272727272727}, 'timestamp': '2026-07-25 14:21:08'}",False,
"{'school': {'name': 'SZKOŁA PODSTAWOWA 14 IM. MARII KONOPNICKIEJ W OLSZTYNIE', 'street': 'ul. Marii Konopnickiej', 'post_code': '10-168', 'city': 'OLSZTYN', 'longitude': '20.46933458', 'latitude': '53.77759119'}, 'data': {'humidity_avg': 55.4, 'pressure_avg': 996.3333333333334, 'temperature_avg': 22.425, 'pm10_avg': 6.216666666666666, 'pm25_avg': 5.791666666666667}, 'timestamp': '2026-07-25 14:21:08'}",False,
"{'school': {'name': 'XXIII LICEUM OGÓLNOKSZTAŁCĄCE IM. KS. PROF. JÓZEFA TISCHNERA', 'street': 'AL. MARSZ. JÓZEFA PIŁSUDSKIEGO', 'post_code': '92-301', 'city': 'ŁÓDŹ', 'longitude': '19.50952146', 'latitude': '51.76322604'}, 'data': {'humidity_avg': 41.9, 'pressure_avg': 983.49, 'temperature_avg': 24.380000000000003, 'pm10_avg': 3.36, 'pm25_avg': 3.35}, 'timestamp': '2026-07-25 14:21:08'}",False,
"{'school': {'name': 'SZKOŁAPODSTAWOWA W LNIŚNIE', 'street': '', 'post_code': '96-126', 'city': 'LNISNO', 'longitude': '20.08905951', 'latitude': '51.86229404'}, 'data': {'humidity_avg': 40.32727272727273, 'pressure_avg': 991.1727272727272, 'temperature_avg': 27.59090909090909, 'pm10_avg': 3.545454545454545, 'pm25_avg': 3.009090909090909}, 'timestamp': '2026-07-25 14:21:08'}",False,
"{'school': {'name': 'SZKOŁA PODSTAWOWA IM. JÓZEFA GORLACHA W RUDZIE', 'street': '', 'post_code': '39-310', 'city': 'RUDA', 'longitude': '21.34772564', 'latitude': '50.20129096'}, 'data': {'humidity_avg': 38.353846153846156, 'pressure_avg': 988.3076923076923, 'temperature_avg': 25.515384615384615, 'pm10_avg': 2.492307692307692, 'pm25_avg': 2.161538461538462}, 'timestamp': '2026-07-25 14:21:08'}",False,
"{'school': {'name': 'SZKOŁA PODSTAWOWA IM. POWSTAŃCÓW WIELKOPOLSKICH W MIAŁACH', 'street': 'UL. POWSTAŃCÓW WIELKOPOLSKICH', 'post_code': '64-730', 'city': 'MIAŁY', 'longitude': '16.17018436', 'latitude': '52.80629113'}, 'data': {'humidity_avg': 39.88333333333333, 'pressure_avg': 1001.3166666666666, 'temperature_avg': 25.150000000000002, 'pm10_avg': 4.075, 'pm25_avg': 4.075}, 'timestamp': '2026-07-25 14:21:08'}",False,
"{'school': {'name': 'II LICEUM OGÓLNOKSZTAŁCĄCE IM. TADEUSZA STANIEWSKIEGO W SWARZĘDZU', 'street': 'UL. PODGÓRNA', 'post_code': '62-020', 'city': 'SWARZĘDZ', 'longitude': '17.073424184659224', 'latitude': '52.41061520852974'}, 'data': {'humidity_avg': 36.4, 'pressure_avg': 997.1545454545455, 'temperature_avg': 27.08181818181818, 'pm10_avg': 3.963636363636364, 'pm25_avg': 3.963636363636364}, 'timestamp': '2026-07-25 14:21:08'}",False,
"{'school': {'name': 'SZKOŁA PODSTAWOWA IM. JANA PAWŁA II W ŻYDOWIE', 'street': 'ul. Tadeusza Kościuszki', 'post_code': '62-241', 'city': 'ŻYDOWO', 'longitude': '17.58411609', 'latitude': '52.45371137'}, 'data': {'humidity_avg': 38.40909090909091, 'pressure_avg': 996.2545454545453, 'temperature_avg': 28.663636363636364, 'pm10_avg': 3.727272727272727, 'pm25_avg': 3.727272727272727}, 'timestamp': '2026-07-25 14:21:08'}",False,
"{'school': {'name': 'SZKOŁA PODSTAWOWA IM. PODRÓŻNIKÓW I ODKRYWCÓW W KACZOROWIE', 'street': 'pl. Pollaka', 'post_code': '59-420', 'city': 'KACZORÓW', 'longitude': '15.9569773', 'latitude': '50.90923949'}, 'data': {'humidity_avg': 40.175000000000004, 'pressure_avg': 960.4166666666666, 'temperature_avg': 24.433333333333334, 'pm10_avg': 2.116666666666666, 'pm25_avg': 1.8}, 'timestamp': '2026-07-25 14:21:08'}",False,
"{'school': {'name': 'SZKOŁA PODSTAWOWA W ZESPOLE SZKOLNO-PRZEDSZKOLNYM W NOWYM ALEKSANDROWIE', 'street': 'ul. Pogodna', 'post_code': '16-002', 'city': 'NOWE ALEKSANDROWO', 'longitude': '23.06659155', 'latitude': '53.19379559'}, 'data': {'humidity_avg': 46.17272727272727, 'pressure_avg': 993.9090909090909, 'temperature_avg': 25.445454545454538, 'pm10_avg': 2.481818181818182, 'pm25_avg': 2.172727272727273}, 'timestamp': '2026-07-25 14:21:08'}",False,
"{'school': {'name': 'SZKOŁA PODSTAWOWA IM JANUSZA KORCZAKA W MOKREJ LEWEJ', 'street': '', 'post_code': '96-100', 'city': 'MOKRA LEWA', 'longitude': '20.08917', 'latitude': '51.97194'}, 'data': {'humidity_avg': 44.13636363636363, 'pressure_avg': 995.1727272727272, 'temperature_avg': 25.281818181818185, 'pm10_avg': 3.418181818181818, 'pm25_avg': 2.845454545454545}, 'timestamp': '2026-07-25 14:21:08'}",False,
"{'school': {'name': 'SZKOŁA PODSTAWOWA W ZAGORZYNIE', 'street': '', 'post_code': '33-390', 'city': 'ZAGORZYN', 'longitude': '20.39185647', 'latitude': '49.58145382'}, 'data': {'humidity_avg': 36.891666666666666, 'pressure_avg': 956.7666666666668, 'temperature_avg': 25.075, 'pm10_avg': 2.5, 'pm25_avg': 2.216666666666667}, 'timestamp': '2026-07-25 14:21:08'}",False,
"{'school': {'name': 'SZKOŁA PODSTAWOWA NR 22 WE WROCŁAWIU', 'street': 'ul. Karpnicka', 'post_code': '54-061', 'city': 'WROCŁAW', 'longitude': '16.9062321', 'latitude': '51.16255379'}, 'data': {'humidity_avg': 29.47142857142857, 'pressure_avg': 994.5857142857143, 'temperature_avg': 26.414285714285715, 'pm10_avg': 3.085714285714286, 'pm25_avg': 2.685714285714286}, 'timestamp': '2026-07-25 14:21:08'}",False,
"{'school': {'name': 'SZKOŁA PODSTAWOWA IM. ARKADEGO FIEDLERA Z ZBĄSZYNIU', 'street': 'MOSTOWA', 'post_code': '64-360', 'city': 'ZBĄSZYŃ', 'longitude': '15.91756', 'latitude': '52.25404'}, 'data': {'humidity_avg': 40.99166666666667, 'pressure_avg': 1002.6750000000001, 'temperature_avg': 27.866666666666664, 'pm10_avg': 4.341666666666667, 'pm25_avg': 4.016666666666667}, 'timestamp': '2026-07-25 14:21:08'}",False,
"{'school': {'name': 'ZESPÓŁ SZKÓŁ SPECJALNYCH W MAZOWIECKIM CENTRUM NEUROPSYCHATRII W ZAGÓRZU - SZKOŁA PODSTAWOWA', 'street': '', 'post_code': '05-462', 'city': 'ZAGÓRZE', 'longitude': '21.25128843', 'latitude': '52.19825059'}, 'data': {'humidity_avg': 53.0, 'pressure_avg': 1012.5, 'temperature_avg': 23.536363636363635, 'pm10_avg': 3.454545454545454, 'pm25_avg': 3.163636363636363}, 'timestamp': '2026-07-25 14:21:08'}",False,
"{'school': {'name': 'SPECJALNY OŚRODEK SZKOLNO-WYCHOWAWCZY CARITAS ARCHIDIECEZJI WROCŁAWSKIEJ - SZKOŁA PODSTAWOWA SPECJALNA DLA DZIECI Z NIEPEŁNOSPRAWNOŚCIĄ INTELEKTUALNĄ W STOPNIU LEKKIM', 'street': 'ul. Stawowa', 'post_code': '56-410', 'city': 'DOBROSZYCE', 'longitude': '17.33183649513806', 'latitude': '51.263296148948506 '}, 'data': {'humidity_avg': 42.47272727272727, 'pressure_avg': 992.0545454545455, 'temperature_avg': 23.054545454545455, 'pm10_avg': 4.218181818181818, 'pm25_avg': 3.5727272727272723}, 'timestamp': '2026-07-25 14:21:08'}",False,
"{'school': {'name': 'SZKOŁA PODSTAWOWA IM. MIECZYSŁAWA WIECZORKA W OLSZANIE', 'street': 'Olszana', 'post_code': '33-386', 'city': 'OLSZANA', 'longitude': '20.51949856', 'latitude': '49.5709649'}, 'data': {'humidity_avg': 47.94166666666666, 'pressure_avg': 968.2166666666667, 'temperature_avg': 23.233333333333334, 'pm10_avg': 1.333333333333333, 'pm25_avg': 1.166666666666666}, 'timestamp': '2026-07-25 14:21:08'}",False,
"{'school': {'name': 'ZESPÓŁ SZKÓŁ ZAWODOWYCH IM. STEFANA BOBROWSKIEGO W RAWICZU', 'street': 'ul. gen. Józefa Hallera', 'post_code': '63-900', 'city': 'RAWICZ', 'longitude': '16.84475255', 'latitude': '51.61027899'}, 'data': {'humidity_avg': 36.699999999999996, 'pressure_avg': 998.5909090909091, 'temperature_avg': 29.572727272727274, 'pm10_avg': 2.7363636363636363, 'pm25_avg': 2.7363636363636363}, 'timestamp': '2026-07-25 14:21:08'}",False,
"{'school': {'name': 'MIEJSKA SZKOŁA PODSTAWOWA NR 6 IM. KRÓLOWEJ JADWIGI W KNUROWIE', 'street': 'UL. STEFANA BATOREGO', 'post_code': '44-194', 'city': 'KNURÓW', 'longitude': '18.65858', 'latitude': '50.22955'}, 'data': {'humidity_avg': 42.13333333333333, 'pressure_avg': 984.0666666666666, 'temperature_avg': 25.974999999999998, 'pm10_avg': 5.141666666666667, 'pm25_avg': 4.475}, 'timestamp': '2026-07-25 14:21:08'}",False,
"{'school': {'name': 'ZESPÓŁ SZKOLNO-PRZEDSZKOLNY W GODOWIE', 'street': 'UL. SZKOLNA', 'post_code': '44-340', 'city': 'GODÓW', 'longitude': '18.48504', 'latitude': '49.91916'}, 'data': {'humidity_avg': 47.15, 'pressure_avg': 984.875, 'temperature_avg': 25.291666666666668, 'pm10_avg': 2.05, 'pm25_avg': 1.8416666666666661}, 'timestamp': '2026-07-25 14:21:08'}",False,
"{'school': {'name': 'SZKOŁA PODSTAWOWA NR 2 IM. MARII KONOPNICKIEJ W RAWIE MAZOWIECKIEJ', 'street': 'UL. MIŁA', 'post_code': '96-200', 'city': 'RAWA MAZOWIECKA', 'longitude': '20.25720', 'latitude': '51.76510'}, 'data': {'humidity_avg': 64.53333333333333, 'pressure_avg': 988.6750000000001, 'temperature_avg': 24.941666666666666, 'pm10_avg': 4.666666666666667, 'pm25_avg': 4.274999999999999}, 'timestamp': '2026-07-25 14:21:08'}",False,
"{'school': {'name': 'SZKOŁA PODSTAWOWA IM. POLSKICH OLIMPIJCZYKÓW W MIŁOCINIE', 'street': '', 'post_code': '24-150', 'city': 'MIŁOCIN', 'longitude': '22.31362', 'latitude': '51.25966'}, 'data': {'humidity_avg': 41.5, 'pressure_avg': 987.6, 'temperature_avg': 25.041666666666668, 'pm10_avg': 1.6833333333333331, 'pm25_avg': 1.633333333333333}, 'timestamp': '2026-07-25 14:21:08'}",False,
"{'school': {'name': 'SZKOŁA PODSTAWOWA SPECJALNA W SKOROSZOWICACH', 'street': '', 'post_code': '57-100', 'city': 'SKOROSZOWICE', 'longitude': '16.97173575', 'latitude': '50.69677537'}, 'data': {'humidity_avg': 32.375, 'pressure_avg': 978.9166666666666, 'temperature_avg': 27.433333333333334, 'pm10_avg': 2.675, 'pm25_avg': 2.275}, 'timestamp': '2026-07-25 14:21:08'}",False,
"{'school': {'name': 'SZKOŁA PODSTAWOWA STOWARYSZENIA PRZYJACIÓŁ SZKÓŁ KATOLICKICH W STANISŁAWIU GÓRNYM', 'street': '', 'post_code': '34-105', 'city': 'STANISŁAW GÓRNY', 'longitude': '19.62936', 'latitude': '49.91034'}, 'data': {'humidity_avg': 44.09166666666667, 'pressure_avg': 969.5666666666666, 'temperature_avg': 23.733333333333334, 'pm10_avg': 3.691666666666666, 'pm25_avg': 3.15}, 'timestamp': '2026-07-25 14:21:08'}",False,
"{'school': {'name': 'SZKOŁA PODSTAWOWA IM. JÓZEFA WIERZBICKIEGO W POŁCHOWIE', 'street': 'UL. DWORCOWA', 'post_code': '84-123', 'city': 'POŁCHOWO', 'longitude': '18.42774', 'latitude': '54.6524'}, 'data': {'humidity_avg': 63.85833333333333, 'pressure_avg': 1001.0749999999999, 'temperature_avg': 22.233333333333334, 'pm10_avg': 4.6416666666666675, 'pm25_avg': 4.6416666666666675}, 'timestamp': '2026-07-25 14:21:08'}",False,
"{'school': {'name': 'SZKOŁA PODSTAWOWA IM. PŁK. STANISŁAWA DĄBKA W SYCHOWIE', 'street': 'UL. SZKOLNA', 'post_code': '84-242', 'city': 'SYCHOWO', 'longitude': '18.15007', 'latitude': '54.54575'}, 'data': {'humidity_avg': 50.46363636363637, 'pressure_avg': 992.7, 'temperature_avg': 24.08181818181818, 'pm10_avg': 5.072727272727272, 'pm25_avg': 4.627272727272727}, 'timestamp': '2026-07-25 14:21:08'}",False,
"{'school': {'name': 'SZKOŁA PODSTAWOWA IM. KORNELA MAKUSZYŃSKIEGO W PIŁAWIE DOLNEJ', 'street': 'ul. Główna', 'post_code': '58-241', 'city': 'PIŁAWA DOLNA', 'longitude': '16.68731628', 'latitude': '50.70323119'}, 'data': {'humidity_avg': 27.491666666666664, 'pressure_avg': 977.6, 'temperature_avg': 29.308333333333334, 'pm10_avg': 3.125, 'pm25_avg': 2.633333333333333}, 'timestamp': '2026-07-25 14:21:08'}",False,
"{'school': {'name': 'SZKOŁA PODSTAWOWA IM. KSIĄŻĄT POMORSKICH W SŁONOWICACH', 'street': '', 'post_code': '76-251', 'city': 'SŁONOWICE', 'longitude': '16.90478', 'latitude': '54.38981'}, 'data': {'humidity_avg': 48.81818181818182, 'pressure_avg': 1000.1727272727272, 'temperature_avg': 26.681818181818183, 'pm10_avg': 4.645454545454545, 'pm25_avg': 4.272727272727272}, 'timestamp': '2026-07-25 14:21:08'}",False,
"{'school': {'name': 'PUBLICZNA SZKOŁA PODSTAWOWA IM. ODDZIAŁU PARTYZANCKIEGO „JĘDRUSIE” W SULISŁAWICACH', 'street': '', 'post_code': '27-670', 'city': 'SULISŁAWICE', 'longitude': '21.47234', 'latitude': '50.58803'}, 'data': {'humidity_avg': 42.725, 'pressure_avg': 987.875, 'temperature_avg': 24.008333333333336, 'pm10_avg': 2.266666666666666, 'pm25_avg': 1.9083333333333332}, 'timestamp': '2026-07-25 14:21:08'}",False,
"{'school': {'name': 'SZKOŁA PODSTAWOWA IM. ŚW. KINGI W ŻEGOCINIE', 'street': '', 'post_code': '32-731', 'city': 'ŻEGOCINA', 'longitude': '20.41987', 'latitude': '49.81307'}, 'data': {'humidity_avg': 67.2090909090909, 'pressure_avg': 975.0545454545455, 'temperature_avg': 22.3, 'pm10_avg': 2.281818181818181, 'pm25_avg': 1.8727272727272721}, 'timestamp': '2026-07-25 14:21:08'}",False,
"{'school': {'name': 'SZKOŁA PODSTAWOWA IM. JANA PAWŁA II W MAŁEJ NIESZAWCE', 'street': 'UL. TORUŃSKA', 'post_code': '87-103', 'city': 'MAŁA NIESZAWKA', 'longitude': '18.54804', 'latitude': '52.99028'}, 'data': {'humidity_avg': 36.78181818181818, 'pressure_avg': 1003.3, 'temperature_avg': 26.40909090909091, 'pm10_avg': 3.109090909090909, 'pm25_avg': 3.109090909090909}, 'timestamp': '2026-07-25 14:21:08'}",False,
"{'school': {'name': 'SZKOŁA PODSTAWOWA IM. BŁ. KS. JERZEGO POPIEŁUSZKI W WOLI ZGŁOBIEŃSKIEJ', 'street': '', 'post_code': '36-046', 'city': 'WOLA ZGŁOBIEŃSKA', 'longitude': '21.80922', 'latitude': '49.99599'}, 'data': {'humidity_avg': 43.800000000000004, 'pressure_avg': 981.5333333333333, 'temperature_avg': 24.599999999999998, 'pm10_avg': 2.5666666666666673, 'pm25_avg': 2.133333333333333}, 'timestamp': '2026-07-25 14:21:08'}",False,
"{'school': {'name': 'SZKOŁA PODSTAWOWA IM. MIKOŁAJA KOPERNIKA W LUBAWIE', 'street': 'UL. RZEPNIKOWSKIEGO', 'post_code': '14-260', 'city': 'LUBAWA', 'longitude': '19.75109840', 'latitude': '53.50147754'}, 'data': {'humidity_avg': 48.80833333333334, 'pressure_avg': 993.6999999999999, 'temperature_avg': 23.008333333333336, 'pm10_avg': 4.433333333333334, 'pm25_avg': 4.183333333333333}, 'timestamp': '2026-07-25 14:21:08'}",False,
"{'school': {'name': 'SZKOŁA PODSTAWOWA NR 21 IM. FRYDERYKA CHOPINA W PŁOCKU', 'street': 'FRYDERYKA CHOPINA', 'post_code': '09-409', 'city': 'PŁOCK', 'longitude': '19.71270', 'latitude': '52.54894'}, 'data': {'humidity_avg': 48.074999999999996, 'pressure_avg': 999.2166666666667, 'temperature_avg': 25.141666666666666, 'pm10_avg': 3.425, 'pm25_avg': 3.158333333333333}, 'timestamp': '2026-07-25 14:21:08'}",False,
"{'school': {'name': 'TECHNIKUM NR 1 W ZESPOLE SZKÓŁ PONADGIMNAZJALNYCH NR 1 W SIERADZU', 'street': 'ul. Marszałka Józefa Piłsudskiego', 'post_code': '98-200', 'city': 'SIERADZ', 'longitude': '18.7318492', 'latitude': '51.5922492'}, 'data': {'humidity_avg': 45.525, 'pressure_avg': 995.4416666666666, 'temperature_avg': 25.0, 'pm10_avg': 3.3666666666666663, 'pm25_avg': 3.125}, 'timestamp': '2026-07-25 14:21:08'}",False,
"{'school': {'name': 'SZKOŁA PODSTAWOWA NR 1 W PIECHOWICACH', 'street': 'UL. SZKOLNA', 'post_code': '58-573', 'city': 'PIECHOWICE', 'longitude': '15.595824523278806\r\n', 'latitude': '50.851284254319424\r\n'}, 'data': {'humidity_avg': 43.73333333333333, 'pressure_avg': 966.8249999999999, 'temperature_avg': 26.433333333333334, 'pm10_avg': 3.558333333333333, 'pm25_avg': 3.175}, 'timestamp': '2026-07-25 14:21:08'}",False,
"{'school': {'name': 'PUBLICZNA SZKOŁA PODSTAWOWA IM.MARII KONOPNICKIEJ W STARYM LUBIEJEWIE', 'street': 'UL. SZKOLNA', 'post_code': '07-300', 'city': 'STARE LUBIEJEWO', 'longitude': '21.878069', 'latitude': '52.837826'}, 'data': {'humidity_avg': 57.06666666666666, 'pressure_avg': 996.9666666666667, 'temperature_avg': 24.066666666666666, 'pm10_avg': 2.725, 'pm25_avg': 2.533333333333333}, 'timestamp': '2026-07-25 14:21:08'}",False,
"{'school': {'name': 'SPOŁECZNA SZKOŁA PODSTAWOWA IM. ASTRID LINDGREN W MILICZU', 'street': 'UL. JAROSŁAWA DĄBROWSKIEGO', 'post_code': '56-300', 'city': 'MILICZ', 'longitude': '17.280157424719235', 'latitude': '51.5212767734148'}, 'data': {'humidity_avg': 34.766666666666666, 'pressure_avg': 1096.2166666666667, 'temperature_avg': 26.650000000000002, 'pm10_avg': 3.666666666666666, 'pm25_avg': 3.666666666666666}, 'timestamp': '2026-07-25 14:21:08'}",False,
"{'school': {'name': 'SZKOŁA PODSTAWOWA W KĄTACH', 'street': 'UL. KRÓLEWSKA', 'post_code': '05-340', 'city': 'KĄTY', 'longitude': '21.476034997760348', 'latitude': '52.01800806036134'}, 'data': {'humidity_avg': 40.0, 'pressure_avg': 995.9833333333332, 'temperature_avg': 27.0, 'pm10_avg': 2.775, 'pm25_avg': 2.391666666666666}, 'timestamp': '2026-07-25 14:21:08'}",False,
"{'school': {'name': 'SZKOŁA PODSTAWOWA W ZESPOLE SZKÓŁ W BRZEZINACH', 'street': 'UL.WROCŁAWSKA', 'post_code': '62-874', 'city': 'BRZEZINY', 'longitude': '18.25294100', 'latitude': '51.59336300'}, 'data': {'humidity_avg': 45.336363636363636, 'pressure_avg': 995.8636363636364, 'temperature_avg': 25.272727272727273, 'pm10_avg': 2.918181818181818, 'pm25_avg': 2.718181818181818}, 'timestamp': '2026-07-25 14:21:08'}",False,
"{'school': {'name': 'SZKOŁA PODSTAWOWA NR 2 IM. KAZIMIERZA WIELKIEGO W OPOCZNIE', 'street': 'UL. INOWŁODZKA', 'post_code': '26-300', 'city': 'OPOCZNO', 'longitude': '20.28735', 'latitude': '51.377793'}, 'data': {'humidity_avg': 45.725, 'pressure_avg': 989.625, 'temperature_avg': 26.525, 'pm10_avg': 5.225, 'pm25_avg': 4.649999999999999}, 'timestamp': '2026-07-25 14:21:08'}",False,
"{'school': {'name': 'ZESPÓŁ SZKÓŁ SAMORZĄDOWYCH NR 1 W OPOCZNIE', 'street': 'UL. SKŁODOWSKIEJ', 'post_code': '26-300', 'city': 'OPOCZNO', 'longitude': '20.28288', 'latitude': '51.37976'}, 'data': {'humidity_avg': 47.21666666666667, 'pressure_avg': 990.5749999999999, 'temperature_avg': 24.691666666666666, 'pm10_avg': 3.875, 'pm25_avg': 3.4916666666666663}, 'timestamp': '2026-07-25 14:21:08'}",False,
"{'school': {'name': 'SZKOŁA PODSTAWOWA IM. 15.PUŁKU UŁANÓW POZNAŃSKICH W KROŚNIE', 'street': 'Plac 20 Października', 'post_code': '62-050', 'city': 'KROSNO', 'longitude': '16.8328400', 'latitude': '52.2230500'}, 'data': {'humidity_avg': 52.3954, 'pressure_avg': 1002.0676, 'temperature_avg': 24.8296, 'pm10_avg': 10.66, 'pm25_avg': 5.04}, 'timestamp': '2026-07-25 14:21:08'}",False,
"{'school': {'name': 'SZKOŁA PODSTAWOWA NR 2 IM. KRÓLOWEJ JADWIGI W SWARZĘDZU', 'street': 'POLNA', 'post_code': '62-020', 'city': 'SWARZĘDZ', 'longitude': '17.083499', 'latitude': '52.406187'}, 'data': {'humidity_avg': 100.0, 'pressure_avg': 997.7772, 'temperature_avg': 24.2564, 'pm10_avg': 11.6, 'pm25_avg': 10.92}, 'timestamp': '2026-07-25 14:21:08'}",False,
"{'school': {'name': 'SZKOŁA PODSTAWOWA NR 27 IM. STEFANA CZARNIECKIEGO W POZNANIU', 'street': 'OS. WINIARY', 'post_code': '60-665', 'city': 'POZNAŃ', 'longitude': '16.908246', 'latitude': '52.433167'}, 'data': {'humidity_avg': 38.5664, 'pressure_avg': 998.8412, 'temperature_avg': 25.886799999999997, 'pm10_avg': 9.44, 'pm25_avg': 9.24}, 'timestamp': '2026-07-25 14:21:08'}",False,
"{'school': {'name': 'SZKOŁA PODSTAWOWA NR 66 IM. MARII SKŁODOWSKIEJ-CURIE W POZNANIU', 'street': 'OS. PRZYJAŻNI', 'post_code': '61-684', 'city': 'POZNAŃ', 'longitude': '16.925802', 'latitude': '52.431945'}, 'data': {'humidity_avg': 43.58653846153846, 'pressure_avg': 999.1480769230768, 'temperature_avg': 24.210384615384616, 'pm10_avg': 9.192307692307692, 'pm25_avg': 7.461538461538462}, 'timestamp': '2026-07-25 14:21:08'}",False,
"{'school': {'name': 'SZKOŁA PODSTAWOWA NR 88 IM. POZNAŃSKICH KOZIOŁKÓW W POZNANIU', 'street': 'SWOBODA', 'post_code': '60-389', 'city': 'POZNAŃ', 'longitude': '16.872327', 'latitude': '52.405748'}, 'data': {'humidity_avg': 63.36666666666667, 'pressure_avg': 1000.6653333333333, 'temperature_avg': 27.500666666666667, 'pm10_avg': 11.133333333333333, 'pm25_avg': 13.2}, 'timestamp': '2026-07-25 14:21:08'}",False,
"{'school': {'name': 'SZKOŁA PODSTAWOWA NR 70 IM. MIKOŁAJA KOPERNIKA W POZNANIU', 'street': 'PIĘKNA', 'post_code': '60-591', 'city': 'POZNAŃ', 'longitude': '16.875225', 'latitude': '52.415923'}, 'data': {'humidity_avg': 61.0204, 'pressure_avg': 999.666, 'temperature_avg': 25.215999999999998, 'pm10_avg': 29.64, 'pm25_avg': 27.56}, 'timestamp': '2026-07-25 14:21:08'}",False,
"{'school': {'name': 'SZKOŁA PODSTAWOWA NR 71 IM. JANUSZA KUSOCIŃSKIEGO W POZNANIU', 'street': 'PRZYBYSZEWSKIEGO', 'post_code': '60-356', 'city': 'POZNAŃ', 'longitude': '16.889354', 'latitude': '52.410060'}, 'data': {'humidity_avg': 43.2864, 'pressure_avg': 1002.3096, 'temperature_avg': 24.6856, 'pm10_avg': 19.32, 'pm25_avg': 8.08}, 'timestamp': '2026-07-25 14:21:08'}",False,
"{'school': {'name': 'SZKOŁA PODSTAWOWA NR 61 IM. KOMISJI EDUKACJI NARODOWEJ W POZNANIU', 'street': 'UL. SZCZEPANKOWO', 'post_code': '61-306', 'city': 'POZNAŃ', 'longitude': '17.008445', 'latitude': '52.364646'}, 'data': {'humidity_avg': 100.0, 'pressure_avg': 999.1447999999999, 'temperature_avg': 25.9844, 'pm10_avg': 14.6, 'pm25_avg': 9.28}, 'timestamp': '2026-07-25 14:21:08'}",False,
"{'school': {'name': 'SZKOŁA PODSTAWOWA NR 53 IM. PAWŁA EDMUNDA STRZELECKIEGO W POZNANIU', 'street': 'UL. GŁUSZYNA', 'post_code': '61-329', 'city': 'POZNAŃ', 'longitude': '16.962512', 'latitude': '52.315212'}, 'data': {'humidity_avg': 35.3148, 'pressure_avg': 1001.0003999999999, 'temperature_avg': 27.0832, 'pm10_avg': 9.76, 'pm25_avg': 9.6}, 'timestamp': '2026-07-25 14:21:08'}",False,
"{'school': {'name': 'SZKOŁA PODSTAWOWA NR 101 IM. JANA BRZECHWY W POZNANIU', 'street': 'SWOBODA', 'post_code': '60-389', 'city': 'POZNAŃ', 'longitude': '16.87273', 'latitude': '52.40789'}, 'data': {'humidity_avg': 42.36538461538461, 'pressure_avg': 998.0361538461538, 'temperature_avg': 23.88923076923077, 'pm10_avg': 23.96153846153846, 'pm25_avg': 11.23076923076923}, 'timestamp': '2026-07-25 14:21:08'}",False,
"{'school': {'name': 'SZKOŁA PODSTAWOWA NR 48 IM. GEN. OSWALDA FRANKA W POZNANIU', 'street': 'UL. SARMACKA', 'post_code': '61-616', 'city': 'POZNAŃ', 'longitude': '16.930133', 'latitude': '52.446266'}, 'data': {'humidity_avg': 53.466800000000006, 'pressure_avg': 998.2792, 'temperature_avg': 26.360799999999998, 'pm10_avg': 14.76, 'pm25_avg': 14.36}, 'timestamp': '2026-07-25 14:21:08'}",False,
"{'school': {'name': 'SZKOŁA PODSTAWOWA NR 18 IM. ZOFII NAŁKOWSKIEJ W POZNANIU', 'street': 'OS. ARMII KRAJOWEJ', 'post_code': '61-381', 'city': 'POZNAŃ', 'longitude': '16.952914', 'latitude': '52.379399'}, 'data': {'humidity_avg': 35.14, 'pressure_avg': 1001.6948, 'temperature_avg': 28.387199999999996, 'pm10_avg': 10.24, 'pm25_avg': 9.96}, 'timestamp': '2026-07-25 14:21:08'}",False,
"{'school': {'name': 'SZKOŁA PODSTAWOWA NR 17 IM. JÓZEFA IGNACEGO KRASZEWSKIEGO W POZNANIU', 'street': 'OS. BOLESŁAWA CHROBREGO', 'post_code': '60-681', 'city': 'POZNAŃ', 'longitude': '16.913989', 'latitude': '52.456722'}, 'data': {'humidity_avg': 46.20461538461538, 'pressure_avg': 998.8184615384615, 'temperature_avg': 23.177692307692308, 'pm10_avg': 12.192307692307692, 'pm25_avg': 11.846153846153847}, 'timestamp': '2026-07-25 14:21:08'}",False,
"{'school': {'name': 'SZKOŁA PODSTAWOWA NR 36 W POZNANIU', 'street': 'SŁOWACKIEGO', 'post_code': '60-842', 'city': 'POZNAŃ', 'longitude': '16.90252', 'latitude': '52.41191'}, 'data': {'humidity_avg': 42.82153846153846, 'pressure_avg': 1000.551923076923, 'temperature_avg': 23.543076923076924, 'pm10_avg': 16.576923076923077, 'pm25_avg': 10.307692307692308}, 'timestamp': '2026-07-25 14:21:08'}",False,
"{'school': {'name': 'SZKOŁA PODSTAWOWA NR 54 IM. JANA KASPROWICZA W POZNANIU', 'street': 'UL. MAŁOSZYŃSKA', 'post_code': '60-176', 'city': 'POZNAŃ', 'longitude': '16.839090', 'latitude': '52.389231'}, 'data': {'humidity_avg': 100.0, 'pressure_avg': 999.8119230769231, 'temperature_avg': 23.920384615384613, 'pm10_avg': 10.692307692307692, 'pm25_avg': 10.192307692307692}, 'timestamp': '2026-07-25 14:21:08'}",False,
"{'school': {'name': 'SZKOŁA PODSTAWOWA NR 74 IM. MIKOŁAJA KOPERNIKA W POZNANIU', 'street': 'TRYBUNALSKA', 'post_code': '60-325', 'city': 'POZNAŃ', 'longitude': '16.863720', 'latitude': '52.398771'}, 'data': {'humidity_avg': 43.2864, 'pressure_avg': 1002.3096, 'temperature_avg': 24.6856, 'pm10_avg': 19.32, 'pm25_avg': 8.08}, 'timestamp': '2026-07-25 14:21:08'}",False,
"{'school': {'name': 'SZKOŁA PODSTAWOWA NR 5 IM. ROMUALDA TRAUGUTTA W POZNANIU', 'street': 'TRAUGUTTA', 'post_code': '60-101', 'city': 'POZNAŃ', 'longitude': '16.91923', 'latitude': '52.38505'}, 'data': {'humidity_avg': 43.2864, 'pressure_avg': 1002.3096, 'temperature_avg': 24.6856, 'pm10_avg': 19.32, 'pm25_avg': 8.08}, 'timestamp': '2026-07-25 14:21:08'}",False,
"{'school': {'name': 'SZKOŁA PODSTAWOWA SPECJALNA NR 102 IM. MARII MONTESSORI', 'street': 'Przełajowa', 'post_code': '61-622', 'city': 'POZNAŃ', 'longitude': '16.9464500', 'latitude': '52.4264400'}, 'data': {'humidity_avg': 42.745769230769234, 'pressure_avg': 1000.0865384615385, 'temperature_avg': 25.080000000000002, 'pm10_avg': 8.538461538461538, 'pm25_avg': 8.307692307692308}, 'timestamp': '2026-07-25 14:21:08'}",False,
"{'school': {'name': 'ZESPÓŁ SZKOLNO-PRZEDSZKOLNY W ZIMINIE', 'street': 'Zimin', 'post_code': '63-006', 'city': 'ZIMIN', 'longitude': '17.1510600', 'latitude': '52.2948900'}, 'data': {'humidity_avg': 43.2864, 'pressure_avg': 1002.3096, 'temperature_avg': 24.6856, 'pm10_avg': 19.32, 'pm25_avg': 8.08}, 'timestamp': '2026-07-25 14:21:08'}",False,
"{'school': {'name': 'SZKOŁA PODSTAWOWA W OTOROWIE', 'street': 'UL. ŁĄKOWA', 'post_code': '64-551', 'city': 'OTOROWO', 'longitude': '16.433729', 'latitude': '52.563226'}, 'data': {'humidity_avg': 51.4616, 'pressure_avg': 997.0031999999999, 'temperature_avg': 25.701999999999998, 'pm10_avg': 11.2, 'pm25_avg': 10.68}, 'timestamp': '2026-07-25 14:21:08'}",False,
"{'school': {'name': 'SZKOŁA PODSTAWOWA IM. JÓZEFA WYBICKIEGO W CZERWONAKU', 'street': 'UL. ROLNA', 'post_code': '62-004', 'city': 'CZERWONAK', 'longitude': '16.984890', 'latitude': '52.470601'}, 'data': {'humidity_avg': 43.72, 'pressure_avg': 997.9384, 'temperature_avg': 24.3444, 'pm10_avg': 11.32, 'pm25_avg': 10.84}, 'timestamp': '2026-07-25 14:21:08'}",False,
"{'school': {'name': 'SZKOŁA PODSTAWOWA IM. ARKADEGO FIDLERA W GUŁTOWACH', 'street': 'UL. ŚREDZKA', 'post_code': '62-025', 'city': 'GUŁTOWY', 'longitude': '17.330809', 'latitude': '52.350884'}, 'data': {'humidity_avg': 48.1608, 'pressure_avg': 997.3911999999999, 'temperature_avg': 25.9232, 'pm10_avg': 16.24, 'pm25_avg': 13.08}, 'timestamp': '2026-07-25 14:21:08'}",False,
"{'school': {'name': 'SZKOŁA PODSTAWOWA IM. KRÓLOWEJ JADWIGI W JERZYKOWIE', 'street': 'UL. SPOKOJNA', 'post_code': '62-007', 'city': 'JERZYKOWO', 'longitude': '17.17171', 'latitude': '52.47082'}, 'data': {'humidity_avg': 100.0, 'pressure_avg': 998.4083999999999, 'temperature_avg': 24.577199999999998, 'pm10_avg': 6.164, 'pm25_avg': 5.127999999999999}, 'timestamp': '2026-07-25 14:21:08'}",False,
"{'school': {'name': 'ZESPÓŁ SZKOLNO-PRZEDSZKOLNY W MANIEWIE', 'street': 'Maniewo', 'post_code': '64-605', 'city': 'MANIEWO', 'longitude': '16.8641200', 'latitude': '52.5936600'}, 'data': {'humidity_avg': 34.08538461538462, 'pressure_avg': 998.2238461538461, 'temperature_avg': 29.205384615384617, 'pm10_avg': 10.423076923076923, 'pm25_avg': 8.307692307692308}, 'timestamp': '2026-07-25 14:21:08'}",False,
"{'school': {'name': 'SZKOŁA PODSTAWOWA IM. PPŁK. MAKSYMILIANA CIĘŻKIEGO W BABOROWIE', 'street': None, 'post_code': '64-500', 'city': 'BABOROWO', 'longitude': '16.64615', 'latitude': '52.59288'}, 'data': {'humidity_avg': 56.05125, 'pressure_avg': 999.9408333333334, 'temperature_avg': 24.205, 'pm10_avg': 127.45833333333333, 'pm25_avg': 127.16666666666667}, 'timestamp': '2026-07-25 14:21:08'}",False,
"{'school': {'name': 'SZKOŁA PODSTAWOWA IM. POWSTAŃCÓW WIELKOPOLSKICH W PYSZĄCEJ', 'street': 'UL. ŚREMSKA', 'post_code': '63-100', 'city': 'PYSZĄCA', 'longitude': '17.06089', 'latitude': '52.06610'}, 'data': {'humidity_avg': 65.20304347826087, 'pressure_avg': 999.974347826087, 'temperature_avg': 26.461304347826086, 'pm10_avg': 12.304347826086957, 'pm25_avg': 8.347826086956522}, 'timestamp': '2026-07-25 14:21:08'}",False,
"{'school': {'name': 'SZKOŁA PODSTAWOWA IM. HENRYKA SIENKIEWICZA W KONARZEWIE', 'street': 'UL. SZKOLNA', 'post_code': '62-070', 'city': 'KONARZEWO', 'longitude': '16.719107', 'latitude': '52.336576'}, 'data': {'humidity_avg': 49.038199999999996, 'pressure_avg': 1000.3496, 'temperature_avg': 24.3384, 'pm10_avg': 17.48, 'pm25_avg': 10.3}, 'timestamp': '2026-07-25 14:21:08'}",False,
"{'school': {'name': 'SZKOŁA PODSTAWOWA IM. ŚW. JANA PAWŁA II W PACZKOWIE', 'street': 'UL. SZKOLNA', 'post_code': '62-021', 'city': 'PACZKOWO', 'longitude': '17.161270', 'latitude': '52.401655'}, 'data': {'humidity_avg': 42.53254901960784, 'pressure_avg': 1000.2825490196079, 'temperature_avg': 24.814117647058822, 'pm10_avg': 16.980392156862745, 'pm25_avg': 9.92156862745098}, 'timestamp': '2026-07-25 14:21:08'}",False,
"{'school': {'name': 'SZKOŁA PODSTAWOWA NR 1 IM. FRYDERYKA CHOPINA W SKÓRZEWIE', 'street': 'UL. POZNAŃSKA', 'post_code': '60-185', 'city': 'SKÓRZEWO', 'longitude': '16.794147', 'latitude': '52.392365'}, 'data': {'humidity_avg': 43.2864, 'pressure_avg': 1002.3096, 'temperature_avg': 24.6856, 'pm10_avg': 19.32, 'pm25_avg': 8.08}, 'timestamp': '2026-07-25 14:21:08'}",False,
"{'school': {'name': 'SZKOŁA PODSTAWOWA W KAMIONKACH', 'street': 'UL. MIECZEWSKA', 'post_code': '62-023', 'city': 'KAMIONKI', 'longitude': '16.99147', 'latitude': '52.27884'}, 'data': {'humidity_avg': 43.0916, 'pressure_avg': 1000.97, 'temperature_avg': 25.584400000000002, 'pm10_avg': 16.62, 'pm25_avg': 9.64}, 'timestamp': '2026-07-25 14:21:08'}",False,
"{'school': {'name': 'SZKOŁA PODSTAWOWA NR 79 W POZNANIU', 'street': 'JESIONOWA', 'post_code': '61-432', 'city': 'POZNAŃ', 'longitude': '16.89422', 'latitude': '52.36778'}, 'data': {'humidity_avg': 44.41375, 'pressure_avg': 1001.145, 'temperature_avg': 24.236875, 'pm10_avg': 9.473684210526315, 'pm25_avg': 9.68421052631579}, 'timestamp': '2026-07-25 14:21:08'}",False,
"{'school': {'name': 'SZKOŁA PODSTAWOWA NR 51 IM. BRONISŁAWA SZWARCA W POZNANIU', 'street': 'OS. LECHA', 'post_code': '61-294', 'city': 'POZNAŃ', 'longitude': '16.971734', 'latitude': '52.390469'}, 'data': {'humidity_avg': 41.79363636363637, 'pressure_avg': 1000.7613636363636, 'temperature_avg': 24.853181818181817, 'pm10_avg': 6.318181818181818, 'pm25_avg': 5.227272727272727}, 'timestamp': '2026-07-25 14:21:08'}",False,
"{'school': {'name': 'SZKOŁA PODSTAWOWA NR 63 IM. KSAWEREGO ZAKRZEWSKIEGO W POZNANIU', 'street': 'UL. STAROŁĘCKA', 'post_code': '61-341', 'city': 'POZNAŃ', 'longitude': '16.921536', 'latitude': '52.353380'}, 'data': {'humidity_avg': 43.2864, 'pressure_avg': 1002.3096, 'temperature_avg': 24.6856, 'pm10_avg': 19.32, 'pm25_avg': 8.08}, 'timestamp': '2026-07-25 14:21:08'}",False,
"{'school': {'name': 'SZKOŁA PODSTAWOWA NR 20 IM. STEFANA BATOREGO W POZNANIU', 'street': 'OS. RZECZYPOSPOLITEJ', 'post_code': '61-395', 'city': 'POZNAŃ', 'longitude': '16.951088', 'latitude': '52.387907'}, 'data': {'humidity_avg': 43.2864, 'pressure_avg': 1002.3096, 'temperature_avg': 24.6856, 'pm10_avg': 19.32, 'pm25_avg': 8.08}, 'timestamp': '2026-07-25 14:21:08'}",False,
"{'school': {'name': 'SZKOŁA PODSTAWOWA NR 87 W POZNANIU', 'street': 'UL. LESZKA', 'post_code': '61-062', 'city': 'POZNAŃ', 'longitude': '17.01931', 'latitude': '52.40721'}, 'data': {'humidity_avg': 39.23708333333334, 'pressure_avg': 1000.33625, 'temperature_avg': 27.212500000000002, 'pm10_avg': 17.166666666666668, 'pm25_avg': 9.791666666666666}, 'timestamp': '2026-07-25 14:21:08'}",False,
"{'school': {'name': 'SZKOŁA PODSTAWOWA NR 91 W POZNANIU', 'street': 'PROMYK', 'post_code': '60-393', 'city': 'POZNAŃ', 'longitude': '16.870474', 'latitude': '52.409934'}, 'data': {'humidity_avg': 41.208400000000005, 'pressure_avg': 1000.0167999999999, 'temperature_avg': 24.726, 'pm10_avg': 7.76, 'pm25_avg': 7.84}, 'timestamp': '2026-07-25 14:21:08'}",False,
"{'school': {'name': 'SZKOŁA PODSTAWOWA NR 72 IM. MIKOŁAJA KOPERNIKA W POZNANIU', 'street': 'UL. NEWTONA', 'post_code': '60-161', 'city': 'POZNAŃ', 'longitude': '16.867393', 'latitude': '52.383159'}, 'data': {'humidity_avg': 60.2136, 'pressure_avg': 999.4296, 'temperature_avg': 24.4008, 'pm10_avg': 27.36, 'pm25_avg': 9.92}, 'timestamp': '2026-07-25 14:21:08'}",False,
"{'school': {'name': 'SZKOŁA PODSTAWOWA IM. GEN. STEFANA ROWECKIEGO „GROTA” W KOZIEGŁOWACH', 'street': 'UL. POZNAŃSKA', 'post_code': '62-028', 'city': 'KOZIEGŁOWY', 'longitude': '16.990947', 'latitude': '52.445023'}, 'data': {'humidity_avg': 72.42461538461538, 'pressure_avg': 999.3926923076923, 'temperature_avg': 24.33346153846154, 'pm10_avg': 12.653846153846153, 'pm25_avg': 12.153846153846153}, 'timestamp': '2026-07-25 14:21:08'}",False,
"{'school': {'name': 'SZKOŁA PODSTAWOWA NR 2 IM. TEOFILI Z DZIAŁYŃSKICH SZOŁDRSKIEJ-POTULICKIEJ W KÓRNIKU', 'street': 'UL. ARMII KRAJOWEJ', 'post_code': '62-035', 'city': 'KÓRNIK', 'longitude': '17.09530', 'latitude': '52.23251'}, 'data': {'humidity_avg': 50.2324, 'pressure_avg': 1001.304, 'temperature_avg': 25.282799999999998, 'pm10_avg': 17.56, 'pm25_avg': 9.72}, 'timestamp': '2026-07-25 14:21:08'}",False,
"{'school': {'name': 'SZKOŁA PODSTAWOWA NR 1 IM. JANA PAWŁA II W TARNOWIE PODGÓRNYM', 'street': 'UL. SZKOLNA', 'post_code': '62-080', 'city': 'TARNOWO PODGÓRNE', 'longitude': '16.662828', 'latitude': '52.467372'}, 'data': {'humidity_avg': 78.426, 'pressure_avg': 997.6719999999999, 'temperature_avg': 23.4915, 'pm10_avg': 8.305, 'pm25_avg': 7.955}, 'timestamp': '2026-07-25 14:21:08'}",False,
"{'school': {'name': 'SZKOŁA PODSTAWOWA NR 2 IM. KS. PIOTRA WAWRZYNIAKA W ŚREMIE', 'street': 'UL. SZKOLNA', 'post_code': '63-100', 'city': 'ŚREM', 'longitude': '17.02436', 'latitude': '52.09399'}, 'data': {'humidity_avg': 40.0, 'pressure_avg': 1001.2855999999999, 'temperature_avg': 23.9944, 'pm10_avg': 11.52, 'pm25_avg': 9.48}, 'timestamp': '2026-07-25 14:21:08'}",False,
"{'school': {'name': 'SZKOŁA PODSTAWOWA IM. ARKADEGO FIEDLERA W PRZYBOROWIE', 'street': 'UL. BAJKOWA', 'post_code': '64-500', 'city': 'PRZYBOROWO', 'longitude': '16.57542', 'latitude': '52.55638'}, 'data': {'humidity_avg': 56.75, 'pressure_avg': 1000.2508, 'temperature_avg': 24.3216, 'pm10_avg': 16.28, 'pm25_avg': 13.08}, 'timestamp': '2026-07-25 14:21:08'}",False,
"{'school': {'name': 'SZKOŁA PODSTAWOWA NR 1 IM. STANISŁAWA STASZICA W SZAMOTUŁACH', 'street': 'UL. STASZICA', 'post_code': '64-500', 'city': 'SZAMOTUŁY', 'longitude': '16.586295', 'latitude': '52.607202'}, 'data': {'humidity_avg': 63.848, 'pressure_avg': 1000.4816000000001, 'temperature_avg': 27.8992, 'pm10_avg': 12.0, 'pm25_avg': 11.56}, 'timestamp': '2026-07-25 14:21:08'}",False,
"{'school': {'name': 'SZKOŁA PODSTAWOWA NR 2 IM. MARII KONOPNICKIEJ W SZAMOTUŁACH', 'street': 'UL. KAPŁAŃSKA', 'post_code': '64-500', 'city': 'SZAMOTUŁY', 'longitude': '16.577349', 'latitude': '52.611083'}, 'data': {'humidity_avg': 45.78961538461538, 'pressure_avg': 1000.9919230769231, 'temperature_avg': 25.821923076923078, 'pm10_avg': 8.653846153846153, 'pm25_avg': 8.307692307692308}, 'timestamp': '2026-07-25 14:21:08'}",False,
"{'school': {'name': 'SZKOŁA PODSTAWOWA IM. BOHATERÓW BUKOWSKICH W BUKU', 'street': 'UL. SZKOLNA', 'post_code': '64-320', 'city': 'BUK', 'longitude': '16.522668', 'latitude': '52.356630'}, 'data': {'humidity_avg': 100.0, 'pressure_avg': 998.4812, 'temperature_avg': 24.6004, 'pm10_avg': 15.24, 'pm25_avg': 12.16}, 'timestamp': '2026-07-25 14:21:08'}",False,
"{'school': {'name': 'PRZEDSZKOLE BAJECZKA W ROKIETNICY', 'street': 'UL. NOBLISTÓW', 'post_code': '62-090', 'city': 'ROKIETNICA', 'longitude': '16.738427', 'latitude': '52.510745'}, 'data': {'humidity_avg': 43.2864, 'pressure_avg': 1002.3096, 'temperature_avg': 24.6856, 'pm10_avg': 19.32, 'pm25_avg': 8.08}, 'timestamp': '2026-07-25 14:21:08'}",False,
"{'school': {'name': 'PRZEDSZKOLE ZACZAROWANA ŁĄKA W MROWINIE', 'street': 'ul. Szkolna', 'post_code': '62-090', 'city': 'MROWINO', 'longitude': '16.6987600', 'latitude': '52.5142300'}, 'data': {'humidity_avg': 55.286, 'pressure_avg': 999.9235000000001, 'temperature_avg': 23.8815, 'pm10_avg': 14.761904761904763, 'pm25_avg': 11.857142857142858}, 'timestamp': '2026-07-25 14:21:08'}",False,
"{'school': {'name': 'SZKOŁA PODSTAWOWA IM. POWSTAŃCÓW WIELKOPOLSKICH W KISZEWIE', 'street': '', 'post_code': '64-607', 'city': 'KISZEWO', 'longitude': '16.6731600', 'latitude': '52.6801600'}, 'data': {'humidity_avg': 51.58, 'pressure_avg': 1002.8372, 'temperature_avg': 23.4448, 'pm10_avg': 9.6, 'pm25_avg': 7.68}, 'timestamp': '2026-07-25 14:21:08'}",False,
"{'school': {'name': 'SZKOŁA PODSTAWOWA IM. ASTRID LINDGREN W DĄBROWIE', 'street': 'UL. SZKOLNA', 'post_code': '62-069', 'city': 'DĄBROWA', 'longitude': '16.73993', 'latitude': '52.403575'}, 'data': {'humidity_avg': 43.2864, 'pressure_avg': 1002.3096, 'temperature_avg': 24.6856, 'pm10_avg': 19.32, 'pm25_avg': 8.08}, 'timestamp': '2026-07-25 14:21:08'}",False,
"{'school': {'name': 'SZKOŁA PODSTAWOWA IM. JANUSZA KORCZAKA W CERADZU KOŚCIELNYM', 'street': 'UL. JANKOWICKA', 'post_code': '62-080', 'city': 'CERADZ KOŚCIELNY', 'longitude': '16.592828', 'latitude': '52.438889'}, 'data': {'humidity_avg': 100.0, 'pressure_avg': 998.3388, 'temperature_avg': 27.178, 'pm10_avg': 12.6, 'pm25_avg': 7.04}, 'timestamp': '2026-07-25 14:21:08'}",False,
"{'school': {'name': 'SZKOŁA PODSTAWOWA NR 2 W MOSINIE', 'street': 'UL. SOWINIECKA', 'post_code': '62-050', 'city': 'MOSINA', 'longitude': '16.85712', 'latitude': '52.24318'}, 'data': {'humidity_avg': 46.24769230769231, 'pressure_avg': 1001.5153846153846, 'temperature_avg': 24.386923076923075, 'pm10_avg': 12.625, 'pm25_avg': 10.125}, 'timestamp': '2026-07-25 14:21:08'}",False,
"{'school': {'name': 'SZKOŁA PODSTAWOWA IM. HRABIEGO WŁADYSŁAWA ZAMOYSKIEGO W NOCHOWIE', 'street': 'UL. SZKOLNA', 'post_code': '63-100', 'city': 'NOCHOWO', 'longitude': '16.978622359922714', 'latitude': '52.07206190376306'}, 'data': {'humidity_avg': 60.10833333333333, 'pressure_avg': 999.6, 'temperature_avg': 24.640833333333333, 'pm10_avg': 13.041666666666666, 'pm25_avg': 9.25}, 'timestamp': '2026-07-25 14:21:08'}",False,
"{'school': {'name': 'SZKOŁA PODSTAWOWA IM. AUGUSTA CIESZKOWSKIEGO W KICINIE', 'street': 'UL. GWARNA', 'post_code': '62-004', 'city': 'KICIN', 'longitude': '17.02037', 'latitude': '52.46266'}, 'data': {'humidity_avg': 41.31, 'pressure_avg': 999.0584, 'temperature_avg': 24.651999999999997, 'pm10_avg': 11.56, 'pm25_avg': 9.4}, 'timestamp': '2026-07-25 14:21:08'}",False,
"{'school': {'name': 'SZKOŁA PODSTAWOWA NR 1 IM. JANUSZA KORCZAKA W KOMORNIKACH', 'street': 'STASZICA', 'post_code': '62-052', 'city': 'KOMORNIKI', 'longitude': '16.81050', 'latitude': '52.33881'}, 'data': {'humidity_avg': 43.2864, 'pressure_avg': 1002.3096, 'temperature_avg': 24.6856, 'pm10_avg': 19.32, 'pm25_avg': 8.08}, 'timestamp': '2026-07-25 14:21:08'}",False,
"{'school': {'name': 'SZKOŁA PODSTAWOWA NR 2 IM. RADY EUROPY W KOSTRZYNIE', 'street': 'UL. POWSTAŃCÓW WIELKOPOLSKICH', 'post_code': '62-025', 'city': 'KOSTRZYN', 'longitude': '17.23588', 'latitude': '52.39434'}, 'data': {'humidity_avg': 100.0, 'pressure_avg': 998.1530769230769, 'temperature_avg': 24.525, 'pm10_avg': 13.923076923076923, 'pm25_avg': 11.076923076923077}, 'timestamp': '2026-07-25 14:21:08'}",False,
"{'school': {'name': 'SZKOŁA PODSTAWOWA NR 2 W PLEWISKACH', 'street': 'PROF. WACŁAWA STRAŻEWICZA', 'post_code': '62-064', 'city': 'PLEWISKA', 'longitude': '16.807346', 'latitude': '52.372825'}, 'data': {'humidity_avg': 43.2864, 'pressure_avg': 1002.3096, 'temperature_avg': 24.6856, 'pm10_avg': 19.32, 'pm25_avg': 8.08}, 'timestamp': '2026-07-25 14:21:08'}",False,
"{'school': {'name': 'SZKOŁA PODSTAWOWA W BISKUPICACH', 'street': 'UL. SZKOLNA', 'post_code': '62-007', 'city': 'BISKUPICE', 'longitude': '17.17261', 'latitude': '52.46002'}, 'data': {'humidity_avg': 1.0, 'pressure_avg': 997.875, 'temperature_avg': 25.661153846153844, 'pm10_avg': 23.46153846153846, 'pm25_avg': 10.846153846153847}, 'timestamp': '2026-07-25 14:21:08'}",False,
"{'school': {'name': 'ZESPÓŁ SZKOLNO-PRZEDSZKOLNY W MODRZU', 'street': 'UL. KOŚCIUSZKI', 'post_code': '62-060', 'city': 'MODRZE', 'longitude': '16.63240', 'latitude': '52.21468'}, 'data': {'humidity_avg': 59.5512, 'pressure_avg': 1001.2464, 'temperature_avg': 25.296, 'pm10_avg': 8.88, 'pm25_avg': 7.16}, 'timestamp': '2026-07-25 14:21:08'}",False,
"{'school': {'name': 'SZKOŁA PODSTAWOWA NR 5 IM. JANUSZA KORCZAKA', 'street': 'ul. Chramcówki', 'post_code': '34-500', 'city': 'ZAKOPANE', 'longitude': '19.961801071164402', 'latitude': '49.30218537164973'}, 'data': {'humidity_avg': 50.199999999999996, 'pressure_avg': 980.1916666666667, 'temperature_avg': 20.683333333333334, 'pm10_avg': 3.208333333333333, 'pm25_avg': 2.925}, 'timestamp': '2026-07-25 14:21:08'}",False,
"{'school': {'name': 'TECHNIKUM NR 2 W WAŁBRZYCHU', 'street': 'UL. OGRODOWA', 'post_code': '58-306', 'city': 'WAŁBRZYCH', 'longitude': '16.2843553', 'latitude': '50.7840092'}, 'data': {'humidity_avg': 30.311111111111114, 'pressure_avg': 963.6222222222223, 'temperature_avg': 26.811111111111114, 'pm10_avg': 2.5444444444444443, 'pm25_avg': 2.5444444444444443}, 'timestamp': '2026-07-25 14:21:08'}",False,
"{'school': {'name': 'ZESPÓŁ SZKOLNO - PRZEDSZKOLNY W STRYKOWIE - PRZEDSZKOLE W STRYKOWIE', 'street': 'ul. Bukowska', 'post_code': '62-060', 'city': 'STĘSZEW', 'longitude': '16.6150000', 'latitude': '52.2472000'}, 'data': {'humidity_avg': 100.0, 'pressure_avg': 999.6984, 'temperature_avg': 27.6208, 'pm10_avg': 14.16, 'pm25_avg': 11.4}, 'timestamp': '2026-07-25 14:21:08'}",False,
"{'school': {'name': 'I LICEUM OGÓLNOKSZTAŁCĄCE IM. TADEUSZA KOŚCIUSZKI W LEGNICY', 'street': 'PL. KLASZTORNY', 'post_code': '59-220', 'city': 'LEGNICA', 'longitude': '16.16627117', 'latitude': '51.21034014'}, 'data': {'humidity_avg': 33.483333333333334, 'pressure_avg': 996.6833333333334, 'temperature_avg': 25.083333333333332, 'pm10_avg': 2.141666666666666, 'pm25_avg': 1.883333333333333}, 'timestamp': '2026-07-25 14:21:08'}",False,
"{'school': {'name': 'SZKOŁA PODSTAWOWA NR 7 IM. KORNELA MAKUSZYŃSKIEGO W SKIERNIEWICACH', 'street': 'UL. ŚW. MAKSYMILIANA KOLBE', 'post_code': '96-100', 'city': 'SKIERNIEWICE', 'longitude': '20.21964301', 'latitude': '51.97922640'}, 'data': {'humidity_avg': 34.17777777777778, 'pressure_avg': 996.0333333333333, 'temperature_avg': 28.522222222222222, 'pm10_avg': 2.677777777777778, 'pm25_avg': 2.255555555555555}, 'timestamp': '2026-07-25 14:21:08'}",False,
"{'school': {'name': 'SZKOŁA PODSTAWOWA IM. FRANCISZKA KUJAWIŃSKIEGO W GÓRKACH DUŻYCH', 'street': 'UL. JUTROSZEWSKA', 'post_code': '95-080', 'city': 'GÓRKI DUŻE', 'longitude': '19.50526554', 'latitude': '51.56553408'}, 'data': {'humidity_avg': 47.63333333333333, 'pressure_avg': 982.15, 'temperature_avg': 23.258333333333336, 'pm10_avg': 3.7416666666666663, 'pm25_avg': 3.449999999999999}, 'timestamp': '2026-07-25 14:21:08'}",False,
"{'school': {'name': 'ZESPÓŁ SZKÓŁ CENTRUM KSZTAŁCENIA ROLNICZEGO IM. MICHAŁA DRZYMAŁY W BRZOSTOWIE', 'street': 'ul. Popiela', 'post_code': '89-350', 'city': 'BRZOSTOWO', 'longitude': '17.02117714', 'latitude': '53.10320061'}, 'data': {'humidity_avg': 34.1, 'pressure_avg': 994.9416666666666, 'temperature_avg': 29.775000000000002, 'pm10_avg': 4.3916666666666675, 'pm25_avg': 4.3916666666666675}, 'timestamp': '2026-07-25 14:21:08'}",False,
"{'school': {'name': 'SZKOŁA PODSTAWOWA W RUDNIKACH IM. POWSTAŃCÓW STYCZNIOWYCH', 'street': '', 'post_code': '42-230', 'city': 'RUDNIKI', 'longitude': '19.79088652', 'latitude': '50.82569402'}, 'data': {'humidity_avg': 46.4375, 'pressure_avg': 985.75, 'temperature_avg': 25.1875, 'pm10_avg': 2.8875, 'pm25_avg': 2.6125}, 'timestamp': '2026-07-25 14:21:08'}",False,
"{'school': {'name': 'SZKOŁA PODSTAWOWA NR 2 IM. JANA PAWŁA II W PRZECISZOWIE', 'street': 'UL. PODLESIE', 'post_code': '32-641', 'city': 'PRZECISZÓW', 'longitude': '19.3738442', 'latitude': '50.0088626'}, 'data': {'humidity_avg': 42.76666666666667, 'pressure_avg': 985.225, 'temperature_avg': 24.775000000000002, 'pm10_avg': 2.641666666666666, 'pm25_avg': 2.158333333333333}, 'timestamp': '2026-07-25 14:21:08'}",False,
"{'school': {'name': 'SZKOŁA PODSTAWOWA NR 5 W PYSKOWICACH', 'street': 'UL. SZKOLNA', 'post_code': '44-120', 'city': 'PYSKOWICE', 'longitude': '18.627695', 'latitude': '50.391498'}, 'data': {'humidity_avg': 32.775, 'pressure_avg': 984.3249999999999, 'temperature_avg': 30.708333333333332, 'pm10_avg': 3.191666666666666, 'pm25_avg': 2.65}, 'timestamp': '2026-07-25 14:21:08'}",False,
"{'school': {'name': 'ZESPÓŁ PLACÓWEK OŚWIATOWYCH IM. PROF. KAROLINY LANCKOROŃSKIEJ W JASIENICY', 'street': '', 'post_code': '32-400', 'city': 'JASIENICA', 'longitude': '19.84190401', 'latitude': '49.82371084'}, 'data': {'humidity_avg': 34.28181818181818, 'pressure_avg': 967.9727272727273, 'temperature_avg': 26.227272727272727, 'pm10_avg': 2.663636363636363, 'pm25_avg': 2.363636363636363}, 'timestamp': '2026-07-25 14:21:08'}",False,
"{'school': {'name': 'SZKOŁA PODSTAWOWA SPECJALNA NR 10 IM. JANUSZA KORCZAKA W ŚWIĘTOCHŁOWICACH', 'street': 'UL. ŁAGIEWNICKA', 'post_code': '41-608', 'city': 'ŚWIĘTOCHŁOWICE', 'longitude': '18.91285', 'latitude': '50.310584'}, 'data': {'humidity_avg': 34.23636363636364, 'pressure_avg': 973.8909090909091, 'temperature_avg': 26.91818181818182, 'pm10_avg': 0.18181818181818102, 'pm25_avg': 0.16363636363636302}, 'timestamp': '2026-07-25 14:21:08'}",False,
"{'school': {'name': 'SZKOŁA PODSTAWOWA IM. KAPITAN AK JADWIGI BEAUPRE W SYGNECZOWIE', 'street': None, 'post_code': '32-020', 'city': 'SYGNECZÓW', 'longitude': '20.01655459', 'latitude': '49.97577128'}, 'data': {'humidity_avg': 42.010000000000005, 'pressure_avg': 969.74, 'temperature_avg': 23.84, 'pm10_avg': 2.45, 'pm25_avg': 2.13}, 'timestamp': '2026-07-25 14:21:08'}",False,
"{'school': {'name': 'PUBLICZNA SZKOŁA PODSTAWOWA  IM. KORNELA MAKUSZYŃSKIEGO WE WRZESZCZOWIE', 'street': None, 'post_code': '26-650', 'city': 'WRZESZCZÓW', 'longitude': '20.827514', 'latitude': '51.4984472'}, 'data': {'humidity_avg': 48.11818181818182, 'pressure_avg': 992.9181818181819, 'temperature_avg': 26.58181818181818, 'pm10_avg': 2.190909090909091, 'pm25_avg': 2.154545454545454}, 'timestamp': '2026-07-25 14:21:08'}",False,
"{'school': {'name': 'SZKOŁA PODSTAWOWA NR 42 IM. KONSTANTEGO ILDEFONSA GAŁCZYŃSKIEGO W LUBLINIE', 'street': 'UL. RYCERSKA', 'post_code': '20-552', 'city': 'LUBLIN', 'longitude': '22.51737314', 'latitude': '51.28129644'}, 'data': {'humidity_avg': 44.63636363636363, 'pressure_avg': 983.5, 'temperature_avg': 22.972727272727273, 'pm10_avg': 2.681818181818181, 'pm25_avg': 2.427272727272727}, 'timestamp': '2026-07-25 14:21:08'}",False,
"{'school': {'name': 'SPECJALNY OŚRODEK SZKOLNO-WYCHOWAWCZY IM. JANUSZA KORCZAKA W WĄSOSZU SZKOŁA PODSTAWOWA SPECJALNA W WĄSOSZU', 'street': 'UL. KORCZAKA', 'post_code': '56-210', 'city': 'WĄSOSZ', 'longitude': '16.6888619', 'latitude': '51.5612083'}, 'data': {'humidity_avg': 38.4, 'pressure_avg': 999.9363636363636, 'temperature_avg': 26.818181818181817, 'pm10_avg': 4.063636363636363, 'pm25_avg': 3.463636363636364}, 'timestamp': '2026-07-25 14:21:08'}",False,
"{'school': {'name': 'SZKOŁA PODSTAWOWA W JANUSZOWEJ', 'street': None, 'post_code': '33-300', 'city': 'JANUSZOWA', 'longitude': '20.7262059', 'latitude': '49.6480989'}, 'data': {'humidity_avg': 41.41818181818182, 'pressure_avg': 966.8545454545455, 'temperature_avg': 23.654545454545453, 'pm10_avg': 16.818181818181817, 'pm25_avg': 16.92727272727273}, 'timestamp': '2026-07-25 14:21:08'}",False,
"{'school': {'name': 'V LICEUM OGÓLNOKSZTAŁCĄCE IM. MARII SKŁODOWSKIEJ-CURIE W LUBLINIE', 'street': 'UL. LIPOWA', 'post_code': '20-020', 'city': 'LUBLIN', 'longitude': '22.5515879', 'latitude': '51.2462049'}, 'data': {'humidity_avg': 45.43636363636364, 'pressure_avg': 988.6909090909091, 'temperature_avg': 24.88181818181818, 'pm10_avg': 2.9454545454545453, 'pm25_avg': 2.709090909090909}, 'timestamp': '2026-07-25 14:21:08'}",False,
"{'school': {'name': 'XXXII LICEUM OGÓLNOKSZTAŁCĄCE IM. HALINY POŚWIATOWSKIEJ W ZESPOLE SZKÓŁ OGÓLNOKSZTAŁCĄCYCH NR 1 W ŁODZI', 'street': 'UL. PIOTRA CZAJKOWSKIEGO', 'post_code': '92-511', 'city': 'ŁÓDŹ-WIDZEW', 'longitude': '19.54161351', 'latitude': '51.75532332'}, 'data': {'humidity_avg': 42.43333333333333, 'pressure_avg': 982.6999999999999, 'temperature_avg': 26.483333333333334, 'pm10_avg': 3.416666666666666, 'pm25_avg': 2.85}, 'timestamp': '2026-07-25 14:21:08'}",False,
"{'school': {'name': 'ZESPÓŁ SZKÓŁ IM.T.KOŚCIUSZKI TECHNIKUM W ŻARKACH', 'street': 'UL. MYSZKOWSKA', 'post_code': '42-310', 'city': 'ŻARKI', 'longitude': '19.361968', 'latitude': '50.6212895'}, 'data': {'humidity_avg': 54.225, 'pressure_avg': 974.375, 'temperature_avg': 22.075, 'pm10_avg': 5.1, 'pm25_avg': 4.7}, 'timestamp': '2026-07-25 14:21:08'}",False,
"{'school': {'name': 'SZKOŁA PODSTAWOWA NR 14 IM. KARPACKIEGO ODDZIAŁU STRAŻY GRANICZNEJ W NOWYM SĄCZU', 'street': 'UL. TOWAROWA', 'post_code': '33-300', 'city': 'NOWY SĄCZ', 'longitude': '20.66566532', 'latitude': '49.57927032'}, 'data': {'humidity_avg': 47.958333333333336, 'pressure_avg': 978.0083333333333, 'temperature_avg': 25.349999999999998, 'pm10_avg': 1.0, 'pm25_avg': 0.725}, 'timestamp': '2026-07-25 14:21:08'}",False,
"{'school': {'name': 'SZKOŁA PODSTAWOWA W STARYM ORZECHOWIE', 'street': None, 'post_code': '05-180', 'city': 'STARE ORZECHOWO', 'longitude': '20.86577837', 'latitude': '52.49577248'}, 'data': {'humidity_avg': 55.044444444444444, 'pressure_avg': 1000.7666666666667, 'temperature_avg': 24.144444444444446, 'pm10_avg': 7.288888888888888, 'pm25_avg': 6.955555555555556}, 'timestamp': '2026-07-25 14:21:08'}",False,
"{'school': {'name': 'SZKOŁA PODSTAWOWA IM. JANA PAWŁA II W BAŻYNACH', 'street': '', 'post_code': '11-130', 'city': 'BAŻYNY', 'longitude': '20.04206066', 'latitude': '54.13202111'}, 'data': {'humidity_avg': 60.22727272727273, 'pressure_avg': 1004.1727272727272, 'temperature_avg': 24.41818181818182, 'pm10_avg': 5.436363636363636, 'pm25_avg': 4.727272727272727}, 'timestamp': '2026-07-25 14:21:08'}",False,
"{'school': {'name': 'SZKOŁA PODSTAWOWA NR 6 IM. JÓZEFA RAJSKIEGO BURMISTRZA NOWEGO TARGU W NOWYM TARGU', 'street': 'OS. NA SKARPIE', 'post_code': '34-400', 'city': 'NOWY TARG', 'longitude': '20.0048339', 'latitude': '49.4720351'}, 'data': {'humidity_avg': 38.291666666666664, 'pressure_avg': 942.1666666666666, 'temperature_avg': 23.191666666666666, 'pm10_avg': 2.283333333333333, 'pm25_avg': 2.025}, 'timestamp': '2026-07-25 14:21:08'}",False,
"{'school': {'name': 'SZKOŁA PODSTAWOWA IM. WŁ.ST. REYMONTA W RĘBIELICACH KRÓLEWSKICH', 'street': 'UL. SZKOLNA', 'post_code': '42-110', 'city': 'RĘBIELICE KRÓLEWSKIE', 'longitude': '18.8604488', 'latitude': '50.9958114'}, 'data': {'humidity_avg': 38.96363636363637, 'pressure_avg': 987.9545454545455, 'temperature_avg': 25.10909090909091, 'pm10_avg': 4.609090909090909, 'pm25_avg': 4.290909090909091}, 'timestamp': '2026-07-25 14:21:08'}",False,
"{'school': {'name': 'SZKOŁA PODSTAWOWA 8 IM. JANA PAWŁA II W TRZEBINI', 'street': 'os. OSIEDLE WIDOKOWE', 'post_code': '32-540', 'city': 'TRZEBINIA', 'longitude': '19.47774417', 'latitude': '50.16051239'}, 'data': {'humidity_avg': 39.872727272727275, 'pressure_avg': 969.7272727272727, 'temperature_avg': 25.163636363636364, 'pm10_avg': 2.627272727272727, 'pm25_avg': 2.245454545454545}, 'timestamp': '2026-07-25 14:21:08'}",False,
"{'school': {'name': 'ZESPÓŁ SZKOLNO-PRZEDSZKOLNY NR 21 W KRAKOWIE', 'street': 'ul. Golikówka', 'post_code': '30-723', 'city': 'KRAKÓW', 'longitude': '20.03407325', 'latitude': '50.04592292'}, 'data': {'humidity_avg': 32.99090909090909, 'pressure_avg': 987.2272727272727, 'temperature_avg': 28.454545454545453, 'pm10_avg': 2.818181818181818, 'pm25_avg': 2.3}, 'timestamp': '2026-07-25 14:21:08'}",False,
"{'school': {'name': 'SZKOŁA PODSTAWOWA NR 3 IM.KSIĘDZA PUŁKOWNIKA JÓZEFA JOŃCA W LIMANOWEJ', 'street': 'UL. STANISŁAWA JORDANA', 'post_code': '34-600', 'city': 'LIMANOWA', 'longitude': '20.41776042', 'latitude': '49.70246023'}, 'data': {'humidity_avg': 59.24545454545455, 'pressure_avg': 965.7454545454547, 'temperature_avg': 22.29090909090909, 'pm10_avg': 1.427272727272727, 'pm25_avg': 1.245454545454545}, 'timestamp': '2026-07-25 14:21:08'}",False,
"{'school': {'name': 'SZKOŁA PODSTAWOWA IM. ŚW. JANA PAWŁA II W CIĘŻKOWICACH', 'street': 'UL. TYSIĄCLECIA', 'post_code': '33-190', 'city': 'CIĘŻKOWICE', 'longitude': '20.97328669', 'latitude': '49.78379261'}, 'data': {'humidity_avg': 31.150000000000002, 'pressure_avg': 977.0916666666667, 'temperature_avg': 28.708333333333332, 'pm10_avg': 2.883333333333333, 'pm25_avg': 2.525}, 'timestamp': '2026-07-25 14:21:08'}",False,
"{'school': {'name': 'SZKOŁA PODSTAWOWA NR 1 IM. BOHATERÓW WESTERPLATTE W STAREJ WSI.', 'street': '', 'post_code': '34-600', 'city': 'STARA WIEŚ', 'longitude': '20.39643761', 'latitude': '49.67579946'}, 'data': {'humidity_avg': 36.58, 'pressure_avg': 955.1200000000001, 'temperature_avg': 25.259999999999998, 'pm10_avg': 2.2, 'pm25_avg': 1.9}, 'timestamp': '2026-07-25 14:21:08'}",False,
"{'school': {'name': 'SZKOŁA PODSTAWOWA IM. FRANCISZKA ŚWIEBOCKIEGO W BARCICACH', 'street': '', 'post_code': '33-342', 'city': 'BARCICE', 'longitude': '20.65287800', 'latitude': '49.52568280'}, 'data': {'humidity_avg': 37.50909090909091, 'pressure_avg': 972.6818181818181, 'temperature_avg': 26.70909090909091, 'pm10_avg': 4.20909090909091, 'pm25_avg': 3.718181818181818}, 'timestamp': '2026-07-25 14:21:08'}",False,
"{'school': {'name': 'SZKOŁA PODSTAWOWA IM. LEOPOLDA WĘGRZYNOWICZA W DOBREJ', 'street': '', 'post_code': '34-642', 'city': 'DOBRA', 'longitude': '20.24427874', 'latitude': '49.71571898'}, 'data': {'humidity_avg': 34.94444444444444, 'pressure_avg': 956.6111111111111, 'temperature_avg': 25.055555555555557, 'pm10_avg': 1.711111111111111, 'pm25_avg': 1.711111111111111}, 'timestamp': '2026-07-25 14:21:08'}",False,
"{'school': {'name': 'SZKOŁA PODSTAWOWA IM. ŚW. JANA KANTEGO W ŁAPANOWIE', 'street': '', 'post_code': '32-740', 'city': 'ŁAPANÓW', 'longitude': '20.28812671', 'latitude': '49.86672284'}, 'data': {'humidity_avg': 43.17272727272727, 'pressure_avg': 983.3818181818183, 'temperature_avg': 23.836363636363636, 'pm10_avg': 2.190909090909091, 'pm25_avg': 2.027272727272727}, 'timestamp': '2026-07-25 14:21:08'}",False,
"{'school': {'name': 'SZKOŁA PODSTAWOWA IM. KS. KARD. STEFANA WYSZYŃSKIEGO W KADCZY', 'street': '', 'post_code': '33-389', 'city': 'KADCZA', 'longitude': '20.54374173', 'latitude': '49.53487392'}, 'data': {'humidity_avg': 32.75, 'pressure_avg': 971.9666666666667, 'temperature_avg': 28.075, 'pm10_avg': 2.208333333333333, 'pm25_avg': 2.0}, 'timestamp': '2026-07-25 14:21:08'}",False,
"{'school': {'name': 'PUBLICZNA SZKOŁA PODSTAWOWA IM. KAZIMIERZA BRODZIŃSKIEGO W LIPNICY MUROWANEJ', 'street': '', 'post_code': '32-724', 'city': 'LIPNICA MUROWANA', 'longitude': '20.52481697', 'latitude': '49.85975952'}, 'data': {'humidity_avg': 37.108333333333334, 'pressure_avg': 977.6416666666668, 'temperature_avg': 26.066666666666666, 'pm10_avg': 3.091666666666667, 'pm25_avg': 2.808333333333333}, 'timestamp': '2026-07-25 14:21:08'}",False,
"{'school': {'name': 'ZESPÓŁ SZKÓŁ W BRUNARACH', 'street': 'Brunary', 'post_code': '38-315', 'city': 'UŚCIE GORLICKIE', 'longitude': '21.03494141', 'latitude': '49.53210004'}, 'data': {'humidity_avg': 40.199999999999996, 'pressure_avg': 961.6833333333334, 'temperature_avg': 24.425, 'pm10_avg': 3.125, 'pm25_avg': 2.5749999999999993}, 'timestamp': '2026-07-25 14:21:08'}",False,
"{'school': {'name': 'SZKOŁA PODSTAWOWA NR 2 IM. ŚWIĘTEJ JADWIGI KRÓLOWEJ POLSKI', 'street': 'UL. MIŁOŚNIKÓW PODHALA', 'post_code': '34-425', 'city': 'BIAŁY DUNAJEC', 'longitude': '20.00539035', 'latitude': '49.35921481'}, 'data': {'humidity_avg': 48.21666666666667, 'pressure_avg': 991.8666666666667, 'temperature_avg': 21.95, 'pm10_avg': 2.033333333333333, 'pm25_avg': 1.775}, 'timestamp': '2026-07-25 14:21:08'}",False,
"{'school': {'name': 'SZKOŁA PODSTAWOWA IM. ST. LESZCZYC-PRZYWARY W KĄCLOWEJ', 'street': '', 'post_code': '33-330', 'city': 'KĄCLOWA', 'longitude': '20.96481091', 'latitude': '49.58920601'}, 'data': {'humidity_avg': 48.85, 'pressure_avg': 968.86, 'temperature_avg': 23.93, 'pm10_avg': 4.46, 'pm25_avg': 3.8200000000000003}, 'timestamp': '2026-07-25 14:21:08'}",False,
"{'school': {'name': 'SZKOŁA PODSTAWOWA IM. OJCA ŚWIĘTEGO JANA PAWŁA II W ŁĘGU TARNOWSKIM', 'street': 'UL. WITOSA', 'post_code': '33-131', 'city': 'ŁĘG TARNOWSKI', 'longitude': '20.92801249', 'latitude': '50.09203019'}, 'data': {'humidity_avg': 36.79090909090909, 'pressure_avg': 996.7181818181817, 'temperature_avg': 10.0, 'pm10_avg': 3.363636363636363, 'pm25_avg': 3.4}, 'timestamp': '2026-07-25 14:21:08'}",False,
"{'school': {'name': 'SZKOŁA PODSTAWOWA W KŁAJU', 'street': '', 'post_code': '32-015', 'city': 'KŁAJ', 'longitude': '20.30859627', 'latitude': '49.99014026'}, 'data': {'humidity_avg': 41.34166666666666, 'pressure_avg': 987.775, 'temperature_avg': 23.991666666666664, 'pm10_avg': 2.55, 'pm25_avg': 2.3}, 'timestamp': '2026-07-25 14:21:08'}",False,
"{'school': {'name': 'SZKOŁA PODSTAWOWA IM. ŚWIĘTEGO JANA PAWŁA II W LUBNIU', 'street': '', 'post_code': '32-433', 'city': 'LUBIEŃ', 'longitude': '19.97797646', 'latitude': '49.71552326'}, 'data': {'humidity_avg': 36.641666666666666, 'pressure_avg': 968.9333333333334, 'temperature_avg': 23.875, 'pm10_avg': 2.55, 'pm25_avg': 2.324999999999999}, 'timestamp': '2026-07-25 14:21:08'}",False,
"{'school': {'name': 'SZKOŁA PODSTAWOWA W JAWORZNEJ', 'street': '', 'post_code': '34-602', 'city': 'JAWORZNA', 'longitude': '20.49293011', 'latitude': '49.74829091'}, 'data': {'humidity_avg': 37.50833333333333, 'pressure_avg': 963.5916666666667, 'temperature_avg': 23.974999999999998, 'pm10_avg': 2.408333333333333, 'pm25_avg': 1.958333333333333}, 'timestamp': '2026-07-25 14:21:08'}",False,
"{'school': {'name': 'SZKOŁA PODSTAWOWA IM. ŚW. JANA KANTEGO W LUDŹMIERZU', 'street': 'ul. Kazimierza Przerwy-Tetmajera', 'post_code': '34-471', 'city': 'LUDŹMIERZ', 'longitude': '19.96940400', 'latitude': '49.47236233'}, 'data': {'humidity_avg': 48.449999999999996, 'pressure_avg': 998.1666666666666, 'temperature_avg': 23.416666666666668, 'pm10_avg': 3.4916666666666663, 'pm25_avg': 3.208333333333333}, 'timestamp': '2026-07-25 14:21:08'}",False,
"{'school': {'name': 'SZKOŁA PODSTAWOWA IM. ŚW. KAZIMIERZA JAGIELLOŃCZYKA W BAŃSKIEJ NIŻNEJ', 'street': 'UL. PAPIESKA', 'post_code': '34-424', 'city': 'BAŃSKA NIŻNA', 'longitude': '20.01057106', 'latitude': '49.40405611'}, 'data': {'humidity_avg': 51.709090909090904, 'pressure_avg': 991.5909090909091, 'temperature_avg': 19.70909090909091, 'pm10_avg': 2.081818181818181, 'pm25_avg': 1.818181818181818}, 'timestamp': '2026-07-25 14:21:08'}",False,
"{'school': {'name': 'SZKOŁA PODSTAWOWA IM. ŚW. JANA KANTEGO W BYSTREJ PODHALAŃSKIEJ', 'street': '', 'post_code': '34-235', 'city': 'BYSTRA PODHALAŃSKA', 'longitude': '19.77736462', 'latitude': '49.64188153'}, 'data': {'humidity_avg': 38.32, 'pressure_avg': 960.3799999999999, 'temperature_avg': 23.5, 'pm10_avg': 2.88, 'pm25_avg': 2.38}, 'timestamp': '2026-07-25 14:21:08'}",False,
"{'school': {'name': 'SZKOŁA PODSTAWOWA IM. KORNELA MAKUSZYŃSKIEGO W ŁADNEJ', 'street': '', 'post_code': '33-156', 'city': 'ŁADNA', 'longitude': '21.09424300', 'latitude': '50.01346600'}, 'data': {'humidity_avg': 41.839999999999996, 'pressure_avg': 981.79, 'temperature_avg': 23.369999999999997, 'pm10_avg': 2.61, 'pm25_avg': 2.2800000000000002}, 'timestamp': '2026-07-25 14:21:08'}",False,
"{'school': {'name': 'SZKOŁA PODSTAWOWA IM. HENRYKA SIENKIEWICZA W ZRĘCZYCACH', 'street': 'ZRĘCZYCE', 'post_code': '32-420', 'city': 'ZRĘCZYCE', 'longitude': '20.22211', 'latitude': '49.89188'}, 'data': {'humidity_avg': 28.558333333333334, 'pressure_avg': 979.0333333333333, 'temperature_avg': 30.416666666666668, 'pm10_avg': 2.058333333333333, 'pm25_avg': 1.858333333333333}, 'timestamp': '2026-07-25 14:21:08'}",False,
"{'school': {'name': 'SZKOŁA PODSTAWOWA NR 2 IM. BOHATERÓW WESTERPLATTE W MYŚLENICACH', 'street': 'UL. STEFANA ŻEROMSKIEGO', 'post_code': '32-400', 'city': 'MYŚLENICE', 'longitude': '19.94495616', 'latitude': '49.83418288'}, 'data': {'humidity_avg': 38.06363636363636, 'pressure_avg': 976.1272727272727, 'temperature_avg': 24.663636363636364, 'pm10_avg': 2.527272727272727, 'pm25_avg': 2.190909090909091}, 'timestamp': '2026-07-25 14:21:08'}",False,
"{'school': {'name': 'SZKOŁA PODSTAWOWA NR 11 IM. ŻOŁNIERZY ARMII KRAJOWEJ W NOWYM TARGU', 'street': 'PL. EVRY', 'post_code': '34-400', 'city': 'NOWY TARG', 'longitude': '20.03357858', 'latitude': '49.47217767'}, 'data': {'humidity_avg': 40.589999999999996, 'pressure_avg': 942.8799999999999, 'temperature_avg': 23.1, 'pm10_avg': 1.5899999999999999, 'pm25_avg': 1.38}, 'timestamp': '2026-07-25 14:21:08'}",False,
"{'school': {'name': 'SZKOŁA PODSTAWOWA NR 2 IMIENIA MARII KONOPNICKIEJ W ANDRYCHOWIE', 'street': 'UL. IGNACEGO DASZYŃSKIEGO', 'post_code': '34-120', 'city': 'ANDRYCHÓW', 'longitude': '19.34475154', 'latitude': '49.84947622'}, 'data': {'humidity_avg': 42.525, 'pressure_avg': 971.3666666666667, 'temperature_avg': 23.25, 'pm10_avg': 3.641666666666667, 'pm25_avg': 3.166666666666666}, 'timestamp': '2026-07-25 14:21:08'}",False,
"{'school': {'name': 'SZKOŁA PODSTAWOWA IM. WINCENTEGO WITOSA W RUDCE', 'street': '', 'post_code': '33-122', 'city': 'RUDKA', 'longitude': '20.8875344', 'latitude': '50.04900702'}, 'data': {'humidity_avg': 39.86363636363637, 'pressure_avg': 988.3181818181819, 'temperature_avg': 25.636363636363637, 'pm10_avg': 3.118181818181817, 'pm25_avg': 2.636363636363636}, 'timestamp': '2026-07-25 14:21:08'}",False,
"{'school': {'name': 'SZKOŁA PODSTAWOWA IM.TADEUSZA KOŚCIUSZKI W KONIUSZY', 'street': '', 'post_code': '32-104', 'city': 'KONIUSZA', 'longitude': '20.21421526', 'latitude': '50.18825826'}, 'data': {'humidity_avg': 41.638461538461534, 'pressure_avg': 975.9846153846154, 'temperature_avg': 24.06153846153846, 'pm10_avg': 2.753846153846154, 'pm25_avg': 2.515384615384615}, 'timestamp': '2026-07-25 14:21:08'}",False,
"{'school': {'name': 'SZKOŁA PODSTAWOWA NR 3 IM. KOMISJI EDUKACJI NARODOWEJ 32-050 SKAWINA, UL. ADAMA MICKIEWICZA 11 A', 'street': 'UL. ADAMA MICKIEWICZA', 'post_code': '32-050', 'city': 'SKAWINA', 'longitude': '19.82265223', 'latitude': '49.97521231'}, 'data': {'humidity_avg': 44.18333333333334, 'pressure_avg': 986.5416666666666, 'temperature_avg': 24.025000000000002, 'pm10_avg': 2.941666666666666, 'pm25_avg': 2.383333333333333}, 'timestamp': '2026-07-25 14:21:08'}",False,
"{'school': {'name': 'SZKOŁA PODSTAWOWA W ZESPOLE SZKÓŁ OGÓLNOKSZTAŁCĄCYCH IM. KAZIMIERZA WIELKIEGO W SŁOMNIKACH', 'street': 'UL. ŚW. JANA PAWŁA II', 'post_code': '32-090', 'city': 'SŁOMNIKI', 'longitude': '20.0858955', 'latitude': '50.24468645'}, 'data': {'humidity_avg': 36.375, 'pressure_avg': 979.6916666666667, 'temperature_avg': 25.266666666666666, 'pm10_avg': 3.25, 'pm25_avg': 2.666666666666666}, 'timestamp': '2026-07-25 14:21:08'}",False,
"{'school': {'name': 'SZKOŁA PODSTAWOWA NR 1 IM. HENRYKA SIENKIEWICZA', 'street': 'UL. HENRYKA SIENKIEWICZA', 'post_code': '34-730', 'city': 'MSZANA DOLNA', 'longitude': '20.06982247', 'latitude': '49.67621722'}, 'data': {'humidity_avg': 31.849999999999998, 'pressure_avg': 964.0833333333334, 'temperature_avg': 25.991666666666664, 'pm10_avg': 2.033333333333333, 'pm25_avg': 1.883333333333333}, 'timestamp': '2026-07-25 14:21:08'}",False,
"{'school': {'name': 'SZKOŁA PODSTAWOWA NR 2 IM. WŁADYSŁAWA ORKANA W RABCE-ZDROJU', 'street': 'UL. SĄDECKA', 'post_code': '34-700', 'city': 'RABKA-ZDRÓJ', 'longitude': '19.94603163', 'latitude': '49.61151453'}, 'data': {'humidity_avg': 35.59090909090909, 'pressure_avg': 956.0727272727272, 'temperature_avg': 25.39090909090909, 'pm10_avg': 2.772727272727273, 'pm25_avg': 2.545454545454545}, 'timestamp': '2026-07-25 14:21:08'}",False,
"{'school': {'name': 'SZKOŁA PODSTAWOWA IM. JANA PAWŁA II W GOŁCZY', 'street': '', 'post_code': '32-075', 'city': 'GOŁCZA', 'longitude': '19.92773436', 'latitude': '50.3372467'}, 'data': {'humidity_avg': 38.13636363636363, 'pressure_avg': 975.4454545454545, 'temperature_avg': 24.781818181818185, 'pm10_avg': 3.245454545454545, 'pm25_avg': 2.845454545454545}, 'timestamp': '2026-07-25 14:21:08'}",False,
"{'school': {'name': 'SZKOŁA PODSTAWOWA IM. KPT. PIL. MIECZYSŁAWA MEDWECKIEGO', 'street': '', 'post_code': '32-084', 'city': 'MORAWICA', 'longitude': '19.75549535', 'latitude': '50.08126882'}, 'data': {'humidity_avg': 61.050000000000004, 'pressure_avg': 1009.8333333333334, 'temperature_avg': 21.266666666666666, 'pm10_avg': 22.766666666666666, 'pm25_avg': 22.583333333333332}, 'timestamp': '2026-07-25 14:21:08'}",False,
"{'school': {'name': 'SZKOŁA PODSTAWOWA NR 1 W KOZŁOWIE', 'street': '', 'post_code': '32-241', 'city': 'KOZŁÓW', 'longitude': '20.02161231', 'latitude': '50.48113008'}, 'data': {'humidity_avg': 33.41818181818182, 'pressure_avg': 975.1909090909091, 'temperature_avg': 24.61818181818182, 'pm10_avg': 3.345454545454545, 'pm25_avg': 2.809090909090909}, 'timestamp': '2026-07-25 14:21:08'}",False,
"{'school': {'name': 'SZKOŁA PODSTAWOWA IM. KRÓLA KAZIMIERZA III WIELKIEGO W RUDNIKU', 'street': 'UL. SZKOLNA', 'post_code': '32-440', 'city': 'RUDNIK', 'longitude': '19.83265837', 'latitude': '49.85476119'}, 'data': {'humidity_avg': 32.65, 'pressure_avg': 971.9416666666666, 'temperature_avg': 28.45, 'pm10_avg': 2.816666666666666, 'pm25_avg': 2.5}, 'timestamp': '2026-07-25 14:21:08'}",False,
"{'school': {'name': 'PUBLICZNA SZKOŁA PODSTAWOWA W WOJAKOWEJ', 'street': '', 'post_code': '32-862', 'city': 'WOJAKOWA', 'longitude': '20.56161481', 'latitude': '49.8026459'}, 'data': {'humidity_avg': 46.56666666666666, 'pressure_avg': 978.1333333333333, 'temperature_avg': 23.349999999999998, 'pm10_avg': 2.558333333333333, 'pm25_avg': 2.291666666666666}, 'timestamp': '2026-07-25 14:21:08'}",False,
"{'school': {'name': 'SZKOŁA PODSTAWOWA NR 1 IM.MARII KONOPNICKIEJ W PRZYSZOWEJ', 'street': '', 'post_code': '34-604', 'city': 'PRZYSZOWA', 'longitude': '20.50552913', 'latitude': '49.63812628'}, 'data': {'humidity_avg': 42.574999999999996, 'pressure_avg': 961.2666666666668, 'temperature_avg': 22.84166666666667, 'pm10_avg': 2.725, 'pm25_avg': 2.449999999999999}, 'timestamp': '2026-07-25 14:21:08'}",False,
"{'school': {'name': 'SZKOŁA PODSTAWOWA IM. TADEUSZA KOŚCIUSZKI W STRONIU', 'street': '', 'post_code': '34-145', 'city': 'STRONIE', 'longitude': '19.67411334', 'latitude': '49.83221959'}, 'data': {'humidity_avg': 41.32727272727273, 'pressure_avg': 963.8363636363637, 'temperature_avg': 23.49090909090909, 'pm10_avg': 3.727272727272727, 'pm25_avg': 3.063636363636364}, 'timestamp': '2026-07-25 14:21:08'}",False,
"{'school': {'name': 'SZKOŁA PODSTAWOWA IM. WŁADYSŁAWA ORKANA W MANIOWACH', 'street': 'UL. SZKOLNA', 'post_code': '34-436', 'city': 'MANIOWY', 'longitude': '20.26889513', 'latitude': '49.46175645'}, 'data': {'humidity_avg': 34.458333333333336, 'pressure_avg': 952.1666666666666, 'temperature_avg': 24.0, 'pm10_avg': 1.65, 'pm25_avg': 1.458333333333333}, 'timestamp': '2026-07-25 14:21:08'}",False,
"{'school': {'name': 'SZKOŁA PODSTAWOWA NR 3 IM. ADAMA MICKIEWICZA W STRÓŻY', 'street': '', 'post_code': '32-431', 'city': 'STRÓŻA', 'longitude': '19.94669482', 'latitude': '49.78446923'}, 'data': {'humidity_avg': 41.00909090909091, 'pressure_avg': 974.5181818181819, 'temperature_avg': 24.463636363636365, 'pm10_avg': 3.345454545454545, 'pm25_avg': 3.063636363636364}, 'timestamp': '2026-07-25 14:21:08'}",False,
"{'school': {'name': 'SZKOŁA PODSTAWOWA NR 1 IM. KARPACKIEGO ODDZIAŁU STRAŻY GRANICZNEJ', 'street': '', 'post_code': '38-312', 'city': 'ROPA', 'longitude': '21.04369192', 'latitude': '49.60148893'}, 'data': {'humidity_avg': 43.58, 'pressure_avg': 971.4799999999999, 'temperature_avg': 24.58, 'pm10_avg': 2.46, 'pm25_avg': 2.06}, 'timestamp': '2026-07-25 14:21:08'}",False,
"{'school': {'name': 'ZESPÓŁ SZKOLNO-PRZEDSZKOLNY IM.MAJORA HENRYKA SUCHARSKIEGO W SPYTKOWICACH', 'street': 'ul. Szkolna', 'post_code': '34-116', 'city': 'SPYTKOWICE', 'longitude': '19.50690621', 'latitude': '49.99665238'}, 'data': {'humidity_avg': 41.38333333333333, 'pressure_avg': 985.3916666666668, 'temperature_avg': 27.875, 'pm10_avg': 3.958333333333333, 'pm25_avg': 3.733333333333333}, 'timestamp': '2026-07-25 14:21:08'}",False,
"{'school': {'name': 'SZKOŁA PODSTAWOWA W CZUBROWICACH', 'street': '', 'post_code': '32-049', 'city': 'CZUBROWICE', 'longitude': '19.6875125', 'latitude': '50.21345386'}, 'data': {'humidity_avg': 45.208333333333336, 'pressure_avg': 965.9, 'temperature_avg': 23.133333333333336, 'pm10_avg': 6.441666666666666, 'pm25_avg': 5.483333333333333}, 'timestamp': '2026-07-25 14:21:08'}",False,
"{'school': {'name': 'SZKOŁA PODSTAWOWA IM. BRONISŁAWA WANATA W MOSZCZENICY', 'street': 'UL. LEŚNA', 'post_code': '38-321', 'city': 'MOSZCZENICA', 'longitude': '21.10323283', 'latitude': '49.72453224'}, 'data': {'humidity_avg': 41.86363636363637, 'pressure_avg': 975.5545454545455, 'temperature_avg': 23.245454545454546, 'pm10_avg': 2.118181818181818, 'pm25_avg': 1.845454545454545}, 'timestamp': '2026-07-25 14:21:08'}",False,
"{'school': {'name': 'SZKOŁA PODSTAWOWA IM. JANA PAWŁA II W PODSZKLU', 'street': '', 'post_code': '34-472', 'city': 'PODSZKLE', 'longitude': '19.80198906', 'latitude': '49.51218847'}, 'data': {'humidity_avg': 46.845454545454544, 'pressure_avg': 984.9, 'temperature_avg': 20.663636363636364, 'pm10_avg': 1.8090909090909082, 'pm25_avg': 1.545454545454545}, 'timestamp': '2026-07-25 14:21:08'}",False,
"{'school': {'name': 'SZKOŁA PODSTAWOWA NR 1 IM. ANNY LEŚKIEWICZ W ŁUŻNEJ', 'street': '', 'post_code': '38-322', 'city': 'ŁUŻNA', 'longitude': '21.05479856', 'latitude': '49.7099261'}, 'data': {'humidity_avg': 34.17272727272727, 'pressure_avg': 974.4, 'temperature_avg': 27.1, 'pm10_avg': 2.154545454545454, 'pm25_avg': 1.836363636363636}, 'timestamp': '2026-07-25 14:21:08'}",False,
"{'school': {'name': 'SZKOŁA PODSTAWOWA IMIENIA MIKOŁAJA KOPERNIKA W JASIENNEJ', 'street': 'Jasienna', 'post_code': '33-322', 'city': 'KORZENNA', 'longitude': '20.82251961', 'latitude': '49.71797638'}, 'data': {'humidity_avg': 44.72727272727273, 'pressure_avg': 963.4454545454545, 'temperature_avg': 23.072727272727274, 'pm10_avg': 2.754545454545454, 'pm25_avg': 2.381818181818182}, 'timestamp': '2026-07-25 14:21:08'}",False,
"{'school': {'name': 'SZKOŁA PODSTAWOWA IM. ŻOŁNIERZY NIEZŁOMNYCH W BĄCZEJ-KUNINIE', 'street': '', 'post_code': '33-335', 'city': 'BĄCZA-KUNINA', 'longitude': '20.74304314', 'latitude': '49.5362399'}, 'data': {'humidity_avg': 51.839999999999996, 'pressure_avg': 951.68, 'temperature_avg': 22.12, 'pm10_avg': 5.1, 'pm25_avg': 4.6}, 'timestamp': '2026-07-25 14:21:08'}",False,
"{'school': {'name': 'SZKOŁA PODSTAWOWA IM. ŚW. JANA PAWŁA II W DZIADUSZYCACH', 'street': '', 'post_code': '32-218', 'city': 'DZIADUSZYCE', 'longitude': '20.26778753', 'latitude': '50.38395929'}, 'data': {'humidity_avg': 39.96363636363637, 'pressure_avg': 982.9636363636364, 'temperature_avg': 24.263636363636362, 'pm10_avg': 3.281818181818181, 'pm25_avg': 2.809090909090909}, 'timestamp': '2026-07-25 14:21:08'}",False,
"{'school': {'name': 'SZKOŁA PODSTAWOWA IM. JANA PAWŁA II W IWANOWICACH', 'street': 'ul. Jana Pawła II', 'post_code': '32-095', 'city': 'IWANOWICE WŁOŚCIAŃSKIE', 'longitude': '19.97832221', 'latitude': '50.22302756'}, 'data': {'humidity_avg': 34.050000000000004, 'pressure_avg': 978.9416666666666, 'temperature_avg': 26.55, 'pm10_avg': 0.075, 'pm25_avg': 0.066666666666666}, 'timestamp': '2026-07-25 14:21:08'}",False,
"{'school': {'name': 'SZKOŁA PODSTAWOWA IM. M. STASIUKOWEJ W OCHOJNIE', 'street': 'UL. PODHALAŃSKA', 'post_code': '30-040', 'city': 'OCHOJNO', 'longitude': '19.97311651', 'latitude': '49.95071467'}, 'data': {'humidity_avg': 42.041666666666664, 'pressure_avg': 966.7083333333334, 'temperature_avg': 24.05, 'pm10_avg': 2.449999999999999, 'pm25_avg': 2.066666666666667}, 'timestamp': '2026-07-25 14:21:08'}",False,
"{'school': {'name': 'SZKOŁA PODSTAWOWA NR 2 W WIEPRZU', 'street': 'UL. BESKIDZKA', 'post_code': '34-122', 'city': 'WIEPRZ', 'longitude': '19.37250408', 'latitude': '49.90710861'}, 'data': {'humidity_avg': 42.85833333333333, 'pressure_avg': 978.3666666666667, 'temperature_avg': 24.275000000000002, 'pm10_avg': 3.725, 'pm25_avg': 3.225}, 'timestamp': '2026-07-25 14:21:08'}",False,
"{'school': {'name': 'SZKOŁA PODSTAWOWA NR 2 W STRYSZAWIE', 'street': '', 'post_code': '34-205', 'city': 'STRYSZAWA', 'longitude': '19.52672362', 'latitude': '49.73285017'}, 'data': {'humidity_avg': 37.04545454545455, 'pressure_avg': 965.1636363636364, 'temperature_avg': 24.30909090909091, 'pm10_avg': 2.427272727272727, 'pm25_avg': 2.218181818181818}, 'timestamp': '2026-07-25 14:21:08'}",False,
"{'school': {'name': 'SZKOŁA PODSTAWOWA NR 1 IM. JANA PAWŁA II W SUŁOSZOWEJ', 'street': 'UL. SZKOLNA', 'post_code': '32-045', 'city': 'SUŁOSZOWA', 'longitude': '19.74205039', 'latitude': '50.25958903'}, 'data': {'humidity_avg': 46.08181818181818, 'pressure_avg': 961.2272727272727, 'temperature_avg': 22.01818181818182, 'pm10_avg': 3.0, 'pm25_avg': 2.754545454545454}, 'timestamp': '2026-07-25 14:21:08'}",False,
"{'school': {'name': 'SZKOŁA PODSTAWOWA INTEGRACYJNA NR 11 IM.MARII DĄBROWSKIEJ W TARNOWIE', 'street': 'UL. IGNACEGO MOŚCICKIEGO', 'post_code': '33-100', 'city': 'TARNÓW', 'longitude': '20.95102273', 'latitude': '50.01747959'}, 'data': {'humidity_avg': 41.98571428571428, 'pressure_avg': 987.6857142857143, 'temperature_avg': 24.271428571428572, 'pm10_avg': 4.842857142857142, 'pm25_avg': 4.142857142857143}, 'timestamp': '2026-07-25 14:21:08'}",False,
"{'school': {'name': 'SZKOŁA PODSTAWOWA IM. ŚW. JANA KANTEGO W WOJNICZU', 'street': 'UL. SZKOLNA', 'post_code': '32-830', 'city': 'WOJNICZ', 'longitude': '20.83758269', 'latitude': '49.96104448'}, 'data': {'humidity_avg': 30.827272727272728, 'pressure_avg': 987.0727272727272, 'temperature_avg': 28.927272727272726, 'pm10_avg': 2.072727272727272, 'pm25_avg': 2.072727272727272}, 'timestamp': '2026-07-25 14:21:08'}",False,
"{'school': {'name': 'SZKOŁA PODSTAWOWA NR 1 IM. KSIĘDZA KARDYNAŁA STEFANA WYSZYŃSKIEGO PRYMASA TYSIĄCLECIA W TOKARNI', 'street': '', 'post_code': '32-436', 'city': 'TOKARNIA', 'longitude': '19.87967275', 'latitude': '49.73364856'}, 'data': {'humidity_avg': 36.891666666666666, 'pressure_avg': 963.5166666666668, 'temperature_avg': 24.416666666666668, 'pm10_avg': 2.725, 'pm25_avg': 2.441666666666667}, 'timestamp': '2026-07-25 14:21:08'}",False,
"{'school': {'name': 'SZKOŁA PODSTAWOWA IM.NASZEJ PRZYRODY W WOŹNIKACH', 'street': 'UL. WADOWICKA', 'post_code': '34-103', 'city': 'WOŹNIKI', 'longitude': '19.4909051', 'latitude': '49.93959752'}, 'data': {'humidity_avg': 42.641666666666666, 'pressure_avg': 980.6666666666666, 'temperature_avg': 25.008333333333336, 'pm10_avg': 3.449999999999999, 'pm25_avg': 2.9916666666666663}, 'timestamp': '2026-07-25 14:21:08'}",False,
"{'school': {'name': 'SZKOŁA PODSTAWOWA IM. TADEUSZA KOŚCIUSZKI W PRZEBIECZANACH', 'street': '', 'post_code': '32-020', 'city': 'TOMASZKOWICE', 'longitude': '20.10401518', 'latitude': '49.97594973'}, 'data': {'humidity_avg': 37.0, 'pressure_avg': 977.9222222222221, 'temperature_avg': 25.433333333333334, 'pm10_avg': 2.5666666666666673, 'pm25_avg': 2.111111111111111}, 'timestamp': '2026-07-25 14:21:08'}",False,
"{'school': {'name': 'SZKOŁA PODSTAWOWA IM. MJR PIL. JERZEGO ISZKOWSKIEGO W TĘGOBORZY', 'street': 'ul. św. Floriana', 'post_code': '33-312', 'city': 'TĘGOBORZE', 'longitude': '20.64046414', 'latitude': '49.70908415'}, 'data': {'humidity_avg': 39.845454545454544, 'pressure_avg': 978.4818181818181, 'temperature_avg': 25.218181818181815, 'pm10_avg': 3.49090909090909, 'pm25_avg': 3.272727272727273}, 'timestamp': '2026-07-25 14:21:08'}",False,
"{'school': {'name': 'SZKOŁA PODSTAWOWA IM. JANUSZA KORCZAKA W ZABIERZOWIE', 'street': 'UL. KOLEJOWA', 'post_code': '32-080', 'city': 'ZABIERZÓW', 'longitude': '19.79921223', 'latitude': '50.11711432'}, 'data': {'humidity_avg': 34.858333333333334, 'pressure_avg': 983.4416666666666, 'temperature_avg': 27.34166666666667, 'pm10_avg': 2.391666666666666, 'pm25_avg': 2.033333333333333}, 'timestamp': '2026-07-25 14:21:08'}",False,
"{'school': {'name': 'SZKOŁA PODSTAWOWA IM. 600-LECIA UNIWERSYTETU JAGIELLOŃSKIEGO', 'street': '', 'post_code': '32-010', 'city': 'WYSIOŁEK LUBORZYCKI', 'longitude': '20.10930681', 'latitude': '50.14467797'}, 'data': {'humidity_avg': 38.300000000000004, 'pressure_avg': 980.1090909090909, 'temperature_avg': 24.936363636363637, 'pm10_avg': 3.236363636363636, 'pm25_avg': 2.7363636363636363}, 'timestamp': '2026-07-25 14:21:08'}",False,
"{'school': {'name': 'SZKOŁA PODSTAWOWA NR 4 IM. FRANCESCO NULLO W OLKUSZU', 'street': 'UL. FRANCESCO NULLO', 'post_code': '32-300', 'city': 'OLKUSZ', 'longitude': '19.56869547', 'latitude': '50.2776362'}, 'data': {'humidity_avg': 40.10909090909091, 'pressure_avg': 967.6727272727272, 'temperature_avg': 24.05454545454546, 'pm10_avg': 2.918181818181818, 'pm25_avg': 2.454545454545454}, 'timestamp': '2026-07-25 14:21:08'}",False,
"{'school': {'name': 'PRZEDSZKOLE PUBLICZNE NR 8 ""POD STOKROTKĄ"" W TARNOWIE', 'street': 'ul. Marii Dąbrowskiej', 'post_code': '33-100', 'city': 'TARNÓW', 'longitude': '21.01563158', 'latitude': '50.01721574'}, 'data': {'humidity_avg': 47.4, 'pressure_avg': 989.5916666666667, 'temperature_avg': 23.933333333333334, 'pm10_avg': 3.116666666666666, 'pm25_avg': 2.85}, 'timestamp': '2026-07-25 14:21:08'}",False,
"{'school': {'name': 'SZKOŁA PODSTAWOWA NR 5 IM. ORŁA BIAŁEGO W OŚWIĘCIMIU', 'street': 'UL. EUGENIUSZA KALICIŃSKIEGO', 'post_code': '32-600', 'city': 'OŚWIĘCIM', 'longitude': '19.20401547', 'latitude': '50.03682151'}, 'data': {'humidity_avg': 44.35454545454545, 'pressure_avg': 985.3090909090909, 'temperature_avg': 23.89090909090909, 'pm10_avg': 2.5, 'pm25_avg': 2.063636363636363}, 'timestamp': '2026-07-25 14:21:08'}",False,
"{'school': {'name': 'SZKOŁA PODSTAWOWA NR 2 IM. MIKOŁAJA KOPERNIKA W DĄBROWIE TARNOWSKIEJ', 'street': 'UL. ZARĘBY', 'post_code': '33-200', 'city': 'DĄBROWA TARNOWSKA', 'longitude': '20.98438323', 'latitude': '50.17621862'}, 'data': {'humidity_avg': 41.22727272727273, 'pressure_avg': 986.8545454545455, 'temperature_avg': 23.38181818181818, 'pm10_avg': 3.981818181818181, 'pm25_avg': 3.418181818181818}, 'timestamp': '2026-07-25 14:21:08'}",False,
"{'school': {'name': 'SZKOŁA PODSTAWOWA IM. ADAMA MICKIEWICZA W SZCZUCINIE', 'street': 'UL. KOŚCIUSZKI', 'post_code': '33-230', 'city': 'SZCZUCIN', 'longitude': '21.07654652', 'latitude': '50.3138434'}, 'data': {'humidity_avg': 35.36923076923077, 'pressure_avg': 991.0846153846154, 'temperature_avg': 28.4, 'pm10_avg': 2.669230769230769, 'pm25_avg': 2.353846153846154}, 'timestamp': '2026-07-25 14:21:08'}",False,
"{'school': {'name': 'SZKOŁA PODSTAWOWA IM.A MICKIEWICZA W SZCZUROWEJ', 'street': 'UL. RYNEK', 'post_code': '32-820', 'city': 'SZCZUROWA', 'longitude': '20.63632311', 'latitude': '50.11814123'}, 'data': {'humidity_avg': 35.68181818181818, 'pressure_avg': 989.1909090909091, 'temperature_avg': 25.354545454545452, 'pm10_avg': 2.681818181818181, 'pm25_avg': 2.281818181818181}, 'timestamp': '2026-07-25 14:21:08'}",False,
"{'school': {'name': 'SZKOŁA PODSTAWOWA IM. JANA PAWŁA II W RAJSKU', 'street': 'UL. EDUKACYJNA', 'post_code': '32-600', 'city': 'RAJSKO', 'longitude': '19.19549401', 'latitude': '50.00804693'}, 'data': {'humidity_avg': 41.94, 'pressure_avg': 982.68, 'temperature_avg': 26.380000000000003, 'pm10_avg': 2.84, 'pm25_avg': 2.32}, 'timestamp': '2026-07-25 14:21:08'}",False,
"{'school': {'name': 'SZKOŁA PODSTAWOWA IM. WŁADYSŁAWA ORKANA W WIŚNIOWEJ', 'street': '', 'post_code': '32-412', 'city': 'WIŚNIOWA', 'longitude': '20.12059796', 'latitude': '49.78770432'}, 'data': {'humidity_avg': 39.97272727272727, 'pressure_avg': 971.4727272727273, 'temperature_avg': 24.872727272727275, 'pm10_avg': 0.745454545454545, 'pm25_avg': 0.618181818181818}, 'timestamp': '2026-07-25 14:21:08'}",False,
"{'school': {'name': 'SZKOŁA PODSTAWOWA W SKAWINKACH', 'street': '', 'post_code': '34-143', 'city': 'SKAWINKI', 'longitude': '19.71387992', 'latitude': '49.82536432'}, 'data': {'humidity_avg': 46.31818181818182, 'pressure_avg': 969.4272727272728, 'temperature_avg': 22.554545454545455, 'pm10_avg': 3.290909090909091, 'pm25_avg': 2.872727272727273}, 'timestamp': '2026-07-25 14:21:08'}",False,
"{'school': {'name': 'SZKOŁA PODSTAWOWA W ZARZECZU DUŻYM', 'street': 'UL. ADAMA MICKIEWICZA', 'post_code': '33-207', 'city': 'RADGOSZCZ', 'longitude': '21.09949127', 'latitude': '50.28754905'}, 'data': {'humidity_avg': 40.21818181818182, 'pressure_avg': 989.7454545454547, 'temperature_avg': 28.572727272727274, 'pm10_avg': 4.045454545454546, 'pm25_avg': 3.545454545454545}, 'timestamp': '2026-07-25 14:21:08'}",False,
"{'school': {'name': 'SZKOŁA PODSTAWOWA IM. ŚW. JANA PAWŁA II W RADZISZOWIE 32-052 RADZISZÓW, UL. SZKOLNA 7', 'street': 'UL. SZKOLNA', 'post_code': '32-052', 'city': 'RADZISZÓW', 'longitude': '19.8127236', 'latitude': '49.93885997'}, 'data': {'humidity_avg': 45.554545454545455, 'pressure_avg': 986.5272727272727, 'temperature_avg': 26.89090909090909, 'pm10_avg': 2.581818181818181, 'pm25_avg': 2.581818181818181}, 'timestamp': '2026-07-25 14:21:08'}",False,
"{'school': {'name': 'SZKOŁA PODSTAWOWA Z ODDZIAŁAMI SPECJALNYMI IM. MIKOŁAJA KOPERNIKA W CHEŁMCU', 'street': 'UL. MARCINKOWICKA', 'post_code': '33-395', 'city': 'CHEŁMIEC', 'longitude': '20.66577368', 'latitude': '49.632154'}, 'data': {'humidity_avg': 44.57272727272727, 'pressure_avg': 980.0363636363636, 'temperature_avg': 25.872727272727275, 'pm10_avg': 3.836363636363636, 'pm25_avg': 3.581818181818181}, 'timestamp': '2026-07-25 14:21:08'}",False,
"{'school': {'name': 'SZKOŁA PODSTAWOWA W WOLI LUBECKIEJ', 'street': '', 'post_code': '33-162', 'city': 'WOLA LUBECKA', 'longitude': '21.19583853', 'latitude': '49.91722379'}, 'data': {'humidity_avg': 47.1, 'pressure_avg': 977.7454545454547, 'temperature_avg': 22.672727272727272, 'pm10_avg': 3.218181818181818, 'pm25_avg': 2.818181818181818}, 'timestamp': '2026-07-25 14:21:08'}",False,
"{'school': {'name': 'SZKOŁA PODSTAWOWA W BALICACH', 'street': 'UL. SZKOLNA', 'post_code': '32-083', 'city': 'BALICE', 'longitude': '19.79389006', 'latitude': '50.08602479'}, 'data': {'humidity_avg': 35.63333333333333, 'pressure_avg': 982.9250000000001, 'temperature_avg': 27.3, 'pm10_avg': 2.925, 'pm25_avg': 2.508333333333333}, 'timestamp': '2026-07-25 14:21:08'}",False,
"{'school': {'name': 'SZKOŁA PODSTAWOWA NR 1 IM. POR. TADEUSZA STEFANISZYNA W SPYTKOWICACH', 'street': '', 'post_code': '34-745', 'city': 'SPYTKOWICE', 'longitude': '19.8236308', 'latitude': '49.57757601'}, 'data': {'humidity_avg': 32.13333333333333, 'pressure_avg': 948.5083333333333, 'temperature_avg': 25.71666666666667, 'pm10_avg': 1.991666666666666, 'pm25_avg': 1.708333333333333}, 'timestamp': '2026-07-25 14:21:08'}",False,
"{'school': {'name': 'SZKOŁA PODSTAWOWA IM. JANA PAWŁA II W OCHOTNICY DOLNEJ', 'street': 'OS. CENTRUM', 'post_code': '34-452', 'city': 'OCHOTNICA DOLNA', 'longitude': '20.33348391', 'latitude': '49.52662009'}, 'data': {'humidity_avg': 42.56363636363636, 'pressure_avg': 956.2181818181817, 'temperature_avg': 23.69090909090909, 'pm10_avg': 2.063636363636363, 'pm25_avg': 2.063636363636363}, 'timestamp': '2026-07-25 14:21:08'}",False,
"{'school': {'name': 'SZKOŁA PODSTAWOWA IM. MJR H. SUCHARSKIEGO W GRĘBOSZOWIE', 'street': '', 'post_code': '33-260', 'city': 'GRĘBOSZÓW', 'longitude': '20.78154593', 'latitude': '50.24448872'}, 'data': {'humidity_avg': 55.80833333333334, 'pressure_avg': 990.7083333333334, 'temperature_avg': 25.616666666666664, 'pm10_avg': 3.5, 'pm25_avg': 3.074999999999999}, 'timestamp': '2026-07-25 14:21:08'}",False,
"{'school': {'name': 'SZKOŁA PODSTAWOWA IM. TADEUSZA KOŚCIUSZKI W PODOLSZU', 'street': 'UL. ZATORSKA', 'post_code': '32-640', 'city': 'PODOLSZE', 'longitude': '19.43334697', 'latitude': '50.01163051'}, 'data': {'humidity_avg': 36.06363636363636, 'pressure_avg': 984.5636363636364, 'temperature_avg': 26.99090909090909, 'pm10_avg': 2.3, 'pm25_avg': 2.3}, 'timestamp': '2026-07-25 14:21:08'}",False,
"{'school': {'name': 'SZKOŁA PODSTAWOWA IM. JANUSZA KORCZAKA W PACZÓŁTOWICACH', 'street': '', 'post_code': '32-065', 'city': 'PACZÓŁTOWICE', 'longitude': '19.65776496', 'latitude': '50.17799402'}, 'data': {'humidity_avg': 43.59090909090909, 'pressure_avg': 964.7909090909092, 'temperature_avg': 23.0, 'pm10_avg': 3.436363636363636, 'pm25_avg': 2.954545454545454}, 'timestamp': '2026-07-25 14:21:08'}",False,
"{'school': {'name': 'SZKOŁA PODSTAWOWA IM. BATALIONÓW CHŁOPSKICH', 'street': '', 'post_code': '38-350', 'city': 'WILCZYSKA', 'longitude': '20.9356495', 'latitude': '49.67726326'}, 'data': {'humidity_avg': 38.225, 'pressure_avg': 977.8833333333333, 'temperature_avg': 25.083333333333332, 'pm10_avg': 2.408333333333333, 'pm25_avg': 2.108333333333333}, 'timestamp': '2026-07-25 14:21:08'}",False,
"{'school': {'name': 'SZKOŁA PODSTAWOWA IM. JANA PAWŁA II W ZABAWIE', 'street': 'UL. SZKOLNA', 'post_code': '33-133', 'city': 'ZABAWA', 'longitude': '20.80167161', 'latitude': '50.12515861'}, 'data': {'humidity_avg': 38.87, 'pressure_avg': 989.14, 'temperature_avg': 25.56, 'pm10_avg': 2.8200000000000003, 'pm25_avg': 2.6}, 'timestamp': '2026-07-25 14:21:08'}",False,
"{'school': {'name': 'SZKOŁA PODSTAWOWA IM. STANISŁAWA MIŁKOWSKIEGO W WIETRZYCHOWICACH', 'street': '', 'post_code': '33-270', 'city': 'WIETRZYCHOWICE', 'longitude': '20.76596312', 'latitude': '50.19039104'}, 'data': {'humidity_avg': 38.36363636363637, 'pressure_avg': 990.1272727272727, 'temperature_avg': 25.727272727272727, 'pm10_avg': 4.072727272727272, 'pm25_avg': 3.7636363636363632}, 'timestamp': '2026-07-25 14:21:08'}",False,
"{'school': {'name': 'SZKOŁA PODSTAWOWA IM. ARMII KRAJOWEJ W RZUCHOWEJ', 'street': '', 'post_code': '33-114', 'city': 'RZUCHOWA', 'longitude': '20.93057781', 'latitude': '49.94950395'}, 'data': {'humidity_avg': 32.43636363636364, 'pressure_avg': 986.0272727272727, 'temperature_avg': 28.181818181818183, 'pm10_avg': 2.318181818181818, 'pm25_avg': 2.118181818181818}, 'timestamp': '2026-07-25 14:21:08'}",False,
"{'school': {'name': 'PUBLICZNA SZKOŁA PODSTAWOWA NR 1 IM. HELENY MARUSARZ W WOLI RZĘDZIŃSKIEJ', 'street': '', 'post_code': '33-150', 'city': 'WOLA RZĘDZIŃSKA', 'longitude': '21.06351347', 'latitude': '50.03604049'}, 'data': {'humidity_avg': 34.6, 'pressure_avg': 983.5083333333333, 'temperature_avg': 25.925, 'pm10_avg': 2.641666666666666, 'pm25_avg': 2.333333333333333}, 'timestamp': '2026-07-25 14:21:08'}",False,
"{'school': {'name': 'SZKOŁA PODSTAWOWA IM. MARII KONOPNICKIEJ W MĘDRZECHOWIE', 'street': '', 'post_code': '33-221', 'city': 'MĘDRZECHÓW', 'longitude': '20.94598326', 'latitude': '50.28189901'}, 'data': {'humidity_avg': 34.72727272727273, 'pressure_avg': 990.7181818181817, 'temperature_avg': 27.945454545454538, 'pm10_avg': 2.636363636363636, 'pm25_avg': 2.472727272727272}, 'timestamp': '2026-07-25 14:21:08'}",False,
"{'school': {'name': 'SZKOŁA PODSTAWOWA IM. STANISŁAWA WYSPIAŃSKIEGO W PORĘBIE ŻEGOTY', 'street': 'ul. Szembeków', 'post_code': '32-566', 'city': 'PORĘBA ŻEGOTY', 'longitude': '19.5662502', 'latitude': '50.05802152'}, 'data': {'humidity_avg': 43.15, 'pressure_avg': 978.225, 'temperature_avg': 24.28333333333333, 'pm10_avg': 3.158333333333333, 'pm25_avg': 2.591666666666667}, 'timestamp': '2026-07-25 14:21:08'}",False,
"{'school': {'name': 'ZESPÓŁ SZKOLNO - PRZEDSZKOLNY IMIENIA BŁOGOSŁAWIONEJ KAROLINY KÓZKÓWNY W BORZĘCINIE DOLNYM', 'street': 'Borzęcin', 'post_code': '32-825', 'city': 'BORZĘCIN', 'longitude': '20.69796179', 'latitude': '50.10128695'}, 'data': {'humidity_avg': 37.9, 'pressure_avg': 987.9636363636364, 'temperature_avg': 24.245454545454546, 'pm10_avg': 3.018181818181818, 'pm25_avg': 2.609090909090909}, 'timestamp': '2026-07-25 14:21:08'}",False,
"{'school': {'name': 'SZKOŁA PODSTAWOWA W ZABRZEŻY', 'street': '', 'post_code': '33-390', 'city': 'ZABRZEŻ', 'longitude': '20.403597', 'latitude': '49.545534'}, 'data': {'humidity_avg': 47.541666666666664, 'pressure_avg': 969.1333333333333, 'temperature_avg': 22.849999999999998, 'pm10_avg': 7.058333333333334, 'pm25_avg': 6.158333333333334}, 'timestamp': '2026-07-25 14:21:08'}",False,
"{'school': {'name': 'SZKOŁA PODSTAWOWA IM. POLSKICH OLIMPIJCZYKÓW W KOWALEWIE OPACTWIE', 'street': '', 'post_code': '62-400', 'city': 'KOWALEWO-OPACTWO', 'longitude': '17.91063378', 'latitude': '52.24958592'}, 'data': {'humidity_avg': 32.481818181818184, 'pressure_avg': 996.5909090909091, 'temperature_avg': 29.254545454545454, 'pm10_avg': 4.399999999999999, 'pm25_avg': 3.745454545454545}, 'timestamp': '2026-07-25 14:21:08'}",False,
"{'school': {'name': 'SZKOŁA PODSTAWOWA NR 3 IM. FRYDERYKA CHOPINA W MILANÓWKU', 'street': 'UL. ŻABIE OCZKO', 'post_code': '05-822', 'city': 'MILANÓWEK', 'longitude': '20.6580064', 'latitude': '52.1236463'}, 'data': {'humidity_avg': 47.01818181818182, 'pressure_avg': 996.3727272727273, 'temperature_avg': 25.4, 'pm10_avg': 3.8636363636363633, 'pm25_avg': 3.590909090909091}, 'timestamp': '2026-07-25 14:21:08'}",False,
"{'school': {'name': 'SZKOŁA PODSTAWOWA EKOLA WROCŁAW', 'street': 'UL. ZIELIŃSKIEGO', 'post_code': '53-534', 'city': 'WROCŁAW', 'longitude': '17.020853111206343', 'latitude': '51.09782924529429'}, 'data': {'humidity_avg': 33.63333333333333, 'pressure_avg': 984.9916666666667, 'temperature_avg': 10.0, 'pm10_avg': 3.216666666666667, 'pm25_avg': 2.816666666666666}, 'timestamp': '2026-07-25 14:21:08'}",False,
"{'school': {'name': 'SZKOŁA PODSTAWOWA IM. JANA PAWŁA II W GRONOWIE ELBLĄSKIM', 'street': 'UL. ELBLĄSKA', 'post_code': '83-335', 'city': 'GRONOWO ELBLĄSKIE', 'longitude': '19.30564736', 'latitude': '54.08639103'}, 'data': {'humidity_avg': 51.03636363636363, 'pressure_avg': 1006.9454545454545, 'temperature_avg': 24.9, 'pm10_avg': 3.49090909090909, 'pm25_avg': 3.2}, 'timestamp': '2026-07-25 14:21:08'}",False,
"{'school': {'name': 'SZKOŁA PODSTAWOWA NR 4 IM. UNICEF W OBORNIKACH', 'street': 'UL. OBRZYCKA', 'post_code': '64-600', 'city': 'OBORNIKI', 'longitude': '16.78971481', 'latitude': '52.65269852'}, 'data': {'humidity_avg': 43.2864, 'pressure_avg': 1002.3096, 'temperature_avg': 24.6856, 'pm10_avg': 19.32, 'pm25_avg': 8.08}, 'timestamp': '2026-07-25 14:21:08'}",False,
"{'school': {'name': 'SZKOŁA PODSTAWOWA NR 2 W MUROWANEJ GOŚLINIE', 'street': 'UL. KUTRZEBY', 'post_code': '62-095', 'city': 'MUROWANA GOŚLINA', 'longitude': '16.99321556', 'latitude': '52.56650543'}, 'data': {'humidity_avg': 60.61555555555555, 'pressure_avg': 1001.8622222222223, 'temperature_avg': 24.57611111111111, 'pm10_avg': 18.0, 'pm25_avg': 9.27027027027027}, 'timestamp': '2026-07-25 14:21:08'}",False,
"{'school': {'name': 'SZKOŁA PODSTAWOWA NR 2 IM. WOJSKA POLSKIEGO W OBORNIKACH', 'street': 'UL. SZKOLNA', 'post_code': '64-600', 'city': 'OBORNIKI', 'longitude': '16.81110954', 'latitude': '52.64956284'}, 'data': {'humidity_avg': 43.2864, 'pressure_avg': 1002.3096, 'temperature_avg': 24.6856, 'pm10_avg': 19.32, 'pm25_avg': 8.08}, 'timestamp': '2026-07-25 14:21:08'}",False,
"{'school': {'name': 'SZKOŁA PODSTAWOWA NR 4 IM. MARII KONOPNICKIEJ W ŚREMIE', 'street': 'UL. GROTA-ROWECKIEGO', 'post_code': '63-100', 'city': 'ŚREM', 'longitude': '17.01273155', 'latitude': '52.07447433'}, 'data': {'humidity_avg': 47.6598, 'pressure_avg': 1001.1111999999999, 'temperature_avg': 24.628800000000002, 'pm10_avg': 21.5, 'pm25_avg': 7.84}, 'timestamp': '2026-07-25 14:21:08'}",False,
"{'school': {'name': 'SZKOŁA PODSTAWOWA NR 5 IM. POLSKICH NOBLISTÓW W ŚREMIE', 'street': 'UL. DEZYDEREGO CHŁAPOWSKIEGO', 'post_code': '63-100', 'city': 'ŚREM', 'longitude': '17.01284027', 'latitude': '52.07894897'}, 'data': {'humidity_avg': 43.2864, 'pressure_avg': 1002.3096, 'temperature_avg': 24.6856, 'pm10_avg': 19.32, 'pm25_avg': 8.08}, 'timestamp': '2026-07-25 14:21:08'}",False,
"{'school': {'name': 'SZKOŁA PODSTAWOWA IM. WINCENTEGO WITOSA W CZERLEJNIE', 'street': 'KOSTRZYŃSKA', 'post_code': '62-025', 'city': 'CZERLEJNO', 'longitude': '17.21484566', 'latitude': '52.35338974'}, 'data': {'humidity_avg': 72.19921568627451, 'pressure_avg': 1000.5392156862745, 'temperature_avg': 25.175882352941176, 'pm10_avg': 16.529411764705884, 'pm25_avg': 9.627450980392156}, 'timestamp': '2026-07-25 14:21:08'}",False,
"{'school': {'name': 'SZKOŁA PODSTAWOWA IM. KAZIMIERZA ODNOWICIELA W POBIEDZISKACH', 'street': 'UL. KOSTRZYŃSKA', 'post_code': '62-010', 'city': 'POBIEDZISKA', 'longitude': '17.28010178', 'latitude': '52.47594452'}, 'data': {'humidity_avg': 43.966800000000006, 'pressure_avg': 997.602, 'temperature_avg': 24.391199999999998, 'pm10_avg': 12.28, 'pm25_avg': 9.92}, 'timestamp': '2026-07-25 14:21:08'}",False,
"{'school': {'name': 'ZESPÓŁ SZKÓŁ IM. KONSTYTUCJI 3 MAJA W POBIEDZISKACH LETNISKU', 'street': 'UL. GAJOWA', 'post_code': '62-010', 'city': 'POBIEDZISKA LETNISKO', 'longitude': '17.237746728834875', 'latitude': '52.47200368357204'}, 'data': {'humidity_avg': 100.0, 'pressure_avg': 997.2775999999999, 'temperature_avg': 24.6308, 'pm10_avg': 0.508, 'pm25_avg': 0.508}, 'timestamp': '2026-07-25 14:21:08'}",False,
"{'school': {'name': 'SZKOŁA PODSTAWOWA NR 1 W MOSINIE', 'street': 'UL. SZKOLNA', 'post_code': '62-050', 'city': 'MOSINA', 'longitude': '16.85228729', 'latitude': '52.24979782'}, 'data': {'humidity_avg': 43.2864, 'pressure_avg': 1002.3096, 'temperature_avg': 24.6856, 'pm10_avg': 19.32, 'pm25_avg': 8.08}, 'timestamp': '2026-07-25 14:21:08'}",False,
"{'school': {'name': 'SZKOŁA PODSTAWOWA IM. GEN. JÓZEFA DOWBORA MUŚNICKIEGO W LUSOWIE', 'street': 'UL. NOWA', 'post_code': '62-080', 'city': 'LUSOWO', 'longitude': '16.70324516', 'latitude': '52.43245697'}, 'data': {'humidity_avg': 39.49, 'pressure_avg': 998.5016, 'temperature_avg': 25.776, 'pm10_avg': 18.12, 'pm25_avg': 14.28}, 'timestamp': '2026-07-25 14:21:08'}",False,
"{'school': {'name': 'ZESPÓŁ SZKÓŁ IM. 7 PUŁKU STRZELCÓW KONNYCH WIELKOPOLSKICH', 'street': 'UL. WOJSKOWA', 'post_code': '62-003', 'city': 'BIEDRUSKO', 'longitude': '16.94665693', 'latitude': '52.54204104'}, 'data': {'humidity_avg': 42.16346153846154, 'pressure_avg': 999.9953846153846, 'temperature_avg': 24.82, 'pm10_avg': 13.0, 'pm25_avg': 9.884615384615385}, 'timestamp': '2026-07-25 14:21:08'}",False,
"{'school': {'name': 'SZKOŁA PODSTAWOWA IM. MARII KONOPNICKIEJ W DOPIEWCU', 'street': 'UL. SZKOLNA', 'post_code': '62-070', 'city': 'DOPIEWIEC', 'longitude': '16.71002197', 'latitude': '52.35963058'}, 'data': {'humidity_avg': 43.2864, 'pressure_avg': 1002.3096, 'temperature_avg': 24.6856, 'pm10_avg': 19.32, 'pm25_avg': 8.08}, 'timestamp': '2026-07-25 14:21:08'}",False,
"{'school': {'name': 'SZKOŁA PODSTAWOWA IM. JANAN PAWŁA II W SYCYNIE', 'street': None, 'post_code': '64-600', 'city': 'SYCYN', 'longitude': '16.63873863', 'latitude': '52.65377045'}, 'data': {'humidity_avg': 64.9436, 'pressure_avg': 1000.3376, 'temperature_avg': 24.156, 'pm10_avg': 10.08, 'pm25_avg': 9.72}, 'timestamp': '2026-07-25 14:21:08'}",False,
"{'school': {'name': 'SZKOŁA PODSTAWOWA NR 1 IM. MIKOŁAJA KOPERNIKA W ZALASEWIE', 'street': 'PLANETARNA', 'post_code': '62-020', 'city': 'ZALASEWO', 'longitude': '17.06948662', 'latitude': '52.39210892'}, 'data': {'humidity_avg': 70.62, 'pressure_avg': 999.1311999999999, 'temperature_avg': 23.4628, 'pm10_avg': 7.92, 'pm25_avg': 7.6}, 'timestamp': '2026-07-25 14:21:08'}",False,
"{'school': {'name': 'SZKOŁA PODSTAWOWA NR 2 IM. HR. EDWARDA RACZYŃSKIEGO W KOMORNIKACH', 'street': 'UL. POCZTOWA', 'post_code': '62-052', 'city': 'KOMORNIKI', 'longitude': '16.80311203', 'latitude': '52.33795929'}, 'data': {'humidity_avg': 43.2864, 'pressure_avg': 1002.3096, 'temperature_avg': 24.6856, 'pm10_avg': 19.32, 'pm25_avg': 8.08}, 'timestamp': '2026-07-25 14:21:08'}",False,
"{'school': {'name': 'SZKOŁA PODSTAWOWA NR 1 IM. TYTUSA I JANA DZIAŁYŃSKICH W PLEWISKACH', 'street': 'UL. SZKOLNA', 'post_code': '62-064', 'city': 'PLEWISKA', 'longitude': '16.80783463', 'latitude': '52.36272812'}, 'data': {'humidity_avg': 44.516400000000004, 'pressure_avg': 999.2808, 'temperature_avg': 24.682399999999998, 'pm10_avg': 13.84, 'pm25_avg': 9.4}, 'timestamp': '2026-07-25 14:21:08'}",False,
"{'school': {'name': 'SZKOŁA PODSTAWOWA IM. KAWALERÓW ORDERU UŚMIECHU W DASZEWICACH', 'street': 'UL. SZKOLNA', 'post_code': '61-160', 'city': 'DASZEWICE', 'longitude': '16.9658947', 'latitude': '52.3019371'}, 'data': {'humidity_avg': 54.0, 'pressure_avg': 1001.56875, 'temperature_avg': 25.7125, 'pm10_avg': 1.3875, 'pm25_avg': 1.3875}, 'timestamp': '2026-07-25 14:21:08'}",False,
"{'school': {'name': 'SZKOŁA PODSTAWOWA NR 1 IM. BŁ. EDMUNDA BOJANOWSKIEGO W LUBONIU', 'street': 'UL. PONIATOWSKIEGO', 'post_code': '62-030', 'city': 'LUBOŃ', 'longitude': '16.86248016', 'latitude': '52.35014725'}, 'data': {'humidity_avg': 59.973461538461535, 'pressure_avg': 999.3142307692307, 'temperature_avg': 28.525384615384613, 'pm10_avg': 12.884615384615385, 'pm25_avg': 11.846153846153847}, 'timestamp': '2026-07-25 14:21:08'}",False,
"{'school': {'name': 'SZKOŁA PODSTAWOWA NR 4 IM. PROF. ADAMA WODZICZKI W LUBONIU', 'street': '1 MAJA', 'post_code': '62-030', 'city': 'LUBOŃ', 'longitude': '16.87988853', 'latitude': '52.33322525'}, 'data': {'humidity_avg': 48.93333333333334, 'pressure_avg': 998.9666666666667, 'temperature_avg': 25.433333333333334, 'pm10_avg': 3.066666666666666, 'pm25_avg': 1.78}, 'timestamp': '2026-07-25 14:21:08'}",False,
"{'school': {'name': 'SZKOŁA PODSTAWOWA NR 5 W LUBONIU', 'street': 'UL. HUGONA KOŁŁĄTAJA', 'post_code': '62-030', 'city': 'LUBOŃ', 'longitude': '16.86236954', 'latitude': '52.34331894'}, 'data': {'humidity_avg': 43.2864, 'pressure_avg': 1002.3096, 'temperature_avg': 24.6856, 'pm10_avg': 19.32, 'pm25_avg': 8.08}, 'timestamp': '2026-07-25 14:21:08'}",False,
"{'school': {'name': 'URZĄD GMINY SOSNOWICA', 'street': 'UL. SPOKOJNA', 'post_code': '62-060', 'city': 'STĘSZEW', 'longitude': '23.0889849', 'latitude': '51.52384146'}, 'data': {'humidity_avg': 43.2864, 'pressure_avg': 1002.3096, 'temperature_avg': 24.6856, 'pm10_avg': 19.32, 'pm25_avg': 8.08}, 'timestamp': '2026-07-25 14:21:08'}",False,
"{'school': {'name': 'ZESPÓŁ SZKOLNO-PRZEDSZKOLNY IM. MICHAŁA SZCZYGŁA W GIERAŁTOWICACH', 'street': 'UL. ŚWIĘTEGO MARCINA', 'post_code': '34-122', 'city': 'GIERAŁTÓW', 'longitude': '19.38463168', 'latitude': '49.93930884'}, 'data': {'humidity_avg': 49.26363636363636, 'pressure_avg': 975.3181818181819, 'temperature_avg': 23.327272727272728, 'pm10_avg': 2.263636363636363, 'pm25_avg': 2.263636363636363}, 'timestamp': '2026-07-25 14:21:08'}",False,
"{'school': {'name': 'SZKOŁA PODSTAWOWA NR 2 IM. IRENY SENDLEROWEJ W OTWOCKU', 'street': 'UL. PONIATOWSKIEGO', 'post_code': '05-400', 'city': 'OTWOCK', 'longitude': '21.287', 'latitude': '52.09742'}, 'data': {'humidity_avg': 40.275, 'pressure_avg': 997.1166666666667, 'temperature_avg': 26.425, 'pm10_avg': 2.1, 'pm25_avg': 2.1}, 'timestamp': '2026-07-25 14:21:08'}",False,
"{'school': {'name': 'SZKOŁA PODSTAWOWA NR 4 IM. JÓZEFA PIŁSUDSKIEGO W OTWOCKU', 'street': 'UL. SZKOLNA', 'post_code': '05-400', 'city': 'OTWOCK', 'longitude': '21.25593', 'latitude': '52.10349'}, 'data': {'humidity_avg': 51.324999999999996, 'pressure_avg': 1007.3166666666666, 'temperature_avg': 23.675, 'pm10_avg': 0.0, 'pm25_avg': 0.0}, 'timestamp': '2026-07-25 14:21:08'}",False,
"{'school': {'name': 'SZKOŁA PODSTAWOWA NR 4 IM. BOHATERÓW SPOD DARNICY W PIASTOWIE', 'street': 'UL. ŻBIKOWSKA', 'post_code': '05-820', 'city': 'PIASTÓW', 'longitude': '20.83026', 'latitude': '52.18884'}, 'data': {'humidity_avg': 45.05833333333334, 'pressure_avg': 996.85, 'temperature_avg': 24.133333333333336, 'pm10_avg': 3.15, 'pm25_avg': 3.15}, 'timestamp': '2026-07-25 14:21:08'}",False,
"{'school': {'name': 'SZKOŁA PODSTAWOWA NR 5 IM. ZBIGNIEWA GĘSICKIEGO „JUNO” W PIASTOWIE', 'street': 'UL. PUŁASKIEGO', 'post_code': '05-820', 'city': 'PIASTÓW', 'longitude': '20.8366289', 'latitude': '52.1914255'}, 'data': {'humidity_avg': 33.666666666666664, 'pressure_avg': 996.8166666666666, 'temperature_avg': 28.883333333333336, 'pm10_avg': 2.199999999999999, 'pm25_avg': 2.199999999999999}, 'timestamp': '2026-07-25 14:21:08'}",False,
"{'school': {'name': 'SZKOŁA PODSTAWOWA NR 3 IM. BOLESŁAWA KRZYWOUSTEGO W POZNANIU', 'street': 'OS. PIASTOWSKIE', 'post_code': '61-149', 'city': 'POZNAŃ', 'longitude': '16.94348145', 'latitude': '52.39358139'}, 'data': {'humidity_avg': 51.7132, 'pressure_avg': 1001.1092, 'temperature_avg': 27.0916, 'pm10_avg': 2.404, 'pm25_avg': 2.404}, 'timestamp': '2026-07-25 14:21:08'}",False,
"{'school': {'name': 'SZKOŁA PODSTAWOWA NR 64 IM. MARII KONOPNICKIEJ W POZNANIU', 'street': 'OSIEDLE ORŁA BIAŁEGO', 'post_code': '61-251', 'city': 'POZNAŃ', 'longitude': '16.96721458', 'latitude': '52.38006973'}, 'data': {'humidity_avg': 51.438863636363635, 'pressure_avg': 1000.8195454545454, 'temperature_avg': 24.39454545454545, 'pm10_avg': 14.622222222222222, 'pm25_avg': 8.311111111111112}, 'timestamp': '2026-07-25 14:21:08'}",False,
"{'school': {'name': 'SZKOŁA PODSTAWOWA NR 38 W POZNANIU', 'street': 'UL. ROMANA BRANDSTAETTERA', 'post_code': '61-659', 'city': 'POZNAŃ', 'longitude': '16.9342041', 'latitude': '52.42566299'}, 'data': {'humidity_avg': 36.03, 'pressure_avg': 999.738, 'temperature_avg': 26.8896, 'pm10_avg': 9.0, 'pm25_avg': 7.44}, 'timestamp': '2026-07-25 14:21:08'}",False,
"{'school': {'name': 'SZKOŁA PODSTAWOWA NR 80 IM. KORNELA MAKUSZYŃSKIEGO W POZNANIU', 'street': 'POGODNA', 'post_code': '60-137', 'city': 'POZNAŃ', 'longitude': '16.87457466', 'latitude': '52.38705444'}, 'data': {'humidity_avg': 43.2864, 'pressure_avg': 1002.3096, 'temperature_avg': 24.6856, 'pm10_avg': 19.32, 'pm25_avg': 8.08}, 'timestamp': '2026-07-25 14:21:08'}",False,
"{'school': {'name': 'SZKOŁA PODSTAWOWA NR 90 IM. HR. WŁADYSŁAWA ZAMOYSKIEGO W POZNANIU', 'street': 'UL. CHOCISZEWSKIEGO', 'post_code': '60-261', 'city': 'POZNAŃ', 'longitude': '16.88419724', 'latitude': '52.39484787'}, 'data': {'humidity_avg': 60.873599999999996, 'pressure_avg': 998.9960000000001, 'temperature_avg': 25.421599999999998, 'pm10_avg': 3.36, 'pm25_avg': 3.36}, 'timestamp': '2026-07-25 14:21:08'}",False,
"{'school': {'name': 'SZKOŁA PODSTAWOWA NR 75 IM. POWSTAŃCÓW WIELKOPOLSKICH W POZNANIU', 'street': 'POWSTAŃCÓW WIELKOPOLSKICH', 'post_code': '61-895', 'city': 'POZNAŃ', 'longitude': '16.9231472', 'latitude': '52.40390015'}, 'data': {'humidity_avg': 47.08, 'pressure_avg': 1000.6555999999999, 'temperature_avg': 25.8456, 'pm10_avg': 17.12, 'pm25_avg': 9.4}, 'timestamp': '2026-07-25 14:21:08'}",False,
"{'school': {'name': 'SZKOŁA PODSTAWOWA NR 13 IM. CYTADELOWCÓW POZNAŃSKICH W POZNANIU', 'street': 'AL. NIEPODLEGŁOŚCI', 'post_code': '61-714', 'city': 'POZNAŃ', 'longitude': '16.92272949', 'latitude': '52.41403961'}, 'data': {'humidity_avg': 43.2864, 'pressure_avg': 1002.3096, 'temperature_avg': 24.6856, 'pm10_avg': 19.32, 'pm25_avg': 8.08}, 'timestamp': '2026-07-25 14:21:08'}",False,
"{'school': {'name': 'SZKOŁA PODSTAWOWA NR 105 IM. JULIANA TUWIMA W POZNANIU', 'street': 'UL. NIESZAWSKA', 'post_code': '61-021', 'city': 'POZNAŃ', 'longitude': '16.98015404', 'latitude': '52.41488266'}, 'data': {'humidity_avg': 42.0982, 'pressure_avg': 1002.0716, 'temperature_avg': 25.292399999999997, 'pm10_avg': 16.7, 'pm25_avg': 9.68}, 'timestamp': '2026-07-25 14:21:08'}",False,
"{'school': {'name': 'SZKOŁA PODSTAWOWA SPECJALNA NR 106 W POZNANIU', 'street': 'UL. KLEMENSA JANICKIEGO', 'post_code': '60-542', 'city': 'POZNAŃ', 'longitude': '16.89997864', 'latitude': '52.42756271'}, 'data': {'humidity_avg': 39.89807692307692, 'pressure_avg': 1001.3711538461539, 'temperature_avg': 26.47576923076923, 'pm10_avg': 9.692307692307692, 'pm25_avg': 9.192307692307692}, 'timestamp': '2026-07-25 14:21:08'}",False,
"{'school': {'name': 'SZKOŁA PODSTAWOWA NR 34 IM. WOJSKA POLSKIEGO W POZNANIU', 'street': 'OS. BOLESŁAWA ŚMIAŁEGO', 'post_code': '60-682', 'city': 'POZNAŃ', 'longitude': '16.92449188', 'latitude': '52.45452118'}, 'data': {'humidity_avg': 55.86, 'pressure_avg': 998.1283999999999, 'temperature_avg': 25.409200000000002, 'pm10_avg': 3.32, 'pm25_avg': 3.32}, 'timestamp': '2026-07-25 14:21:08'}",False,
"{'school': {'name': 'SZKOŁA PODSTAWOWA SPECJALNA NR 107 IM. ARKADEGO FIEDLERA W POZNANIU', 'street': 'DĄBROWSKIEGO', 'post_code': '60-523', 'city': 'POZNAŃ', 'longitude': '16.901577', 'latitude': '52.4134407'}, 'data': {'humidity_avg': 63.446363636363635, 'pressure_avg': 999.6981818181819, 'temperature_avg': 24.78318181818182, 'pm10_avg': 11.608695652173912, 'pm25_avg': 11.130434782608695}, 'timestamp': '2026-07-25 14:21:08'}",False,
"{'school': {'name': 'SZKOŁA PODSTAWOWA NR 60 IM. WOJCIECHA BOGUSŁAWSKIEGO W POZNANIU', 'street': 'UL. BORANTA', 'post_code': '61-608', 'city': 'POZNAŃ', 'longitude': '16.94834518', 'latitude': '52.45634079'}, 'data': {'humidity_avg': 100.0, 'pressure_avg': 998.6899999999999, 'temperature_avg': 27.053076923076922, 'pm10_avg': 14.26923076923077, 'pm25_avg': 11.538461538461538}, 'timestamp': '2026-07-25 14:21:08'}",False,
"{'school': {'name': 'SZKOŁA PODSTAWOWA NR 77 W POZNANIU', 'street': 'DMOWSKIEGO', 'post_code': '60-995', 'city': 'POZNAŃ', 'longitude': '16.89839363', 'latitude': '52.38943481'}, 'data': {'humidity_avg': 55.2604, 'pressure_avg': 1001.5731999999999, 'temperature_avg': 23.812399999999997, 'pm10_avg': 13.52, 'pm25_avg': 13.12}, 'timestamp': '2026-07-25 14:21:08'}",False,
"{'school': {'name': 'SZKOŁA PODSTAWOWA NR 84 IM. TADEUSZA KOŚCIUSZKI W POZNANIU', 'street': 'ŚWIĘTEGO SZCZEPANA', 'post_code': '61-465', 'city': 'POZNAŃ', 'longitude': '16.90634918', 'latitude': '52.37201691'}, 'data': {'humidity_avg': 40.545, 'pressure_avg': 1001.6211538461539, 'temperature_avg': 25.674230769230768, 'pm10_avg': 9.807692307692308, 'pm25_avg': 9.23076923076923}, 'timestamp': '2026-07-25 14:21:08'}",False,
"{'school': {'name': 'SZKOŁA PODSTAWOWA NR 23 IM. GEN. JÓZEFA BEMA W POZNANIU', 'street': 'UL. NORWIDA', 'post_code': '60-867', 'city': 'POZNAŃ', 'longitude': '16.91053009', 'latitude': '52.41601944'}, 'data': {'humidity_avg': 64.22461538461538, 'pressure_avg': 1000.4365384615384, 'temperature_avg': 25.16653846153846, 'pm10_avg': 3.461538461538461, 'pm25_avg': 3.461538461538461}, 'timestamp': '2026-07-25 14:21:08'}",False,
"{'school': {'name': 'SZKOŁA PODSTAWOWA NR 62 W POZNANIU', 'street': 'DRUSKIENICKA', 'post_code': '60-475', 'city': 'POZNAŃ', 'longitude': '16.88948631', 'latitude': '52.45068741'}, 'data': {'humidity_avg': 43.2864, 'pressure_avg': 1002.3096, 'temperature_avg': 24.6856, 'pm10_avg': 19.32, 'pm25_avg': 8.08}, 'timestamp': '2026-07-25 14:21:08'}",False,
"{'school': {'name': 'SZKOŁA PODSTAWOWA NR 82 IM. KSIĘCIA PRZEMYSŁA I W POZNANIU', 'street': 'KRAKOWSKA', 'post_code': '61-889', 'city': 'POZNAŃ', 'longitude': '16.93424606', 'latitude': '52.40084076'}, 'data': {'humidity_avg': 50.73833333333334, 'pressure_avg': 1003.4987500000001, 'temperature_avg': 24.775833333333335, 'pm10_avg': 8.791666666666666, 'pm25_avg': 8.541666666666666}, 'timestamp': '2026-07-25 14:21:08'}",False,
"{'school': {'name': 'SZKOŁA PODSTAWOWA NR 7 IM. ERAZMA Z ROTTERDAMU W POZNANIU', 'street': 'GALILEUSZA', 'post_code': '60-158', 'city': 'POZNAŃ', 'longitude': '16.86313629', 'latitude': '52.38921356'}, 'data': {'humidity_avg': 41.24208333333333, 'pressure_avg': 999.4079166666667, 'temperature_avg': 24.98375, 'pm10_avg': 23.208333333333332, 'pm25_avg': 14.541666666666666}, 'timestamp': '2026-07-25 14:21:08'}",False,
"{'school': {'name': 'SZKOŁA PODSTAWOWA NR 83 „ŁEJERY” IM. EMILII WAŚNIOWSKIEJ W POZNANIU', 'street': 'BRANDSTAETTERA', 'post_code': '61-659', 'city': 'POZNAŃ', 'longitude': '16.93492126', 'latitude': '52.42544174'}, 'data': {'humidity_avg': 42.224000000000004, 'pressure_avg': 998.9965, 'temperature_avg': 24.9085, 'pm10_avg': 29.3, 'pm25_avg': 11.1}, 'timestamp': '2026-07-25 14:21:08'}",False,
"{'school': {'name': 'SZKOŁA PODSTAWOWA NR 112 W POZNANIU', 'street': 'OBORNICKA', 'post_code': '60-691', 'city': 'POZNAŃ', 'longitude': '16.89865494', 'latitude': '52.45604324'}, 'data': {'humidity_avg': 41.3912, 'pressure_avg': 997.6832, 'temperature_avg': 24.7716, 'pm10_avg': 11.88, 'pm25_avg': 11.84}, 'timestamp': '2026-07-25 14:21:08'}",False,
"{'school': {'name': 'SZKOŁA PODSTAWOWA NR 1 W POZNANIU', 'street': 'UL. HEZJODA', 'post_code': '60-461', 'city': 'POZNAŃ', 'longitude': '16.88130379', 'latitude': '52.44327545'}, 'data': {'humidity_avg': 45.2448, 'pressure_avg': 998.4044, 'temperature_avg': 24.498800000000003, 'pm10_avg': 14.32, 'pm25_avg': 13.64}, 'timestamp': '2026-07-25 14:21:08'}",False,
"{'school': {'name': 'SZKOŁA PODSTAWOWA NR 6 IM. HIPOLITA CEGIELSKIEGO W POZNANIU', 'street': 'RUSA', 'post_code': '61-245', 'city': 'POZNAŃ', 'longitude': '16.98623848', 'latitude': '52.39060211'}, 'data': {'humidity_avg': 86.28571428571429, 'pressure_avg': 1000.1514285714285, 'temperature_avg': 24.222857142857144, 'pm10_avg': 8.142857142857142, 'pm25_avg': 9.571428571428571}, 'timestamp': '2026-07-25 14:21:08'}",False,
"{'school': {'name': 'SZKOŁA PODSTAWOWA NR 12 IM. WIELKOPOLSKIEJ BRYGADY KAWALERII', 'street': 'os. Zwycięstwa', 'post_code': '61-643', 'city': 'POZNAŃ', 'longitude': '16.92538261', 'latitude': '52.44150925'}, 'data': {'humidity_avg': 36.63, 'pressure_avg': 997.8684, 'temperature_avg': 26.375999999999998, 'pm10_avg': 16.64, 'pm25_avg': 13.32}, 'timestamp': '2026-07-25 14:21:08'}",False,
"{'school': {'name': 'SPORTOWA SZKOŁA PODSTAWOWA NR 29 W POZNANIU', 'street': 'OS. POD LIPAMI', 'post_code': '61-638', 'city': 'POZNAŃ', 'longitude': '16.94106674', 'latitude': '52.43153381'}, 'data': {'humidity_avg': 45.298, 'pressure_avg': 998.7168, 'temperature_avg': 24.2092, 'pm10_avg': 22.36, 'pm25_avg': 10.92}, 'timestamp': '2026-07-25 14:21:08'}",False,
"{'school': {'name': 'SZKOŁA PODSTAWOWA NR 22 IM. ADAMA TYTUSA DZIAŁYŃSKIEGO W POZNANIU', 'street': 'HANGAROWA', 'post_code': '60-409', 'city': 'POZNAŃ', 'longitude': '16.85006332', 'latitude': '52.42495346'}, 'data': {'humidity_avg': 43.2864, 'pressure_avg': 1002.3096, 'temperature_avg': 24.6856, 'pm10_avg': 19.32, 'pm25_avg': 8.08}, 'timestamp': '2026-07-25 14:21:08'}",False,
"{'school': {'name': 'SZKOŁA PODSTAWOWA NR 55 IM. JURIJA GAGARINA W POZNANIU', 'street': 'SZPAKÓW', 'post_code': '61-065', 'city': 'POZNAŃ', 'longitude': '17.0114212', 'latitude': '52.39030838'}, 'data': {'humidity_avg': 43.2864, 'pressure_avg': 1002.3096, 'temperature_avg': 24.6856, 'pm10_avg': 19.32, 'pm25_avg': 8.08}, 'timestamp': '2026-07-25 14:21:08'}",False,
"{'school': {'name': 'SZKOŁA PODSTAWOWA NR 9 IM. DOKTORA FRANCISZKA WITASZKA W POZNANIU', 'street': 'UL. JÓZEFA ŁUKASZEWICZA', 'post_code': '60-726', 'city': 'POZNAŃ', 'longitude': '16.90358162', 'latitude': '52.39443588'}, 'data': {'humidity_avg': 43.2864, 'pressure_avg': 1002.3096, 'temperature_avg': 24.6856, 'pm10_avg': 19.32, 'pm25_avg': 8.08}, 'timestamp': '2026-07-25 14:21:08'}",False,
"{'school': {'name': 'SZKOŁA PODSTAWOWA NR 10 IM. ARKADEGO FIDLERA W POZNANIU', 'street': 'BOSA', 'post_code': '60-125', 'city': 'POZNAŃ', 'longitude': '16.88327599', 'latitude': '52.38434982'}, 'data': {'humidity_avg': 43.2454, 'pressure_avg': 1000.9010000000001, 'temperature_avg': 24.976599999999998, 'pm10_avg': 15.0, 'pm25_avg': 9.3}, 'timestamp': '2026-07-25 14:21:08'}",False,
"{'school': {'name': 'SZKOŁA PODSTAWOWA NR 26 IM. RYSZARDA BERWIŃSKIEGO W POZNANIU', 'street': 'UL. BERWIŃSKIEGO', 'post_code': '60-765', 'city': 'POZNAŃ', 'longitude': '16.9016552', 'latitude': '52.39816284'}, 'data': {'humidity_avg': 46.566923076923075, 'pressure_avg': 999.6119230769231, 'temperature_avg': 24.16923076923077, 'pm10_avg': 6.0, 'pm25_avg': 4.307692307692307}, 'timestamp': '2026-07-25 14:21:08'}",False,
"{'school': {'name': 'SZKOŁA PODSTAWOWA NR 2 IM. SZARYCH SZEREGÓW W POZNANIU', 'street': 'OS. JAGIELLOŃSKIE', 'post_code': '61-223', 'city': 'POZNAŃ', 'longitude': '16.95454025', 'latitude': '52.3906517'}, 'data': {'humidity_avg': 31.641190476190477, 'pressure_avg': 1001.9390476190476, 'temperature_avg': 19.72, 'pm10_avg': 20.733333333333334, 'pm25_avg': 9.244444444444444}, 'timestamp': '2026-07-25 14:21:08'}",False,
"{'school': {'name': 'SZKOŁA PODSTAWOWA NR 67 IM. JACKA KURONIA W POZNANIU', 'street': 'OS. STEFANA BATOREGO', 'post_code': '60-687', 'city': 'POZNAŃ', 'longitude': '16.92311287', 'latitude': '52.45628357'}, 'data': {'humidity_avg': 43.2864, 'pressure_avg': 1002.3096, 'temperature_avg': 24.6856, 'pm10_avg': 19.32, 'pm25_avg': 8.08}, 'timestamp': '2026-07-25 14:21:08'}",False,
"{'school': {'name': 'SZKOŁA PODSTAWOWA NR 47 Z ODDZIAŁAMI DWUJĘZYCZNYMI', 'street': 'os. Czecha', 'post_code': '61-288', 'city': 'POZNAŃ', 'longitude': '16.97763062', 'latitude': '52.38436508'}, 'data': {'humidity_avg': 41.7592, 'pressure_avg': 1000.4903999999999, 'temperature_avg': 24.1828, 'pm10_avg': 15.08, 'pm25_avg': 12.04}, 'timestamp': '2026-07-25 14:21:08'}",False,
"{'school': {'name': 'SZKOŁA PODSTAWOWA NR 93 W POZNANIU', 'street': 'UMULTOWSKA', 'post_code': '61-614', 'city': 'POZNAŃ', 'longitude': '16.93852615', 'latitude': '52.47229385'}, 'data': {'humidity_avg': 43.2864, 'pressure_avg': 1002.3096, 'temperature_avg': 24.6856, 'pm10_avg': 19.32, 'pm25_avg': 8.08}, 'timestamp': '2026-07-25 14:21:08'}",False,
"{'school': {'name': 'XXXVIII DWUJĘZYCZNE LICEUM OGÓLNOKSZTAŁCĄCE', 'street': 'UL. MICHAŁA DRZYMAŁY 4 LOK.', 'post_code': '60-613', 'city': 'POZNAŃ', 'longitude': '16.91071701', 'latitude': '52.42235565'}, 'data': {'humidity_avg': 65.03545454545454, 'pressure_avg': 1001.1081818181818, 'temperature_avg': 25.25909090909091, 'pm10_avg': 4.090909090909091, 'pm25_avg': 3.454545454545454}, 'timestamp': '2026-07-25 14:21:08'}",False,
"{'school': {'name': 'PRZEDSZKOLE „LEŚNE DUSZKI”', 'street': 'DŁUGA', 'post_code': '62-070', 'city': 'ZAKRZEWO', 'longitude': '16.725871642330244', 'latitude': '52.39324421111061'}, 'data': {'humidity_avg': 43.2864, 'pressure_avg': 1002.3096, 'temperature_avg': 24.6856, 'pm10_avg': 19.32, 'pm25_avg': 8.08}, 'timestamp': '2026-07-25 14:21:08'}",False,
"{'school': {'name': 'SZKOŁA PODSTAWOWA IM. BRONISŁAWA MALINOWSKIEGO W CHRUSTOWIE', 'street': '', 'post_code': '64-600', 'city': 'CHRUSTOWO', 'longitude': '16.71426964', 'latitude': '52.63230896'}, 'data': {'humidity_avg': 39.10130434782609, 'pressure_avg': 1000.6056521739131, 'temperature_avg': 31.290434782608692, 'pm10_avg': 15.173913043478262, 'pm25_avg': 8.73913043478261}, 'timestamp': '2026-07-25 14:21:08'}",False,
"{'school': {'name': 'SZKOŁA PODSTAWOWA IM. WŁADYSŁAWA REYMONTA W KRZYŻANOWIE', 'street': 'KRZYŻANOWO', 'post_code': '63-100', 'city': 'KRZYŻANOWO', 'longitude': '16.91054916', 'latitude': '52.09793091'}, 'data': {'humidity_avg': 43.2864, 'pressure_avg': 1002.3096, 'temperature_avg': 24.6856, 'pm10_avg': 19.32, 'pm25_avg': 8.08}, 'timestamp': '2026-07-25 14:21:08'}",False,
"{'school': {'name': 'ZESPÓŁ SZKÓŁ IM. O. MARIANA ŻELAZKA W CHLUDOWIE FILIA W GOLĘCZEWIE', 'street': 'UL. DWORCOWA', 'post_code': '62-001', 'city': 'GOLĘCZEWO', 'longitude': '16.8183918', 'latitude': '52.5346756'}, 'data': {'humidity_avg': 50.9, 'pressure_avg': 998.2883999999999, 'temperature_avg': 24.5212, 'pm10_avg': 7.92, 'pm25_avg': 6.6}, 'timestamp': '2026-07-25 14:21:08'}",False,
"{'school': {'name': 'PUBLICZNE PRZEDSZKOLE ""AKADEMOS"" W ZŁOTNIKACH', 'street': 'UL. LAZYRUTOWA', 'post_code': '62-002', 'city': 'ZŁOTNIKI', 'longitude': '16.72588237', 'latitude': '52.39324421'}, 'data': {'humidity_avg': 43.2864, 'pressure_avg': 1002.3096, 'temperature_avg': 24.6856, 'pm10_avg': 19.32, 'pm25_avg': 8.08}, 'timestamp': '2026-07-25 14:21:08'}",False,
"{'school': {'name': 'SZKOŁA PODSTAWOWA W JABŁKOWIE', 'street': None, 'post_code': '62-285', 'city': 'JABŁKOWO', 'longitude': '17.30526352', 'latitude': '52.65771484'}, 'data': {'humidity_avg': 45.244313725490194, 'pressure_avg': 998.7845098039217, 'temperature_avg': 24.79078431372549, 'pm10_avg': 29.980392156862745, 'pm25_avg': 20.019607843137255}, 'timestamp': '2026-07-25 14:21:08'}",False,
"{'school': {'name': 'SZKOŁA PODSTAWOWA W ŁOPUCHOWIE', 'street': None, 'post_code': '62-095', 'city': 'ŁOPUCHOWO', 'longitude': '17.09284592', 'latitude': '52.61447144'}, 'data': {'humidity_avg': 43.2864, 'pressure_avg': 1002.3096, 'temperature_avg': 24.6856, 'pm10_avg': 19.32, 'pm25_avg': 8.08}, 'timestamp': '2026-07-25 14:21:08'}",False,
"{'school': {'name': 'SZKOŁA PODSTAWOWA IM. LEONA MASIAKOWSKIEGO W BIAŁĘŻYNIE', 'street': None, 'post_code': '62-095', 'city': 'BIAŁĘŻYN', 'longitude': '16.97803879', 'latitude': '52.62910843'}, 'data': {'humidity_avg': 44.7816, 'pressure_avg': 996.9944, 'temperature_avg': 24.378400000000003, 'pm10_avg': 233.32, 'pm25_avg': 180.12}, 'timestamp': '2026-07-25 14:21:08'}",False,
"{'school': {'name': 'SZKOŁA PODSTAWOWA IM. JANA PAWŁA II W SZCZODRZYKOWIE', 'street': 'OGRODOWA', 'post_code': '62-035', 'city': 'SZCZODRZYKOWO', 'longitude': '17.10255051', 'latitude': '52.28513336'}, 'data': {'humidity_avg': 43.2864, 'pressure_avg': 1002.3096, 'temperature_avg': 24.6856, 'pm10_avg': 19.32, 'pm25_avg': 8.08}, 'timestamp': '2026-07-25 14:21:08'}",False,
"{'school': {'name': 'SZKOŁA PODSTAWOWA IM. ARKADEGO FIEDLERA W CHOMĘCICACH', 'street': 'UL. POZNAŃSKA', 'post_code': '62-052', 'city': 'CHOMĘCICE', 'longitude': '16.74156761', 'latitude': '52.33368683'}, 'data': {'humidity_avg': 58.66346153846154, 'pressure_avg': 999.553076923077, 'temperature_avg': 24.725, 'pm10_avg': 15.346153846153847, 'pm25_avg': 14.115384615384615}, 'timestamp': '2026-07-25 14:21:08'}",False,
"{'school': {'name': 'SZKOŁA PODSTAWOWA NR 1 IM. ADAMA MICKIEWICZA W PUSZCZYKOWIE', 'street': 'UL. WYSOKA', 'post_code': '62-040', 'city': 'PUSZCZYKOWO', 'longitude': '16.85375595', 'latitude': '52.28887939'}, 'data': {'humidity_avg': 43.2864, 'pressure_avg': 1002.3096, 'temperature_avg': 24.6856, 'pm10_avg': 19.32, 'pm25_avg': 8.08}, 'timestamp': '2026-07-25 14:21:08'}",False,
"{'school': {'name': 'SZKOŁA PODSTAWOWA NR 2 IM. POWSTAŃCÓW WIELKOPOLSKICH W PUSZCZYKOWIE', 'street': 'UL. JANA KASPROWICZA', 'post_code': '62-040', 'city': 'PUSZCZYKOWO', 'longitude': '16.85844231', 'latitude': '52.27380753'}, 'data': {'humidity_avg': 43.2864, 'pressure_avg': 1002.3096, 'temperature_avg': 24.6856, 'pm10_avg': 19.32, 'pm25_avg': 8.08}, 'timestamp': '2026-07-25 14:21:08'}",False,
"{'school': {'name': 'LICEUM OGÓLNOKSZTAŁCĄCE IM. POWSTAŃCÓW WIELKOPOLSKICH W TARNOWIE PODGÓRNYM', 'street': 'UL. POZNAŃSKA', 'post_code': '62-080', 'city': 'TARNOWO PODGÓRNE', 'longitude': '16.65105057', 'latitude': '52.46143723'}, 'data': {'humidity_avg': 43.2864, 'pressure_avg': 1002.3096, 'temperature_avg': 24.6856, 'pm10_avg': 19.32, 'pm25_avg': 8.08}, 'timestamp': '2026-07-25 14:21:08'}",False,
"{'school': {'name': 'SZKOŁA PODSTAWOWA W JABŁKOWIE FILIA W REJOWCU', 'street': None, 'post_code': '62-093', 'city': 'REJOWIEC', 'longitude': '17.16859245', 'latitude': '52.6228447'}, 'data': {'humidity_avg': 76.5532, 'pressure_avg': 997.164, 'temperature_avg': 26.178800000000003, 'pm10_avg': 21.4, 'pm25_avg': 12.16}, 'timestamp': '2026-07-25 14:21:08'}",False,
"{'school': {'name': 'ZESPÓŁ SZKOLNO-PRZEDSZKOLNY W ROŻNOWIE', 'street': 'ul. Dworcowa', 'post_code': '64-600', 'city': 'ROŻNOWO', 'longitude': '16.874898928834885', 'latitude': '52.67467038068995'}, 'data': {'humidity_avg': 66.24190476190476, 'pressure_avg': 1001.0942857142857, 'temperature_avg': 27.356190476190477, 'pm10_avg': 15.488372093023257, 'pm25_avg': 8.604651162790697}, 'timestamp': '2026-07-25 14:21:08'}",False,
"{'school': {'name': 'SZKOŁA PODSTAWOWA W PAMIĄTKOWIE', 'street': 'UL. SZKOLNA', 'post_code': '64-514', 'city': 'PAMIĄTKOWO', 'longitude': '16.67851067', 'latitude': '52.55265808'}, 'data': {'humidity_avg': 58.3788, 'pressure_avg': 1000.2324000000001, 'temperature_avg': 25.2396, 'pm10_avg': 9.76, 'pm25_avg': 9.56}, 'timestamp': '2026-07-25 14:21:08'}",False,
"{'school': {'name': 'SZKOŁA PODSTAWOWA IM. GEN. DEZYDEREGO CHŁAPOWSKIEGO W BODZYNIEWIE', 'street': None, 'post_code': '63-100', 'city': 'BODZYNIEWO', 'longitude': '17.0052948', 'latitude': '52.02843857'}, 'data': {'humidity_avg': 100.0, 'pressure_avg': 999.72, 'temperature_avg': 25.017307692307693, 'pm10_avg': 16.807692307692307, 'pm25_avg': 13.115384615384615}, 'timestamp': '2026-07-25 14:21:08'}",False,
"{'school': {'name': 'ZESPÓŁ SZKOLNO PRZEDSZKOLNY W NAPACHANIU', 'street': 'ul. Poznańska', 'post_code': '62-090', 'city': 'NAPACHANIE', 'longitude': '16.730690073302416', 'latitude': '52.48490177500907'}, 'data': {'humidity_avg': 38.943200000000004, 'pressure_avg': 1001.0053999999999, 'temperature_avg': 26.582600000000003, 'pm10_avg': 16.2, 'pm25_avg': 9.18}, 'timestamp': '2026-07-25 14:21:08'}",False,
"{'school': {'name': 'SZKOŁA PODSTAWOWA IM.MARCINA KACPRZAKA', 'street': 'ul. Szkolna', 'post_code': '42-231', 'city': 'STARY CYKARZEW', 'longitude': '19.175446655281952', 'latitude': '50.952335408921456 '}, 'data': {'humidity_avg': 41.654545454545456, 'pressure_avg': 982.4272727272728, 'temperature_avg': 24.354545454545452, 'pm10_avg': 3.563636363636364, 'pm25_avg': 3.309090909090909}, 'timestamp': '2026-07-25 14:21:08'}",False,
"{'school': {'name': 'SZKOŁA PODSTAWOWA IM. KAWALERÓW ORDERU UŚMIECHU W LUSÓWKU', 'street': 'UL. DOPIEWSKA', 'post_code': '62-080', 'city': 'LUSÓWKO', 'longitude': '16.64691353', 'latitude': '52.42663574'}, 'data': {'humidity_avg': 75.79650000000001, 'pressure_avg': 999.7244999999999, 'temperature_avg': 24.226499999999998, 'pm10_avg': 25.2, 'pm25_avg': 18.4}, 'timestamp': '2026-07-25 14:21:08'}",False,
"{'school': {'name': 'SZKOŁA PODSTAWOWA IM.ŚW. KINGI W KNUROWIE', 'street': '', 'post_code': '34-434', 'city': 'KNURÓW', 'longitude': '20.186141141283134', 'latitude': '49.4808092162355'}, 'data': {'humidity_avg': 42.88181818181818, 'pressure_avg': 947.5636363636364, 'temperature_avg': 24.827272727272728, 'pm10_avg': 2.127272727272727, 'pm25_avg': 1.7818181818181822}, 'timestamp': '2026-07-25 14:21:08'}",False,
"{'school': {'name': 'PUBLICZNA SZKOŁA PODSTAWOWA W GŁAZOWIE', 'street': None, 'post_code': '27-641', 'city': 'GŁAZÓW', 'longitude': '21.61804794', 'latitude': '50.70138435'}, 'data': {'humidity_avg': 54.790909090909096, 'pressure_avg': 986.3636363636364, 'temperature_avg': 22.572727272727274, 'pm10_avg': 2.090909090909091, 'pm25_avg': 1.836363636363636}, 'timestamp': '2026-07-25 14:21:08'}",False,
"{'school': {'name': 'SZKOŁA PODSTAWOWA NR 78 IM. PROF. WIKTORA DEGI W POZNANIU', 'street': 'UL. ŻONKILOWA', 'post_code': '60-175', 'city': 'POZNAŃ', 'longitude': '16.814991', 'latitude': '52.384403'}, 'data': {'humidity_avg': 81.3, 'pressure_avg': 999.6623529411763, 'temperature_avg': 24.464117647058824, 'pm10_avg': 11.444444444444445, 'pm25_avg': 8.61111111111111}, 'timestamp': '2026-07-25 14:21:08'}",False,
"{'school': {'name': 'ZESPÓŁ SZKOLNO-PRZEDSZKOLNY NR 3 W LEGIONOWIE', 'street': 'UL. KRÓLOWEJ JADWIGI', 'post_code': '05-120', 'city': 'LEGIONOWO', 'longitude': '20.9263350977793', 'latitude': '52.39442875443961'}, 'data': {'humidity_avg': 45.083333333333336, 'pressure_avg': 1001.8249999999999, 'temperature_avg': 25.541666666666668, 'pm10_avg': 4.291666666666667, 'pm25_avg': 3.916666666666666}, 'timestamp': '2026-07-25 14:21:08'}",False,
"{'school': {'name': 'SZKOŁA PODSTAWOWA IM. POWSTAŃCÓW WIELKOPOLSKICH W WIĘCKOWICACH', 'street': 'Gromadzka', 'post_code': '62-070', 'city': 'WIĘCKOWICE', 'longitude': '16.6382500', 'latitude': '52.3967200'}, 'data': {'humidity_avg': 43.2864, 'pressure_avg': 1002.3096, 'temperature_avg': 24.6856, 'pm10_avg': 19.32, 'pm25_avg': 8.08}, 'timestamp': '2026-07-25 14:21:08'}",False,
"{'school': {'name': 'SZKOŁA PODSTAWOWA IM. PRZYJACIÓŁ WIELKOPOLSKI W JEZIORKACH', 'street': 'UL. POCZTOWA', 'post_code': '62-060', 'city': 'JEZIORKI', 'longitude': '16.59429', 'latitude': '52.31340'}, 'data': {'humidity_avg': 49.2462, 'pressure_avg': 1000.1111999999999, 'temperature_avg': 25.2518, 'pm10_avg': 14.52, 'pm25_avg': 7.96}, 'timestamp': '2026-07-25 14:21:08'}",False,
"{'school': {'name': 'ZESPÓŁ SZKOLNO-PRZEDSZKOLNY IM. JANA BRZECHWY W DOPIEWIE', 'street': 'UL. ŁĄKOWA', 'post_code': '62-070', 'city': 'DOPIEWO', 'longitude': '16.682004', 'latitude': '52.357068'}, 'data': {'humidity_avg': 43.2864, 'pressure_avg': 1002.3096, 'temperature_avg': 24.6856, 'pm10_avg': 19.32, 'pm25_avg': 8.08}, 'timestamp': '2026-07-25 14:21:08'}",False,
"{'school': {'name': 'SZKOŁA PODSTAWOWA NR 4 IM. JANA BRZECHWY W SWARZĘDZU', 'street': 'OS. KOŚCIUSZKOWCÓW', 'post_code': '62-020', 'city': 'SWARZĘDZ', 'longitude': '17.077864', 'latitude': '52.418436'}, 'data': {'humidity_avg': 84.93578947368421, 'pressure_avg': 998.3621052631579, 'temperature_avg': 23.544210526315787, 'pm10_avg': 6.25, 'pm25_avg': 6.35}, 'timestamp': '2026-07-25 14:21:08'}",False,
"{'school': {'name': 'SZKOŁA PODSTAWOWA NR 15 IM. JANA III SOBIESKIEGO W POZNANIU', 'street': 'OS. JANA III SOBIESKIEGO', 'post_code': '60-688', 'city': 'POZNAŃ', 'longitude': '16.907751', 'latitude': '52.465225'}, 'data': {'humidity_avg': 62.786, 'pressure_avg': 997.0984, 'temperature_avg': 24.9256, 'pm10_avg': 31.32, 'pm25_avg': 26.76}, 'timestamp': '2026-07-25 14:21:08'}",False,
"{'school': {'name': 'SZKOŁA PODSTAWOWA NR 89 IM. KRZYSZTOFA KAMILA BACZYŃSKIEGO W POZNANIU', 'street': 'UL. SOCHACZEWSKA', 'post_code': '60-645', 'city': 'POZNAŃ', 'longitude': '16.913659', 'latitude': '52.425214'}, 'data': {'humidity_avg': 50.897600000000004, 'pressure_avg': 1000.9764, 'temperature_avg': 25.3458, 'pm10_avg': 15.84, 'pm25_avg': 8.76}, 'timestamp': '2026-07-25 14:21:08'}",False,
"{'school': {'name': 'SZKOŁA PODSTAWOWA NR 65 IM. FRANCISZKA ŻWIRKI I STANISŁAWA WIGURY W POZNANIU', 'street': 'UL. KOSMONAUTÓW', 'post_code': '61-642', 'city': 'POZNAŃ', 'longitude': '16.94346', 'latitude': '52.43916'}, 'data': {'humidity_avg': 43.2864, 'pressure_avg': 1002.3096, 'temperature_avg': 24.6856, 'pm10_avg': 19.32, 'pm25_avg': 8.08}, 'timestamp': '2026-07-25 14:21:08'}",False,
"{'school': {'name': 'SZKOŁA PODSTAWOWA SPECJALNA NR 113 W POZNANIU', 'street': 'UL. BYDGOSKA', 'post_code': '61-127', 'city': 'POZNAŃ', 'longitude': '16.95652', 'latitude': '52.41152'}, 'data': {'humidity_avg': 63.675, 'pressure_avg': 1001.8911538461538, 'temperature_avg': 25.292307692307695, 'pm10_avg': 21.153846153846153, 'pm25_avg': 12.076923076923077}, 'timestamp': '2026-07-25 14:21:08'}",False,
"{'school': {'name': 'SZKOŁA PODSTAWOWA NR 11 IM. GEN. DEZYDEREGO CHŁAPOWSKIEGO W POZNANIU', 'street': 'OS. WICHROWE WZGÓRZE', 'post_code': '61-699', 'city': 'POZNAŃ', 'longitude': '16.933633', 'latitude': '52.437839'}, 'data': {'humidity_avg': 43.2864, 'pressure_avg': 1002.3096, 'temperature_avg': 24.6856, 'pm10_avg': 19.32, 'pm25_avg': 8.08}, 'timestamp': '2026-07-25 14:21:08'}",False,
"{'school': {'name': 'SZKOŁA PODSTAWOWA NR 35 IM. WŁADYSŁAWA ŁOKIETKA W POZNANIU', 'street': 'OS. WŁADYSŁAWA ŁOKIETKA', 'post_code': '61-616', 'city': 'POZNAŃ', 'longitude': '16.940352', 'latitude': '52.450688'}, 'data': {'humidity_avg': 43.2864, 'pressure_avg': 1002.3096, 'temperature_avg': 24.6856, 'pm10_avg': 19.32, 'pm25_avg': 8.08}, 'timestamp': '2026-07-25 14:21:08'}",False,
"{'school': {'name': 'SZKOŁA PODSTAWOWA NR 14 IM. WŁADYSŁAWA ŁOKIETKA W POZNANIU', 'street': 'PIASTOWSKIE', 'post_code': '61-156', 'city': 'POZNAŃ', 'longitude': '16.944711', 'latitude': '52.390975'}, 'data': {'humidity_avg': 39.75238095238095, 'pressure_avg': 1000.3904761904762, 'temperature_avg': 25.204761904761902, 'pm10_avg': 13.095238095238095, 'pm25_avg': 10.428571428571429}, 'timestamp': '2026-07-25 14:21:08'}",False,
"{'school': {'name': 'SZKOŁA PODSTAWOWA NR 42 IM. BOLESŁAWA CHROBREGO', 'street': 'RÓŻANA', 'post_code': '61-577', 'city': 'POZNAŃ', 'longitude': '16.92538850', 'latitude': '52.39893100'}, 'data': {'humidity_avg': 43.2864, 'pressure_avg': 1002.3096, 'temperature_avg': 24.6856, 'pm10_avg': 19.32, 'pm25_avg': 8.08}, 'timestamp': '2026-07-25 14:21:08'}",False,
"{'school': {'name': 'SZKOŁA PODSTAWOWA W KOBYLNICY', 'street': 'UL. POZNAŃSKA', 'post_code': '62-006', 'city': 'KOBYLNICA', 'longitude': '17.080131', 'latitude': '52.447968'}, 'data': {'humidity_avg': 56.12019607843138, 'pressure_avg': 1000.7274509803922, 'temperature_avg': 24.668039215686274, 'pm10_avg': 17.96078431372549, 'pm25_avg': 8.294117647058824}, 'timestamp': '2026-07-25 14:21:08'}",False,
"{'school': {'name': 'SZKOŁA PODSTAWOWA IM. JANA BRZECHWY W BRZEŹNIE', 'street': 'UL. DŁUGA', 'post_code': '62-025', 'city': 'BRZEŹNO', 'longitude': '17.343075', 'latitude': '52.377262'}, 'data': {'humidity_avg': 43.81, 'pressure_avg': 996.6132000000001, 'temperature_avg': 25.5804, 'pm10_avg': 10.48, 'pm25_avg': 7.2}, 'timestamp': '2026-07-25 14:21:08'}",False,
"{'school': {'name': 'SZKOŁA PODSTAWOWA W JABŁKOWIE FILIA W LECHLINIE', 'street': 'LECHLIN', 'post_code': '62-085', 'city': 'LECHLIN', 'longitude': '17.149422', 'latitude': '52.706829'}, 'data': {'humidity_avg': 43.2864, 'pressure_avg': 1002.3096, 'temperature_avg': 24.6856, 'pm10_avg': 19.32, 'pm25_avg': 8.08}, 'timestamp': '2026-07-25 14:21:08'}",False,
"{'school': {'name': 'SZKOŁA PODSTAWOWA IM. ADAMA MICKIEWICZA W SKOKACH', 'street': 'UL. POZNAŃSKA', 'post_code': '62-085', 'city': 'SKOKI', 'longitude': '17.14540', 'latitude': '52.67087'}, 'data': {'humidity_avg': 41.216, 'pressure_avg': 999.4775999999999, 'temperature_avg': 27.37, 'pm10_avg': 9.2, 'pm25_avg': 7.52}, 'timestamp': '2026-07-25 14:21:08'}",False,
"{'school': {'name': 'SPOŁECZNA WALDORFSKA SZKOŁA PODSTAWOWA', 'street': 'SZRENIAWSKA', 'post_code': '62-051', 'city': 'WIRY', 'longitude': '16.8464646', 'latitude': '52.3178772'}, 'data': {'humidity_avg': 39.72115384615385, 'pressure_avg': 1000.2507692307693, 'temperature_avg': 25.616153846153846, 'pm10_avg': 12.576923076923077, 'pm25_avg': 10.115384615384615}, 'timestamp': '2026-07-25 14:21:08'}",False,
"{'school': {'name': 'SZKOŁA PODSTAWOWA W SIEKIERKACH WIELKICH', 'street': 'UL. KARALUSA', 'post_code': '62-025', 'city': 'SIEKIERKI WIELKIE', 'longitude': '17.161897', 'latitude': '52.382159'}, 'data': {'humidity_avg': 43.2864, 'pressure_avg': 1002.3096, 'temperature_avg': 24.6856, 'pm10_avg': 19.32, 'pm25_avg': 8.08}, 'timestamp': '2026-07-25 14:21:08'}",False,
"{'school': {'name': 'SZKOŁA PODSTAWOWA IM. EWARYSTA ESTKOWSKIEGO W KOSTRZYNIE', 'street': 'UL. PIASTA', 'post_code': '62-025', 'city': 'KOSTRZYN', 'longitude': '17.223903', 'latitude': '52.396619'}, 'data': {'humidity_avg': 42.4566, 'pressure_avg': 1000.3853999999999, 'temperature_avg': 25.1244, 'pm10_avg': 18.68, 'pm25_avg': 9.22}, 'timestamp': '2026-07-25 14:21:08'}",False,
"{'school': {'name': 'SZKOŁA PODSTAWOWA DLA DZIECI Z AUTYZMEM', 'street': 'SZAMARZEWSKIEGO', 'post_code': '60-569', 'city': 'POZNAŃ', 'longitude': '16.88205', 'latitude': '52.41328'}, 'data': {'humidity_avg': 43.2864, 'pressure_avg': 1002.3096, 'temperature_avg': 24.6856, 'pm10_avg': 19.32, 'pm25_avg': 8.08}, 'timestamp': '2026-07-25 14:21:08'}",False,
"{'school': {'name': 'SZKOŁA PODSTAWOWA NR 58 IM. JERZEGO KUKUCZKI W POZNANIU', 'street': 'UL. ŁAWICA', 'post_code': '60-186', 'city': 'POZNAŃ', 'longitude': '16.822570', 'latitude': '52.409962'}, 'data': {'humidity_avg': 40.21590909090909, 'pressure_avg': 999.2436363636364, 'temperature_avg': 25.266363636363636, 'pm10_avg': 11.772727272727273, 'pm25_avg': 9.181818181818182}, 'timestamp': '2026-07-25 14:21:08'}",False,
"{'school': {'name': 'SZKOŁA PODSTAWOWA IM. POLSKICH NOBLISTÓW W BARANOWIE', 'street': 'WYPOCZYNKOWA', 'post_code': '62-081', 'city': 'BARANOWO', 'longitude': '16.790377', 'latitude': '52.442582'}, 'data': {'humidity_avg': 38.38461538461539, 'pressure_avg': 997.7384615384616, 'temperature_avg': 26.986153846153847, 'pm10_avg': 9.538461538461538, 'pm25_avg': 9.0}, 'timestamp': '2026-07-25 14:21:08'}",False,
"{'school': {'name': 'SZKOŁA PODSTAWOWA IM. HANSA CHRISTIANA ANDERSENA W BOLECHOWIE-OSIEDLU', 'street': 'UL. WOJSKA POLSKIEGO', 'post_code': '62-005', 'city': 'BOLECHOWO-OSIEDLE', 'longitude': '16.97552', 'latitude': '52.54171'}, 'data': {'humidity_avg': 44.513461538461534, 'pressure_avg': 1001.498076923077, 'temperature_avg': 24.506153846153843, 'pm10_avg': 20.192307692307693, 'pm25_avg': 11.384615384615385}, 'timestamp': '2026-07-25 14:21:08'}",False,
"{'school': {'name': 'SZKOŁA PODSTAWOWA IM. JÓZEFA WYBICKIEGO W OWIŃSKACH', 'street': 'UL. POPRZECZNA', 'post_code': '62-005', 'city': 'OWIŃSKA', 'longitude': '16.983395', 'latitude': '52.511923'}, 'data': {'humidity_avg': 60.988846153846154, 'pressure_avg': 1000.1653846153846, 'temperature_avg': 24.28923076923077, 'pm10_avg': 30.5, 'pm25_avg': 13.192307692307692}, 'timestamp': '2026-07-25 14:21:08'}",False,
"{'school': {'name': 'SZKOŁA PODSTAWOWA IM. DR. LECHA SIUDY W SZEWCACH', 'street': 'UL. BUKOWSKA', 'post_code': '64-320', 'city': 'SZEWCE', 'longitude': '16.5050395', 'latitude': '52.3032518'}, 'data': {'humidity_avg': 43.2864, 'pressure_avg': 1002.3096, 'temperature_avg': 24.6856, 'pm10_avg': 19.32, 'pm25_avg': 8.08}, 'timestamp': '2026-07-25 14:21:08'}",False,
"{'school': {'name': 'SZKOŁA PODSTAWOWA NR 1 IM. WOJCIECHA BOGUSŁAWSKIEGO W SUCHYM LESIE', 'street': 'UL. SZKOLNA', 'post_code': '62-002', 'city': 'SUCHY LAS', 'longitude': '16.87122', 'latitude': '52.47459'}, 'data': {'humidity_avg': 43.2864, 'pressure_avg': 1002.3096, 'temperature_avg': 24.6856, 'pm10_avg': 19.32, 'pm25_avg': 8.08}, 'timestamp': '2026-07-25 14:21:08'}",False,
"{'school': {'name': 'ZESPÓŁ SZKÓŁ NR 2 IM. STANISŁAWA STASZICA W SZAMOTUŁACH', 'street': 'SZCZUCZYŃSKA', 'post_code': '64-500', 'city': 'SZAMOTUŁY', 'longitude': '16.575982', 'latitude': '52.618126'}, 'data': {'humidity_avg': 63.46052631578947, 'pressure_avg': 1000.5394736842105, 'temperature_avg': 23.675263157894737, 'pm10_avg': 2.221052631578947, 'pm25_avg': 1.9578947368421051}, 'timestamp': '2026-07-25 14:21:08'}",False,
"{'school': {'name': 'SZKOŁA PODSTAWOWA NR 6 IM. MICHAŁA ELWIRO ANDRIOLLEGO W OTWOCKU', 'street': 'UL. AMBASADORSKA', 'post_code': '05-402', 'city': 'OTWOCK', 'longitude': '21.23886', 'latitude': '52.10802'}, 'data': {'humidity_avg': 49.25, 'pressure_avg': 1000.2833333333333, 'temperature_avg': 24.441666666666666, 'pm10_avg': 5.733333333333333, 'pm25_avg': 5.6}, 'timestamp': '2026-07-25 14:21:08'}",False,
"{'school': {'name': 'SZKOŁA PODSTAWOWA IM. BOHATERÓW BUKOWSKICH W BUKU', 'street': 'UL. SZKOLNA', 'post_code': '64-320', 'city': 'BUK', 'longitude': '16.5225900', 'latitude': '52.3566200'}, 'data': {'humidity_avg': 54.01, 'pressure_avg': 999.2567999999999, 'temperature_avg': 26.062399999999997, 'pm10_avg': 12.96, 'pm25_avg': 10.6}, 'timestamp': '2026-07-25 14:21:08'}",False,
"{'school': {'name': 'SZKOŁA PODSTAWOWA IM. JÓZEFA WYBICKIEGO W CZERWONAKU', 'street': 'SZKOLNA', 'post_code': '62-004', 'city': 'CZERWONAK', 'longitude': '16.982170814252843', 'latitude': '52.46420839557451'}, 'data': {'humidity_avg': 43.2864, 'pressure_avg': 1002.3096, 'temperature_avg': 24.6856, 'pm10_avg': 19.32, 'pm25_avg': 8.08}, 'timestamp': '2026-07-25 14:21:08'}",False,
"{'school': {'name': 'ZESPÓŁ SZKOLNO-PRZEDSZKOLNY NR 3 W GLIWICACH', 'street': 'UL. ŻWIRKI I WIGURY', 'post_code': '44-122', 'city': 'GLIWICE', 'longitude': '18.67273', 'latitude': '50.2819'}, 'data': {'humidity_avg': 40.47, 'pressure_avg': 985.5200000000001, 'temperature_avg': 24.82, 'pm10_avg': 3.889999999999999, 'pm25_avg': 3.69}, 'timestamp': '2026-07-25 14:21:08'}",False,
"{'school': {'name': 'SZKOŁA PODSTAWOWA NR 1 W ZABRZU', 'street': 'UL. SPORTOWA', 'post_code': '41-800', 'city': 'ZABRZE', 'longitude': '18.78930', 'latitude': '50.28601'}, 'data': {'humidity_avg': 34.18333333333333, 'pressure_avg': 983.7083333333334, 'temperature_avg': 29.183333333333334, 'pm10_avg': 2.583333333333333, 'pm25_avg': 2.583333333333333}, 'timestamp': '2026-07-25 14:21:08'}",False,
"{'school': {'name': 'OSP ZIELĄTKOWO', 'street': 'UL. KRĘTA', 'post_code': '62-002', 'city': 'ZIELĄTKOWO', 'longitude': '16.79757003', 'latitude': '52.56098128'}, 'data': {'humidity_avg': 43.2864, 'pressure_avg': 1002.3096, 'temperature_avg': 24.6856, 'pm10_avg': 19.32, 'pm25_avg': 8.08}, 'timestamp': '2026-07-25 14:21:08'}",False,
"{'school': {'name': 'ŚWIETLICA WIEJSKA, ZŁOTKOWO', 'street': 'UL. ZŁOTA', 'post_code': '62-002', 'city': 'ZŁOTKOWO', 'longitude': '16.83608647', 'latitude': '52.51413944'}, 'data': {'humidity_avg': 55.134800000000006, 'pressure_avg': 997.694, 'temperature_avg': 25.014, 'pm10_avg': 0.92, 'pm25_avg': 0.92}, 'timestamp': '2026-07-25 14:21:08'}",False,
"{'school': {'name': 'SZKOŁA PODSTAWOWA NR 1 IM. TADEUSZA KOŚCIUSZKI W SZCZEKOCINACH', 'street': 'UL. SENATORSKA', 'post_code': '42-445', 'city': 'SZCZEKOCINY', 'longitude': '19.82349554', 'latitude': '50.62533735'}, 'data': {'humidity_avg': 39.32727272727273, 'pressure_avg': 980.1454545454545, 'temperature_avg': 25.3, 'pm10_avg': 6.445454545454546, 'pm25_avg': 5.554545454545455}, 'timestamp': '2026-07-25 14:21:08'}",False,
"{'school': {'name': 'SZKOŁA PODSTAWOWA W ROBAKOWIE', 'street': 'UL. SZKOLNA', 'post_code': '62-023', 'city': 'ROBAKOWO', 'longitude': '17.05727', 'latitude': '52.301467'}, 'data': {'humidity_avg': 39.4752, 'pressure_avg': 999.4196000000001, 'temperature_avg': 31.886800000000004, 'pm10_avg': 6.52, 'pm25_avg': 6.84}, 'timestamp': '2026-07-25 14:21:08'}",False,
"{'school': {'name': 'SZKOŁA PODSTAWOWA IM. MIKOŁAJA KOPERNIKA W IWNIE', 'street': 'UL. SZKOLNA', 'post_code': '62-025', 'city': 'IWNO', 'longitude': '17.269785', 'latitude': '52.404893'}, 'data': {'humidity_avg': 100.0, 'pressure_avg': 997.0715384615385, 'temperature_avg': 25.22730769230769, 'pm10_avg': 11.73076923076923, 'pm25_avg': 9.423076923076923}, 'timestamp': '2026-07-25 14:21:08'}",False,
"{'school': {'name': 'SZKOŁA PODSTAWOWA W SUCHYM LESIE - FILIA', 'street': 'KONWALIOWA', 'post_code': '62-002', 'city': 'SUCHY LAS', 'longitude': '16.8705485', 'latitude': '52.4800025'}, 'data': {'humidity_avg': 44.21, 'pressure_avg': 996.5264285714286, 'temperature_avg': 27.724999999999998, 'pm10_avg': 11.5, 'pm25_avg': 11.625}, 'timestamp': '2026-07-25 14:21:08'}",False,
"{'school': {'name': 'SZKOŁA PODSTAWOWA W STĘSZEWIE', 'street': 'POZNAŃSKA', 'post_code': '62-060', 'city': 'STĘSZEW', 'longitude': '16.7059729', 'latitude': '52.2831187'}, 'data': {'humidity_avg': 41.051538461538456, 'pressure_avg': 999.8107692307693, 'temperature_avg': 25.16923076923077, 'pm10_avg': 11.76923076923077, 'pm25_avg': 11.26923076923077}, 'timestamp': '2026-07-25 14:21:08'}",False,
"{'school': {'name': 'SZKOŁA PODSTAWOWA NR 58 IM. IRENY SENDLEROWEJ W BYDGOSZCZY', 'street': 'UL. GDAŃSKA', 'post_code': '85-005', 'city': 'BYDGOSZCZ', 'longitude': '18.006526', 'latitude': '53.13014'}, 'data': {'humidity_avg': 41.574999999999996, 'pressure_avg': 1002.7916666666666, 'temperature_avg': 25.224999999999998, 'pm10_avg': 5.475, 'pm25_avg': 4.6}, 'timestamp': '2026-07-25 14:21:08'}",False,
"{'school': {'name': 'SZKOŁA PODSTAWOWA W PISKOROWICACH', 'street': None, 'post_code': '37-300', 'city': 'PISKOROWICE', 'longitude': '22.5273466', 'latitude': '50.2359231'}, 'data': {'humidity_avg': 53.699999999999996, 'pressure_avg': 993.35, 'temperature_avg': 24.5, 'pm10_avg': 2.516666666666666, 'pm25_avg': 2.316666666666667}, 'timestamp': '2026-07-25 14:21:08'}",False,
"{'school': {'name': 'SZKOŁA PODSTAWOWA NR 1 IM. POR. JANA BAŁDY W CHMIELNIKU', 'street': '', 'post_code': '36-016', 'city': 'CHMIELNIK', 'longitude': '22.122041528835187', 'latitude': '49.98127862696953'}, 'data': {'humidity_avg': 43.309090909090905, 'pressure_avg': 982.0909090909091, 'temperature_avg': 24.954545454545453, 'pm10_avg': 2.290909090909091, 'pm25_avg': 2.081818181818181}, 'timestamp': '2026-07-25 14:21:08'}",False,
"{'school': {'name': 'SZKOŁA PODSTAWOWA NR 2 IM. OJCA ŚWIĘTEGO JANA PAWŁA II W CHMIELNIKU', 'street': '', 'post_code': '36-016', 'city': 'CHMIELNIK', 'longitude': '22.10618', 'latitude': '49.99253'}, 'data': {'humidity_avg': 43.14545454545455, 'pressure_avg': 981.7090909090908, 'temperature_avg': 25.481818181818184, 'pm10_avg': 2.236363636363636, 'pm25_avg': 1.8272727272727272}, 'timestamp': '2026-07-25 14:21:08'}",False,
"{'school': {'name': 'SZKOŁA PODSTAWOWA IM. WŁADYSŁAWA SZAFERA W WOLI KALINOWSKIEJ', 'street': 'UL. SZKOLNA', 'post_code': '32-045', 'city': 'WOLA KALINOWSKA', 'longitude': '19.80972735', 'latitude': '50.22489696'}, 'data': {'humidity_avg': 43.06666666666666, 'pressure_avg': 958.8166666666666, 'temperature_avg': 23.724999999999998, 'pm10_avg': 2.158333333333333, 'pm25_avg': 2.158333333333333}, 'timestamp': '2026-07-25 14:21:08'}",False,
"{'school': {'name': 'NIEPUBLICZNA SZKOŁA PODSTAWOWA IM. DR W. BŁEŃSKIEJ W KOWALACH', 'street': 'ul. Sadowa', 'post_code': '80-180', 'city': 'GDAŃSK', 'longitude': '18.56359278', 'latitude': '54.31377328'}, 'data': {'humidity_avg': 47.824999999999996, 'pressure_avg': 995.975, 'temperature_avg': 24.724999999999998, 'pm10_avg': 3.75, 'pm25_avg': 3.75}, 'timestamp': '2026-07-25 14:21:08'}",False,
"{'school': {'name': 'SZKOŁA PODSTAWOWA NR 2 IM. KRÓLOWEJ JADWIGI W PLESZEWIE', 'street': 'UL. OGRODOWA', 'post_code': '63-300', 'city': 'PLESZEW', 'longitude': '17.78384', 'latitude': '51.89490'}, 'data': {'humidity_avg': 48.675000000000004, 'pressure_avg': 997.0749999999999, 'temperature_avg': 25.28333333333333, 'pm10_avg': 2.916666666666666, 'pm25_avg': 2.6166666666666663}, 'timestamp': '2026-07-25 14:21:08'}",False,
"{'school': {'name': 'TECHNIKUM W ZESPOLE SZKÓŁ IM. ŻOŁNIERZY ARMII KRAJOWEJ W MAKOWIE MAZOWIECKIM', 'street': 'UL. DUŃSKIEGO CZERWONEGO KRZYŻA', 'post_code': '06-200', 'city': 'MAKÓW MAZOWIECKI', 'longitude': '21.087439399999997', 'latitude': '52.86346251388081'}, 'data': {'humidity_avg': 53.75833333333333, 'pressure_avg': 999.4916666666667, 'temperature_avg': 26.058333333333334, 'pm10_avg': 2.266666666666666, 'pm25_avg': 2.333333333333333}, 'timestamp': '2026-07-25 14:21:08'}",False,
"{'school': {'name': 'TECHNIKUM NR 4 W ZESPOLE SZKÓŁ IM. MIKOŁAJA KOPERNIKA W KONINIE', 'street': 'UL. ALEJE 1 MAJA', 'post_code': '62-510', 'city': 'KONIN', 'longitude': '18.24697844', 'latitude': '52.2297386'}, 'data': {'humidity_avg': 31.10909090909091, 'pressure_avg': 996.0727272727272, 'temperature_avg': 28.40909090909091, 'pm10_avg': 3.154545454545454, 'pm25_avg': 3.154545454545454}, 'timestamp': '2026-07-25 14:21:08'}",False,
"{'school': {'name': 'SZKOŁA PODSTAWOWA NR 2 IM. KARD. K. WOJTYŁY W CZAŃCU', 'street': 'UL. KARD. KAROLA WOJTYŁY', 'post_code': '43-354', 'city': 'CZANIEC', 'longitude': '19.26564', 'latitude': '49.84730'}, 'data': {'humidity_avg': 44.24166666666667, 'pressure_avg': 973.6583333333333, 'temperature_avg': 26.116666666666664, 'pm10_avg': 3.1, 'pm25_avg': 2.308333333333333}, 'timestamp': '2026-07-25 14:21:08'}",False,
"{'school': {'name': 'SZKOŁA PODSTAWOWA NR 2 IM. BATALIONÓW CHŁOPSKICH W SUŁOSZOWEJ', 'street': 'UL. OLKUSKA', 'post_code': '32-045', 'city': 'SUŁOSZOWA', 'longitude': '19.70575937116404', 'latitude': '50.27412008191642'}, 'data': {'humidity_avg': 45.88181818181818, 'pressure_avg': 961.1090909090909, 'temperature_avg': 21.236363636363635, 'pm10_avg': 2.836363636363636, 'pm25_avg': 2.581818181818181}, 'timestamp': '2026-07-25 14:21:08'}",False,
"{'school': {'name': 'SZKOŁA PODSTAWOWA W BUDZOWIE Z FILIĄ W GRODZISZCZU', 'street': 'UL. HENRYKA POBOŻNEGO', 'post_code': '57-214', 'city': 'BUDZÓW', 'longitude': '16.69061021', 'latitude': '50.58383865'}, 'data': {'humidity_avg': 34.09166666666666, 'pressure_avg': 971.9, 'temperature_avg': 25.933333333333334, 'pm10_avg': 2.591666666666667, 'pm25_avg': 2.225}, 'timestamp': '2026-07-25 14:21:08'}",False,
"{'school': {'name': 'SZKOŁA PODSTAWOWA IM. ŻOŁNIERZA POLSKIEGO W WĘDRZYNIE', 'street': None, 'post_code': '69-211', 'city': 'WĘDRZYN', 'longitude': '15.17882328', 'latitude': '52.44755351'}, 'data': {'humidity_avg': 44.79090909090909, 'pressure_avg': 996.1545454545455, 'temperature_avg': 24.29090909090909, 'pm10_avg': 5.736363636363636, 'pm25_avg': 4.854545454545454}, 'timestamp': '2026-07-25 14:21:08'}",False,
"{'school': {'name': 'SZKOŁA PODSTAWOWA NR 9 IM. KRÓLA JANA III SOBIESKIEGO W GLIWICACH', 'street': 'UL. JANA III SOBIESKIEGO', 'post_code': '44-100', 'city': 'GLIWICE', 'longitude': '18.655796', 'latitude': '50.295176'}, 'data': {'humidity_avg': 39.41818181818182, 'pressure_avg': 985.6272727272727, 'temperature_avg': 26.572727272727274, 'pm10_avg': 6.627272727272728, 'pm25_avg': 6.263636363636363}, 'timestamp': '2026-07-25 14:21:08'}",False,
"{'school': {'name': 'PUBLICZNA SZKOŁA PODSTAWOWA NR 1 Z ODDZIAŁAMI INTEGRACYJNYMI IM.JANA III SOBIESKIEGO W SZYDŁOWCU', 'street': 'UL. WSCHODNIA', 'post_code': '26-500', 'city': 'SZYDŁOWIEC', 'longitude': '20.86302643', 'latitude': '51.22382244'}, 'data': {'humidity_avg': 35.71818181818182, 'pressure_avg': 983.6, 'temperature_avg': 27.58181818181818, 'pm10_avg': 3.5727272727272723, 'pm25_avg': 3.263636363636363}, 'timestamp': '2026-07-25 14:21:08'}",False,
"{'school': {'name': 'SZKOŁA PODSTAWOWA IM. HENRYKA DRZAZGI W LGOCIE MAŁEJ W ZESPOLE SZKOLNO-PRZEDSZKOLNYM W LGOCIE MAŁEJ', 'street': 'UL. SZKOLNA', 'post_code': '42-282', 'city': 'LGOTA MAŁA', 'longitude': '19.339293', 'latitude': '50.984863'}, 'data': {'humidity_avg': 48.89, 'pressure_avg': 987.45, 'temperature_avg': 26.26, 'pm10_avg': 3.38, 'pm25_avg': 2.81}, 'timestamp': '2026-07-25 14:21:08'}",False,
"{'school': {'name': 'SZKOŁA PODSTAWOWA IM. WINCENTEGO WITOSA W RUDZIE', 'street': 'UL. DŁUGA', 'post_code': '98-300', 'city': 'RUDA', 'longitude': '18.61306827', 'latitude': '51.19785979'}, 'data': {'humidity_avg': 39.47, 'pressure_avg': 987.54, 'temperature_avg': 24.59, 'pm10_avg': 8.309999999999999, 'pm25_avg': 7.95}, 'timestamp': '2026-07-25 14:21:08'}",False,
"{'school': {'name': 'PUBLICZNA SZKOŁA PODSTAWOWA IM.DR.M.PAPUZIŃSKIEGO W CIEPIELOWIE', 'street': 'UL. LEKARSKA', 'post_code': '27-310', 'city': 'CIEPIELÓW', 'longitude': '21.5252738', 'latitude': '51.2346803'}, 'data': {'humidity_avg': 41.58181818181818, 'pressure_avg': 992.8636363636364, 'temperature_avg': 24.236363636363638, 'pm10_avg': 3.427272727272727, 'pm25_avg': 2.854545454545454}, 'timestamp': '2026-07-25 14:21:08'}",False,
"{'school': {'name': 'NIEPUBLICZNE LICEUM OGÓLNOKSZTAŁCĄCE W MIECHOWIE ZAKŁADU DOSKONALENIA ZAWODOWEGO W KIELCACH', 'street': 'UL. KS. SKORUPKI', 'post_code': '32-200', 'city': 'MIECHÓW', 'longitude': '20.0328906', 'latitude': '50.3570663'}, 'data': {'humidity_avg': 49.53636363636363, 'pressure_avg': 980.4636363636364, 'temperature_avg': 27.336363636363636, 'pm10_avg': 3.254545454545454, 'pm25_avg': 3.227272727272727}, 'timestamp': '2026-07-25 14:21:08'}",False,
"{'school': {'name': 'PUBLICZNA SZKOŁA PODSTAWOWA IM. PPŁK. AK JÓZEFA PAWLAKA ""BRZOZY"" W ŁAGUSZOWIE', 'street': None, 'post_code': '26-704', 'city': 'ŁAGUSZÓW', 'longitude': '21.78730494232724', 'latitude': '51.369002504141314'}, 'data': {'humidity_avg': 42.91818181818182, 'pressure_avg': 1100.0, 'temperature_avg': 24.10909090909091, 'pm10_avg': 1.354545454545454, 'pm25_avg': 1.018181818181818}, 'timestamp': '2026-07-25 14:21:08'}",False,
"{'school': {'name': 'PUBLICZNA SZKOŁA PODSTAWOWA W GĄSAWACH RZĄDOWYCH', 'street': None, 'post_code': '26-502', 'city': 'GĄSAWY RZĄDOWE', 'longitude': '20.93020993', 'latitude': '51.20550951'}, 'data': {'humidity_avg': 41.20909090909091, 'pressure_avg': 982.2818181818183, 'temperature_avg': 25.218181818181815, 'pm10_avg': 3.7, 'pm25_avg': 3.6181818181818173}, 'timestamp': '2026-07-25 14:21:08'}",False,
"{'school': {'name': 'SZKOŁA PODSTAWOWA NR 21 IM. KAROLA WOJTYŁY W ZESPOLE EDUKACYJNYM NR 3 W ZIELONEJ GÓRZE', 'street': 'UL. OSIEDLE POMORSKIE', 'post_code': '65-548', 'city': 'ZIELONA GÓRA', 'longitude': '15.5543765', 'latitude': '51.9363095'}, 'data': {'humidity_avg': 39.03636363636363, 'pressure_avg': 989.8454545454545, 'temperature_avg': 25.136363636363637, 'pm10_avg': 5.354545454545454, 'pm25_avg': 4.527272727272727}, 'timestamp': '2026-07-25 14:21:08'}",False,
"{'school': {'name': 'SZKOŁA PODSTAWOWA NR 8 IM. MARII DĄBROWSKIEJ W GLIWICACH', 'street': 'UL. SPACEROWA', 'post_code': '44-141', 'city': 'GLIWICE', 'longitude': '18.6801748', 'latitude': '50.2506534183101'}, 'data': {'humidity_avg': 38.574999999999996, 'pressure_avg': 979.8833333333333, 'temperature_avg': 24.066666666666666, 'pm10_avg': 3.266666666666667, 'pm25_avg': 3.008333333333333}, 'timestamp': '2026-07-25 14:21:08'}",False,
"{'school': {'name': 'SZKOŁA PODSTAWOWA IM. JANA PAWŁA II W ZIELONEJ', 'street': 'UL. SZKOLNA', 'post_code': '09-310', 'city': 'ZIELONA', 'longitude': '19.9630900', 'latitude': '53.0931100'}, 'data': {'humidity_avg': 38.46363636363637, 'pressure_avg': 991.4636363636364, 'temperature_avg': 26.20909090909091, 'pm10_avg': 3.954545454545454, 'pm25_avg': 3.681818181818181}, 'timestamp': '2026-07-25 14:21:08'}",False,
"{'school': {'name': 'TECHNIKUM W CHEŁMŻY', 'street': 'UL. GEN. JÓZEFA HALLERA', 'post_code': '87-140', 'city': 'CHEŁMŻA', 'longitude': '18.606618', 'latitude': '53.188769'}, 'data': {'humidity_avg': 46.449999999999996, 'pressure_avg': 998.0416666666666, 'temperature_avg': 25.275000000000002, 'pm10_avg': 5.475, 'pm25_avg': 5.649999999999999}, 'timestamp': '2026-07-25 14:21:08'}",False,
"{'school': {'name': 'SZKOŁA PODSTAWOWA IM JANA PAWŁA II W PRZEDMOŚCIU', 'street': 'UL. SZKOLNA', 'post_code': '67-210', 'city': 'PRZEDMOŚCIE', 'longitude': '16.1599119', 'latitude': '51.628806'}, 'data': {'humidity_avg': 26.099999999999998, 'pressure_avg': 997.35, 'temperature_avg': 32.666666666666664, 'pm10_avg': 3.183333333333333, 'pm25_avg': 2.683333333333333}, 'timestamp': '2026-07-25 14:21:08'}",False,
"{'school': {'name': 'SZKOŁA PODSTAWOWA NR 28 IM. PROF. HENRYKA ARCTOWSKIEGO W TORUNIU', 'street': 'UL. PRZY SKARPIE', 'post_code': '87-100', 'city': 'TORUŃ', 'longitude': '18.6206873', 'latitude': '53.0205863'}, 'data': {'humidity_avg': 59.275, 'pressure_avg': 1002.9833333333332, 'temperature_avg': 24.558333333333334, 'pm10_avg': 9.866666666666667, 'pm25_avg': 7.816666666666666}, 'timestamp': '2026-07-25 14:21:08'}",False,
"{'school': {'name': 'SZKOŁA PODSTAWOWA IM. RTM. WITOLDA PILECKIEGO W ŁĄCZNIE', 'street': None, 'post_code': '14-300', 'city': 'ŁĄCZNO', 'longitude': '19.9057731', 'latitude': '53.9540596'}, 'data': {'humidity_avg': 52.61818181818182, 'pressure_avg': 991.1909090909091, 'temperature_avg': 23.254545454545454, 'pm10_avg': 4.854545454545454, 'pm25_avg': 4.509090909090909}, 'timestamp': '2026-07-25 14:21:08'}",False,
"{'school': {'name': 'SZKOŁA PODSTAWOWA W MECHOWCU', 'street': None, 'post_code': '36-122', 'city': 'MECHOWIEC', 'longitude': '21.8112245', 'latitude': '50.2859146'}, 'data': {'humidity_avg': 45.82727272727273, 'pressure_avg': 991.3, 'temperature_avg': 25.181818181818183, 'pm10_avg': 3.536363636363636, 'pm25_avg': 3.454545454545454}, 'timestamp': '2026-07-25 14:21:08'}",False,
"{'school': {'name': 'SZKOŁA PODSTAWOWA IM. ŚW. JANA PAWŁA II W NIELUBI', 'street': None, 'post_code': '67-231', 'city': 'NIELUBIA', 'longitude': '15.9992117', 'latitude': '51.6408904'}, 'data': {'humidity_avg': 28.427272727272726, 'pressure_avg': 993.0272727272727, 'temperature_avg': 30.7, 'pm10_avg': 2.354545454545454, 'pm25_avg': 2.354545454545454}, 'timestamp': '2026-07-25 14:21:08'}",False,
"{'school': {'name': 'SZKOŁA PODSTAWOWA IM. RED JANA CISZEWSKIEGO W WALEŃCZOWIE', 'street': 'UL. SZKOLNA', 'post_code': '42-151', 'city': 'WALEŃCZÓW', 'longitude': '18.865972', 'latitude': '50.923707'}, 'data': {'humidity_avg': 62.525, 'pressure_avg': 983.725, 'temperature_avg': 25.508333333333336, 'pm10_avg': 1.791666666666666, 'pm25_avg': 1.375}, 'timestamp': '2026-07-25 14:21:08'}",False,
"{'school': {'name': 'PUBLICZNA SZKOŁA PODSTAWOWA W CEGŁOWIE - FILIA W PIASECZNIE', 'street': None, 'post_code': '05-319', 'city': 'PIASECZNO', 'longitude': '21.7213942', 'latitude': '52.1363862'}, 'data': {'humidity_avg': 38.59166666666667, 'pressure_avg': 989.8916666666668, 'temperature_avg': 26.775000000000002, 'pm10_avg': 1.875, 'pm25_avg': 1.775}, 'timestamp': '2026-07-25 14:21:08'}",False,
"{'school': {'name': 'SZKOŁA PODSTAWOWA NR 5 IM. WŁADYSŁAWA BRONIEWSKIEGO W CIECHANOWIE', 'street': 'UL. WŁADYSŁAWA BRONIEWSKIEGO', 'post_code': '06-400', 'city': 'CIECHANÓW', 'longitude': '20.60007659', 'latitude': '52.88787071'}, 'data': {'humidity_avg': 59.11666666666667, 'pressure_avg': 996.4833333333332, 'temperature_avg': 23.058333333333334, 'pm10_avg': 5.6416666666666675, 'pm25_avg': 5.341666666666666}, 'timestamp': '2026-07-25 14:21:08'}",False,
"{'school': {'name': 'TECHNIKUM NR 3 W OSTROŁĘCE', 'street': 'UL. STEFANA JARACZA', 'post_code': '07-410', 'city': 'OSTROŁĘKA', 'longitude': '21.567307', 'latitude': '53.073999'}, 'data': {'humidity_avg': 57.18333333333334, 'pressure_avg': 1000.1416666666668, 'temperature_avg': 24.8, 'pm10_avg': 1.275, 'pm25_avg': 1.3083333333333331}, 'timestamp': '2026-07-25 14:21:08'}",False,
"{'school': {'name': 'TECHNIKUM W GOSTYNINIE', 'street': 'UL. KOWALSKA', 'post_code': '09-500', 'city': 'GOSTYNIN', 'longitude': '19.4441882', 'latitude': '52.4357395'}, 'data': {'humidity_avg': 44.375, 'pressure_avg': 997.6583333333333, 'temperature_avg': 24.900000000000002, 'pm10_avg': 3.883333333333333, 'pm25_avg': 3.324999999999999}, 'timestamp': '2026-07-25 14:21:08'}",False,
"{'school': {'name': 'SZKOŁA PODSTAWOWA IM. ŚW. JANA KANTEGO W WYSOKIEJ GŁOGOWSKIEJ', 'street': None, 'post_code': '36-061', 'city': 'WYSOKA GŁOGOWSKA', 'longitude': '22.022784853389915', 'latitude': '50.15600185882948 '}, 'data': {'humidity_avg': 51.699999999999996, 'pressure_avg': 984.775, 'temperature_avg': 23.258333333333336, 'pm10_avg': 2.25, 'pm25_avg': 1.8416666666666661}, 'timestamp': '2026-07-25 14:21:08'}",False,
"{'school': {'name': 'SZKOŁA PODSTAWOWA NR 5 IM. MIKOŁAJA KOPERNIKA W WADOWICACH', 'street': 'OS. MIKOŁAJA KOPERNIKA', 'post_code': '34-100', 'city': 'WADOWICE', 'longitude': '19.49928', 'latitude': '49.87787'}, 'data': {'humidity_avg': 44.63333333333333, 'pressure_avg': 980.3249999999999, 'temperature_avg': 23.675, 'pm10_avg': 2.408333333333333, 'pm25_avg': 2.408333333333333}, 'timestamp': '2026-07-25 14:21:08'}",False,
"{'school': {'name': 'SZKOŁA PODSTAWOWA NR 36 IM. CZESŁAWA MIŁOSZA W RYBNIKU', 'street': 'UL. SZTOLNIOWA', 'post_code': '44-251', 'city': 'RYBNIK', 'longitude': '18.59975', 'latitude': '50.05647'}, 'data': {'humidity_avg': 50.14166666666667, 'pressure_avg': 979.5833333333334, 'temperature_avg': 23.016666666666666, 'pm10_avg': 3.75, 'pm25_avg': 3.3666666666666663}, 'timestamp': '2026-07-25 14:21:08'}",False,
"{'school': {'name': 'SZKOŁA PODSTAWOWA NR 8 IM. ADAMA MICKIEWICZA W DĄBROWIE GÓRNICZEJ', 'street': 'UL. KRASIŃSKIEGO', 'post_code': '41-300', 'city': 'DĄBROWA GÓRNICZA', 'longitude': '19.20975', 'latitude': '50.32182'}, 'data': {'humidity_avg': 37.858333333333334, 'pressure_avg': 979.9250000000001, 'temperature_avg': 28.316666666666666, 'pm10_avg': 2.483333333333333, 'pm25_avg': 2.483333333333333}, 'timestamp': '2026-07-25 14:21:08'}",False,
"{'school': {'name': 'SZKOŁA PODSTAWOWA NR 3 IM. BOHATERÓW WESTERPLATTE W LUBLIŃCU', 'street': 'ZWYCIĘSTWA', 'post_code': '42-700', 'city': 'LUBLINIEC', 'longitude': '18.6795432547619', 'latitude': '50.67660368407844'}, 'data': {'humidity_avg': 34.291666666666664, 'pressure_avg': 1012.0166666666668, 'temperature_avg': 26.691666666666666, 'pm10_avg': 2.816666666666666, 'pm25_avg': 2.816666666666666}, 'timestamp': '2026-07-25 14:21:08'}",False,
"{'school': {'name': 'SZKOŁA PODSTAWOWA NR 5 IM. DZIECI POLSKICH W PILE', 'street': 'UL. ALEJA', 'post_code': '64-920', 'city': 'PIŁA', 'longitude': '16.72709846', 'latitude': '53.1524086'}, 'data': {'humidity_avg': 42.85454545454545, 'pressure_avg': 999.8090909090909, 'temperature_avg': 23.89090909090909, 'pm10_avg': 4.318181818181818, 'pm25_avg': 4.318181818181818}, 'timestamp': '2026-07-25 14:21:08'}",False,
"{'school': {'name': 'PUBLICZNA SZKOŁA PODSTAWOWA IM. WINCENTEGO WITOSA W BORKU STRZELIŃSKIM', 'street': 'UL. SZKOLNA', 'post_code': '57-160', 'city': 'BOREK STRZELIŃSKI', 'longitude': '16.99486', 'latitude': '50.88494'}, 'data': {'humidity_avg': 34.97272727272727, 'pressure_avg': 992.6454545454545, 'temperature_avg': 28.327272727272728, 'pm10_avg': 1.572727272727272, 'pm25_avg': 1.572727272727272}, 'timestamp': '2026-07-25 14:21:08'}",False,
"{'school': {'name': 'SZKOŁA PODSTAWOWA NR 2 W BRUSACH', 'street': 'UL.', 'post_code': '89-632', 'city': 'BRUSY', 'longitude': '17.71953583', 'latitude': '53.88385391'}, 'data': {'humidity_avg': 39.93333333333333, 'pressure_avg': 989.6083333333332, 'temperature_avg': 25.916666666666668, 'pm10_avg': 4.291666666666667, 'pm25_avg': 4.291666666666667}, 'timestamp': '2026-07-25 14:21:08'}",False,
"{'school': {'name': 'SZKOŁA PODSTAWOWA IM. JANA PAŁA II W KORNOWACU', 'street': 'STAROWIEJSKA', 'post_code': '44-285', 'city': 'KORNOWAC', 'longitude': '18.3266818633128', 'latitude': '50.0697240522562'}, 'data': {'humidity_avg': 43.00909090909091, 'pressure_avg': 978.6090909090909, 'temperature_avg': 25.781818181818185, 'pm10_avg': 2.072727272727272, 'pm25_avg': 2.072727272727272}, 'timestamp': '2026-07-25 14:21:08'}",False,
"{'school': {'name': 'SZKOŁA PODSTAWOWA IM. JÓZEFA SUSKIEGO WE WŁOSIENICY', 'street': 'UL. JÓZEFA SUSKIEGO', 'post_code': '32-642', 'city': 'WŁOSIENICA', 'longitude': '19.31856', 'latitude': '50.01811'}, 'data': {'humidity_avg': 36.445454545454545, 'pressure_avg': 984.0727272727272, 'temperature_avg': 27.872727272727275, 'pm10_avg': 2.754545454545454, 'pm25_avg': 2.754545454545454}, 'timestamp': '2026-07-25 14:21:08'}",False,
"{'school': {'name': 'ZESPÓŁ SZKOLNO - PRZEDSZKOLNY W JEJKOWICACH', 'street': 'UL. GŁÓWNA', 'post_code': '44-290', 'city': 'JEJKOWICE', 'longitude': '18.4751', 'latitude': '50.1062'}, 'data': {'humidity_avg': 43.49090909090909, 'pressure_avg': 982.0727272727272, 'temperature_avg': 24.672727272727272, 'pm10_avg': 2.7636363636363632, 'pm25_avg': 2.7636363636363632}, 'timestamp': '2026-07-25 14:21:08'}",False,
"{'school': {'name': 'ZESPÓŁ SZKOLNO-PRZEDSZKOLNY W KIKOLE', 'street': 'UL. TARGOWA ', 'post_code': '87-620', 'city': 'KIKÓŁ', 'longitude': '19.128710871164806', 'latitude': '52.9122997425024'}, 'data': {'humidity_avg': 42.73333333333333, 'pressure_avg': 996.275, 'temperature_avg': 25.433333333333334, 'pm10_avg': 3.783333333333333, 'pm25_avg': 3.783333333333333}, 'timestamp': '2026-07-25 14:21:08'}",False,
"{'school': {'name': 'ZESPÓŁ SZKÓŁ NR 12, SZKOŁA PODSTAWOWA NR 14 IM. TADEUSZA KOŚCIUSZKI W LUBLINIE', 'street': 'UL. SŁAWINKOWSKA', 'post_code': '20-810', 'city': 'LUBLIN', 'longitude': '22.50882', 'latitude': '51.27206'}, 'data': {'humidity_avg': 38.06666666666667, 'pressure_avg': 984.6750000000001, 'temperature_avg': 26.583333333333332, 'pm10_avg': 1.775, 'pm25_avg': 1.775}, 'timestamp': '2026-07-25 14:21:08'}",False,
"{'school': {'name': 'SZKOŁA PODSTAWOWA IM. WOJSKA POLSKIEGO W MROCZKOWIE', 'street': '', 'post_code': '26-120', 'city': 'MROCZKÓW', 'longitude': '20.707528384659234', 'latitude': '51.14061780515584'}, 'data': {'humidity_avg': 41.125, 'pressure_avg': 978.3, 'temperature_avg': 23.2, 'pm10_avg': 2.0, 'pm25_avg': 2.0}, 'timestamp': '2026-07-25 14:21:08'}",False,
"{'school': {'name': 'NIEPUBLICZNA SZKOŁA PODSTAWOWA W STARKOWIE', 'street': '', 'post_code': '64-234', 'city': 'STARKOWO', 'longitude': '16.30800394232962', 'latitude': '51.979091747423034'}, 'data': {'humidity_avg': 43.40909090909091, 'pressure_avg': 1001.5363636363636, 'temperature_avg': 26.91818181818182, 'pm10_avg': 3.8636363636363633, 'pm25_avg': 3.8636363636363633}, 'timestamp': '2026-07-25 14:21:08'}",False,
"{'school': {'name': 'PRYWATNE LICEUM OGÓLNOKSZTAŁCĄCE IM. KRÓLOWEJ JADWIGI W LUBLINIE', 'street': 'UL. ALEJA JANA', 'post_code': '20-054', 'city': 'LUBLIN', 'longitude': '22.54162025', 'latitude': '51.25074768'}, 'data': {'humidity_avg': 35.154545454545456, 'pressure_avg': 986.4818181818181, 'temperature_avg': 27.30909090909091, 'pm10_avg': 1.8727272727272721, 'pm25_avg': 1.8727272727272721}, 'timestamp': '2026-07-25 14:21:08'}",False,
"{'school': {'name': 'POWIATOWY ZESPÓŁ WYCHOWANIA I KSZTAŁCENIA W PUŁAWACH', 'street': 'UL. CYPRIANA KAMILA NORWIDA', 'post_code': '24-100', 'city': 'PUŁAWY', 'longitude': '21.976633813495297', 'latitude': '51.41948575852678'}, 'data': {'humidity_avg': 29.854545454545452, 'pressure_avg': 993.0090909090909, 'temperature_avg': 30.145454545454548, 'pm10_avg': 1.318181818181818, 'pm25_avg': 1.318181818181818}, 'timestamp': '2026-07-25 14:21:08'}",False,
"{'school': {'name': 'SZKOŁA PODSTAWOWA IM. JANA BRZECHWY', 'street': '', 'post_code': '86-100', 'city': 'WIĄG', 'longitude': '18.44739', 'latitude': '53.40939'}, 'data': {'humidity_avg': 35.154545454545456, 'pressure_avg': 997.1909090909091, 'temperature_avg': 28.463636363636365, 'pm10_avg': 4.163636363636363, 'pm25_avg': 4.163636363636363}, 'timestamp': '2026-07-25 14:21:08'}",False,
"{'school': {'name': 'SZKOŁA PODSTAWOWA IM. KRZYSZTOFA ŻEGOCKIEGO W ROSTARZEWIE', 'street': 'UL. RAKONIEWICKA', 'post_code': '62-068', 'city': 'ROSTARZEWO', 'longitude': '16.20169', 'latitude': '52.13305'}, 'data': {'humidity_avg': 31.68, 'pressure_avg': 997.25, 'temperature_avg': 29.130000000000003, 'pm10_avg': 4.37, 'pm25_avg': 4.37}, 'timestamp': '2026-07-25 14:21:08'}",False,
"{'school': {'name': 'ZESPÓŁ SZKÓŁ GEODEZYJNO-DROGOWYCH I GOSPODARKI WODNEJ IM. GABRIELA NARUTOWICZA W KRAKOWIE', 'street': 'UL. JULIUSZA', 'post_code': '30-133', 'city': 'KRAKÓW-KROWODRZA', 'longitude': '19.8908844', 'latitude': '50.07355118'}, 'data': {'humidity_avg': 38.13333333333333, 'pressure_avg': 985.9, 'temperature_avg': 25.866666666666664, 'pm10_avg': 1.983333333333333, 'pm25_avg': 1.983333333333333}, 'timestamp': '2026-07-25 14:21:08'}",False,
"{'school': {'name': 'SZKOŁA PODSTAWOWA IM. JANA PAWŁA II W KRĘPSKU', 'street': 'UL. SZKOLNA', 'post_code': '72-113', 'city': 'KRĘPSKO', 'longitude': '14.74264', 'latitude': '53.59626'}, 'data': {'humidity_avg': 49.527272727272724, 'pressure_avg': 1005.6, 'temperature_avg': 24.40909090909091, 'pm10_avg': 3.1, 'pm25_avg': 2.818181818181818}, 'timestamp': '2026-07-25 14:21:08'}",False,
"{'school': {'name': 'SZKOŁA PODSTAWOWA NR 3 IM. JANA KOCHANOWSKIEGO W NOWYM SĄCZU', 'street': 'UL. SZKOLNA', 'post_code': '33-300', 'city': 'NOWY SĄCZ', 'longitude': '20.69834', 'latitude': '49.62792'}, 'data': {'humidity_avg': 38.53333333333333, 'pressure_avg': 977.6083333333332, 'temperature_avg': 25.675, 'pm10_avg': 2.208333333333333, 'pm25_avg': 2.208333333333333}, 'timestamp': '2026-07-25 14:21:08'}",False,
"{'school': {'name': 'SZKOŁA PODSTAWOWA NR 1 IM. JANA PAWŁA II W SUCHEJ BESKIDZKIEJ', 'street': 'UL. PŁK.T.SEMIKA', 'post_code': '34-200', 'city': 'SUCHA BESKIDZKA', 'longitude': '19.59363', 'latitude': '49.73958'}, 'data': {'humidity_avg': 37.6, 'pressure_avg': 971.0083333333333, 'temperature_avg': 24.0, 'pm10_avg': 1.9500000000000002, 'pm25_avg': 1.9500000000000002}, 'timestamp': '2026-07-25 14:21:08'}",False,
"{'school': {'name': 'SZKOŁA PODSTAWOWA NR 3 IM. WŁODZIMIERZA PUCHALSKIEGO W NIEPOŁOMICACH-POGRABIU', 'street': 'UL. KRAKOWSKA', 'post_code': '32-005', 'city': 'NIEPOŁOMICE', 'longitude': '20.16672', 'latitude': '50.04103'}, 'data': {'humidity_avg': 36.949999999999996, 'pressure_avg': 987.8666666666667, 'temperature_avg': 25.558333333333334, 'pm10_avg': 1.9333333333333331, 'pm25_avg': 1.9333333333333331}, 'timestamp': '2026-07-25 14:21:08'}",False,
"{'school': {'name': 'SZKOŁA PODSTAWOWA NR 2 W PROSZOWICACH IM. 6 BRYGADY POWIETRZNODESANTOWEJ GEN. BRYG. S. SOSABOWSKIEGO', 'street': 'UL. KOPERNIKA', 'post_code': '32-100', 'city': 'PROSZOWICE', 'longitude': '20.29955', 'latitude': '50.18954'}, 'data': {'humidity_avg': 38.25833333333333, 'pressure_avg': 985.525, 'temperature_avg': 24.316666666666666, 'pm10_avg': 2.175, 'pm25_avg': 2.175}, 'timestamp': '2026-07-25 14:21:08'}",False,
"{'school': {'name': 'SZKOŁA PODSTAWOWA IM. JANA DŁUGOSZA W PIEKARACH', 'street': None, 'post_code': '32-060', 'city': 'PIEKARY', 'longitude': '19.79719', 'latitude': '50.02279'}, 'data': {'humidity_avg': 50.15833333333333, 'pressure_avg': 988.2333333333332, 'temperature_avg': 23.683333333333334, 'pm10_avg': 2.375, 'pm25_avg': 2.375}, 'timestamp': '2026-07-25 14:21:08'}",False,
"{'school': {'name': 'SZKOŁA PODSTAWOWA NR 2 IM. CHWAŁY ORĘŻA POLSKIEGO W GIŻYCKU', 'street': 'UL. WARSZAWSKA', 'post_code': '11-500', 'city': 'GIŻYCKO', 'longitude': '21.78075224019078', 'latitude': '54.036565898932686'}, 'data': {'humidity_avg': 47.375, 'pressure_avg': 993.2333333333332, 'temperature_avg': 24.133333333333336, 'pm10_avg': 3.183333333333333, 'pm25_avg': 3.183333333333333}, 'timestamp': '2026-07-25 14:21:08'}",False,
"{'school': {'name': 'SZKOŁA PODSTAWOWA W CZARTAJEWIE', 'street': 'UL. SZKOLNA', 'post_code': '17-300', 'city': 'CZARTAJEW', 'longitude': '22.838462171164817', 'latitude': '52.4614245463836'}, 'data': {'humidity_avg': 42.99166666666667, 'pressure_avg': 993.0416666666666, 'temperature_avg': 27.375, 'pm10_avg': 2.008333333333333, 'pm25_avg': 2.008333333333333}, 'timestamp': '2026-07-25 14:21:08'}",False,
"{'school': {'name': 'SZKOŁA PODSTAWOWA IM. JANA PAWŁA II W FILIPOWIE', 'street': 'UL. MARII KONOPNICKIEJ', 'post_code': '16-424', 'city': 'FILIPÓW', 'longitude': '22.62438', 'latitude': '54.18093'}, 'data': {'humidity_avg': 53.37777777777777, 'pressure_avg': 987.9111111111112, 'temperature_avg': 25.0, 'pm10_avg': 1.622222222222222, 'pm25_avg': 1.622222222222222}, 'timestamp': '2026-07-25 14:21:08'}",False,
"{'school': {'name': 'SZKOŁA PODSTAWOWA NR 1 IM. NOBLISTÓW POLSKICH W GOLENIOWIE', 'street': 'UL. JANA KILIŃSKIEGO', 'post_code': '72-100', 'city': 'GOLENIÓW', 'longitude': '14.82457', 'latitude': '53.5645'}, 'data': {'humidity_avg': 48.76363636363636, 'pressure_avg': 1005.9181818181819, 'temperature_avg': 24.58181818181818, 'pm10_avg': 4.263636363636364, 'pm25_avg': 4.263636363636364}, 'timestamp': '2026-07-25 14:21:08'}",False,
"{'school': {'name': 'SZKOŁA PODSTAWOWA IM. MARKA KOTAŃSKIEGO W BIAŁUNIU', 'street': 'UL. SIELANKOWA', 'post_code': '72-100', 'city': 'BIAŁUŃ', 'longitude': '14.85017', 'latitude': '53.6106'}, 'data': {'humidity_avg': 50.4625, 'pressure_avg': 1003.5125, 'temperature_avg': 24.625, 'pm10_avg': 4.1625, 'pm25_avg': 4.1625}, 'timestamp': '2026-07-25 14:21:08'}",False,
"{'school': {'name': 'SZKOŁA PODSTAWOWA NR 2 IM. HENRYKA SIENKIEWICZA W GOLENIOWIE', 'street': 'UL. SZARYCH SZEREGÓW', 'post_code': '72-100', 'city': 'GOLENIÓW', 'longitude': '14.83652', 'latitude': '53.56184'}, 'data': {'humidity_avg': 47.730000000000004, 'pressure_avg': 1005.07, 'temperature_avg': 24.9, 'pm10_avg': 3.5, 'pm25_avg': 3.5}, 'timestamp': '2026-07-25 14:21:08'}",False,
"{'school': {'name': 'SZKOŁA PODSTAWOWA NR 1 IM. TADEUSZA KOŚCIUSZKI W KOLUSZKACH', 'street': 'UL. ZAGAJNIKOWA', 'post_code': '95-040', 'city': 'KOLUSZKI', 'longitude': '19.81125', 'latitude': '51.74864'}, 'data': {'humidity_avg': 36.81666666666667, 'pressure_avg': 985.0333333333333, 'temperature_avg': 26.816666666666666, 'pm10_avg': 2.9666666666666672, 'pm25_avg': 2.9666666666666672}, 'timestamp': '2026-07-25 14:21:08'}",False,
"{'school': {'name': 'SZKOŁA PODSTAWOWA IM. JOANNY KULMOWEJ W KOMAROWIE', 'street': '', 'post_code': '72-105', 'city': 'KOMAROWO', 'longitude': '14.71047', 'latitude': '53.50666'}, 'data': {'humidity_avg': 38.125, 'pressure_avg': 1005.85, 'temperature_avg': 28.95, 'pm10_avg': 4.608333333333333, 'pm25_avg': 4.149999999999999}, 'timestamp': '2026-07-25 14:21:08'}",False,
"{'school': {'name': 'SZKOŁA PODSTAWOWA IM. JANA MATEJKI W KAMIONCE MAŁEJ', 'street': '', 'post_code': '34-602', 'city': 'KAMIONKA MAŁA', 'longitude': '20.50129919314627', 'latitude': '49.78145692784199'}, 'data': {'humidity_avg': 41.760000000000005, 'pressure_avg': 970.14, 'temperature_avg': 24.119999999999997, 'pm10_avg': 2.09, 'pm25_avg': 2.09}, 'timestamp': '2026-07-25 14:21:08'}",False,
"{'school': {'name': 'ZESPÓŁ SZKOLNO-PRZEDSZKOLNY NR 16 W GLIWICACH', 'street': 'UL. SIKORNIK', 'post_code': '44-100', 'city': 'GLIWICE', 'longitude': '18.659079771165676', 'latitude': '50.287117294909635'}, 'data': {'humidity_avg': 40.67272727272727, 'pressure_avg': 984.0, 'temperature_avg': 24.645454545454548, 'pm10_avg': 2.9, 'pm25_avg': 2.9}, 'timestamp': '2026-07-25 14:21:08'}",False,
"{'school': {'name': 'SZKOŁA PODSTAWOWA NR 6 IM. KS. PIOTRA SKARGI W JAROSŁAWIU', 'street': 'UL. SPYTKA', 'post_code': '37-500', 'city': 'JAROSŁAW', 'longitude': '22.68186', 'latitude': '50.01953'}, 'data': {'humidity_avg': 48.833333333333336, 'pressure_avg': 989.0583333333334, 'temperature_avg': 24.5, 'pm10_avg': 2.641666666666666, 'pm25_avg': 2.383333333333333}, 'timestamp': '2026-07-25 14:21:08'}",False,
"{'school': {'name': 'SZKOŁA PODSTAWOWA NR 7 IM. TADEUSZA KOŚCIUSZKI W NOWEJ RUDZIE', 'street': 'UL. SZKOLNA', 'post_code': '57-402', 'city': 'NOWA RUDA', 'longitude': '16.54677', 'latitude': '50.54564'}, 'data': {'humidity_avg': 37.24166666666667, 'pressure_avg': 963.3000000000001, 'temperature_avg': 24.016666666666666, 'pm10_avg': 2.933333333333333, 'pm25_avg': 2.658333333333333}, 'timestamp': '2026-07-25 14:21:08'}",False,
"{'school': {'name': 'SZKOŁA PODSTAWOWA NR 182 IM. TADEUSZA ZAWADZKIEGO ""ZOŚKI""', 'street': 'UL. ŁANOWA', 'post_code': '91-103', 'city': 'ŁÓDŹ', 'longitude': '19.399413998388262', 'latitude': '51.79321913916308'}, 'data': {'humidity_avg': 40.14545454545455, 'pressure_avg': 978.9636363636364, 'temperature_avg': 26.50909090909091, 'pm10_avg': 3.409090909090909, 'pm25_avg': 3.409090909090909}, 'timestamp': '2026-07-25 14:21:08'}",False,
"{'school': {'name': 'SZKOŁA PODSTAWOWA NR 3 IM. JANUSZA KORCZAKA W ZIELONCE', 'street': 'WILSONA', 'post_code': '05-220', 'city': 'ZIELONKA KOŁO WARSZAWY', 'longitude': '21.15703', 'latitude': '52.2966'}, 'data': {'humidity_avg': 45.94285714285714, 'pressure_avg': 1001.1714285714286, 'temperature_avg': 27.099999999999998, 'pm10_avg': 3.042857142857143, 'pm25_avg': 3.042857142857143}, 'timestamp': '2026-07-25 14:21:08'}",False,
"{'school': {'name': 'SZKOŁA PODSTAWOWA IM. WŁADYSŁAWA REYMONTA W CONIEWIE', 'street': '', 'post_code': '05-530', 'city': 'CONIEW', 'longitude': '21.22121213', 'latitude': '51.92689969'}, 'data': {'humidity_avg': 41.141666666666666, 'pressure_avg': 995.8416666666667, 'temperature_avg': 26.516666666666666, 'pm10_avg': 2.041666666666666, 'pm25_avg': 2.041666666666666}, 'timestamp': '2026-07-25 14:21:08'}",False,
"{'school': {'name': 'SZKOŁA PODSTAWOWA NR 189 W ŁODZI', 'street': 'KOSSAKA', 'post_code': '90-001', 'city': 'ŁÓDŹ', 'longitude': '19.4980669406126', 'latitude': '51.7385899126176'}, 'data': {'humidity_avg': 35.6, 'pressure_avg': 986.7636363636364, 'temperature_avg': 27.545454545454547, 'pm10_avg': 3.154545454545454, 'pm25_avg': 3.154545454545454}, 'timestamp': '2026-07-25 14:21:08'}",False,
"{'school': {'name': 'SZKOŁA PODSTAWOWA NR 158 IM. JULIANA ALEKSANDROWICZA W KRAKOWIE', 'street': 'UL. STRĄKOWA', 'post_code': '30-410', 'city': 'KRAKÓW', 'longitude': '19.92383', 'latitude': '50.02672'}, 'data': {'humidity_avg': 30.566666666666666, 'pressure_avg': 986.7833333333333, 'temperature_avg': 28.90833333333333, 'pm10_avg': 1.958333333333333, 'pm25_avg': 1.958333333333333}, 'timestamp': '2026-07-25 14:21:08'}",False,
"{'school': {'name': 'SZKOŁA PODSTAWOWA NR 97 IM. JOACHIMA LELEWELA W KRAKOWIE', 'street': 'UL. DOKTORA JUDYMA', 'post_code': '30-436', 'city': 'KRAKÓW', 'longitude': '19.91856', 'latitude': '50.00119'}, 'data': {'humidity_avg': 45.06666666666666, 'pressure_avg': 981.9333333333334, 'temperature_avg': 23.21666666666667, 'pm10_avg': 2.6166666666666663, 'pm25_avg': 2.6166666666666663}, 'timestamp': '2026-07-25 14:21:08'}",False,
"{'school': {'name': 'CENTRUM EDUKACJI EKOLOGICZNEJ I REWITALIZACJI JEZIOR - ZESPÓŁ PLACÓWEK OŚWIATOWYCH', 'street': 'UL.', 'post_code': '78-400', 'city': 'SZCZECINEK', 'longitude': '16.69346239', 'latitude': '53.70660645'}, 'data': {'humidity_avg': 43.07272727272727, 'pressure_avg': 990.5545454545455, 'temperature_avg': 25.80909090909091, 'pm10_avg': 4.145454545454545, 'pm25_avg': 4.145454545454545}, 'timestamp': '2026-07-25 14:21:08'}",False,
"{'school': {'name': 'SZKOŁA PODSTAWOWA NR 9 IM. MARII GRZEGORZEWSKIEJ W SKIERNIEWICACH', 'street': 'UL. KAZIMIERZA PRZERWY-TETMAJERA', 'post_code': '96-100', 'city': 'SKIERNIEWICE', 'longitude': '20.144', 'latitude': '51.97581'}, 'data': {'humidity_avg': 34.65555555555555, 'pressure_avg': 995.0, 'temperature_avg': 27.844444444444445, 'pm10_avg': 2.444444444444444, 'pm25_avg': 2.444444444444444}, 'timestamp': '2026-07-25 14:21:08'}",False,
"{'school': {'name': 'SZKOŁA PODSTAWOWA W NOWYM WOROWIE', 'street': 'UL. CHOPINA', 'post_code': '78-523', 'city': 'NOWE WOROWO', 'longitude': '16.08781', 'latitude': '53.64941'}, 'data': {'humidity_avg': 47.290909090909096, 'pressure_avg': 990.9090909090909, 'temperature_avg': 26.981818181818184, 'pm10_avg': 4.045454545454546, 'pm25_avg': 4.045454545454546}, 'timestamp': '2026-07-25 14:21:08'}",False,
"{'school': {'name': 'ZESPÓŁ SZKÓŁ PUBLICZNYCH IM. LOTNIKÓW POLSKICH W MOSTACH', 'street': '', 'post_code': '72-132', 'city': 'MOSTY', 'longitude': '14.954875', 'latitude': '53.5493204'}, 'data': {'humidity_avg': 43.48333333333333, 'pressure_avg': 1000.0333333333333, 'temperature_avg': 26.625, 'pm10_avg': 3.533333333333333, 'pm25_avg': 3.533333333333333}, 'timestamp': '2026-07-25 14:21:08'}",False,
"{'school': {'name': 'SZKOŁA PODSTAWOWA IM. JÓZEFA IGNACEGO KRASZEWSKIEGO W OBJEZIERZU', 'street': None, 'post_code': '64-600', 'city': 'OBJEZIERZE', 'longitude': '16.76478958', 'latitude': '52.60435486'}, 'data': {'humidity_avg': 47.14111111111111, 'pressure_avg': 1000.8062222222222, 'temperature_avg': 24.882444444444445, 'pm10_avg': 13.355555555555556, 'pm25_avg': 7.177777777777778}, 'timestamp': '2026-07-25 14:21:08'}",False,
"{'school': {'name': 'SZKOŁA PODSTAWOWA IM. STANISŁAWA STASZICA W TUCHOWIE', 'street': 'UL. JANA PAWŁA II', 'post_code': '33-170', 'city': 'TUCHÓW', 'longitude': '21.05656', 'latitude': '49.89491'}, 'data': {'humidity_avg': 42.28333333333333, 'pressure_avg': 986.7583333333333, 'temperature_avg': 23.833333333333332, 'pm10_avg': 2.35, 'pm25_avg': 1.941666666666666}, 'timestamp': '2026-07-25 14:21:08'}",False,
"{'school': {'name': 'SZKOŁA PODSTAWOWA IM. JANUSZA KUSOCIŃSKIEGO W HANULINIE', 'street': 'UL. POWSTAŃCÓW WLKP.', 'post_code': '63-600', 'city': 'HANULIN', 'longitude': '17.98436', 'latitude': '51.30969'}, 'data': {'humidity_avg': 52.333333333333336, 'pressure_avg': 994.1333333333333, 'temperature_avg': 24.933333333333334, 'pm10_avg': 5.966666666666666, 'pm25_avg': 3.566666666666666}, 'timestamp': '2026-07-25 14:21:08'}",False,
"{'school': {'name': 'ZESPÓŁ SZKOLNO-PRZEDSZKOLNY W CEREKWICY', 'street': 'UL. PRZYBRODZKA', 'post_code': '62-090', 'city': 'CEREKWICA', 'longitude': '16.69171385', 'latitude': '52.51859233'}, 'data': {'humidity_avg': 64.95192307692308, 'pressure_avg': 999.86, 'temperature_avg': 25.883076923076924, 'pm10_avg': 11.076923076923077, 'pm25_avg': 10.23076923076923}, 'timestamp': '2026-07-25 14:21:08'}",False,
"{'school': {'name': 'SZKOŁA PODSTAWOWA IM.ARKADEGO FIEDLERA W CZAPURACH', 'street': 'UL. POZNAŃSKA', 'post_code': '61-160', 'city': 'CZAPURY', 'longitude': '16.91235513', 'latitude': '52.31487232'}, 'data': {'humidity_avg': 39.654, 'pressure_avg': 1003.0067999999999, 'temperature_avg': 25.156, 'pm10_avg': 10.88, 'pm25_avg': 9.84}, 'timestamp': '2026-07-25 14:21:08'}",False,
"{'school': {'name': 'SZKOŁA PODSTAWOWA W DŁUGIEJ GOŚLINIE', 'street': None, 'post_code': '62-095', 'city': 'DŁUGA GOŚLINA', 'longitude': '17.032517', 'latitude': '52.632699'}, 'data': {'humidity_avg': 43.2864, 'pressure_avg': 1002.3096, 'temperature_avg': 24.6856, 'pm10_avg': 19.32, 'pm25_avg': 8.08}, 'timestamp': '2026-07-25 14:21:08'}",False,
"{'school': {'name': 'SZKOŁA PODSTAWOWA IM. WŁADYSŁAWA BRONIEWSKIEGO W ŁĘTKOWICACH', 'street': 'ŁĘTKOWICE', 'post_code': '32-107', 'city': 'ŁĘTKOWICE', 'longitude': '20.16754723', 'latitude': '50.25458145'}, 'data': {'humidity_avg': 37.23076923076923, 'pressure_avg': 982.5923076923077, 'temperature_avg': 25.76153846153846, 'pm10_avg': 2.084615384615384, 'pm25_avg': 2.084615384615384}, 'timestamp': '2026-07-25 14:21:08'}",False,
"{'school': {'name': 'ZESPÓŁ SZKOLNO-PRZEDSZKOLNY W TOMICACH', 'street': 'DWORSKA', 'post_code': '34-100', 'city': 'TOMICE', 'longitude': '19.48542', 'latitude': '49.900554'}, 'data': {'humidity_avg': 45.84166666666667, 'pressure_avg': 980.0500000000001, 'temperature_avg': 22.974999999999998, 'pm10_avg': 3.258333333333333, 'pm25_avg': 2.875}, 'timestamp': '2026-07-25 14:21:08'}",False,
"{'school': {'name': 'LXIII LICEUM OGÓLNOKSZTAŁCĄCE IM. LAJOSA KOSSUTHA', 'street': 'UL. LUDWIKA HIRSZFELDA', 'post_code': '02-776', 'city': 'WARSZAWA', 'longitude': '21.0404631', 'latitude': '52.14552246'}, 'data': {'humidity_avg': 42.0, 'pressure_avg': 997.2833333333333, 'temperature_avg': 26.041666666666668, 'pm10_avg': 2.8249999999999993, 'pm25_avg': 2.8249999999999993}, 'timestamp': '2026-07-25 14:21:08'}",False,
"{'school': {'name': 'SPECJALNY OŚRODEK SZKOLNO-WYCHOWAWCZY NR 2 W GNIEŹNIE', 'street': 'UL. POWSTAŃCÓW WLKP.', 'post_code': '62-200', 'city': 'GNIEZNO', 'longitude': '17.58932469', 'latitude': '52.54080607'}, 'data': {'humidity_avg': 37.86666666666667, 'pressure_avg': 993.375, 'temperature_avg': 25.491666666666664, 'pm10_avg': 3.666666666666666, 'pm25_avg': 3.666666666666666}, 'timestamp': '2026-07-25 14:21:08'}",False,
"{'school': {'name': 'PRZEDSZKOLE ""WESOŁE SKRZATY"" W POBIEDZISKACH', 'street': 'UL. RÓŻANA', 'post_code': '62-010', 'city': 'POBIEDZISKA', 'longitude': '17.28387435', 'latitude': '52.47427001'}, 'data': {'humidity_avg': 52.1, 'pressure_avg': 996.694, 'temperature_avg': 24.1536, 'pm10_avg': 7.64, 'pm25_avg': 7.64}, 'timestamp': '2026-07-25 14:21:08'}",False,
"{'school': {'name': 'WIEJSKI DOM KULTURY', 'street': 'UL. OTUSZ', 'post_code': '64-320', 'city': 'BUK ', 'longitude': '16.57515262', 'latitude': '52.35700116'}, 'data': {'humidity_avg': 43.2864, 'pressure_avg': 1002.3096, 'temperature_avg': 24.6856, 'pm10_avg': 19.32, 'pm25_avg': 8.08}, 'timestamp': '2026-07-25 14:21:08'}",False,
"{'school': {'name': 'SZKOŁA PODSTAWOWA IM. JANA PAWŁA II W TUSZYNIE', 'street': None, 'post_code': '58-207', 'city': 'TUSZYN', 'longitude': '16.646380171164814', 'latitude': '50.79845335760395'}, 'data': {'humidity_avg': 37.19090909090909, 'pressure_avg': 981.4272727272728, 'temperature_avg': 28.781818181818185, 'pm10_avg': 3.336363636363636, 'pm25_avg': 3.3}, 'timestamp': '2026-07-25 14:21:08'}",False,
"{'school': {'name': 'ZESPÓŁ SZKÓŁ IM. O. MARIANA ŻELAZKA W CHLUDOWIE', 'street': 'SZKOLNA', 'post_code': '62-001', 'city': 'CHLUDOWO', 'longitude': '16.8455268', 'latitude': '52.55560524'}, 'data': {'humidity_avg': 43.1972, 'pressure_avg': 998.5692, 'temperature_avg': 30.9872, 'pm10_avg': 8.2, 'pm25_avg': 7.84}, 'timestamp': '2026-07-25 14:21:08'}",False,
"{'school': {'name': 'SZKOŁA PODSTAWOWA W BRODZISZEWIE', 'street': 'UL. SZKOLNA', 'post_code': '64-500', 'city': 'BRODZISZEWO', 'longitude': '16.520947', 'latitude': '52.57001'}, 'data': {'humidity_avg': 45.385600000000004, 'pressure_avg': 998.8212, 'temperature_avg': 25.887199999999996, 'pm10_avg': 19.88, 'pm25_avg': 15.88}, 'timestamp': '2026-07-25 14:21:08'}",False,
"{'school': {'name': 'URZĄD GMINY BRAŃSZCZYK', 'street': 'UL. JANA PAWŁA', 'post_code': '07-221', 'city': 'BRAŃSZCZYK', 'longitude': '21.5859209', 'latitude': '52.62845727'}, 'data': {'humidity_avg': 38.78496732026144, 'pressure_avg': 1000.6123529411765, 'temperature_avg': 27.566013071895426, 'pm10_avg': 0.45424836601307106, 'pm25_avg': 0.41568627450980306}, 'timestamp': '2026-07-25 14:21:08'}",False,
"{'school': {'name': 'SALA WIEJSKA GOWARZEWO ', 'street': 'SWARZĘDZKA', 'post_code': '63-004', 'city': 'GOWARZEWO ', 'longitude': '17.12458988', 'latitude': '52.36461574'}, 'data': {'humidity_avg': 39.82692307692308, 'pressure_avg': 999.7080769230769, 'temperature_avg': 27.252692307692307, 'pm10_avg': 11.0, 'pm25_avg': 10.807692307692308}, 'timestamp': '2026-07-25 14:21:08'}",False,
"{'school': {'name': 'SZKOŁA PODSTAWOWA IM.BOHATERÓW WRZEŚNIA 1939R.W JORDANOWIE', 'street': 'KONOPNICKIEJ', 'post_code': '34-240', 'city': 'JORDANÓW', 'longitude': '19.834938', 'latitude': '49.653449'}, 'data': {'humidity_avg': 40.663636363636364, 'pressure_avg': 955.5727272727272, 'temperature_avg': 23.672727272727272, 'pm10_avg': 2.836363636363636, 'pm25_avg': 2.5727272727272723}, 'timestamp': '2026-07-25 14:21:08'}",False,
"{'school': {'name': 'PRZEDSZKOLE NR 10 W PIASECZNIE', 'street': 'NADARZYŃSKA', 'post_code': '05-500', 'city': 'PIASECZNO', 'longitude': '21.01768', 'latitude': '52.07237'}, 'data': {'humidity_avg': 40.99166666666667, 'pressure_avg': 999.6416666666668, 'temperature_avg': 26.525000000000002, 'pm10_avg': 2.783333333333333, 'pm25_avg': 2.516666666666666}, 'timestamp': '2026-07-25 14:21:08'}",False,
"{'school': {'name': 'SZKOŁA PODSTAWOWA IM. JANA PAWŁA II W WILCZKOWIE', 'street': 'UL. MIKOŁAJA KOPERNIKA', 'post_code': '55-020', 'city': 'WILCZKÓW', 'longitude': '16.9893963', 'latitude': '50.9665118'}, 'data': {'humidity_avg': 35.96363636363637, 'pressure_avg': 992.1272727272727, 'temperature_avg': 26.972727272727273, 'pm10_avg': 2.6545454545454543, 'pm25_avg': 2.39090909090909}, 'timestamp': '2026-07-25 14:21:08'}",False,
"{'school': {'name': 'PRZEDSZKOLE SAMORZĄDOWE W GOLI', 'street': '', 'post_code': '63-800', 'city': 'GOLA', 'longitude': '16.94464024', 'latitude': '51.87092046'}, 'data': {'humidity_avg': 47.50909090909091, 'pressure_avg': 995.6, 'temperature_avg': 26.00909090909091, 'pm10_avg': 3.1, 'pm25_avg': 3.1}, 'timestamp': '2026-07-25 14:21:08'}",False,
"{'school': {'name': 'SPOŁECZNA SZKOŁA PODSTAWOWA W GZACH', 'street': None, 'post_code': '06-126', 'city': 'GZY', 'longitude': '20.92563587', 'latitude': '52.74481541'}, 'data': {'humidity_avg': 63.85454545454545, 'pressure_avg': 998.1, 'temperature_avg': 24.736363636363638, 'pm10_avg': 5.5, 'pm25_avg': 5.345454545454545}, 'timestamp': '2026-07-25 14:21:08'}",False,
"{'school': {'name': 'ZESPÓŁ SZKOLNO-PRZEDSZKOLNY W KSIĄŻU WIELKIM', 'street': 'UL. MIKOŁAJA REJA', 'post_code': '32-210', 'city': 'KSIĄŻ WIELKI', 'longitude': '20.1452219', 'latitude': '50.44270723'}, 'data': {'humidity_avg': 36.416666666666664, 'pressure_avg': 982.1, 'temperature_avg': 23.608333333333334, 'pm10_avg': 9.633333333333333, 'pm25_avg': 7.666666666666667}, 'timestamp': '2026-07-25 14:21:08'}",False,
