NAME,STREET,POST_CODE,CITY,LONGITUDE,LATITUDE,HUMIDITY_AVG,PRESSURE_AVG,TEMPERATURE_AVG,PM10_AVG,PM25_AVG,TIMESTAMP
SZKOŁA PODSTAWOWA IM. MARIANA FALSKIEGO W KRASZEWICACH, UL. SZKOLNA, 63-522, KRASZEWICE,18.22403,51.51563, 0.1, 1000.2666666666668, 0.0,3.1,1.7033333333333331, 2026-07-25 13:49:23
SZKOŁA PODSTAWOWA WE WRZĄSOWICACH, UL. SZKOLNA, 32-040, WRZĄSOWICE,19.94282,49.96103, 37.39090909090909, 974.8363636363637, 26.363636363636363,2.509090909090909,2.245454545454545, 2026-07-25 13:49:23
ZESPÓŁ SZKÓŁ NR 1 W PSZCZYNIE, UL. KAZIMIERZA WIELKIEGO, 43-200, PSZCZYNA,18.9457058,49.965883, 45.43333333333334, 996.2333333333332, 23.5,0.6333333333333331,0.383333333333333, 2026-07-25 13:49:23
ZESPÓŁ SZKÓŁ IM. POWSTAŃCÓW WIELKOPOLSKICH W JANKOWIE PRZYGODZKIM, SZKOLNA, 63-421, JANKÓW PRZYGODZKI,17.7889069,51.596172, 99.90000000000002, 992.4, 16.4,21.3,11.15, 2026-07-25 13:49:23
SZKOŁA PODSTAWOWA NR 7 IM. ŻOŁNIERZY WRZEŚNIA W ĆWIKLICACH, UL. MĘCZENNIKÓW OŚWIĘCIMSKICH, 43-229, ĆWIKLICE,18.989839,49.971937, 42.5, 982.1999999999999, 29.5,1.666666666666666,0.97, 2026-07-25 13:49:23
SZKOŁA PODSTAWOWA NR 12 W STUDZIONCE, UL. JORDANA, 43-245, STUDZIONKA,18.774985,49.9603559, 41.4, 988.6333333333333, 22.433333333333334,3.633333333333333,2.119999999999999, 2026-07-25 13:49:23
ZESPÓŁ SZKOLNO-PRZEDSZKOLNY W PIASKU, SZKOLNA, 43-211, PIASEK,18.94634,50.00955, 42.46666666666667, 990.7333333333332, 24.733333333333334,1.8,1.016666666666666, 2026-07-25 13:49:23
ZESPÓŁ SZKOLNO-PRZEDSZKOLNY W ŁĄCE, FITELBERGA, 43-241, ŁĄKA,18.906757,49.9582444, 49.300000000000004, 987.6, 23.5,3.066666666666666,1.86, 2026-07-25 13:49:23
SZKOŁA PODSTAWOWA NR 3 W LUBONIU, ARMII POZNAŃ, 62-030, LUBOŃ,16.8968,52.3481, 47.06666666666666, 993.7666666666668, 26.233333333333334,3.533333333333333,2.036666666666666, 2026-07-25 13:49:23
ZESPÓŁ SZKÓŁ PONADGIMNAZJALNYCH CENTRUM KSZTAŁCENIA USTAWICZNEGO W PRZYGODZICACH, PTR, 63-421, PRZYGODZICE,17.822685,51.59023, 49.300000000000004, 1001.2666666666668, 24.400000000000002,3.166666666666666,1.753333333333333, 2026-07-25 13:49:23
LICEUM OGÓLNOKSZTAŁCĄCE IM. WŁADYSŁAWA JAGIEŁŁY W ODOLANOWIE, KROTOSZYŃSKA, 63-430, ODOLANÓW,17.66024,51.58063, 38.86666666666667, 994.9666666666667, 25.099999999999998,4.2,2.54, 2026-07-25 13:49:23
ZESPÓŁ SZKÓŁ W PIOTROWIE, , 62-814, PIOTRÓW,18.05485,51.8157, 33.166666666666664, 995.9, 31.3,0.9,0.573333333333333, 2026-07-25 13:49:23
SZKOŁA PODSTAWOWA W CZARNYMLESIE, , 63-421, CZARNYLAS,17.762604,51.508366, 39.5, 990.5, 25.400000000000002,0.033333333333333,0.016666666666666, 2026-07-25 13:49:23
SZKOŁA PODSTAWOWA NR 2 IM. AUGUSTA HR. CIESZKOWSKIEGO W LUBONIU, ŻABIKOWSKA, 62-030, LUBOŃ,16.878431,52.346672, 52.199999999999996, 1001.6666666666666, 25.53333333333333,4.899999999999999,2.793333333333333, 2026-07-25 13:49:23
SZKOŁA PODSTAWOWA IM. POWSTAŃCÓW WIELKOPOLSKICH W DORUCHOWIE, KALISKA, 63-505, DORUCHÓW,18.0786,51.4189, 36.03333333333333, 1013.9333333333334, 26.366666666666664,0.066666666666666,0.033333333333333, 2026-07-25 13:49:23
SZKOŁA PODSTAWOWA IM. MIKOŁAJA KOPERNIKA W BUKOWCU, SZKOLNA, 95-006, BUKOWIEC,19.6757,51.6918, 61.833333333333336, 982.2666666666668, 24.7,2.133333333333333,1.24, 2026-07-25 13:49:23
SZKOŁA PODSTAWOWA IM. MARII KONOPNICKIEJ W KOTLINIE, MARII KONOPNICKIEJ, 63-220, KOTLIN,17.645437,51.91866, 50.76666666666667, 993.3333333333334, 24.0,0.0,0.0, 2026-07-25 13:49:23
SZKOŁA PODSTAWOWA NR 2 W OTMUCHOWIE, KALINOWA, 48-385, OTMUCHÓW,17.213,50.46535, 51.199999999999996, 989.6333333333333, 24.066666666666666,6.366666666666667,3.4666666666666672, 2026-07-25 13:49:23
SZKOŁA PODSTAWOWA IM. BOHATERÓW POWSTAŃ ŚLĄSKICH W KAŁKOWIE, , 48-364, KAŁKÓW,17.185241,50.4042, 30.866666666666664, 985.7333333333332, 27.433333333333334,2.533333333333333,1.366666666666666, 2026-07-25 13:49:23
SZKOŁA PODSTAWOWA W MACIEJOWICACH, , 48-385, MACIEJOWICE,17.13497,50.4998, 36.43333333333333, 976.2333333333332, 27.233333333333334,0.766666666666666,0.42, 2026-07-25 13:49:23
TEST SZKOŁA, ul Testowa, 00-000, TESTCITY,-157.52969778504766,1.8586845937815497, 48.43333333333334, 994.8666666666668, 23.53333333333333,0.6666666666666661,0.369999999999999, 2026-07-25 13:49:23
ZESPÓŁ EDUKACYJNY W KONOTOPIE, PL. POWSTAŃCÓW WIELKOPOLSKICH, 67-416, KONOTOP,15.9031,51.93023, 40.4, 1001.6999999999999, 23.666666666666668,3.6999999999999993,2.11, 2026-07-25 13:49:23
PRZEDSZKOLE NR 6 W BOCHNI, MUROWIANKA, 32-700, BOCHNIA,20.4415,49.96533, 39.1, 1000.0, 25.53333333333333,1.733333333333333,0.966666666666666, 2026-07-25 13:49:23
PUBLICZNA SZKOŁA PODSTAWOWA W SZYMISZOWIE, SZKOLNA, 47-161, SZYMISZÓW,18.21983,50.53656, 47.0, 988.8666666666667, 25.599999999999998,2.066666666666666,1.106666666666666, 2026-07-25 13:49:23
PUBLICZNA SZKOŁA PODSTAWOWA W ROZMIERCE, SZKOLNA, 47-171, ROZMIERKA,18.26905,50.56072, 1.0, 1016.1666666666666, 30.400000000000002,3.6999999999999993,1.96, 2026-07-25 13:49:23
SZKOŁA PODSTAWOWA IM. ORŁA BIAŁEGO W KUROWICACH FILIA W WOLI RAKOWEJ, SZKOLNA, 95-006, WOLA RAKOWA,19.61157,51.67447, 54.5, 988.7666666666668, 25.066666666666666,0.066666666666666,0.036666666666666, 2026-07-25 13:49:23
SZKOŁA PODSTAWOWA NR 8 IM. JÓZEFA WESZKI W RUDOŁTOWICACH, KRZYWOŃ, 43-220, RUDOŁTOWICE,19.00171,49.95711, 55.06666666666666, 992.4, 24.599999999999998,0.2,0.099999999999999, 2026-07-25 13:49:23
ZESPÓŁ SZKOLNO-PRZEDSZKOLNY W WIŚLE WIELKIEJ, HODOWCÓW, 43-243, WISŁA WIELKA,18.8532,49.95291, 44.36666666666667, 985.6333333333333, 23.53333333333333,1.4,0.756666666666666, 2026-07-25 13:49:23
SZKOŁA PODSTAWOWA IM. MARKA PRAWEGO W JEMIELNICY, SZKOLNA, 47-133, JEMIELNICA,18.380122,50.548993, 48.5, 990.6, 26.0,3.1,1.8266666666666664, 2026-07-25 13:49:23
SZKOŁA PODSTAWOWA NR 2 IM. ŚW. JADWIGI ŚLĄSKIEJ W PSZCZYNIE, KATOWICKA, 43-200, PSZCZYNA,18.947994,49.992568, 49.833333333333336, 989.6666666666666, 21.900000000000002,1.033333333333333,0.5566666666666661, 2026-07-25 13:49:23
ZESPÓŁ SZKÓŁ SPECJALNYCH W OSTROWCU ŚWIĘTOKRZYSKIM, IŁZECKA, 27-400, OSTROWIEC ŚWIĘTOKRZYSKI,21.386931,50.942931, 99.90000000000002, 1003.5666666666666, 25.933333333333334,0.7000000000000001,0.336666666666666, 2026-07-25 13:49:23
ZESPÓŁ SZKOLNO-PRZEDSZKOLNY W JANKOWICACH, BAZIOWA, 43-215, JANKOWICE,18.989423,50.002529, 29.0, 936.9, 23.3,28.0,17.0, 2026-07-25 13:49:23
SZKOŁA PODSTAWOWA NR 4 IM. JÓZEFA PUKOWCA W PSZCZYNIE, ZYGMUNTA KRASIŃSKIEGO, 43-200, PSZCZYNA,18.961125,49.971182, 47.56666666666666, 984.8666666666668, 25.133333333333336,0.3,0.173333333333333, 2026-07-25 13:49:23
ZESPÓŁ SZKÓŁ W OTMUCHOWIE, KRAKOWSKA, 48-385, OTMUCHÓW,17.167634,50.4705, 34.23333333333333, 981.7333333333332, 24.166666666666668,1.8,0.93, 2026-07-25 13:49:23
SZKOŁA PODSTAWOWA NR 60IM. IGNACEGO ŁUKASZEWICZA W CZECHOWICACH-DZIEDZICACH, UL. ŁUKASIEWICZA, 43-502, CZECHWICE-DZIEDZICE,19.016493,49.899404, 40.96666666666667, 975.0333333333333, 24.96666666666667,0.6666666666666661,0.383333333333333, 2026-07-25 13:49:23
SZKOŁA PODSTAWOWA NR 4 IM. GUSTAWA MORCINKA W SŁUPSKU, UL. LESZCZYŃSKIEGO, 76-200, SŁUPSK,17.005017,54.475286, 43.73333333333333, 1002.5, 26.099999999999998,5.399999999999999,2.6133333333333333, 2026-07-25 13:49:23
SZKOŁA PODSTAWOWA W KLESZCZOWIE, UL. SZKOLNA, 44-164, KLESZCZÓW,18.52751,50.344057, 61.9, 992.9, 21.2,0.0,0.0, 2026-07-25 13:49:23
SZKOŁA PODSTAWOWA NR 5 IM. GRYFITÓW W SŁUPSKU, UL. HUBALCZYKÓW, 76-200, SŁUPSK,17.062723,54.455744, 49.300000000000004, 1001.2666666666668, 24.400000000000002,3.166666666666666,1.753333333333333, 2026-07-25 13:49:23
ZESPÓŁ SZKOLNO-PRZEDSZKOLNY W POTĘPIE, UL. TARNOGÓRSKA, 42-693, POTĘPA,18.662519,50.565309, 99.90000000000002, 1007.0, 25.933333333333334,1.4333333333333331,0.736666666666666, 2026-07-25 13:49:23
SZKOŁA PODSTAWOWA NR 3 IM. JANA PAWŁA II W PSZCZYNIE, UL. STAROMIEJSKA, 43-200, PSZCZYNA,18.92452,49.98849, 40.971428571428575, 982.2857142857143, 23.87142857142857,4.128571428571428,3.6999999999999993, 2026-07-25 13:49:23
SZKOŁA PODSTAWOWA IM. MIKOŁAJA REJA W GORZYCZKACH, UL. WIEJSKA, 44-350, GORZYCZKI,18.399689,49.944774, 48.43333333333334, 982.2333333333332, 25.933333333333334,0.133333333333333,0.08, 2026-07-25 13:49:23
SZKOŁA PODSTAWOWA NR 6 IM. LUDWIKA WARYŃSKIEGO W SŁUPSKU, UL. STARZYŃSKIEGO, 76-200, SŁUPSK,17.023811,54.46598, 77.10000000000001, 1005.7333333333332, 23.633333333333336,1.4,0.75, 2026-07-25 13:49:23
SZKOŁA PODSTAWOWA IM. JANA BRZECHWY W KOBIÓRZE, UL. TUWIMA, 43-210, KOBIÓR,18.930274,50.060752, 5.0, 986.0333333333333, 25.633333333333336,3.066666666666666,1.8066666666666664, 2026-07-25 13:49:23
SZKOŁA PODSTAWOWA W PONISZOWICACH, UL. GLIWICKA, 44-172, PONISZOWICE,18.458674,50.40922, 39.53333333333333, 981.4, 30.633333333333336,0.033333333333333,0.016666666666666, 2026-07-25 13:49:23
SZKOŁA PODSTAWOWA IM. ORŁA BIAŁEGO W SOKOŁOWICACH, SOKOŁOWICE, 56-400, SOKOŁOWICE,17.4469,51.245, 27.400000000000002, 988.3666666666667, 31.7,5.3,3.33, 2026-07-25 13:49:23
SZKOŁA PODSTAWOWA IM. UNICEF W LIGOCIE MAŁEJ, LIGOTA MAŁA, 56-400, LIGOTA MAŁA,17.365476,51.142467, 36.733333333333334, 966.0333333333333, 25.866666666666664,4.966666666666667,2.913333333333333, 2026-07-25 13:49:23
SZKOŁA PODSTAWOWA GMINY OLEŚNICA W OLEŚNICY, WILEŃSKA, 56-400, OLEŚNICA,17.41034,51.2095, 99.90000000000002, 1000.6, 37.300000000000004,0.466666666666666,0.263333333333333, 2026-07-25 13:49:23
SZKOŁA PODSTAWOWA NR 19 W BRZEŹCACH, POKOJU, 43-200, BRZEŹCE,18.832539,49.984943, 42.233333333333334, 984.6, 23.233333333333334,1.099999999999999,0.61, 2026-07-25 13:49:23
ZESPÓŁ SZKOLNO-PRZEDSZKOLNY W RADOSTOWIE ŚREDNIM, RADOSTÓW ŚREDNI, 59-800, RADOSTÓW ŚREDNI,15.36293,51.12153, 27.5, 983.0, 28.3,0.5,0.28, 2026-07-25 13:49:23
ZESPÓŁ SZKOLNO-PRZEDSZKOLNY W KOŚCIELNIKU, KOŚCIELNIK, 59-800, KOŚCIELNIK,15.29682,51.08393, 61.9, 995.9, 17.5,0.3,0.15, 2026-07-25 13:49:23
SZKOŁA PODSTAWOWA IM. POLSKICH ODKRYWCÓW I PODRÓŻNIKÓW W KOBIERZYCACH, PARKOWA, 55-040, KOBIERZYCE,16.933169,50.971851, 36.833333333333336, 983.1333333333333, 27.666666666666668,1.733333333333333,1.003333333333333, 2026-07-25 13:49:23
SZKOŁA PODSTAWOWA IM. UNICEF W BIELANACH WROCŁAWSKICH, AKACJOWA, 55-040, BIELANY WROCŁAWSKIE,16.971022,51.03812, 36.53333333333333, 994.6666666666666, 24.866666666666664,3.633333333333333,2.103333333333333, 2026-07-25 13:49:23
SZKOŁA PODSTAWOWA IM. JANUSZA KORCZAKA W WYSOKIEJ, CHABROWA, 52-200, WYSOKA,17.007729,51.047504, 35.300000000000004, 989.6999999999999, 27.0,1.533333333333333,0.846666666666666, 2026-07-25 13:49:23
SZKOŁA PODSTAWOWA IM. TADEUSZA MAZOWIECKIEGO W TYŃCU MAŁYM, SZKOLNA, 55-040, TYNIEC MAŁY,16.909195,51.0216, 67.8, 1019.16, 2.5,39.96,21.93, 2026-07-25 13:49:23
SZKOŁA PODSTAWOWA IM. ROMUALDA TRAUGUTTA W PUSTKOWIE ŻURAWSKIM, KOLEJOWA, 55-040, PUSTKÓW ŻURAWSKI,16.859465,50.958878, 99.90000000000002, 988.5666666666666, 28.333333333333332,2.5666666666666678,1.466666666666666, 2026-07-25 13:49:23
SZKOŁA PODSTAWOWA NR 1 IM. MARII KONOPNICKIEJ W ZESPOLE SZKÓŁ OGÓLNOKSZTAŁCĄCYCH NR 1 IM. MARII KONOPNICKIEJ W PRUSZCZU GDAŃSKIM, NIEMCEWICZA, 83-000, PRUSZCZ GDAŃSKI,18.650575,54.261512, 54.333333333333336, 1016.4333333333334, 23.666666666666668,4.666666666666667,2.543333333333333, 2026-07-25 13:49:23
SZKOŁA PODSTAWOWA NR 2 IM. MIKOŁAJA KOPERNIKA W PRUSZCZU GDAŃSKIM, TYSIĄCLECIA, 83-000, PRUSZCZ GDAŃSKI,18.628278,54.260787, 52.06666666666666, 1008.2666666666668, 22.833333333333332,2.3,1.31, 2026-07-25 13:49:23
SZKOŁA PODSTAWOWA NR 3 IM. JANA MATEJKI W PRUSZCZU GDAŃSKIM, MATEJKI, 83-000, PRUSZCZ GDAŃSKI,18.636981,54.255547, 44.53333333333334, 1011.7666666666668, 27.433333333333337,2.766666666666667,1.566666666666666, 2026-07-25 13:49:23
SZKOŁA PODSTAWOWA NR 4 IM. IGNACEGO JANA PADEREWSKIEGO W PRUSZCZU GDAŃSKIM, KASPROWICZA, 83-000, PRUSZCZ GDAŃSKI,18.670231,54.263405, 52.96666666666667, 1011.1, 22.46666666666667,0.6666666666666661,0.346666666666666, 2026-07-25 13:49:23
SZKOŁA PODSTAWOWA NR 13 W WIŚLE MAŁEJ, SOKOLA, 43-243, WISŁA MAŁA,18.793987,49.93368, 58.76666666666667, 990.5666666666666, 24.03333333333333,0.0,0.0, 2026-07-25 13:49:23
ZESPÓŁ SZKOLNO-PRZEDSZKOLNY W STUDZIENICACH, ŚW. JANA PAWŁA II 74, 43-215, STUDZIENICE,18.983576,50.016514, 37.0, 994.4666666666667, 27.0,0.1,0.063333333333333, 2026-07-25 13:49:23
SZKOŁA PODSTAWOWA IM. JANUSZA KORCZAKA W SUSZCU, SZKOLNA, 43-267, SUSZEC,18.79149,50.03719, 99.90000000000002, 998.7999999999998, 25.099999999999998,0.1,0.053333333333333, 2026-07-25 13:49:23
SZKOŁA PODSTAWOWA NR 11 W PORĘBIE, SZKOLNA, 43-200, PORĘBA,18.876488,49.984417, 39.0, 999.3333333333334, 27.7,0.066666666666666,0.036666666666666, 2026-07-25 13:49:23
SZKOŁA PODSTAWOWA IM. MIKOŁAJA KOPERNIKA W WYSOCKU MAŁYM, KOŚCIELNA, 63-421, WYSOCKO MAŁE,17.84109,51.61033, 37.1, 989.6333333333333, 31.766666666666666,1.333333333333333,0.803333333333333, 2026-07-25 13:49:23
SZKOŁA PODSTAWOWA NR 3 IM. JULIANA TUWIMA W NOWEJ SOLI, BOTANICZNA, 67-100, NOWA SÓL,15.71186,51.82115, 38.800000000000004, 1003.3333333333334, 24.46666666666667,0.6999999999999991,0.413333333333333, 2026-07-25 13:49:23
ZESPÓŁ SZKÓŁ W JANKOWIE PIERWSZYM, JANKÓW PIERWSZY, 62-814, JANKÓW PIERWSZY,17.987951,51.902107, 43.76666666666667, 992.8333333333334, 25.03333333333333,2.766666666666667,1.463333333333333, 2026-07-25 13:49:23
ZESPÓŁ SZKOLNO-PRZEDSZKOLNY W MESZNIE, MESZNO, 48-385, MESZNO,17.15378,50.43684, 63.93333333333334, 979.9333333333334, 27.400000000000002,1.933333333333333,1.076666666666666, 2026-07-25 13:49:23
SZKOŁA PODSTAWOWA IM. 16. PUŁKU UŁANÓW WIELKOPOLSKICH W GRUPIE, SZKOLNA, 86-134, GRUPA,18.643229,53.506348, 32.5, 1006.0, 29.3,3.833333333333333,2.273333333333333, 2026-07-25 13:49:23
SZKOŁA PODSTAWOWA IM. ORŁA BIAŁEGO W KUROWICACH, SZKOLNA, 95-006, KUROWICE,19.6897942,51.6648927, 45.23333333333333, 988.1333333333333, 22.866666666666664,3.7,2.166666666666666, 2026-07-25 13:49:23
SZKOŁA PODSTAWOWA IM. POWSTAŃCÓW WIELKOPOLSKICH W BUDZYNIU, ROGOZIŃSKA, 64-840, BUDZYŃ,16.983885,52.8847, 42.166666666666664, 993.3333333333334, 25.566666666666666,5.833333333333333,3.09, 2026-07-25 13:49:23
SZKOŁA PODSTAWOWA W SWORNEGACIACH, SZKOLNA, 89-608, SWORNEGACIE,17.503073,53.86227, 53.13333333333333, 996.0, 24.566666666666666,0.6666666666666661,0.37, 2026-07-25 13:49:23
SZKOŁA PODSTAWOWA IM. ORŁA BIAŁEGO W RASZÓWCE, 1 MAJA, 59-307, RASZÓWKA,16.18346,51.30514, 44.86666666666667, 992.7333333333332, 28.766666666666666,0.766666666666666,0.41, 2026-07-25 13:49:23
SZKOŁA PODSTAWOWA IM. TADEUSZA KOŚCIUSZKI W MUNINIE, 3-GO MAJA, 37-514, MUNINA,22.725977,49.997936, 56.5, 996.2999999999998, 6.8,68.4,42.61, 2026-07-25 13:49:23
SZKOŁA PODSTAWOWA IM. ALEKSANDRA FREDRY W SUROCHOWIE, SUROCHÓW, 37-500, SUROCHÓW,22.7635,50.02385, 50.86666666666667, 987.8333333333334, 24.900000000000002,6.1,3.636666666666666, 2026-07-25 13:49:23
SZKOŁA PODSTAWOWA IM. LOTNIKÓW ALIANCKICH W IŁOWEJ, PIASKOWA, 68-120, IŁOWA,15.20461,51.50227, 49.5, 993.7000000000002, 16.7,56.0,31.12, 2026-07-25 13:49:23
ZESPÓŁ SZKOLNO-PRZEDSZKOLNY W BOŻEJOWICACH, BOŻEJOWICE, 59-700, BOŻEJOWICE,15.541525,51.244331, 52.9, 988.4, 26.266666666666666,3.966666666666666,2.143333333333333, 2026-07-25 13:49:23
ZESPÓŁ SZKOLNO-PRZEDSZKOLNY W BRZEŹNIKU, BRZEŹNIK, 59-700, BRZEŹNIK,15.467881,51.243537, 99.90000000000002, 990.0333333333333, 27.0,0.833333333333333,0.476666666666666, 2026-07-25 13:49:23
SZKOŁA PODSTAWOWA W DĄBROWIE BOLESŁAWIECKIEJ, DĄBROWA BOLESŁAWIECKA, 59-700, DĄBROWA BOLESŁAWIECKA,15.57337,51.325929, 53.6, 993.4333333333334, 25.733333333333334,2.5,1.366666666666666, 2026-07-25 13:49:23
ZESPÓŁ SZKOLNO-PRZEDSZKOLNY W OCICACH, OCICE, 59-730, OCICE,15.492642,51.201123, 71.8, 994.4333333333334, 22.2,7.8,4.31, 2026-07-25 13:49:23
ZESPÓŁ SZKOLNO-PRZEDSZKOLNY W TRZEBIENIU, LEŚNA, 59-700, TRZEBIEŃ,15.599295,51.390285, 41.800000000000004, 979.8333333333334, 25.03333333333333,4.433333333333334,2.473333333333333, 2026-07-25 13:49:23
ZESPÓŁ SZKOLNO-PRZEDSZKOLNY W ŻELISZOWIE, ŻELISZÓW, 59-700, ŻELISZÓW,15.636493,51.188462, 56.26666666666667, 990.2333333333332, 25.03333333333333,3.333333333333333,1.916666666666666, 2026-07-25 13:49:23
SZKOŁA PODSTAWOWA IM. MARII SKŁODOWSKIEJ-CURIE W KAWĘCZYNIE, KAWĘCZYN, 62-704, KAWĘCZYN,18.53126,51.90873, 91.88, 1014.65, 8.93,28.28,16.42, 2026-07-25 13:49:23
PUBLICZNA SZKOŁA PODSTAWOWA IM. MARII KONOPNICKIEJ W JORDANOWIE ŚLĄSKIM, WROCŁAWSKA, 55-065, JORDANÓW ŚLĄSKI,16.8656,50.8654, 55.46666666666667, 998.3000000000001, 22.866666666666664,5.233333333333333,3.143333333333333, 2026-07-25 13:49:23
SZKOŁA PODSTAWOWA IM. JANA PAWŁA II W RUDNEJ, PIASKOWA, 59-305, RUDNA,16.26114,51.51127, 38.26666666666667, 997.4666666666667, 27.333333333333332,4.933333333333335,2.5700000000000003, 2026-07-25 13:49:23
SZKOŁA PODSTAWOWA IM. BOHATERÓW WESTERPLATTE W CHOBIENI, SZKOLNA, 59-305, CHOBIENIA,16.44566,51.54124, 31.666666666666668, 996.0, 27.233333333333334,4.733333333333333,2.876666666666667, 2026-07-25 13:49:23
SZKOŁA PODSTAWOWA NR 3 IM. WŁADYSŁAWA BRONIEWSKIEGO W ŚWIEBODZICACH, ŚWIDNICKA, 58-160, ŚWIEBODZICE,16.322191,50.859905, 53.6, 978.3333333333334, 25.2,0.966666666666666,0.529999999999999, 2026-07-25 13:49:23
PUBLICZNA SZKOŁA PODSTAWOWA NR 5 IM. WŁADYSŁAWA BRONIEWSKIEGO W NOWEJ SOLI, WALKI MŁODYCH, 67-100, NOWA SÓL,15.72476,51.78292, 57.86666666666667, 1001.0333333333333, 24.766666666666666,3.0,1.7033333333333331, 2026-07-25 13:49:23
ZESPÓŁ EDUKACYJNY W KOLSKU, PIASTOWSKA, 67-415, KOLSKO,15.961961,51.960693, 88.33999999999999, 1020.57, 9.94,37.83,22.350000000000005, 2026-07-25 13:49:23
SZKOŁA PODSTAWOWA NR 3 IM. MARII KONOPNICKIEJ W KOLE, TORUŃSKA, 62-600, KOŁO,18.63092,52.201656, 93.46666666666665, 998.5, 27.099999999999998,3.3666666666666663,1.91, 2026-07-25 13:49:23
SZKOŁA PODSTAWOWA IM. JANA PAWŁA II W MIKORZYNIE, MIKORZYN, 63-600, MIKORZYN,18.026148,51.36473, 70.8, 986.1666666666666, 23.733333333333334,2.066666666666667,1.156666666666666, 2026-07-25 13:49:23
SZKOŁA PODSTAWOWA NR 1 IM. BOHATERÓW WESTERPLATTE W KĘPNIE, HENRYKA SIENKIEWICZA, 63-600, KĘPNO,17.987194,51.27619, 56.300000000000004, 998.9333333333334, 26.366666666666664,2.4666666666666672,1.38, 2026-07-25 13:49:23
SZKOŁA PODSTAWOWA IM. JANA PAWŁA II W LIPNICY WIELKIEJ, LIPNICA WIELKA, 33-323, LIPNICA WIELKA,20.86532,49.70755, 94.0, 985.0, 16.9,28.3,15.62, 2026-07-25 13:49:23
SZKOŁA PODSTAWOWA IM. PREZYDENTA GABRIELA NARUTOWICZA W CZĄSTKOWIE MAZOWIECKIM, CZĄSTKÓW MAZOWIECKI, 05-152, CZĄSTKÓW MAZOWIECKI,20.746943,52.39131, 55.333333333333336, 1002.0666666666666, 24.566666666666666,6.966666666666669,4.09, 2026-07-25 13:49:23
SZKOŁA PODSTAWOWA IM. PIERREA DE COUBERTINA W BUDACH SIENNICKICH, BUDY SIENNICKIE, 05-190, BUDY SIENNICKIE,20.787657,52.544962, 99.90000000000002, 993.0666666666666, 24.333333333333332,5.2,2.936666666666667, 2026-07-25 13:49:23
SZKOŁA PODSTAWOWA IM. JANA BRZECHWY W SZKLARACH GÓRNYCH, SZKLARY GÓRNE, 59-335, SZKLARY GÓRNE,16.08945,51.44225, 44.43333333333334, 994.8333333333334, 28.233333333333334,1.566666666666666,0.853333333333333, 2026-07-25 13:49:23
SAMORZĄDOWA SZKOŁA PODSTAWOWA W GÓRNYCH GRĄDACH, GÓRNE GRĄDY, 62-310, GÓRNE GRĄDY,17.74012,52.11447, 99.90000000000002, 1010.2800000000001, 20.5,2.799999999999999,1.5599999999999992, 2026-07-25 13:49:23
SZKOŁA PODSTAWOWA IM. KRZYSZTOFA KAMILA BACZYŃSKIEGO W CIĄŻENIU, WOLNOŚCI, 62-404, CIĄŻEŃ,17.816093,52.21152, 99.90000000000002, 1000.2000000000002, 23.8,8.3,4.28, 2026-07-25 13:49:23
SZKOŁA PODSTAWOWA NR 1 IM. STRAJKU DZIECI KOŹMIŃSKICH 1906/1907 W KOŹMINIE WIELKOPOLSKIM, GLINKI, 63-720, KOŹMIN WIELKOPOLSKI,17.45651,51.82566, 88.5, 1007.1, 13.300000000000002,19.5,11.76, 2026-07-25 13:49:23
SZKOŁA PODSTAWOWA SPORTOWA NR 6 W EŁKU, SUWALSKA, 19-300, EŁK,22.365547,53.82862, 36.96666666666667, 992.9, 27.46666666666667,4.933333333333335,3.119999999999999, 2026-07-25 13:49:23
SZKOŁA PODSTAWOWA NR 6 IM. JANA PAWŁA II W STAROGARDZIE GDAŃSKIM, BP. DOMINIKA, 83-250, STAROGARD GDAŃSKI,18.491356,53.98333, 51.1, 999.5666666666666, 24.833333333333332,2.3666666666666663,1.376666666666666, 2026-07-25 13:49:23
PUBLICZNA SZKOLA PODSTAWOWA IM. BOHATEROW OŚWIĘCIMSKICH W RUDZICZCE, WOSZCZYCKA, 43-267, RUDZICZKA (SUSZEC),18.7549,50.03935, 47.9, 1004.0, 25.2,2.066666666666667,1.093333333333333, 2026-07-25 13:49:23
ZESPÓŁ SZKÓŁ TECHNICZNYCH W KOLE, KOLEJOWA, 62-600, KOŁO,18.62956,52.2088, 33.1, 996.7333333333332, 29.5,1.633333333333333,1.096666666666666, 2026-07-25 13:49:23
PUBLICZNA SZKOŁA PODSTAWOWA NR 2 IM. KAZIMIERZA PUŁASKIEGO W WARCE, POLNA, 05-660, WARKA,21.188357,51.78638, 36.93333333333333, 994.3000000000001, 26.2,3.3666666666666663,1.936666666666666, 2026-07-25 13:49:23
SZKOŁA PODSTAWOWA NR 2 IM. STEFANA STARZYŃSKIEGO W NASIELSKU, KOŚCIUSZKI, 05-190, NASIELSK,20.801001,52.589717, 43.06666666666666, 991.8000000000001, 26.733333333333334,6.933333333333335,4.313333333333333, 2026-07-25 13:49:23
ZESPÓŁ SZKOLNO-PRZEDSZKOLNY W KAZUNIU NOWYM, GŁÓWNA, 05-152, KAZUŃ NOWY,20.68265,52.419853, 47.53333333333333, 1009.8666666666667, 25.46666666666667,5.833333333333333,3.093333333333333, 2026-07-25 13:49:23
SZKOŁA PODSTAWOWA IM. MIKOŁAJA KOPERNIKA W CIEKSYNIE, MARSZ. JÓZEFA PIŁSUDSKIEGO, 05-192, CIEKSYN,20.666605,52.572132, 67.43333333333334, 995.9, 27.733333333333334,3.233333333333334,1.7666666666666662, 2026-07-25 13:49:23
SZKOŁA PODSTAWOWA NR 5 IM MIKOŁAJA KOPERNIKA W CZECHOWICACH-DZIEDZICACH, KLASZTORNA, 43-502, CZECHOWICE-DZIEDZICE,19.003326,49.908154, 35.53333333333333, 997.9666666666667, 27.96666666666667,5.5,3.126666666666666, 2026-07-25 13:49:23
SZKOŁA PODSTAWOWA IM. KS. JÓZEFA LONDZINA W ZABRZEGU, KAROLA PYTLA, 43-516, ZABRZEG,18.9401,49.91564, 46.666666666666664, 1013.1333333333333, 30.400000000000002,7.933333333333334,4.136666666666667, 2026-07-25 13:49:23
GMINNE PRZEDSZKOLE W NOWEJ WSI, UL. GŁÓWNA, 05-806, NOWA WIEŚ,20.793608032839607,52.14079879793492, 53.0, 1005.9, 24.066666666666666,4.733333333333333,2.449999999999999, 2026-07-25 13:49:23
SZKOŁA PODSTAWOWA IM. JANA PAWŁA II W MICHAŁOWICACH, UL. SZKOLNA, 05-816, MICHAŁOWICE,20.8894743996203,52.16806240949327, 48.86666666666667, 1004.3000000000001, 26.7,19.03333333333333,9.146666666666668, 2026-07-25 13:49:23
SZKOŁA PODSTAWOWA IM. MARII DĄBROWSKIEJ W KOMOROWIE, UL. M. DĄBROWSKIEJ, 05-806, KOMORÓW,20.814969926602924,52.14696671968943, 52.0, 1004.2333333333332, 25.233333333333334,2.433333333333333,1.333333333333333, 2026-07-25 13:49:23
SZKOŁA PODSTAWOWA IM. MIKOŁAJA KOPERNIKA W NOWEJ WSI, UL. GŁÓWNA, 05-806, NOWA WIEŚ,20.80065871311049,52.134787344746286, 53.0, 1005.9, 24.066666666666666,4.733333333333333,2.449999999999999, 2026-07-25 13:49:23
GMINNE PRZEDSZKOLE W MICHAŁOWICACH, UL. SZKOLNA, 05-816, MICHAŁOWICE,20.8908240883606,52.16924425690457, 48.86666666666667, 1004.3000000000001, 26.7,19.03333333333333,9.146666666666668, 2026-07-25 13:49:23
ZESPÓŁ SZKOLNO-PRZEDSZKOLNY W SMOŁDZINIE, BOHATERÓW WARSZAWY, 76-214, SMOŁDZINO,17.217509899999996,54.66198055959346, 99.90000000000002, 1007.6666666666666, 23.833333333333332,3.4,1.843333333333333, 2026-07-25 13:49:23
ZESPÓŁ SZKOLNO- PRZEDSZKOLNY W0DOBRZYKOWICACH, UL. SUKCESU, 55-002, DOBRZYKOWICE,17.185415,51.092059, 43.43333333333334, 987.7333333333332, 25.5,3.433333333333333,1.796666666666666, 2026-07-25 13:49:23
SZKOŁA PODSTAWOWA IM. PIASTÓW ŚLĄSKICH W CHRZĄSTAWIE WIELKIEJ, UL. WROCŁAWSKA, 55-003, CZERNICA,17.292154,51.092542, 71.2, 984.9666666666667, 31.0,4.233333333333333,2.33, 2026-07-25 13:49:23
ZESPÓŁ SZKOLNO-PRZEDSZKOLNY IM. PAPIEŻA JANA PAWŁA II W CZERNICY, UL. ŚW. BRATA ALBERTA ADAMA CHMIELOWSKIEGO0, 55-003, CZERNICA,17.248533,51.0473805, 42.23333333333333, 1001.8000000000001, 24.866666666666664,11.733333333333334,6.893333333333333, 2026-07-25 13:49:23
SZKOŁA PODSTAWOWA IM. JANUSZA KORCZAKA W RATOWICACH, UL. WROCŁAWSKA, 55-003, CZERNICA,17.26685,51.033897, 27.03333333333333, 983.1, 26.766666666666666,2.633333333333333,1.456666666666666, 2026-07-25 13:49:23
SZKOŁA PODSTAWOWA IM. BOLESŁAW KRZYWOUSTEGO W KAMIEŃCU WROCŁAWSKIM, UL. KOLEJOWA, 55-002, KAMIENIEC WROCŁAWSKI,17.173628,51.077638, 47.9, 985.9666666666667, 27.3,3.833333333333333,2.239999999999999, 2026-07-25 13:49:23
SZKOŁA PODSTAWOWA NR 4 IM. JANA MEJSTERA W SŁOMCZYNIE, WILANOWSKA, 05-520, KONSTANCIN-JEZIORNA,21.15329336951058,52.060898677662806, 48.0, 990.8333333333334, 24.866666666666664,5.899999999999999,3.703333333333333, 2026-07-25 13:49:23
PUBLICZNA SZKOŁA PODSTAWOWA W TOMASZOWIE, LEŚNA, 68-114, TOMASZÓW,15.404658513741197,51.622513710796575, 34.6, 988.0, 25.733333333333334,4.833333333333333,2.753333333333333, 2026-07-25 13:49:23
SZKOŁA PODSTAWOWA NR 29 W LUBLINIE, WAJDELOTY, 20-604, LUBLIN,22.5237824136724,51.2433286093504, 39.0, 998.0, 24.2,3.0,2.0, 2026-07-25 13:49:23
SZKOŁA PODSTAWOWA W SZKODNEJ, , 39-126, SZKODNA,21.6475593266686,49.9841839576423, 39.18, 975.78, 25.78,2.02,2.02, 2026-07-25 13:49:23
SZKOŁA PODSTAWOWA IM. MARII KONOPNICKIEJ W MŁODOWIE, UL. SZKOLNA, 37-600, MŁODÓW,23.1625474248211,50.1612772043517, 24.516666666666666, 987.0, 37.875,3.833333333333333,3.5, 2026-07-25 13:49:23
SZKOŁA PODSTAWOWA W SIEDLISKACH, SIEDLISKA, 37-731, PRZEMYŚL,22.8836889838114,49.7739137681101, 48.14166666666667, 986.0, 24.566666666666666,3.916666666666666,3.916666666666666, 2026-07-25 13:49:23
SZKOŁA PODSTAWOWA NR 3 IM. JANA PAWŁA II W ROPCZYCACH, 3 MAJA, 39-100, ROPCZYCE,21.5832672438671,50.0389694490123, 22.316666666666666, 987.0, 36.44166666666667,3.916666666666666,3.583333333333333, 2026-07-25 13:49:23
SZKOŁA PODSTAWOWA NR 2 IM. BŁ. JANA PAWŁA II W LIBIĄŻU, PLAC ZWYCIĘSTWA, 32-590, LIBIĄŻ,19.3064540609702,50.0995764389139, 41.65, 980.0, 24.375,2.166666666666666,1.666666666666666, 2026-07-25 13:49:23
SZKOŁA PODSTAWOWA NR 2  IM. KAZIMIERZA BRODZIŃSKIEGO W BOCHNI, ORACKA, 32-700, BOCHNIA,20.4250867479996,49.9702658831946, 40.49166666666667, 986.0, 24.483333333333334,3.833333333333333,3.333333333333333, 2026-07-25 13:49:23
SZKOŁA PODSTAWOWA IM. KAZIMIERZA GÓRSKIEGO W ŁOZINIE, MILICKA, 55-095, ŁOZINA,17.180298682797538,51.23388117656271, 41.03333333333333, 992.2333333333332, 28.833333333333332,13.2,7.696666666666666, 2026-07-25 13:49:23
PRZEDSZKOLE W KIEŁCZOWIE, WROCŁAWSKA, 55-093, KIEŁCZÓW,17.19065006929958,51.1371047031024, 57.79999999999999, 999.9, 27.3,5.599999999999999,3.6, 2026-07-25 13:49:23
PRZEDSZKOLE W BLIZNEM JASIŃSKIEGO, UL. TADEUSZA KOŚCIUSZKI, 05-082, BLIZNE JASIŃSKIEGO,20.881159640505192,52.2438730196329, 43.93333333333334, 1005.3333333333334, 25.8,4.233333333333333,2.306666666666666, 2026-07-25 13:49:23
ZESPÓŁ SZKÓŁ W PRUDNIKU, UL. DĄBROWSKIEGO, 48-200, PRUDNIK,17.571637628835184,50.32109542835716, 56.13333333333333, 983.4, 25.166666666666668,3.3,1.886666666666666, 2026-07-25 13:49:23
PRZEDSZKOLE MIŚ USZATEK W OSTROROGU, UL. WRONIECKA, 64-560, OSTRORÓG,16.446531842328756,52.62862454862175, 99.90000000000002, 996.6333333333333, 24.03333333333333,3.9666666666666672,2.17, 2026-07-25 13:49:23
SZKOŁA PODSTAWOWA NR 2 IM. GUSTAWA MORCINKA W TOSZKU, UL. WILKOWICKA, 44-180, TOSZEK,18.527405971163624,50.45410812894893, 67.86666666666666, 984.6333333333333, 25.333333333333332,3.566666666666666,2.113333333333333, 2026-07-25 13:49:23
SZKOŁA PODSTAWOWA IM. KAWALERÓW ORDERU UŚMIECHU W CZERSKU, UL. WARSZAWSKA, 05-530, CZERSK,21.22709127438472,51.96063591615556, 42.833333333333336, 996.275, 26.2,1.933333333333333,1.933333333333333, 2026-07-25 13:49:23
PUBLICZNA SZKOŁA PODSTAWOWA IM. JANA PAWŁA II W ROSZOWICKIM LESIE, UL. SZKOLNA, 47-253, ROSZOWICKI LAS,18.21990066,50.26168468, 39.300000000000004, 988.9499999999999, 25.7,3.375,2.916666666666666, 2026-07-25 13:49:23
SZKOŁA PODSTAWOWA IM. KS. JANA TWARDOWSKIEGO W RACIMIERZU, UL. NIEPODLEGŁOŚCI, 72-111, RACIMIERZ,14.65747308,53.7423708, 53.96363636363637, 1005.1545454545455, 23.772727272727273,5.145454545454545,4.345454545454545, 2026-07-25 13:49:23
I KATOLICKIE SPOŁECZNE LICEUM OGÓLNOKSZTAŁCACE IM.ŚW.BRATA ALBERTA CHMIELOWSKIEGO W PUŁAWACH, UL. STANISŁAWA EUSTACHIEWICZA, 24-100, PUŁAWY,21.95614207,51.41935824, 40.71818181818182, 994.3272727272728, 24.69090909090909,1.409090909090909,1.4, 2026-07-25 13:49:23
TECHNIKUM NR 4 W ZESPOLE SZKÓŁ TECHNICZNYCH IM.M. SKŁODOWSKIEJ-CURIE W PUŁAWACH, UL. WOJSKA POLSKIEGO, 24-100, PUŁAWY,21.97667461,51.41823622, 36.154545454545456, 993.8909090909091, 28.945454545454538,2.1,1.690909090909091, 2026-07-25 13:49:23
SZKOŁA PODSTAWOWA NR 2 IM. KRZYSZTOFA KAMILA BACZYŃSKIEGO W PUŁAWACH, AL. MAŁA, 24-100, PUŁAWY,21.96276919,51.41579363, 36.309090909090905, 993.6727272727272, 26.8,1.927272727272727,1.572727272727272, 2026-07-25 13:49:23
SZKOŁA PODSTAWOWA NR 4 IM. PAPIEŻA JANA PAWŁA II W ŁĘCZNEJ, UL. JAŚMINOWA, 21-010, ŁĘCZNA,22.88259013,51.29206273, 50.45, 990.825, 25.5,2.5,2.2875, 2026-07-25 13:49:23
SZKOŁA PODSTAWOWA IM.JOACHIMA LELEWELA W JAKUBOWICACH KONIŃSKICH, UL. SZKOLNA, 21-003, JAKUBOWICE KONIŃSKIE,22.52628594,51.31010447, 42.7, 988.36, 24.240000000000002,2.36,2.2, 2026-07-25 13:49:23
SZKOŁA PODSTAWOWA W KŁODNICY DOLNEJ, , 24-224, KŁODNICA DOLNA,22.28477957,51.06632652, 44.20909090909091, 987.2181818181817, 23.3,1.4,1.209090909090909, 2026-07-25 13:49:23
SZKOŁA PODSTAWOWA NR 6 IM. IRENY SENDLEROWEJ W CHEŁMIE, UL. POWSTAŃCÓW WARSZAWY, 22-100, CHEŁM,23.479142939944666,51.126339150220325, 58.0, 986.8, 23.0,2.884615384615384,2.376923076923077, 2026-07-25 13:49:23
SZKOŁA PODSTAWOWA NR 4 IM. KORNELA MAKUSZYŃSKIEGO W BIAŁEJ PODLASKIEJ, UL. STANISŁAWA MONIUSZKI, 21-500, BIAŁA PODLASKA,23.1240646,52.03658476, 50.041666666666664, 993.1166666666667, 23.308333333333334,2.083333333333333,1.7000000000000002, 2026-07-25 13:49:23
SZKOŁA PODSTAWOWA IM.KSIĘDZA JANA TWARDOWSKIEGO W CZACHÓWKU, UL. GŁÓWNA, 05-530, CZACHÓWEK,21.0884246,51.96101922, 52.57142857142857, 997.6285714285715, 25.87142857142857,3.057142857142857,2.5857142857142863, 2026-07-25 13:49:23
LICEUM OGÓLNOKSZTAŁCĄCE W LIPSKU, UL. ZWOLEŃSKA, 27-300, LIPSKO,21.65162688,51.16209825, 44.62222222222223, 991.0777777777779, 24.11111111111111,1.7888888888888892,1.455555555555555, 2026-07-25 13:49:23
TECHNIKUM NR 2 W GARWOLINIE, UL. ŻOŁNIERZY II ARMII WOJSKA POLSKIEGO, 08-400, GARWOLIN,21.5953052,51.89704263, 38.78333333333333, 995.3083333333334, 27.34166666666667,1.933333333333333,1.591666666666666, 2026-07-25 13:49:23
PUBLICZNA SZKOŁA PODSTAWOWA IM. O. STANISŁAWA PAPCZYŃSKIEGO W MARIAŃSKIM PORZECZU, , 08-470, MARIAŃSKIE PORZECZE,21.33261521,51.88402213, 37.416666666666664, 998.0666666666666, 26.808333333333334,1.75,1.5, 2026-07-25 13:49:23
SZKOŁA MUZYCZNA I ST. W GARWOLINIE, UL. JANA PAWŁA II, 08-400, GARWOLIN,21.61280145,51.89874672, 31.345454545454547, 994.5272727272727, 30.5,1.672727272727272,1.363636363636363, 2026-07-25 13:49:23
SZKOŁA PODSTAWOWA NR 2 W KONSTANCINIE-JEZIORNEJ, UL. STEFANA ŻEROMSKIEGO, 05-510, KONSTANCIN-JEZIORNA,21.12317779,52.07946519, 49.35833333333333, 998.1666666666666, 23.691666666666666,2.266666666666666,2.016666666666666, 2026-07-25 13:49:23
TECHNIKUM NR 2 IM. EMILII PLATER W PIASECZNIE, UL. ALEJA BRZÓZ, 05-501, PIASECZNO,21.02070292,52.0540252, 61.0, 998.5166666666668, 23.316666666666666,3.866666666666666,3.408333333333333, 2026-07-25 13:49:23
PUBLICZNA SZKOŁA PODSTAWOWA IM.KORNELA MAKUSZYŃSKIEGO W UGNIEWIE, UL. SZKOLNA, 07-300, UGNIEWO,21.91017286,52.8032487, 49.55, 995.85, 24.8,1.8,1.8, 2026-07-25 13:49:23
SZKOŁA PODSTAWOWA NR 2 IM. FRYDERYKA CHOPINA W MALKINI GÓRNEJ, UL. LEŚNA, 07-320, MAŁKINIA GÓRNA,22.05928062,52.6945031, 47.35, 998.0, 27.016666666666666,1.741666666666666,1.741666666666666, 2026-07-25 13:49:23
SZKOŁA PODSTAWOWA IM. BŁOGOSŁAWIONEGO OJCA STANISŁAWA PAPCZYŃSKIEGO W KĄTACH, UL. PUŁAWSKA, 05-532, KĄTY,21.17263735,52.00208981, 48.68181818181818, 996.4181818181819, 23.872727272727275,2.854545454545454,2.545454545454545, 2026-07-25 13:49:23
TECHNIKUM GASTRONOMICZNE W GDYNI, UL. MORSKA, 81-222, GDYNIA,18.51581066,54.52508818, 50.75454545454545, 1004.9909090909091, 24.436363636363637,4.709090909090909,4.2, 2026-07-25 13:49:23
SZKOŁA PODSTAWOWA W ZŁOTOKŁOSIE, UL. TRAUGUTTA, 05-504, ZŁOTOKŁOS,20.90784407,52.00962311, 57.42727272727273, 996.8090909090909, 24.954545454545453,2.9454545454545453,2.527272727272727, 2026-07-25 13:49:23
SZKOŁA PODSTAWOWA IM. FELIKSA KAPACKIEGO W CENDROWICACH, UL. SZKOLNA, 05-530, CENDROWICE,21.13239127,51.96755856, 41.14545454545455, 994.3818181818183, 26.954545454545453,3.3,2.909090909090909, 2026-07-25 13:49:23
SZKOŁA PODSTAWOWA W BIAŁUSNYM LASKU, , 07-430, BIAŁUSNY LASEK,21.30430342,53.35698702, 41.858333333333334, 994.3916666666668, 26.583333333333332,3.425,2.983333333333333, 2026-07-25 13:49:23
SZKOŁA PODSTAWOWA IM. KS. JANA TWARDOWSKIEGO W GLINIE, , 07-320, GLINA,21.95984362,52.6962338, 53.18181818181818, 995.9909090909091, 24.018181818181816,1.927272727272727,1.927272727272727, 2026-07-25 13:49:23
PUBLICZNE TECHNIKUM LEŚNE ZESPOŁU SZKÓŁ W TUŁOWICACH, UL. ZAMKOWA, 49-130, TUŁOWICE,17.65698382,50.59142765, 30.200000000000003, 990.9846153846154, 28.96153846153846,2.953846153846153,2.538461538461538, 2026-07-25 13:49:23
SZKOŁA PODSTAWOWA NR 1 IM.KAROLA MIARKI W RYDUŁTOWACH, UL. ŚW. MAKSYMILIANA KOLBE, 44-280, RYDUŁTOWY,18.41959735,50.05843382, 51.945454545454545, 979.9454545454545, 23.254545454545454,0.9090909090909092,0.818181818181818, 2026-07-25 13:49:23
TECHNIKUM W PSZOWIE, UL. ROMUALDA TRAUGUTTA, 44-370, PSZÓW,18.40378202,50.0419266, 45.284615384615385, 974.376923076923, 23.707692307692305,3.453846153846153,3.107692307692307, 2026-07-25 13:49:23
SZKOŁA PODSTAWOWA ZESPOŁU SZKÓŁ IM. BOLESŁAWA CHROBREGO W NIEMODLINIE, UL. OPOLSKA , 49-100, NIEMODLIN,17.63285173,50.64185007, 40.24545454545454, 991.7181818181817, 25.38181818181818,3.463636363636364,3.081818181818181, 2026-07-25 13:49:23
TECHNIKUM W RYDUŁTOWACH, UL. OBYWATELSKA, 44-280, RYDUŁTOWY,18.42658537,50.07171957, 41.17272727272727, 975.7454545454547, 25.472727272727273,3.227272727272727,2.8636363636363638, 2026-07-25 13:49:23
SZKOŁA PODSTAWOWA IM.KARDYNAŁA STEFANA WYSZYŃSKIEGO W TELATYNIE, UL. KARDYNAŁA STEFANA WYSZYŃSKIEGO, 22-652, TELATYN,23.8446095,50.52250671, 39.74545454545454, 984.0636363636364, 29.127272727272725,2.263636363636363,1.954545454545454, 2026-07-25 13:49:23
TECHNIKUM NR 1 W ŚWIDNIKU, UL. SZKOLNA, 21-045, ŚWIDNIK,22.69752657,51.22672919, 47.43076923076923, 985.4615384615385, 23.93846153846154,2.084615384615384,1.823076923076923, 2026-07-25 13:49:23
SZKOŁA PODSTAWOWA W OŁDAKACH, , 07-411, OŁDAKI,21.692978,53.095518, 56.542857142857144, 998.4285714285714, 24.428571428571427,0.214285714285714,0.171428571428571, 2026-07-25 13:49:23
SZKOŁA PODSTAWOWA IM.J.WYBICKIEGO W POLNICY, , 77-300, POLNICA,17.40057712,53.75198216, 48.5, 991.3083333333334, 25.849999999999998,5.25,4.716666666666667, 2026-07-25 13:49:23
SZKOŁA PODSTAWOWA W RAJKOWACH W ZESPOLE KSZTAŁCENIA I WYCHOWANIA W RAJKOWACH, UL. JESIONOWA, 83-130, RAJKOWY,18.7092112,53.9610738, 50.71818181818182, 1000.2272727272727, 23.854545454545452,4.427272727272728,3.9, 2026-07-25 13:49:23
LICEUM OGÓLNOKSZTAŁCĄCE W REDZIE, UL. ŁĄKOWA, 84-240, REDA,18.3577379,54.60185, 54.36666666666667, 1006.0583333333334, 22.84166666666667,6.524999999999999,5.916666666666667, 2026-07-25 13:49:23
SZKOŁA PODSTAWOWA IM. MARYNARKI WOJENNEJ RP W OSTASZEWIE, UL. KOŚCIUSZKI, 82-112, OSTASZEWO,18.9507202,54.2131383, 46.91818181818182, 1006.9181818181819, 25.127272727272725,7.2,6.318181818181818, 2026-07-25 13:49:23
TECHNIKUM NR 2 W BYTOWIE, UL. HIERONIMA DERDOWSKIEGO, 77-100, BYTÓW,17.48812443,54.16585829, 44.88181818181818, 991.6545454545455, 24.9,5.6,5.090909090909091, 2026-07-25 13:49:23
SZKOŁA PODSTAWOWA W ZIELINIE, UL. PRUDNICKA, 47-370, ZIELINA,17.7989291,50.4408404, 30.79090909090909, 987.7181818181817, 27.836363636363636,3.718181818181818,3.118181818181817, 2026-07-25 13:49:23
SZKOŁA PODSTAWOWA STOWARZYSZENIA ZŁOTY POTOK W ŁĄCE PRUDNICKIEJ, UL. GŁUCHOŁASKA, 48-200, ŁĄKA PRUDNICKA,17.528406,50.313494, 32.03333333333333, 976.4833333333332, 26.71666666666667,3.4,2.9666666666666672, 2026-07-25 13:49:23
SZKOŁA PODSTAWOWA W ŁUBNIE, , 77-140, ŁUBNO,17.22653098,54.15365707, 57.75833333333333, 990.4, 23.3,5.091666666666667,4.2, 2026-07-25 13:49:23
SZKOŁA PODSTAWOWA NR 3 IM. MARII KONOPNICKIEJ W BIAŁEJ PODLASKIEJ, UL. SPORTOWA, 21-500, BIAŁA PODLASKA,23.119378,52.022177, 47.60833333333333, 992.4583333333334, 25.625,1.333333333333333,1.333333333333333, 2026-07-25 13:49:23
PUBLICZNA SZKOŁA PODSTAWOWA IM. KSIĘDZA JANA TWARDOWSKIEGO W JANUSZKOWICACH, UL. LESIAŃSKA, 47-330, JANUSZKOWICE,18.1356599,50.3898439, 36.20909090909091, 989.4727272727273, 25.4,4.209090909090909,3.636363636363636, 2026-07-25 13:49:23
SZKOŁA PODSTAWOWA IM. MARII SKŁODOWSKIEJ-CURIE W ALWERNI, UL. MARII SKŁODOWSKIEJ-CURIE, 32-566, ALWERNIA,19.542471211821844,50.06505227372774, 36.81666666666667, 975.5, 26.78333333333333,2.958333333333333,2.558333333333333, 2026-07-25 13:49:23
SZKOŁA PODSTAWOWA IM. MIKOŁAJA KOPERNIKA W BALINIE, UL. JAWORZNICKA, 32-500, BALIN,19.373681797572548,50.17107310274746, 58.6, 974.95, 22.975,3.5125,3.15, 2026-07-25 13:49:23
TECHNIKUM NR 2 IM. BOHATERÓW WESTERPLATTE W KLUCZBORKU, UL. BYCZYŃSKA, 46-200, KLUCZBORK,18.20597356,50.97669665, 39.04545454545455, 988.3636363636364, 25.045454545454547,3.090909090909091,3.090909090909091, 2026-07-25 13:49:23
PUBLICZNA SZKOŁA PODSTAWOWA IM.HALINY SEMENOWICZ W MOSZCZANCE, , 48-200, MOSZCZANKA,17.483901,50.295686, 30.650000000000002, 973.9250000000001, 28.558333333333334,2.416666666666666,2.416666666666666, 2026-07-25 13:49:23
BRANŻOWA SZKOŁA I STOPNIA W ŁASKARZEWIE, UL. KOLEJOWA, 08-450, ŁASKARZEW,21.599958,51.788404, 41.400000000000006, 993.5666666666667, 26.155555555555555,1.911111111111111,1.566666666666666, 2026-07-25 13:49:23
SZKOŁA PODSTAWOWA IM.ŻWIRKI I WIGURY W RADOCZY, UL. DĘBOWA, 34-100, RADOCZA,19.4703966,49.9176909, 40.53636363636363, 978.4363636363636, 27.254545454545454,2.5727272727272723,2.090909090909091, 2026-07-25 13:49:23
SZKOŁA PODSTAWOWA NR 5 IM. MARII KONOPNICKIEJ W CHEŁMIE, UL. I PUŁKU SZWOLEŻERÓW, 22-100, CHEŁM,23.481093,51.134591, 54.94166666666666, 987.2166666666667, 23.71666666666667,2.583333333333333,2.158333333333333, 2026-07-25 13:49:23
LICEUM OGÓLNOKSZTAŁCĄCE IM. KS. J. ST. PASIERBA W PELPLINIE, UL. SAMBORA, 83-130, PELPLIN,18.6979422,53.9283135, 48.925, 1002.225, 23.475,6.175,5.5875, 2026-07-25 13:49:23
TECHNIKUM W GŁOGÓWKU, UL. POWSTAŃCÓW, 48-250, GŁOGÓWEK,17.86435,50.35349, 34.93333333333333, 985.3083333333334, 24.825,2.883333333333333,2.408333333333333, 2026-07-25 13:49:23
SZKOŁA PODSTAWOWA NR 2 IM. KS. STANISŁAWA STASZICA W CHEŁMIE, UL. OBŁOŃSKA, 22-100, CHEŁM,23.47575683,51.13815167, 52.33636363636364, 988.6, 24.427272727272726,3.518181818181818,3.036363636363636, 2026-07-25 13:49:23
SZKOŁA PODSTAWOWA NR 8 IM. BOLESŁAWA ZYGMUNTA WIRSKIEGO W CHEŁMIE, UL. POŁANIECKA, 22-100, CHEŁM,23.477306,51.123224, 53.333333333333336, 986.8083333333334, 23.691666666666666,3.608333333333333,3.074999999999999, 2026-07-25 13:49:23
SZKOŁA PODSTAWOWA NR 10 Z ODDZIAŁAMI INTEGRACYJNYMI IM. WALERIANA ŁUKASIŃSKIEGO W ZAMOŚCIU, UL. PEOWIAKÓW, 22-400, ZAMOŚĆ,23.25695961789249,50.72103172968299, 59.8111111111111, 984.9666666666667, 22.266666666666666,2.677777777777778,2.266666666666667, 2026-07-25 13:49:23
ZESPÓŁ SZKÓŁ GMINNYCH IM. HENRYKA SIENKIEWICZA W BOGUCICACH SZKOŁA PODSTAWOWA W BOGUCICACH, , 32-711, BOGUCICE,20.498337,50.057389, 35.93636363636364, 990.6, 26.945454545454538,1.345454545454545,1.154545454545454, 2026-07-25 13:49:23
PUBLICZNA SZKOŁA PODSTAWOWA W NIEDZIELISKACH, , 32-820, NIEDZIELISKA,20.632091271164818,50.09115399071606, 35.52727272727273, 988.8545454545455, 26.981818181818184,1.772727272727272,1.5818181818181811, 2026-07-25 13:49:23
TECHNIKUM W ZESPOLE SZKÓŁ AGROBIZNESU IM.MACIEJA RATAJA W KLEMENTOWICACH, , 24-170, KLEMENTOWICE,22.113069,51.362926, 40.449999999999996, 991.0583333333334, 24.825,1.991666666666666,1.541666666666666, 2026-07-25 13:49:23
PUBLICZNA SZKOŁA PODSTAWOWA IM. KAZIMIERZA RASŁAWSKIEGO W BORZECHOWIE , , 24-224, BORZECHÓW-KOLONIA,22.2853918,51.09246552, 42.9, 986.4, 23.566666666666666,1.666666666666666,1.425, 2026-07-25 13:49:23
SZKOŁA PODSTAWOWA NR 117 IM. KRAKOWSKIEJ KONGREGACJI KUPIECKIEJ W KRAKOWIE, UL. JANA KURCZABA, 30-868, KRAKÓW-PODGÓRZE,20.00687205767037,50.01317838097981, 43.46666666666667, 986.0416666666666, 23.474999999999998,3.216666666666667,3.266666666666667, 2026-07-25 13:49:23
VI LICEUM OGÓLNOKSZTAŁCĄCE IM. HUGONA KOŁŁĄTAJA W LUBLINIE, UL. ADAMA MICKIEWICZA, 20-466, LUBLIN,22.577994,51.216809, 60.48333333333333, 990.1166666666667, 22.900000000000002,2.425,2.3, 2026-07-25 13:49:23
SZKOŁA PODSTAWOWA W ORLE, , 07-320, ORŁO,21.989508,52.732095, 45.68181818181818, 995.9090909090909, 24.872727272727275,2.536363636363636,2.254545454545454, 2026-07-25 13:49:23
SZKOŁA PODSTAWOWA IM. WINCENTEGO WITOSA W GROMNIKU, UL. WITOSA, 33-180, GROMNIK,20.959304,49.840276, 40.516666666666666, 981.1916666666667, 24.3,2.958333333333333,2.6, 2026-07-25 13:49:23
AKADEMIA NAJMŁODSZYCH KRZYSZTOF GOŁAŚ NIEPUBLICZNA SZKOŁA PODSTAWOWA W KADZIDLE, UL. BRZOZOWA, 07-420, KADZIDŁO,21.450353,53.231522, 47.824999999999996, 995.0083333333333, 24.483333333333334,3.35,2.9499999999999997, 2026-07-25 13:49:23
SZKOŁA PODSTAWOWA IM. ŚW. STANISŁAWA KOSTKI W AMELINIE, , 06-212, AMELIN,20.92818124,52.98166409, 39.541666666666664, 995.5833333333334, 27.691666666666666,4.041666666666667,3.558333333333333, 2026-07-25 13:49:23
SZKOŁA PODSTAWOWA SPECJALNA NR 44 IM. JANA BRZECHWY W KRAKOWIE, UL. ZAKĄTEK, 30-076, KRAKÓW,19.916426,50.076299, 42.24166666666667, 985.6999999999999, 23.925,3.008333333333333,2.5, 2026-07-25 13:49:23
SZKOŁA PODSTAWOWA NR 1 IM. ŚW. JADWIGI KRÓLOWEJ W PODWILKU, , 34-722, PODWILK,19.7397286,49.547978, 35.56363636363636, 933.2, 23.663636363636364,1.718181818181818,1.636363636363636, 2026-07-25 13:49:23
LICEUM OGÓLNOKSZTAŁCĄCE KADETÓW RZECZYPOSPOLITEJ POLSKIEJ W LIPINACH, , 26-425, LIPINY,20.511418,51.54591, 43.15, 992.5749999999999, 26.366666666666664,6.25,5.774999999999999, 2026-07-25 13:49:23
SZKOŁA PODSTAWOWA NR 1 W BIAŁYM BORZE, UL. DWORCOWA, 78-425, BIAŁY BÓR,16.84535152,53.89895274, 52.709090909090904, 985.6727272727272, 23.018181818181816,4.399999999999999,3.736363636363636, 2026-07-25 13:49:23
SZKOŁA PODSTAWOWA IM.NOBLISTÓW POLSKICH W SIEMYŚLU, UL. SZKOLNA, 78-123, SIEMYŚL,15.53351351,54.02888072, 51.425000000000004, 1002.5083333333333, 24.491666666666664,6.508333333333333,5.891666666666668, 2026-07-25 13:49:23
SZKOŁA PODSTAWOWA W DASZEWIE, , 78-230, DASZEWO,15.881284,54.081214, 60.98333333333333, 1002.5083333333333, 22.90833333333333,4.05,3.791666666666666, 2026-07-25 13:49:23
SZKOŁA PODSTAWOWA NR 1 IM. ADAMA MICKIEWICZA W POŁCZYNIE-ZDROJU, UL. GRUNWALDZKA, 78-320, POŁCZYN-ZDRÓJ,16.095199000000004,53.76789333949964, 41.925000000000004, 996.1916666666666, 26.008333333333336,7.133333333333333,6.774999999999999, 2026-07-25 13:49:23
SZKOŁA PODSTAWOWA W DARGINI, , 76-020, DARGIŃ,16.3943428,54.0157172, 47.23333333333333, 994.8499999999999, 24.816666666666666,4.033333333333333,3.766666666666667, 2026-07-25 13:49:23
ARCHIDIECEZJALNA SZKOŁA MUZYCZNA II ST. IM. KS. KARD. FRANCISZKA MACHARSKIEGO W KRAKOWIE, UL. PROSTA, 30-814, KRAKÓW-PODGÓRZE,19.988467,50.020869, 34.7, 984.6500000000001, 25.5,3.2,2.65, 2026-07-25 13:49:23
SZKOŁA PODSTAWOWA Z ODDZIAŁAMI INTEGRACYJNYMI NR 30 IM. KAZIMIERZA PUŁASKIEGO W KRAKOWIE, UL. KONFEDERACKA, 30-306, KRAKÓW-PODGÓRZE,19.927626,50.048977, 37.97272727272727, 986.5636363636364, 25.472727272727273,3.181818181818181,2.590909090909091, 2026-07-25 13:49:23
SPOŁECZNA SZKOŁA PODSTAWOWA NR 2 SPOŁECZNEGO TOWARZYSTWA OŚWIATOWEGO W TARNOWIE, UL. JANA MATEJKI, 33-100, TARNÓW,20.98127883,50.01473267, 40.24545454545454, 1000.8181818181819, 24.09090909090909,5.227272727272727,4.518181818181818, 2026-07-25 13:49:23
XII LICEUM OGÓLNOKSZTAŁCĄCE W ZESPOLE SZKÓŁ MECHANICZNO-ELEKTRYCZNYCH W TARNOWIE, UL. JÓZEFA SZUJSKIEGO, 33-100, TARNÓW,20.975575,50.015268, 36.233333333333334, 987.2416666666667, 26.791666666666668,4.383333333333334,3.8, 2026-07-25 13:49:23
TECHNIKUM NR 1 W ZESPOLE SZKÓŁ TECHNICZNYCH IM.IGNACEGO MOŚCICKIEGO W TARNOWIE, UL. EUGENIUSZA KWIATKOWSKIEGO, 33-101, TARNÓW,20.9172948,50.01387361, 42.627272727272725, 987.4818181818181, 24.281818181818185,2.954545454545454,2.563636363636363, 2026-07-25 13:49:23
SZKOŁA PODSTAWOWA W ZESPOLE SZKÓŁ IM.MĘCZENNIKÓW MARSZU ŚMIERCI KL STUTTHOF W GARCZEGORZU, , 84-351, GARCZEGORZE,17.72784195,54.59420501, 61.90909090909091, 999.8636363636364, 23.39090909090909,6.018181818181818,5.418181818181818, 2026-07-25 13:49:23
PUBLICZNA SZKOŁA PODSTAWOWA NR 1 IM.BOHATERÓW WESTERPLATTE W PRUDNIKU, UL. PODGÓRNA, 48-200, PRUDNIK,17.595989,50.32052, 36.57272727272727, 979.3090909090909, 28.2,4.2,3.745454545454545, 2026-07-25 13:49:23
ZESPÓŁ SZKÓŁ GMINNYCH IM. MIKOŁAJA KOPERNIKA W GAWŁOWIE SZKOŁA PODSTAWOWA Z ODDZIAŁAMI SPORTOWYMI W GAWŁOWIE, , 32-711, GAWŁÓW,20.463199,50.026547, 32.36363636363637, 988.6909090909091, 28.09090909090909,1.136363636363636,1.027272727272727, 2026-07-25 13:49:23
SZKOŁA PODSTAWOWA SPECJALNA W GRÓJCU, UL. POLNA, 05-600, GRÓJEC,20.863021,51.862928, 44.775, 991.4499999999999, 24.733333333333334,3.449999999999999,2.85, 2026-07-25 13:49:23
PUBLICZNA SZKOŁA PODSTAWOWA W SUCHEJ, UL. SZLACHECKA, 26-800, SUCHA,20.953664,51.617246, 45.27272727272727, 994.8545454545455, 25.50909090909091,3.754545454545454,3.454545454545454, 2026-07-25 13:49:23
TECHNIKUM W WARCE, UL. OBWODOWA, 05-660, WARKA,21.182782,51.79066, 33.80833333333333, 995.5666666666666, 28.858333333333334,2.041666666666666,1.7000000000000002, 2026-07-25 13:49:23
SZKOŁA PODSTAWOWA NR 4 W RYDUŁTOWACH, UL. STRZELCÓW BYTOMSKICH, 44-280, RYDUŁTOWY,18.417777,50.06633209, 42.644444444444446, 977.5999999999999, 26.91111111111111,1.777777777777777,1.577777777777778, 2026-07-25 13:49:23
PUBLICZNA SZKOŁA PODSTAWOWA NR 1 IM. BOLESŁAWA KRZYWOUSTEGO W KOŻUCHOWIE, UL. CHOPINA, 67-120, KOŻUCHÓW,15.5962077,51.7425702, 29.736363636363638, 994.9181818181819, 28.40909090909091,4.272727272727272,3.736363636363636, 2026-07-25 13:49:23
PUBLICZNA SZKOŁA PODSTAWOWA NR 1 IM. KOMISJI EDUKACJI NARODOWEJ W BIAŁOBRZEGACH, UL. RZEMIEŚLNICZA, 26-800, BIAŁOBRZEGI,20.9533613,51.64505952, 52.300000000000004, 999.1333333333333, 23.625,3.333333333333333,3.066666666666666, 2026-07-25 13:49:23
TECHNIKUM IM. ZESŁAŃCÓW SYBIRU W BRODNICY, UL. KARBOWSKA, 87-300, BRODNICA,19.4065091,53.2579165, 42.30833333333333, 999.7666666666668, 25.808333333333334,4.975,4.25, 2026-07-25 13:49:23
PUBLICZNA SZKOŁA PODSTAWOWA W GOSZCZYNIE, UL. ARMII KRAJOWEJ, 05-610, GOSZCZYN,20.85589777,51.73236675, 44.684615384615384, 991.3153846153847, 25.6,3.384615384615384,2.769230769230769, 2026-07-25 13:49:23
LICEUM OGÓLNOKSZTAŁCĄCE W TARCZYNIE, UL. KS. CZESŁAWA OSZKIELA, 05-555, TARCZYN,20.83477,51.98106, 47.71818181818182, 993.4909090909091, 26.963636363636365,3.963636363636364,3.527272727272727, 2026-07-25 13:49:23
SZKOŁA PODSTAWOWA IM. BŁOGOSŁAWIONEGO KS. JERZEGO POPIEŁUSZKI W NIECZAJNIE GÓRNEJ, , 33-205, NIECZAJNA GÓRNA,21.052364,50.180347, 38.28333333333333, 988.025, 25.333333333333332,2.908333333333333,2.441666666666667, 2026-07-25 13:49:23
SZKOŁA PODSTAWOWA NR 86 IM. POWSTAŃCÓW ŚLĄSKICH W KRAKOWIE, OS. OSIEDLE JAGIELLOŃSKIE, 31-833, KRAKÓW-NOWA HUTA,20.027067,50.084753, 38.85454545454545, 988.5090909090909, 24.91818181818182,2.609090909090909,2.327272727272727, 2026-07-25 13:49:23
SZKOŁA PODSTAWOWA IM. POWSTAŃCÓW STYCZNIOWYCH W DALIKOWIE, UL. ŁĘCZYCKA, 99-205, DALIKÓW,19.10104737,51.8835744, 39.75454545454546, 991.8909090909091, 26.727272727272727,3.218181818181818,2.709090909090909, 2026-07-25 13:49:23
BRANŻOWA SZKOŁA I STOPNIA SPECJALNA W SKAWINIE W SPECJALNYM OŚRODKU SZKOLNO-WYCHOWAWCZYM IM. POCZTY POLSKIEJ W SKAWINIE, UL. ŻWIRKI I WIGURY, 32-050, SKAWINA,19.825058,49.973327, 43.81428571428571, 986.0571428571428, 24.342857142857145,3.685714285714286,3.171428571428571, 2026-07-25 13:49:23
PUBLICZNA SZKOŁA PODSTAWOWA W JAWORZU GÓRNYM, , 39-223, JAWORZE GÓRNE,21.354123,49.94549, 48.90833333333333, 983.3333333333334, 23.883333333333336,3.125,2.683333333333333, 2026-07-25 13:49:23
SZKOŁA PODSTAWOWA NR 234 IM. JULIANA TUWIMA W WARSZAWIE, UL. ESPERANTO, 01-049, WARSZAWA,20.980951,52.244004, 42.663636363636364, 995.7909090909092, 25.354545454545452,2.109090909090909,2.109090909090909, 2026-07-25 13:49:23
XI LICEUM OGÓLNOKSZTAŁCĄCE IM. MIKOŁAJA REJA W WARSZAWIE, PL. PLAC STANISŁAWA MAŁACHOWSKIEGO, 00-063, WARSZAWA,21.01075177068874,52.238891020514885, 41.41818181818182, 995.7909090909092, 25.454545454545453,3.109090909090909,2.981818181818181, 2026-07-25 13:49:23
SZKOŁA PODSTAWOWA IM. ŚW. JADWIGI KRÓLOWEJ POLSKI W LISIEJ GÓRZE, UL. SZKOLNA, 33-140, LISIA GÓRA,21.04434023989556,50.08140809669519, 38.92727272727273, 981.5363636363636, 24.372727272727275,3.081818181818181,2.818181818181818, 2026-07-25 13:49:23
SZKOŁA PODSTAWOWA NR 89 IM. TADEUSZA MAZOWIECKIEGO W GDAŃSKU, UL. SZYPRÓW, 80-335, GDAŃSK,18.5764229,54.422398, 60.8909090909091, 1007.3909090909091, 23.10909090909091,6.536363636363637,5.809090909090909, 2026-07-25 13:49:23
SZKOŁA PODSTAWOWA NR 82 IM. PROF. JANA CZOCHRALSKIEGO W GDAŃSKU, UL. RADAROWA, 80-298, GDAŃSK,18.4834117,54.3881906, 48.708333333333336, 989.5083333333333, 24.375,5.808333333333334,5.024999999999999, 2026-07-25 13:49:23
SZKOŁA TECHNICZNA BYDGOSKIEGO ZAKŁADU DOSKONALENIA ZAWODOWEGO W CHOJNICACH, UL. KOŚCIERSKA, 89-600, CHOJNICE,17.57105185,53.69729052, 43.0, 986.7, 24.463636363636365,4.490909090909091,4.063636363636363, 2026-07-25 13:49:23
PRYWATNA SZKOŁA PODSTAWOWA NAJA SZKOŁA W WEJHEROWIE, UL. PRZEMYSŁOWA, 84-200, WEJHEROWO,18.21802095,54.61295281, 55.60833333333333, 1003.4333333333334, 22.75,5.333333333333333,4.833333333333333, 2026-07-25 13:49:23
ZESPÓŁ PLACÓWEK OŚWIATOWYCH SZKOŁA PODSTAWOWA IM. JÓZEFA BEMA W WOLI FILIPOWSKIEJ, UL. SZKOLNA, 32-065, WOLA FILIPOWSKA,19.5849512,50.1324622, 44.885714285714286, 978.9571428571428, 25.957142857142856,0.0,0.0, 2026-07-25 13:49:23
SZKOŁA PODSTAWOWA W NOWYCH ŁUBKACH, , 09-454, NOWE ŁUBKI,20.0336032,52.5782308, 49.324999999999996, 1001.2833333333333, 24.7,4.433333333333334,3.866666666666666, 2026-07-25 13:49:23
SZKOŁA PODSTAWOWA NR 36 IM. JULIANA TUWIMA W ZABRZU, PL. PLAC WARSZAWSKI, 41-800, ZABRZE,18.78893235,50.30422484, 40.00833333333333, 980.2083333333334, 25.075,2.6999999999999997,2.25, 2026-07-25 13:49:23
III LICEUM OGÓLNOKSZTAŁCĄCE Z ODDZIAŁAMI DWUJĘZYCZNYMI W ZABRZU, UL. HENRYKA SIENKIEWICZA, 41-800, ZABRZE,18.7957049,50.29655227, 45.111111111111114, 978.0666666666667, 23.033333333333335,3.088888888888889,2.5666666666666678, 2026-07-25 13:49:23
SZKOŁA PODSTAWOWA NR 48 W ZABRZU W CENTRUM KSZTAŁCENIA OGÓLNEGO I ZAWODOWEGO W ZABRZU, UL. ZWROTNICZA, 41-807, ZABRZE,18.76624,50.343641, 43.019999999999996, 980.8100000000001, 23.81,3.18,2.65, 2026-07-25 13:49:23
BRANŻOWA SZKOŁA I STOPNIA NR 6 W ZABRZU W ZABRZAŃSKIM CENTRUM KSZTAŁCENIA OGÓLNEGO I ZAWODOWEGO W ZABRZU, UL. MARSZAŁKA JÓZEFA PIŁSUDSKIEGO, 41-800, ZABRZE,18.76296398,50.29894695, 39.10909090909091, 981.9363636363636, 27.045454545454547,3.563636363636364,2.890909090909091, 2026-07-25 13:49:23
SZKOŁA PODSTAWOWA NR 29 W ZABRZU, UL. BUDOWLANA, 41-808, ZABRZE,18.791604,50.364381, 38.41818181818182, 978.1545454545455, 27.61818181818182,2.645454545454545,2.227272727272727, 2026-07-25 13:49:23
IV LICEUM OGÓLNOKSZTAŁCĄCE IM. MIKOŁAJA REJA W ZABRZU, UL. GEN. WŁADYSŁAWA ANDERSA, 41-808, ZABRZE,18.795194,50.369265, 37.333333333333336, 978.4666666666667, 28.444444444444443,5.300000000000001,4.1, 2026-07-25 13:49:23
SZKOŁA PODSTAWOWA NR 41 IM. WŁADYSŁAWA BRONIEWSKIEGO W GLIWICACH, UL. KORMORANÓW, 44-100, GLIWICE,18.6561,50.274791, 37.86666666666667, 981.6, 28.025000000000002,2.8416666666666672,2.391666666666666, 2026-07-25 13:49:23
SZKOŁA PODSTAWOWA NR 7 IM. ADAMA MICKIEWICZA W GLIWICACH, UL. TARNOGÓRSKA, 44-100, GLIWICE,18.684621,50.306626, 38.05833333333333, 981.1416666666668, 27.166666666666668,4.25,3.508333333333333, 2026-07-25 13:49:23
MIEJSKA SZKOŁA PODSTAWOWA Z ODDZIAŁAMI INTEGRACYJNYMI NR 2 IM. KAROLA MIARKI W KNUROWIE, UL. WILSONA, 44-190, KNURÓW,18.664685,50.223275, 40.08888888888889, 982.1333333333334, 26.344444444444445,2.977777777777778,2.5666666666666678, 2026-07-25 13:49:23
SZKOŁA PODSTAWOWA IM. MARGARETHY KAMPRAD W JAROSTACH, UL. LEŚNA, 97-310, JAROSTY,19.68775849,51.45636536, 48.04545454545455, 986.8454545454545, 23.89090909090909,3.081818181818181,3.081818181818181, 2026-07-25 13:49:23
SZKOŁA PODSTAWOWA IM. DR HENRYKA JORDANA W KSAWEROWIE, UL. ZACHODNIA, 95-054, KSAWERÓW,19.39486431,51.68227822, 47.46666666666667, 987.1555555555556, 23.62222222222222,4.811111111111111,3.977777777777777, 2026-07-25 13:49:23
BRANŻOWA SZKOŁA I STOPNIA NR 1 W OPOCZNIE, UL. WOJCIECHA KOSSAKA, 26-300, OPOCZNO,20.27237638,51.37764127, 37.47777777777778, 988.0, 28.377777777777776,2.5,2.077777777777777, 2026-07-25 13:49:23
SZKOŁA PODSTAWOWA NR 157 IM. IGNACEGO JANA PADEREWSKIEGO W KRAKOWIE, UL. LUDWIKA RYDYGIERA, 30-695, KRAKÓW-PODGÓRZE,20.00607,50.006338, 39.53636363636363, 982.9272727272728, 25.327272727272728,2.818181818181818,2.318181818181818, 2026-07-25 13:49:23
I LICEUM OGÓLNOKSZTAŁCĄCE IM. JĘDRZEJA ŚNIADECKIEGO W PABIANICACH, UL. STANISŁAWA MONIUSZKI, 95-200, PABIANICE,19.32977177,51.65677453, 46.74166666666667, 986.5083333333333, 23.883333333333336,3.6999999999999993,3.008333333333333, 2026-07-25 13:49:23
SZKOŁA PODSTAWOWA IM.MARII KONOPNICKIEJ W ROZTOCE, , 34-606, ROZTOKA,20.4571424,49.6263815, 48.666666666666664, 949.4333333333334, 22.066666666666666,6.3,5.55, 2026-07-25 13:49:23
PUBLICZNA SZKOŁA PODSTAWOWA W STOBIECKU SZLACHECKIM, , 97-561, STOBIECKO SZLACHECKIE,19.38629184,51.10621326, 40.04545454545455, 983.1727272727272, 26.127272727272725,2.454545454545454,2.454545454545454, 2026-07-25 13:49:23
SZKOŁA PODSTAWOWA IM. JANA PAWŁA II W USTKOWIE, , 98-290, USTKÓW,18.600692,51.766123, 46.77272727272727, 993.1818181818181, 24.91818181818182,3.709090909090909,3.118181818181817, 2026-07-25 13:49:23
SZKOŁA PODSTAWOWA NR 60 IM. STANISŁAWA WYSPIAŃSKIEGO W KRAKOWIE, UL. KAZIMIERZA ODNOWICIELA, 31-481, KRAKÓW-ŚRÓDMIEŚCIE,19.970521,50.088055, 42.300000000000004, 984.7166666666667, 23.78333333333333,2.1,1.7666666666666662, 2026-07-25 13:49:23
SZKOŁA PODSTAWOWA IM. MARSZAŁKA JÓZEFA PIŁSUDSKIEGO W WARTKOWICACH, UL. LEGIONÓW POLSKICH, 99-220, WARTKOWICE,19.00434298,51.97577194, 39.958333333333336, 995.6583333333333, 26.958333333333332,3.5749999999999997,3.033333333333333, 2026-07-25 13:49:23
SZKOŁA PODSTAWOWA NR 2 IM. KONSTYTUCJI 3-GO MAJA W MĘCINIE, , 34-654, MĘCINA,20.5404381,49.7016283, 46.61818181818182, 955.4909090909091, 22.981818181818184,3.1,2.6999999999999997, 2026-07-25 13:49:23
BRANŻOWA SZKOŁA I STOPNIA NR 2 W GORLICACH, UL. JÓZEFA MICHALUSA, 38-300, GORLICE,21.173963,49.66959, 34.61818181818182, 977.9909090909091, 27.05454545454546,2.0,1.7636363636363632, 2026-07-25 13:49:23
SZKOŁA PODSTAWOWA NR 2 IM HENRYKA SIENKIEWICZA W PRZYSZOWEJ, , 34-604, PRZYSZOWA,20.4806341,49.6603381, 50.40909090909091, 956.9090909090909, 22.427272727272726,4.572727272727273,4.381818181818182, 2026-07-25 13:49:23
SZKOŁA PODSTAWOWA IM. KRÓLOWEJ JADWIGI W WYSOKIEM, , 34-600, WYSOKIE,20.5394861,49.6552386, 43.43636363636364, 946.2363636363636, 23.09090909090909,3.018181818181818,2.563636363636363, 2026-07-25 13:49:23
SZKOŁA PODSTAWOWA NR 1 Z ODDZIAŁAMI INTEGRACYJNYMI W RACIBORZU, UL. CECYLII, 47-400, RACIBÓRZ,18.2321525,50.0999982, 39.9076923076923, 988.2153846153846, 25.638461538461538,3.392307692307692,2.892307692307692, 2026-07-25 13:49:23
SZKOŁA PODSTAWOWA NR 3 IM. MARII DĄBROWSKIEJ W RESZLU, UL. MARII KONOPNICKIEJ, 11-440, RESZEL,21.1486175,54.052554, 54.32727272727273, 994.6181818181817, 22.09090909090909,3.709090909090909,3.427272727272727, 2026-07-25 13:49:23
SZKOŁA PODSTAWOWA NR 1 IM. MIKOŁAJA KOPERNIKA W WĘGORZEWIE, UL. PIONIERÓW, 11-600, WĘGORZEWO,21.7379192,54.2136049, 56.39166666666667, 993.7666666666668, 22.233333333333334,3.791666666666666,3.283333333333333, 2026-07-25 13:49:23
ZESPÓŁ SZKÓŁ GMINNYCH IM. HENRYKA SIENKIEWICZA W STANISŁAWICACH SZKOŁA PODSTAWOWA W STANISŁAWICACH, , 32-015, STANISŁAWICE,20.350192,49.982029, 35.253846153846155, 986.823076923077, 25.884615384615383,3.538461538461538,3.115384615384615, 2026-07-25 13:49:23
TECHNIKUM NR 3 W ZESPOLE SZKÓŁ NR 3 IM. KS. PROF. JÓZEFA TISCHNERA W BOCHNI, UL. KRAKOWSKA, 32-700, BOCHNIA,20.421654,49.965508, 35.78181818181818, 984.5, 26.372727272727275,1.754545454545454,1.454545454545454, 2026-07-25 13:49:23
SZKOŁA PODSTAWOWA NR 94 W ŁODZI, UL. ZACISZE, 90-228, ŁÓDŹ-ŚRÓDMIEŚCIE,19.47642378,51.77789288, 43.7, 984.123076923077, 23.584615384615386,4.092307692307693,3.476923076923077, 2026-07-25 13:49:23
SZKOŁA PODSTAWOWA NR 1 IM. STEFANA ŻEROMSKIEGO W ŻUROMINIE, UL. WYZWOLENIA, 09-300, ŻUROMIN,19.911175,53.071036, 45.70909090909091, 993.4272727272728, 27.272727272727273,4.190909090909091,4.181818181818182, 2026-07-25 13:49:23
TECHNIKUM IM. WINCENTEGO WITOSA W STUDZIEŃCU, , 09-200, STUDZIENIEC,19.640243,52.877888, 49.18181818181818, 997.0090909090909, 25.536363636363635,4.518181818181818,4.163636363636363, 2026-07-25 13:49:23
SZKOŁA PODSTAWOWA W SYPITKACH, , 19-314, SYPITKI,22.5643375,53.7876812, 45.44166666666666, 993.875, 26.175,2.408333333333333,2.199999999999999, 2026-07-25 13:49:23
SZKOŁA PODSTAWOWA IM. TADEUSZA KOŚCIUSZKI W ZBROSŁAWICACH, UL. WOLNOŚCI, 42-674, ZBROSŁAWICE,18.74511,50.415455, 33.699999999999996, 980.6636363636363, 27.527272727272727,3.4,2.981818181818181, 2026-07-25 13:49:23
SZKOŁA PODSTAWOWA NR 4 Z ODDZIAŁAMI SPORTOWYMI I MISTRZOSTWA SPORTOWEGO W ŻORACH, UL. BORYŃSKA, 44-240, ŻORY,18.687221,50.039349, 31.672727272727272, 977.5818181818181, 28.0,3.027272727272727,2.690909090909091, 2026-07-25 13:49:23
SZKOŁA PODSTAWOWA NR 10 IM. MARII SKŁODOWSKIEJ-CURIE W ZDUŃSKIEJ WOLI, UL. ZIELONA, 98-220, ZDUŃSKA WOLA,18.95037552,51.60020179, 37.525, 988.1999999999999, 25.516666666666666,3.033333333333333,2.516666666666666, 2026-07-25 13:49:23
SZKOŁA PODSTAWOWA NR 4 IM.FRANCISZKA STUSKA W ORZESZU JAŚKOWICACH, UL. STUSKA, 43-180, ORZESZE,18.746978,50.145788, 44.1625, 978.3625, 26.65,2.6875,2.6875, 2026-07-25 13:49:23
SZKOŁA PODSTAWOWA NR 2 IM. JANA WYPLERA W RUDZIE ŚLĄSKIEJ, UL. GWARECKA, 41-705, RUDA ŚLĄSKA,18.89349369757705,50.26771940061391, 43.945454545454545, 982.6, 24.41818181818182,3.836363636363636,3.527272727272727, 2026-07-25 13:49:23
IV LICEUM OGÓLNOKSZTAŁCĄCE IM. ORLĄT LWOWSKICH W GLIWICACH, UL. KOZIELSKA, 44-100, GLIWICE,18.654651,50.298038, 44.4, 984.0636363636364, 24.163636363636364,3.345454545454545,2.6999999999999997, 2026-07-25 13:49:23
SZKOŁA PODSTAWOWA NR 3 I. BOHATERÓW POWSTANIA WARSZAWSKIEGO Z ODDZIAŁAMI INTEGRACYJNYMI W PIASTOWIE, UL. ALEJA TYSIĄCLECIA, 05-820, PIASTÓW,20.841563186509138,52.178313490439706, 50.475, 999.2333333333332, 24.958333333333332,4.391666666666668,3.916666666666666, 2026-07-25 13:49:23
TECHNIKUM W BIECZU, UL. KAZIMIERZA WIELKIEGO, 38-340, BIECZ,21.25576524232724,49.73291457112003, 39.59166666666667, 979.6333333333333, 23.724999999999998,2.2416666666666663,2.05, 2026-07-25 13:49:23
SZKOŁA PODSTAWOWA NR 16 IM. JANUSZA KORCZAKA W RUDZIE ŚLĄSKIEJ, UL. KUKUŁCZA, 41-710, RUDA ŚLĄSKA,18.88033,50.268433, 41.38181818181818, 980.5727272727272, 25.036363636363635,3.127272727272727,2.554545454545454, 2026-07-25 13:49:23
SZKOŁA PODSTAWOWA IM.STEFANA CZARNIECKIEGO W RACŁAWICACH, , 38-323, RACŁAWICE,21.127689745801828,50.06979323518478, 27.90909090909091, 994.7, 30.454545454545453,2.263636363636363,2.063636363636363, 2026-07-25 13:49:23
SZKOŁA PODSTAWOWA IM. WŁADYSŁAWA BRONIEWSKIEGO W SZCZEJKOWICACH, UL. WIEJSKA, 44-246, SZCZEJKOWICE,18.679024,50.095496, 46.18181818181818, 978.6454545454545, 25.072727272727274,3.154545454545454,2.963636363636364, 2026-07-25 13:49:23
SZKOŁA PODSTAWOWA W PONIATOWIE, UL. SZKOLNA, 09-300, PONIATOWO,19.864252,53.041259, 45.791666666666664, 993.9250000000001, 25.2,2.808333333333333,2.3666666666666663, 2026-07-25 13:49:23
SZKOŁA PODSTAWOWA IM. ZIEMI WARMIŃSKIEJ W PIENIĘŻNIE, UL. ORNECKA, 14-520, PIENIĘŻNO,20.1287545,54.2359313, 52.64166666666667, 998.6083333333332, 24.641666666666666,5.441666666666666,4.725, 2026-07-25 13:49:23
SZKOŁA PODSTAWOWA NR 5 IM. POLSKICH OLIMPIJCZYKÓW W ŚWIECIU, UL. WOJSKA POLSKIEGO, 86-105, ŚWIECIE,18.404523109363243,53.4022885304552, 32.68, 1004.03, 29.28,5.84,4.96, 2026-07-25 13:49:23
TECHNIKUM NR 2 W KĘTRZYNIE, UL. POZNAŃSKA, 11-400, KĘTRZYN,21.3575617,54.0772049, 66.45833333333333, 1000.6999999999999, 23.058333333333334,2.283333333333333,1.95, 2026-07-25 13:49:23
I LICEUM OGÓLNOKSZTAŁCĄCE IM. WOJCIECHA KĘTRZYŃSKIEGO W KĘTRZYNIE, UL. POWSTAŃCÓW WARSZAWY, 11-400, KĘTRZYN,21.3725281,54.0774004, 50.127272727272725, 995.7545454545453, 23.8,4.127272727272727,3.39090909090909, 2026-07-25 13:49:23
SZKOŁA PODSTAWOWA NR 3 IM. HENRYKA SIENKIEWICZA W EŁKU, UL. GRODZIEŃSKA, 19-300, EŁK,22.3468805,53.832444, 49.890909090909076, 991.8454545454545, 23.754545454545454,5.0,3.754545454545454, 2026-07-25 13:49:23
SZKOŁA PODSTAWOWA NR 13 Z ODDZIAŁAMI SPORTOWYMI I MISTRZOSTWA SPORTOWEGO IM. POLSKICH OLIMPIJCZYKÓW W ŻORACH, OS. OSIEDLE PAWLIKOWSKIEGO, 44-240, ŻORY,18.68289226,50.03250482, 44.663636363636364, 977.7363636363636, 23.99090909090909,2.836363636363636,2.381818181818182, 2026-07-25 13:49:23
PRYWATNA SZKOŁA PODSTAWOWA W KRAKOWIE, UL. PODGÓRKI TYNIECKIE, 30-398, KRAKÓW-PODGÓRZE,19.84421916,50.01213341, 43.07272727272727, 985.1, 24.69090909090909,2.663636363636363,2.327272727272727, 2026-07-25 13:49:23
PUBLICZNA SZKOŁA PODSTAWOWA IM KARDYNAŁA STEFANA WYSZYŃSKIEGO W GŁOSKOWIE, , 08-412, GŁOSKÓW,21.693825,51.932915, 40.800000000000004, 992.0833333333334, 24.833333333333332,2.175,1.866666666666666, 2026-07-25 13:49:23
SZKOŁA PODSTAWOWA NR 5 IM I. J. PADEREWSKIEGO W PRUSZKOWIE, UL. JANA DŁUGOSZA, 05-804, PRUSZKÓW,20.815629142327243,52.18859558069476, 43.654545454545456, 998.1181818181817, 25.19090909090909,3.836363636363636,3.409090909090909, 2026-07-25 13:49:23
SZKOŁA PODSTAWOWA IM. HENRYKA SIENKIEWICZA W STARYM KĘBŁOWIE, , 08-430, STARY KĘBŁÓW,21.862929,51.791451, 37.25454545454546, 989.7818181818183, 26.254545454545454,2.027272727272727,1.7818181818181822, 2026-07-25 13:49:23
TECHNIKUM W ŻELECHOWIE, UL. MARSZAŁKA JÓZEFA PIŁSUDSKIEGO, 08-430, ŻELECHÓW,21.898786,51.812356, 35.0, 990.0799999999999, 27.28,1.66,1.42, 2026-07-25 13:49:23
SZKOŁA PODSTAWOWA W ZESPOLE SZKÓŁ OGÓLNOKSZTAŁCĄCYCH W MAZOWIECKIM CENTRUM NEUROPSYCHIATRII W JÓZEFOWIE , UL. 3 MAJA, 05-420, JÓZEFÓW,21.234656,52.128054, 47.07272727272727, 998.4272727272728, 24.672727272727272,2.872727272727273,2.527272727272727, 2026-07-25 13:49:23
II LICEUM OGÓLNOKSZTAŁCĄCE IM. GEN. GUSTAWA ORLICZ-DRESZERA W CHEŁMIE, UL. SZPITALNA, 22-100, CHEŁM,23.45593021,51.14267385, 59.06666666666666, 987.7333333333332, 22.5,3.4,2.833333333333333, 2026-07-25 13:49:23
SZKOŁA PODSTAWOWA IM.J.CHEŁMOŃSKIEGO W KUKLÓWCE RADZIEJOWICKIEJ, UL. SZKOLNA, 96-325, KUKLÓWKA RADZIEJOWICKA,20.59054414,52.04408065, 55.75555555555556, 996.6333333333334, 25.38888888888889,4.455555555555556,3.866666666666666, 2026-07-25 13:49:23
SALEZJAŃSKA SZKOŁA PODSTAWOWA Z ODDZIAŁAMI INTEGRACYJNYMI W SALEZJAŃSKIM OŚRODKU SZKOLNO-WYCHOWAWCZYM W TARNOWSKICH GÓRACH, UL. JANA ŚNIADECKIEGO, 42-604, TARNOWSKIE GÓRY,18.80622755,50.43256357, 41.50833333333333, 985.9416666666666, 26.641666666666666,4.816666666666666,4.108333333333333, 2026-07-25 13:49:23
SZKOŁA PODSTAWOWA NR 1 IM PIERWSZEGO MARSZAŁKA POLSKI JÓZEFA PIŁSUDSKIEGO W SULEJÓWKU, UL. IDZIKOWSKIEGO, 05-070, SULEJÓWEK,21.26694575396344,52.24433487687851, 43.93333333333334, 996.7583333333333, 25.125,3.291666666666666,2.833333333333333, 2026-07-25 13:49:23
PUBLICZNA SZKOŁA PODSTAWOWA IM. JANUSZA KORCZAKA W GOŹDZIE, UL. STAROWIEJSKA, 26-634, GÓZD,21.378914500000004,51.376315985021016, 40.21666666666667, 988.8000000000001, 24.741666666666664,2.324999999999999,1.958333333333333, 2026-07-25 13:49:23
SZKOŁA PODSTAWOWA NR 4 IM. JANA PAWŁA II Z ODDZIAŁAMI PRZEDSZKOLNYMI I ODDZIAŁAMI SPORTOWYMI W PRUSZKOWIE , UL. HUBALA, 05-800, PRUSZKÓW,20.81122021534552,52.16432045510862, 44.27272727272727, 1000.0363636363636, 27.59090909090909,6.427272727272728,5.79090909090909, 2026-07-25 13:49:23
SZKOŁA PODSTAWOWA W OTWOCKU WIELKIM, UL. ZAMKOWA, 05-480, OTWOCK WIELKI,21.249772,52.054498, 51.94285714285714, 998.6857142857143, 23.771428571428572,2.914285714285714,2.571428571428571, 2026-07-25 13:49:23
NIEPUBLICZNA SZKOŁA PODSTAWOWA WIELICZKA MONTESSORI SCHOOL W WIELICKIEJ SZKOLE MONTESSORI, UL. JANA MIKOŁAJA DANIŁOWICZA, 32-020, WIELICZKA,20.05646002,49.98203058, 34.86666666666667, 980.4333333333334, 27.34166666666667,2.3666666666666663,2.3666666666666663, 2026-07-25 13:49:23
PUBLICZNA SZKOŁA PODSTAWOWA W OBRAZOWIE, , 27-641, OBRAZÓW,21.6579632,50.69068702480904, 51.4, 986.2666666666668, 22.96666666666667,2.508333333333333,2.083333333333333, 2026-07-25 13:49:23
SZKOŁA PODSTAWOWA W BRZOZOWIE, UL. MIODOWA, 86-200, BRZOZOWO,18.4238755,53.314175, 49.208333333333336, 996.5916666666667, 23.991666666666664,4.291666666666667,3.591666666666667, 2026-07-25 13:49:23
SZKOŁA PODSTAWOWA NR 199 IM. JULIANA TUWIMA W ŁODZI, UL. JÓZEFA ELSNERA, 92-504, ŁÓDŹ-WIDZEW,19.531114643683964,51.75675184434886, 47.4, 984.4818181818181, 24.50909090909091,6.354545454545455,5.090909090909091, 2026-07-25 13:49:23
SZKOŁA PODSTAWOWA IM. KS. KARD. STEFANA WYSZYŃSKIEGO W BORZYMINIE, , 87-500, BORZYMIN,19.3345342,53.0561291, 36.800000000000004, 992.9636363636364, 27.236363636363638,6.481818181818181,5.663636363636363, 2026-07-25 13:49:23
SZKOŁA PODSTAWOWA IM. TADEUSZA KOŚCIUSZKI W ŁĘTOWICACH, , 33-121, ŁĘTOWICE,20.845262,49.994632, 39.475, 987.5, 25.05,2.266666666666666,2.266666666666666, 2026-07-25 13:49:23
SZKOŁA PODSTAWOWA IM. PIOTRA ŚCIEGIENNEGO W BĘCZKOWIE, UL. JANA PAWŁA II, 26-008, BĘCZKÓW,20.80287618,50.87879103, 40.230000000000004, 976.4799999999999, 23.919999999999998,5.119999999999999,4.470000000000001, 2026-07-25 13:49:23
SZKOŁA PODSTAWOWA IM.KSIĘCIA KARDYNAŁA ADAMA STEFANA SAPIEHY W BYSINIE, , 32-400, BYSINA,19.8876673,49.8279242, 39.75, 970.2833333333333, 24.525000000000002,2.175,1.9, 2026-07-25 13:49:23
SZKOŁA PODSTAWOWA IM. JANA KOCHANOWSKIEGO W BĘCZARCE, , 32-444, BĘCZARKA,19.8615647,49.8750803, 38.833333333333336, 972.375, 26.083333333333332,2.441666666666667,2.2, 2026-07-25 13:49:23
TECHNIKUM W NAKLE ŚLĄSKIM, UL. GUSTAWA MORCINKA, 42-620, NAKŁO ŚLĄSKIE,18.899961,50.436198, 49.7, 977.3636363636364, 23.07272727272727,5.409090909090909,4.927272727272728, 2026-07-25 13:49:23
SZKOŁA PODSTAWOWA NR 8 IM. KRZYSZTOFA KAMILA BACZYŃSKIEGO W TARNOWIE, UL. BITWY POD STUDZIANKAMI, 33-100, TARNÓW,21.00415196,50.01968672, 40.26363636363636, 984.2545454545453, 24.536363636363635,3.518181818181817,3.054545454545454, 2026-07-25 13:49:23
SZKOŁA PODSTAWOWA IM.TADEUSZA KOŚCIUSZKI W GŁOGOCZOWIE, , 32-444, GŁOGOCZÓW,19.8764713,49.8949648, 41.32727272727273, 981.9363636363636, 23.781818181818185,2.9,2.409090909090909, 2026-07-25 13:49:23
SZKOŁA PODSTAWOWA IM. POWSTAŃCÓW STYCZNIOWYCH W DWIKOZACH, UL. SPÓŁDZIELCZA, 27-620, DWIKOZY,21.78213112698172,50.73763072488988, 51.16363636363636, 992.7181818181817, 24.0,1.809090909090908,1.554545454545454, 2026-07-25 13:49:23
SZKOŁA PODSTAWOWA IM JANA KOCHANOWSKIEGO W RACIECHOWICACH, , 32-415, RACIECHOWICE,20.1425376,49.8447436, 37.628571428571426, 974.842857142857, 26.642857142857142,2.657142857142857,2.414285714285714, 2026-07-25 13:49:23
SZKOŁA PODSTAWOWA NR 2 IM. 12 PUŁKU PIECHOTY W SPYTKOWICACH, , 34-745, SPYTKOWICE,19.8620555,49.5891356, 33.74166666666667, 952.3916666666665, 25.7,30.65,25.325000000000003, 2026-07-25 13:49:23
NIEPUBLICZNA SZKOŁA PODSTAWOWA MONTESSORI W WIELICZCE, UL. JASNA, 32-020, WIELICZKA,20.04131557116481,49.98142573025661, 36.074999999999996, 982.2333333333332, 28.650000000000002,2.875,2.508333333333333, 2026-07-25 13:49:23
TECHNIKUM IM. KAROLA WOJTYŁY W SUŁKOWICACH, UL. SZKOLNA, 32-440, SUŁKOWICE,19.79959,49.83879, 40.11666666666667, 978.4416666666666, 24.233333333333334,2.5,2.3, 2026-07-25 13:49:23
SZKOŁA PODSTAWOWA IM. KSIĘCIA JÓZEFA PONIATOWSKIEGO W MNIKOWIE, , 32-084, MNIKÓW,19.7203981,50.0603945, 34.82727272727273, 983.3090909090909, 27.527272727272727,2.818181818181818,2.463636363636364, 2026-07-25 13:49:23
RZEMIEŚLNICZA BRANŻOWA SZKOŁA I STOPNIA W TARNOWIE, PL. DWORCOWY, 33-100, TARNÓW,20.97230288,50.00592873, 28.733333333333334, 986.8833333333333, 30.233333333333334,3.508333333333333,3.05, 2026-07-25 13:49:23
PUBLICZNA SZKOŁA PODSTAWOWA NR4 IM. EUGENIUSZA KWIATKOWSKIEGO W STALOWEJ WOLI, UL. NIEZŁOMNYCH, 37-450, STALOWA WOLA,22.049257,50.566117, 40.24285714285714, 991.3571428571429, 25.428571428571427,2.228571428571428,1.8857142857142848, 2026-07-25 13:49:23
PUBLICZNA SZKOŁA PODSTAWOWA NR 30 IM. KRÓLOWEJ JADWIGI W RADOMIU, UL. PIASTOWSKA, 26-600, RADOM,21.15801836,51.43197508, 36.96363636363637, 992.4272727272728, 26.045454545454547,2.309090909090909,2.054545454545454, 2026-07-25 13:49:23
PUBLICZNA SZKOŁA PODSTAWOWA IM. 100. ROCZNICY ODZYSKANIA NIEPODLEGŁOŚCI PRZEZ POLSKĘ W KORZECKU, , 26-060, KORZECKO,20.40868672,50.80193767, 38.018181818181816, 981.2909090909092, 24.163636363636364,2.227272727272727,1.9, 2026-07-25 13:49:23
SZKOŁA PODSTAWOWA IM. GENERAŁA STANISŁAWA MACZKA W BLIŻYNIE, UL. PIASKOWA, 26-120, BLIŻYN,20.7611656,51.10539138, 35.541666666666664, 978.9166666666666, 26.075,3.591666666666667,3.008333333333333, 2026-07-25 13:49:23
SZKOŁA PODSTAWOWA W OKSIE, UL. PL. M. REJA, 28-363, OKSA,20.10227008,50.72821359, 33.516666666666666, 980.275, 27.291666666666668,3.375,2.908333333333333, 2026-07-25 13:49:23
III LICEUM OGÓLNOKSZTAŁCĄCE W ZESPOLE SZKÓŁ NR 1 W PSZCZYNIE , UL. KAZIMIERZA WIELKIEGO, 43-200, PSZCZYNA,18.945466,49.965741, 41.71111111111111, 980.5, 23.98888888888889,2.277777777777777,1.922222222222222, 2026-07-25 13:49:23
SZKOŁA PODSTAWOWA W JELENIOWIE, , 26-006, JELENIÓW,21.116233057672765,50.84449324956324, 45.23636363636364, 975.7272727272727, 22.60909090909091,2.172727272727272,1.954545454545454, 2026-07-25 13:49:23
SZKOŁA PODSTAWOWA W ŁYSAKOWIE, , 28-300, ŁYSAKÓW DRUGI,20.31178517,50.59252463, 35.15, 979.75, 26.65,4.15,3.52, 2026-07-25 13:49:23
SPOŁECZNA SZKOŁA PODSTAWOWA NR 1 IM. KS.PROF. JÓZEFA TISCHNERA W TARNOWIE, UL. GUMNISKA, 33-100, TARNÓW,21.00131621,50.00814381, 41.68181818181818, 986.7818181818183, 23.69090909090909,5.1,4.463636363636364, 2026-07-25 13:49:23
SZKOŁA PODSTAWOWA IM. GEN. STANISŁAWA SKALSKIEGO W POLICHNIE, , 26-060, POLICHNO,20.3964092,50.82155974, 40.28181818181818, 981.3181818181819, 23.481818181818184,2.3,2.054545454545454, 2026-07-25 13:49:23
TECHNIKUM W RACIĄŻU, UL. KILIŃSKIEGO, 09-140, RACIĄŻ,20.127731,52.778712, 44.60909090909091, 995.8909090909091, 24.736363636363638,4.427272727272728,3.836363636363636, 2026-07-25 13:49:23
PUBLICZNA SZKOŁA PODSTAWOWA IM.HENRYKA SIENKIEWICZA W MYŚLISZEWICACH, , 26-630, MYŚLISZEWICE,21.2905313,51.413341302261024, 33.233333333333334, 992.3083333333334, 27.45,3.55,3.733333333333333, 2026-07-25 13:49:23
SZKOŁA PODSTAWOWA NR 6 IM. DRA WŁADYSŁAWA GĘBIKA Z ODDZIAŁAMI INTEGRACYJNYMI W KWIDZYNIE, UL. GRUNWALDZKA, 82-500, KWIDZYN,18.932667,53.723949, 41.300000000000004, 999.3416666666667, 26.875,6.033333333333334,5.566666666666666, 2026-07-25 13:49:23
SZKOŁA PODSTAWOWA W BRZEŚCIU, , 28-400, BRZEŚCIE,20.54586641,50.5470206, 39.733333333333334, 986.0416666666666, 24.625,3.3666666666666663,2.9916666666666663, 2026-07-25 13:49:23
SZKOŁA PODSTAWOWA W LUBOWIDZU, UL. JANA PAWŁA II, 09-304, LUBOWIDZ,19.842984,53.120566, 56.7, 994.4875, 23.9125,6.7375,6.05, 2026-07-25 13:49:23
SZKOŁA PODSTAWOWA NR 2 IM. JANA PAWŁA II W GORZYCACH, UL. EDUKACJI NARODOWEJ, 39-432, GORZYCE,21.83097317,50.67218435, 47.790909090909096, 995.2272727272727, 24.836363636363636,3.190909090909091,3.009090909090909, 2026-07-25 13:49:23
NIEPUBLICZNA SZKOŁA PODSTAWOWA W NIWCE, , 33-130, NIWKA,20.853454,50.056594, 37.62, 989.79, 26.610000000000003,3.03,2.78, 2026-07-25 13:49:23
TECHNIKUM NR 2 W CZĘSTOCHOWIE, UL. WARSZAWSKA, 42-200, CZĘSTOCHOWA,19.1485028,50.7931394, 44.94166666666666, 981.6166666666667, 24.391666666666666,3.425,2.875, 2026-07-25 13:49:23
SZKOŁA PODSTAWOWA IM. ORŁA BIAŁEGO W SZCZYTNEJ, UL. KOŚCIELNA, 57-330, SZCZYTNA,16.44633002,50.41610314, 33.67, 954.8700000000001, 27.53,2.6100000000000003,2.17, 2026-07-25 13:49:23
I LICEUM OGÓLNOKSZTAŁCĄCE IM. BOLESŁAWA CHROBREGO W KŁODZKU, UL. WOJSKA POLSKIEGO, 57-300, KŁODZKO,16.651149,50.4373, 37.325, 973.8375, 25.425,3.7875,3.3125, 2026-07-25 13:49:23
SZKOŁA PODSTAWOWA W BIENIOWICACH, , 59-216, BIENIOWICE,16.256564,51.258614, 22.891666666666666, 995.0333333333333, 31.916666666666668,3.083333333333333,2.666666666666666, 2026-07-25 13:49:23
SZKOŁA PODSTAWOWA IM. ŚW. JADWIGI ŚLĄSKIEJ W ŻERNIKACH WROCŁAWSKICH, UL. KOLEJOWA, 55-010, ŻERNIKI WROCŁAWSKIE,17.0609105,51.0305737, 30.98, 993.28, 28.05,2.889999999999999,2.46, 2026-07-25 13:49:23
SZKOŁA PODSTAWOWA NR 4 Z ODDZIAŁAMI INTEGRACYJNYMI W BIELAWIE, UL. LUDWIKA WARYŃSKIEGO, 58-260, BIELAWA,16.6008348,50.6662832, 38.21666666666667, 965.1, 25.125,3.158333333333333,2.583333333333333, 2026-07-25 13:49:23
SZKOŁA PODSTAWOWA IM. JANA PAWŁA II W GRODZISZCZU, , 58-112, GRODZISZCZE,16.560664,50.798212, 32.34166666666667, 980.5583333333334, 27.183333333333334,3.416666666666666,2.933333333333333, 2026-07-25 13:49:23
BRANŻOWA SZKOŁA I STOPNIA NR 6 W ZESPOLE SZKÓŁ PRZEMYSŁU SPOŻYWCZEGO IM. POWSTAŃCÓW WIELKOPOLSKICH W ŁODZI, UL. FRANCISZKAŃSKA, 91-845, ŁÓDŹ-BAŁUTY,19.421884,51.7848081, 45.10909090909091, 985.1636363636363, 24.0,4.381818181818182,3.618181818181817, 2026-07-25 13:49:23
TECHNIKUM NR 1 W ZESPOLE SZKÓŁ NR 1 IM. STANISŁAWA STASZICA W BOCHNI, UL. EDWARDA WINDAKIEWICZA, 32-700, BOCHNIA,20.416325,49.966639, 39.39090909090909, 982.2454545454547, 27.945454545454538,2.209090909090909,1.963636363636363, 2026-07-25 13:49:23
SZKOŁA PODSTAWOWA IM. M. KOPERNIKA W KOŚCIELCU, , 32-100, KOŚCIELEC,20.3906858,50.2001419, 35.25833333333333, 987.5166666666668, 27.691666666666666,2.425,2.15, 2026-07-25 13:49:23
SZKOŁA PODSTAWOWA IM. MARII KONOPNICKIEJ W LIPINACH, , 92-701, LIPINY,19.67220915,51.80665653, 41.836363636363636, 982.6909090909091, 25.9,3.218181818181818,2.672727272727272, 2026-07-25 13:49:23
I LICEUM OGÓLNOKSZTAŁCĄCE IM. MARCINA KROMERA W GORLICACH, UL. MARCINA KROMERA, 38-300, GORLICE,21.155748,49.659518, 41.07272727272727, 975.4727272727273, 23.036363636363635,3.009090909090909,2.618181818181818, 2026-07-25 13:49:23
SZKOŁA PODSTAWOWA IM. IGNACEGO ŁUKASIEWICZA W KOBYLANCE, , 38-303, KOBYLANKA,21.222151,49.669007, 43.199999999999996, 977.4166666666666, 23.825,2.975,2.483333333333333, 2026-07-25 13:49:23
SZKOŁA PODSTAWOWA IM.ŚWIĘTEJ KINGI W KORCZYNIE, , 38-340, KORCZYNA,21.255204,49.702509, 42.8875, 974.2875, 24.0875,2.375,2.1125, 2026-07-25 13:49:23
TECHNIKUM W GOŁOTCZYŹNIE, UL. CIECHANOWSKA, 06-430, GOŁOTCZYZNA,20.68880627301113,52.79264333773238, 36.875, 995.4166666666666, 29.233333333333334,3.783333333333333,3.283333333333333, 2026-07-25 13:49:23
SZKOŁA PODSTAWOWA IM. WŁADYSŁAWA JÓŹWICKIEGO W GÓRZNIE , UL. DŁUGA, 08-404, GÓRZNO,21.7059907,51.84700102762625, 33.892307692307696, 991.0615384615384, 27.77692307692308,2.284615384615384,1.884615384615384, 2026-07-25 13:49:23
SZKOŁA PODSTAWOWA NR 2 Z ODDZIAŁAMI INTEGRACYJNYMI IM. ŻOŁNIERZY A.K. II REJONU CELKÓW W MARKACH, UL. SZKOLNA, 05-270, MARKI,21.10374427116481,52.31729535665526, 38.35454545454545, 998.6909090909091, 27.127272727272725,4.418181818181818,3.909090909090909, 2026-07-25 13:49:23
SZKOŁA PODSTAWOWA IM.KAWALERÓW ORDERU UŚMIECHU W SIEROSŁAWICACH, , 32-120, SIEROSŁAWICE,20.461954,50.141099, 33.791666666666664, 988.275, 26.958333333333332,3.125,2.766666666666667, 2026-07-25 13:49:23
SZKOŁA PODSTAWOWA IM.ŚW.JANA PAWŁA II W ZAWADACH, UL. KOŚCIUSZKI, 16-075, ZAWADY,22.66793745,53.15651651, 56.81818181818182, 998.9545454545455, 24.41818181818182,4.118181818181818,3.709090909090909, 2026-07-25 13:49:23
SZKOŁA PODSTAWOWA NR 2 IM. KRÓLOWEJ JADWIGI W CZECHOWICACH-DZIEDZICACH, UL. WĘGLOWA, 43-502, CZECHOWICE-DZIEDZICE,19.0071238,49.9283149, 47.98333333333333, 981.2833333333333, 23.175,3.408333333333333,2.816666666666666, 2026-07-25 13:49:23
PUBLICZNA SZKOŁA PODSTAWOWA NR 1 Z ODDZIAŁAMI DWUJĘZYCZNYMI W MOGIELNICY, UL. NOWOMIEJSKA, 05-640, MOGIELNICA,20.72027,51.6909326, 47.416666666666664, 992.4416666666666, 24.375,3.65,3.1, 2026-07-25 13:49:23
SZKOŁA PODSTAWOWA IM. STANISŁAWA LUBOMIRSKIEGO W NOWYM WIŚNICZU, UL. SZKOLNA, 32-720, NOWY WIŚNICZ,20.464022,49.911873, 37.769999999999996, 978.1700000000001, 24.119999999999997,1.8,1.69, 2026-07-25 13:49:23
PUBLICZNA SZKOŁA PODSTAWOWA IM.T. KOŚCIUSZKI W GŁOWACZOWIE, UL. WARECKA, 26-903, GŁOWACZÓW,21.3187284,51.6220175, 41.1875, 994.7125, 25.525,2.387499999999999,2.1375, 2026-07-25 13:49:23
SZKOŁA PODSTAWOWA SPECJALNA NR 150 W KRAKOWIE, AL. ALEJA ADOLFA DYGASIŃSKIEGO, 30-820, KRAKÓW-PODGÓRZE,19.98983357116481,50.02147308570759, 39.074999999999996, 987.3916666666668, 23.266666666666666,9.558333333333334,7.608333333333333, 2026-07-25 13:49:23
PUBLICZNA SZKOŁA PODSTAWOWA IM. JÓZEFA BRANDTA W OROŃSKU, UL. SZKOLNA, 26-505, OROŃSKO,20.98980054,51.315665, 45.96363636363637, 988.0909090909091, 24.1,3.772727272727273,3.1, 2026-07-25 13:49:23
PUBLICZNA SZKOŁA PODSTAWOWA IM. BATALIONÓW CHŁOPSKICH W KLECZANOWIE, , 27-641, KLECZANÓW,21.57103098,50.71737244, 48.449999999999996, 981.2833333333333, 23.808333333333334,3.449999999999999,3.074999999999999, 2026-07-25 13:49:23
SZKOŁA PODSTAWOWA IM. BOHATERÓW WESTERPLATTE W ŁĘKAWICY, , 33-156, ŁĘKAWICA,19.60597,49.84172, 34.554545454545455, 982.0818181818181, 27.59090909090909,2.7818181818181813,2.436363636363636, 2026-07-25 13:49:23
SZKOŁA PODSTAWOWA W STAROCHĘCINACH, , 26-060, STAROCHĘCINY,20.48081695,50.77685204, 36.10909090909091, 983.3818181818183, 25.954545454545453,2.463636363636364,2.118181818181818, 2026-07-25 13:49:23
SZKOŁA PODSTAWOWA NR 6 IM. KS. JANA TWARDOWSKIEGO W PSZCZYNIE, UL. KSIĘŻYCOWA, 43-200, PSZCZYNA,18.936162,49.965097, 45.55833333333334, 983.0666666666666, 22.991666666666664,2.541666666666666,2.266666666666666, 2026-07-25 13:49:23
SZKOŁA PODSTAWOWA IM.KAZIMIERZA PUŁASKIEGO W JADAMWOLI, , 34-606, JADAMWOLA,20.51122243,49.58092142, 38.458333333333336, 963.3416666666667, 24.53333333333333,2.074999999999999,1.841666666666666, 2026-07-25 13:49:23
SZKOŁA PODSTAWOWA NR 2 IM. MARII KONOPNICKIEJ W ŻYRARDOWIE, UL. GABRIELA NARUTOWICZA, 96-300, ŻYRARDÓW,20.43801027,52.05842119, 37.30833333333333, 996.2833333333333, 27.741666666666664,3.358333333333333,3.358333333333333, 2026-07-25 13:49:23
I LICEUM OGÓLNOKSZTAŁCĄCE IM. ZYGMUNTA KRASIŃSKIEGO W CIECHANOWIE, UL. 17 STYCZNIA, 06-400, CIECHANÓW,20.59878057,52.88501004, 39.6, 994.0363636363636, 26.263636363636362,3.445454545454545,3.118181818181817, 2026-07-25 13:49:23
SZKOŁA PODSTAWOWA W ŁUKOWEJ, , 26-060, ŁUKOWA,20.53811566,50.72732867, 34.541666666666664, 980.4, 26.599999999999998,2.558333333333333,2.208333333333333, 2026-07-25 13:49:23
SZKOŁA PODSTAWOWA W WOLI KORYCKIEJ GÓRNEJ, , 08-455, WOLA KORYCKA GÓRNA,21.754932828835187,51.73577039586474, 32.71666666666667, 991.5333333333333, 28.625,1.775,1.533333333333333, 2026-07-25 13:49:23
SZKOŁA PODSTAWOWA W WOLICY, UL. SZKOLNA, 26-060, WOLICA,20.47387736,50.75410087, 35.72727272727273, 982.9, 26.627272727272725,2.918181818181818,2.527272727272727, 2026-07-25 13:49:23
SZKOŁA PODSTAWOWA IM. JANA PAWŁA II W ZBUCZYNIE, UL. JANA PAWŁA II, 08-106, ZBUCZYN,22.44061361,52.08688669, 46.12222222222223, 990.6111111111111, 24.355555555555554,2.3,2.0, 2026-07-25 13:49:23
TECHNIKUM NR 2 IM. EUGENIUSZA KWIATKOWSKIEGO W STARACHOWICACH, UL. 1 MAJA, 27-200, STARACHOWICE,21.06313317,51.05452968, 37.80833333333333, 980.5166666666668, 24.525000000000002,2.5666666666666678,2.308333333333333, 2026-07-25 13:49:23
PUBLICZNA SZKOŁA PODSTAWOWA IM. JANA KOCHANOWSKIEGO W POLANACH, , 26-680, POLANY,21.114656,51.2261, 40.445454545454545, 987.0, 25.1,2.199999999999999,2.199999999999999, 2026-07-25 13:49:23
SZKOŁA PODSTAWOWA W ZBELUTCE, , 26-025, ZBELUTKA-STARA WIEŚ,21.0993345,50.7310922, 37.981818181818184, 968.6636363636363, 25.4,2.118181818181818,1.772727272727272, 2026-07-25 13:49:23
SZKOŁA PODSTAWOWA IM. STEFANA KARDYNAŁA WYSZYŃSKIEGO W PIERZCHNICY , UL. KARDYNAŁA STEFANA WYSZYŃSKIEGO, 26-015, PIERZCHNICA,20.74729757,50.6959636, 40.70909090909091, 977.2363636363636, 23.60909090909091,4.136363636363637,3.518181818181818, 2026-07-25 13:49:23
SZKOŁA PODSTWOWA IM.KSIĘDZA CZESŁAWA PRZYSTASIA W LUTORYŻU, , 36-040, LUTORYŻ,21.91921265254002,49.96511859568209, 42.975, 985.2666666666668, 23.733333333333334,2.166666666666666,1.883333333333333, 2026-07-25 13:49:23
SZKOŁA PODSTAWOWA W BRDOWIE, UL. MICKIEWICZA, 62-620, BRDÓW,18.7293986,52.3533225, 40.68333333333334, 994.7916666666666, 24.375,3.558333333333333,3.266666666666667, 2026-07-25 13:49:23
SZKOŁA PODSTAWOWA Z ODDZIAŁAMI INTEGRACYJNYMI NR 6 IM. SZARYCH SZEREGÓW W GRODZISKU MAZOWIECKIM, UL. SPORTOWA, 05-825, GRODZISK MAZOWIECKI,20.6192335,52.0987683, 49.627272727272725, 998.4545454545455, 26.254545454545454,5.3,4.572727272727272, 2026-07-25 13:49:23
SZKOŁA PODSTAWOWA IM. 11 LISTOPADA W ŻÓŁWINIE, UL. SZKOLNA, 05-807, ŻÓŁWIN,20.7249857,52.09761779588044, 58.24545454545455, 999.0818181818181, 23.6,3.881818181818182,3.6, 2026-07-25 13:49:23
PUBLICZNA SZKOŁA PODSTAWOWA IM. JANA PAWŁA II W WOLI TACZOWSKIEJ, , 26-652, WOLA TACZOWSKA,21.04512254,51.44935931, 46.81666666666666, 988.475, 24.316666666666666,2.141666666666666,2.141666666666666, 2026-07-25 13:49:23
LICEUM OGÓLNOKSZTAŁCĄCE IM. STEFANA ŻEROMSKIEGO W ŻYRARDOWIE, UL. JANINY JADWIGI KACPERSKIEJ, 96-300, ŻYRARDÓW,20.44495564,52.0675436, 53.857142857142854, 998.6142857142858, 23.900000000000002,4.442857142857143,4.057142857142857, 2026-07-25 13:49:23
SZKOŁA PODSTAWOWA W ŚCINAWIE POLSKIEJ, , 55-200, ŚCINAWA POLSKA,17.33660972,50.93346737, 31.625, 992.8166666666666, 28.78333333333333,0.5083333333333331,0.458333333333333, 2026-07-25 13:49:23
SZKOŁA PODSTAWOWA W ŚCINAWCE DOLNEJ, , 57-410, ŚCINAWKA DOLNA,16.5360171,50.4966472, 37.06666666666667, 973.7083333333334, 27.858333333333334,3.275,2.833333333333333, 2026-07-25 13:49:23
I LICEUM OGÓLNOKSZTAŁCĄCE IM. ADAMA MICKIEWICZA W ŁAPACH, UL. BOHATERÓW WESTERPLATTE, 18-100, ŁAPY,22.87657971,52.98984475, 47.43636363636363, 994.7272727272727, 25.41818181818182,3.7636363636363632,3.136363636363636, 2026-07-25 13:49:23
SZKOŁA PODSTAWOWA W WĘGRACH, UL. SZKOLNA, 55-020, WĘGRY,17.0374566,50.92746209, 29.136363636363637, 991.9, 30.563636363636363,2.209090909090909,1.945454545454545, 2026-07-25 13:49:23
PUBLICZNA SZKOŁA PODSTAWOWA IM. MIKOŁAJA KOPERNIKA W BIENIĘDZICACH, , 26-625, BIENIĘDZICE,20.92852467,51.41165831, 48.300000000000004, 989.1500000000001, 25.650000000000002,3.266666666666667,2.7333333333333343, 2026-07-25 13:49:23
SAMORZĄDOWA SZKOŁA PODSTAWOWA IM. WOJSKA POLSKIEGO W WODZISŁAWIU, UL. SZKOLNA, 28-330, WODZISŁAW,20.18925053,50.51810713, 32.28333333333333, 981.8000000000001, 26.266666666666666,4.158333333333333,3.75, 2026-07-25 13:49:23
TECHNIKUM W JASIEŃCU, UL. CZERSKA, 05-600, JASIENIEC,20.94031755,51.82104731, 48.872727272727275, 994.6636363636363, 24.536363636363635,3.190909090909091,2.6545454545454543, 2026-07-25 13:49:23
LICEUM OGÓLNOKSZTAŁCĄCE W ZESPOLE SZKÓŁ DRZEWNYCH I LEŚNYCH IM. JANA KOCHANOWSKIEGO W GARBATCE - LETNISKU, UL. HANKI LEWANDOWICZ, 26-930, GARBATKA-LETNISKO,21.62967267,51.49346798, 38.44166666666667, 991.8166666666666, 24.34166666666667,1.799999999999999,1.508333333333333, 2026-07-25 13:49:23
PUBLICZNA SZKOŁA PODSTAWOWA IM. JANA OLRYCHA SZANIECKIEGO W SZAŃCU, , 28-100, SZANIEC,20.69198509758868,50.51627384074623, 43.791666666666664, 980.8833333333333, 22.958333333333332,3.65,3.375, 2026-07-25 13:49:23
SZKOŁA PODSTAWOWA W SOLCU-ZDROJU, UL. 1 MAJA, 28-131, SOLEC-ZDRÓJ,20.8893586,50.37082674, 38.70909090909091, 992.7727272727273, 24.6,3.963636363636364,3.463636363636364, 2026-07-25 13:49:23
I LICEUM OGÓLNOKSZTAŁCĄCE W NOWEJ SARZYNIE, UL. KOMISJI EDUKACJI NARODOWEJ, 37-310, NOWA SARZYNA,22.34167945,50.31921557, 55.75454545454545, 992.6181818181817, 23.327272727272728,2.545454545454545,2.354545454545454, 2026-07-25 13:49:23
SZKOŁA PODSTAWOWA W SZRENIAWIE, , 32-075, SZRENIAWA,19.8690283,50.3768057, 39.63636363636363, 976.0818181818181, 27.0,3.181818181818181,2.9454545454545453, 2026-07-25 13:49:23
SZKOŁA PODSTAWOWA IM. WANDY RUTKIEWICZ W JANOWICACH WIELKICH, UL. PARTYZANTÓW, 58-520, JANOWICE WIELKIE,15.925671,50.88188, 47.824999999999996, 966.8833333333333, 24.425,3.233333333333333,2.5749999999999997, 2026-07-25 13:49:23
SZKOŁA PODSTAWOWA W PTASZKOWIE, , 58-400, PTASZKÓW,16.0415642,50.7927672, 34.233333333333334, 956.8583333333332, 26.400000000000002,2.9499999999999997,2.4916666666666663, 2026-07-25 13:49:23
SZKOŁA PODSTAWOWA IM. ŚW. WOJCIECHA WE WŁODOWICACH, , 57-400, WŁODOWICE,16.4776033,50.575772, 37.160000000000004, 966.46, 25.0,3.4,2.88, 2026-07-25 13:49:23
PUBLICZNA SZKOŁA PODSTAWOWA W LEWINIE KŁODZKIM, UL. KOŚCIELNA, 57-343, LEWIN KŁODZKI,16.2909777,50.4056168, 44.775, 956.6, 23.0625,2.9625,2.65, 2026-07-25 13:49:23
SZKOŁA PODSTAWOWA NR 3 IM. JANA PAWŁA II W SYCOWIE, UL. KOŚCIELNA, 56-500, SYCÓW,17.72017,51.3071, 41.61818181818182, 988.4727272727273, 24.50909090909091,3.372727272727273,2.872727272727273, 2026-07-25 13:49:23
SZKOŁA PODSTAWOWA IM. BOLESŁAWA CHROBREGO W ŻMIGRODZIE, UL. HENRYKA SIENKIEWICZA, 55-140, ŻMIGRÓD,16.9084728,51.4700924, 29.116666666666664, 997.6750000000001, 28.808333333333334,3.833333333333333,3.308333333333333, 2026-07-25 13:49:23
SPOŁECZNA SZKOŁA PODSTAWOWA W ŚWIDNICY, UL. ADAMA MICKIEWICZA, 58-100, ŚWIDNICA,16.677532,51.0740481, 30.03, 984.39, 29.810000000000002,3.12,2.719999999999999, 2026-07-25 13:49:23
SZKOŁA PODSTAWOWA W KRZESZOWIE, UL. BETLEJEMSKA, 58-400, KRZESZÓW,16.0646514,50.7333391, 37.44285714285714, 954.5714285714286, 24.3,3.285714285714285,2.871428571428571, 2026-07-25 13:49:23
SZKOŁA PODSTAWOWA W MOKRZESZOWIE, , 58-160, MOKRZESZÓW,16.371249,50.8485349, 37.83846153846154, 974.123076923077, 26.676923076923078,3.7,3.184615384615384, 2026-07-25 13:49:23
SZKOŁA PODSTAWOWA IM. ADAMA MICKIEWICZA W PĘGOWIE, UL. GŁÓWNA, 55-120, PĘGÓW,16.9325607,51.2463277, 26.175, 993.4666666666667, 31.458333333333332,3.191666666666666,2.716666666666667, 2026-07-25 13:49:23
TECHNIKUM W BOLKOWIE, UL. NIEPODLEGŁOŚCI, 59-420, BOLKÓW,16.1055099,50.92060569, 35.800000000000004, 970.0636363636364, 26.027272727272727,2.89090909090909,2.436363636363636, 2026-07-25 13:49:23
SZKOŁA PODSTAWOWA NR 4 IM.PROF. ROMANA PODOSKIEGO W OLEŚNICY, UL. IGNACEGO PADEREWSKIEGO, 56-400, OLEŚNICA,17.3883791,51.2047183, 27.59090909090909, 990.5454545454545, 29.41818181818182,3.227272727272727,2.927272727272727, 2026-07-25 13:49:23
SZKOŁA PODSTAWOWA W PÓŁWIESKU MAŁYM, , 87-337, PÓŁWIESK MAŁY,19.2209039,53.1414488, 38.96363636363637, 995.0545454545455, 26.50909090909091,5.145454545454545,4.399999999999999, 2026-07-25 13:49:23
TECHNIKUM NR 9 W TORUNIU, UL. STEFANA BATOREGO, 87-100, TORUŃ,18.6208871,53.0272793, 42.40833333333334, 1003.0749999999999, 26.583333333333332,5.0,4.458333333333333, 2026-07-25 13:49:23
SZKOŁA PODSTAWOWA W RUDNIE W ZESPOLE KSZTAŁCENIA I WYCHOWANIA W RUDNIE, UL. SZKOLNA, 83-121, RUDNO,18.762284,53.934177, 42.800000000000004, 1000.0454545454545, 26.20909090909091,5.463636363636364,4.963636363636364, 2026-07-25 13:49:23
SZKOŁA PODSTAWOWA W RACŁAWICZKACH, UL. SZKOLNA, 47-370, RACŁAWICZKI,17.7792949,50.4791824, 18.35, 986.8, 40.0,1.7000000000000002,1.4, 2026-07-25 13:49:23
SZKOŁA PODSTAWOWA W KOMORNIKACH, UL. SZKOLNA, 47-364, KOMORNIKI,17.900609,50.433498, 23.554545454545462, 987.8272727272728, 31.972727272727273,2.581818181818181,2.236363636363636, 2026-07-25 13:49:23
TECHNIKUM NR 3 W GLIWICACH, UL. WARSZAWSKA, 44-100, GLIWICE,18.6782411,50.3080285, 37.60909090909091, 981.8636363636364, 28.4,3.527272727272727,2.854545454545454, 2026-07-25 13:49:23
SZKOŁA PODSTAWOWA NR 20 IM.II MORSKIEGO PUŁKU STRZELCÓW W GDYNI, UL. STARODWORCOWA, 81-575, GDYNIA,18.495846,54.464583, 50.7625, 993.3874999999999, 24.4125,4.2625,3.7625, 2026-07-25 13:49:23
SZKOŁA PODSTAWOWA IM. PRZYJACIÓŁ ZIEMI W KŁODAWIE, , 89-632, KŁODAWA,17.6377441,53.745006, 45.14545454545455, 989.0090909090909, 24.218181818181815,4.990909090909091,4.527272727272727, 2026-07-25 13:49:23
SZKOŁA PODSTAWOWA NR 2 IM. STANISŁAWA STASZICA W OSTROŁĘCE, UL. PAPIERNICZA, 07-410, OSTROŁĘKA,21.5825833,53.0888402, 49.27272727272727, 998.9181818181819, 26.754545454545454,2.8636363636363638,2.590909090909091, 2026-07-25 13:49:23
SZKOŁA PODSTAWOWA NR 67 IM. WŁADYSŁAWA ŁOKIETKA W KRAKOWIE, UL. KACZORÓWKA, 31-264, KRAKÓW-KROWODRZA,19.9056364,50.1069438, 38.945454545454545, 983.3454545454545, 24.718181818181815,3.036363636363636,2.472727272727272, 2026-07-25 13:49:23
IV LICEUM OGÓLNOKSZTAŁCĄCE IM. HENRYKA SIENKIEWICZA W CZĘSTOCHOWIE, AL. ALEJA NAJŚWIĘTSZEJ MARYI PANNY, 42-217, CZĘSTOCHOWA,19.1090584,50.8125266, 40.2625, 979.85, 25.6625,3.4875,2.9375, 2026-07-25 13:49:23
PUBLICZNA KATOLICKA SZKOŁA PODSTAWOWA IM. ŚW. JOANNY BERETTY MOLLI W KRAKOWIE, UL. STELMACHÓW, 31-349, KRAKÓW-KROWODRZA,19.9043827,50.0953292, 43.25454545454546, 971.2545454545453, 23.5,2.690909090909091,2.436363636363636, 2026-07-25 13:49:23
SZKOŁA PODSTAWOWA NR 33 IM. M. KOWNACKIEJ W CZĘSTOCHOWIE, UL. SEWERYNA GOSZCZYŃSKIEGO, 42-217, CZĘSTOCHOWA,19.1097087,50.7990464, 41.0, 980.875, 27.0375,3.0875,2.55, 2026-07-25 13:49:23
SZKOŁA PODSTAWOWA IM.JANA KOCHANOWSKIEGO W CZARNYM LESIE, UL. SZKOLNA, 42-233, CZARNY LAS,19.0845102,50.8928973, 39.99090909090909, 983.1181818181817, 25.445454545454538,3.590909090909091,3.29090909090909, 2026-07-25 13:49:23
SZKOŁA PODSTAWOWA NR 49 IM. J.KUSOCIŃSKIEGO W CZĘSTOCHOWIE, UL. JESIENNA, 42-208, CZĘSTOCHOWA,19.146175,50.7703289, 54.1625, 979.4375, 21.575,4.5625,4.075, 2026-07-25 13:49:23
SZKOŁA PODSTAWOWA W SEWERYNOWIE, , 07-120, SEWERYNÓW,21.7538805,52.4131115, 49.15, 993.4666666666667, 25.333333333333332,2.333333333333333,1.933333333333333, 2026-07-25 13:49:23
SZKOŁA PODSTAWOWA IM. GEN.STANISŁAWA MACZKA W BOGUCHWALE, UL. TEODORA LUBOMIRSKIEGO, 36-040, BOGUCHWAŁA,21.9468603,49.9849727, 43.68, 985.28, 23.98,2.6599999999999997,2.389999999999999, 2026-07-25 13:49:23
SZKOŁA PODSTAWOWA IM. PROF. JANA SAJDAKA W BURZYNIE, , 33-170, BURZYN,21.0614367,49.8737482, 43.47272727272727, 983.0818181818181, 23.627272727272725,3.018181818181818,2.681818181818181, 2026-07-25 13:49:23
SZKOŁA PODSTAWOWA IM. KORNELA MAKUSZYŃSKIEGO W DĄBRÓWCE TUCHOWSKIEJ, , 33-170, DĄBRÓWKA TUCHOWSKA,21.0449769,49.8733226, 41.53636363636363, 986.3363636363637, 24.990909090909096,2.609090909090909,2.336363636363636, 2026-07-25 13:49:23
PUBLICZNA SZKOŁA PODSTAWOWA W BĄKOWEJ, , 27-310, BĄKOWA,21.462254,51.209968, 39.5, 989.4625, 25.425,1.9,1.5750000000000002, 2026-07-25 13:49:23
LICEUM OGÓLNOKSZTAŁCĄCE W PRZASNYSZU, UL. MAZOWIECKA, 06-300, PRZASNYSZ,20.894694468872185,53.02520296443298, 39.125, 995.0083333333333, 27.166666666666668,4.016666666666667,3.483333333333333, 2026-07-25 13:49:23
BRANŻOWA SZKOŁA I STOPNIA W PRZASNYSZU, UL. MAZOWIECKA, 06-300, PRZASNYSZ,20.870424368871877,53.01786487865621, 38.825, 994.6333333333333, 27.675,3.275,2.9916666666666663, 2026-07-25 13:49:23
TECHNIKUM W ZESPOLE SZKÓŁ POWIATOWYCH IM. MJRA HENRYKA SUCHARSKIEGO W PRZASNYSZU, UL. MAZOWIECKA, 06-300, PRZASNYSZ,20.87980154232724,53.01566507941117, 39.25833333333333, 994.6833333333334, 27.458333333333332,4.666666666666667,4.358333333333333, 2026-07-25 13:49:23
SZKOŁA PODSTAWOWA IM. FELIKSA NOWOWIEJSKIEGO W WYDMINACH, UL. GRUNWALDZKA, 11-510, WYDMINY,22.034963,53.9804304, 48.61666666666667, 991.4, 25.03333333333333,2.8249999999999997,2.533333333333333, 2026-07-25 13:49:23
TECHIKUM IM. JANA PAWŁA II W ŻARNOWCU, UL. KRAKOWSKA, 42-439, ŻARNOWIEC,19.8627098,50.4785469, 38.10909090909091, 976.9272727272728, 24.345454545454547,11.463636363636365,9.863636363636363, 2026-07-25 13:49:23
SZKOŁA PODSTAWOWA NR 3 IM. ŚW. MAKSYMILIANA MARII KOLBEGO W CHMIELNIKU, , 36-016, CHMIELNIK,22.153376,49.967673, 48.6, 981.7700000000001, 22.86,2.5700000000000003,2.219999999999999, 2026-07-25 13:49:23
SZKOŁA PODSTAWOWA Z ODDZIAŁAMI INTEGRACYJNYMI IM. JANA PAWŁA II W PANIÓWKACH, UL. ZWYCIĘSTWA, 44-177, PANIÓWKI,18.7807475,50.2326931, 44.60909090909091, 985.4454545454545, 24.927272727272726,5.245454545454546,4.709090909090909, 2026-07-25 13:49:23
SZKOŁA PODSTAWOWA IM. WITOLDA BUDRYKA W CHUDOWIE, UL. SZKOLNA, 44-177, CHUDÓW,18.7790318,50.2106591, 45.78333333333333, 981.525, 24.075,4.933333333333334,4.108333333333333, 2026-07-25 13:49:23
SZKOŁA PODSTAWOWA NR 12 IM. JÓZEFA JANIKA W MIKOŁOWIE, UL. SZKOLNA, 43-196, MIKOŁÓW,18.79996,50.1842309, 48.22727272727273, 978.1181818181817, 23.12727272727273,4.181818181818182,3.563636363636364, 2026-07-25 13:49:23
SZKOŁA PODSTAWOWA IM. ORŁA BIAŁEGO W WYKOWIE, , 18-500, WYKOWO,21.919300168509835,53.4743330561782, 58.98333333333333, 997.375, 23.675,4.658333333333333,4.3, 2026-07-25 13:49:23
SZKOŁA PODSTAWOWA IM. ŚW. JADWIGI KRÓLOWEJ W KAMIENIU PRUSINIE, , 36-053, KAMIEŃ,22.13142067,50.34420441, 40.25454545454546, 986.3909090909091, 26.345454545454547,2.072727272727272,1.754545454545454, 2026-07-25 13:49:23
SZKOŁA PODSTAWOWA W SKÓRCU, UL. SIEDLECKA, 08-114, SKÓRZEC,22.13605362,52.10761735, 47.51111111111111, 989.4666666666667, 23.61111111111111,2.177777777777778,1.8555555555555552, 2026-07-25 13:49:23
SZKOŁA PODSTAWOWA NR 3 IM. MARII KONOPNICKIEJ W ŁOCHOWIE, UL. 1 MAJA, 07-130, ŁOCHÓW,21.68182,52.5307, 52.458333333333336, 999.4083333333333, 25.125,1.65,1.383333333333333, 2026-07-25 13:49:23
SZKOŁA PODSTAWOWA IM.ŻOŁNIERZY II ARMII WOJSKA POLSKIEGO W ZESPOLE OŚWIATOWO-WYCHOWAWCZYM W BIAŁKACH , UL. DIAMENTOWA, 08-110, BIAŁKI,22.292238,52.131471, 43.176923076923075, 991.3461538461538, 26.26153846153846,1.546153846153846,1.546153846153846, 2026-07-25 13:49:23
SZKOŁA PODSTAWOWA W ZESPOLE OŚWIATOWYM IM. JANA PAWŁA II W STOKU LACKIM , UL. SIEDLECKA, 08-110, STOK LACKI,22.35006721,52.16135264, 45.47272727272727, 992.8272727272728, 24.2,2.481818181818182,2.199999999999999, 2026-07-25 13:49:23
SZKOŁA PODSTAWOWA IM. 18 DYWIZJI PIECHOTY ZIEMI ŁOMŻYŃSKIEJ W ANDRZEJEWIE, UL. WARSZAWSKA, 07-305, ANDRZEJEWO,22.19398993,52.82792464, 52.51818181818182, 994.4363636363636, 24.818181818181817,1.936363636363636,1.936363636363636, 2026-07-25 13:49:23
TECHNIKUM NR 8 W RZESZOWIE, UL. WINCENTEGO POLA, 35-021, RZESZÓW,21.98647117,50.02719923, 49.925000000000004, 989.375, 23.958333333333332,2.433333333333333,2.233333333333333, 2026-07-25 13:49:23
SZKOŁA PODSTAWOWA IM.JANA KOCHANOWSKIEGO W ŚWIDNIKU, , 34-606, ŚWIDNIK,20.5329659,49.5933178, 35.958333333333336, 967.975, 25.291666666666668,2.333333333333333,2.066666666666667, 2026-07-25 13:49:23
SZKOŁA PODSTAWOWA W ULATOWIE-ADAMACH, , 06-316, ULATOWO-ADAMY,20.9328136,53.1650883, 43.44166666666666, 993.7416666666667, 26.041666666666668,5.191666666666666,4.566666666666666, 2026-07-25 13:49:23
SZKOŁA PODSTAWOWA IM. ADAMA MICKIEWICZA W JAKSICACH, , 32-200, JAKSICE,20.010296,50.322967, 45.675, 979.45, 23.2875,3.8625,3.3375, 2026-07-25 13:49:23
SZKOŁA PODSTAWOWA IM. ŚW. KRÓLOWEJ JADWIGI W HERMANOWEJ, , 36-020, HERMANOWA,22.0188654,49.9417235, 39.95454545454545, 981.0545454545455, 26.154545454545453,1.918181818181818,1.636363636363636, 2026-07-25 13:49:23
PUBLICZNA SZKOŁA PODSTAWOWA IM. ŚW. KINGI W ŁĄKCIE DOLNEJ , , 32-733, ŁĄKTA DOLNA,20.399763,49.8388069, 36.199999999999996, 980.7454545454547, 24.727272727272727,1.981818181818182,1.718181818181818, 2026-07-25 13:49:23
SZKOŁA PODSTAWOWA IM. S. CZESŁAWY LOREK W BICZYCACH DOLNYCH, , 33-395, BICZYCE DOLNE,20.6443899,49.6312294, 46.28181818181818, 978.8090909090909, 24.063636363636363,3.181818181818181,2.809090909090909, 2026-07-25 13:49:23
OGÓLNOKSZTAŁCĄCE LICEUM AKADEMICKIE JEZUITÓW W NOWYM SĄCZU, UL. PIOTRA SKARGI, 33-300, NOWY SĄCZ,20.69132733,49.62662433, 47.41818181818182, 978.9090909090909, 23.5,7.018181818181818,6.590909090909091, 2026-07-25 13:49:23
TECHNIKUM NR 4 W NOWYM SĄCZU, UL. ŚW. DUCHA, 33-300, NOWY SĄCZ,20.69270978,49.62622093, 48.49090909090909, 978.7545454545453, 22.918181818181818,6.509090909090909,6.036363636363637, 2026-07-25 13:49:23
SZKOŁA PODSTAWOWA IM. JANA PAWŁA II - PAPIEŻA POLAKA W STARYM LUBOTYNIU, , 07-303, STARY LUBOTYŃ,21.9359049,52.932735, 51.21818181818182, 995.0181818181819, 26.05454545454546,2.481818181818182,2.081818181818182, 2026-07-25 13:49:23
SZKOŁA PODSTAWOWA NR 6 Z ODDZIAŁAMI INTEGRACYJNYMI IM. JANA PAWŁA II W ŁAZISKACH GÓRNYCH, UL. WYRSKA, 43-173, ŁAZISKA GÓRNE,18.8703811,50.1362116, 39.054545454545455, 976.5363636363636, 26.90909090909091,2.818181818181818,2.39090909090909, 2026-07-25 13:49:23
TECHNIKUM DLA MŁODZIEŻY TEB EDUKACJA W NOWYM SĄCZU, UL. RYNEK, 33-300, NOWY SĄCZ,20.6900064,49.62567283, 47.59090909090909, 977.6363636363636, 23.40909090909091,3.118181818181817,2.854545454545454, 2026-07-25 13:49:23
BRANŻOWA SZKOŁA I STOPNIA NR 2 W NOWYM SĄCZU, UL. KRÓLOWEJ JADWIGI, 33-300, NOWY SĄCZ,20.707689,49.613478, 48.372727272727275, 977.7727272727273, 23.009090909090908,4.363636363636363,4.190909090909091, 2026-07-25 13:49:23
SZKOŁA PODSTAWOWA W STRZEGOCINIE, , 06-150, STRZEGOCIN,20.84085873,52.68602636, 41.15, 992.425, 27.275,4.3,3.65, 2026-07-25 13:49:23
SZKOŁA PODSTAWOWA NR 15 IM. BOHATERÓW SĄDECCZYZNY W NOWYM SĄCZU, UL. 29 LISTOPADA, 33-300, NOWY SĄCZ,20.7136659,49.6028522, 41.78181818181818, 974.8909090909091, 24.672727272727272,3.118181818181817,2.836363636363636, 2026-07-25 13:49:23
SZKOŁA PODSTAWOWA NR 1 W WOLBROMIU, UL. MARIACKA, 32-340, WOLBROM,19.7584,50.37939, 52.554545454545455, 968.3818181818183, 21.854545454545455,3.463636363636364,3.027272727272727, 2026-07-25 13:49:23
SZKOŁA PODSTAWOWA NR 21 IM. KS. STANISŁAWA KONARSKIEGO W CZĘSTOCHOWIE, UL. SABINOWSKA, 42-202, CZĘSTOCHOWA,19.161529,50.8367999, 48.71111111111111, 981.2888888888889, 23.266666666666666,3.555555555555555,2.955555555555555, 2026-07-25 13:49:23
SZKOŁA PODSTAWOWA IM. K. PUŁASKIGO W RĘDZINACH OSIEDLU, UL. DZIAŁKOWICZÓW, 42-242, RĘDZINY,19.2114785,50.857508, 36.36363636363637, 978.9, 28.436363636363637,3.981818181818181,3.236363636363636, 2026-07-25 13:49:23
SZKOŁA PODSTAWOWA IM.TADEUSZA KOŚCIUSZKI W WIERZCHOWISKU, UL. DŁUGA, 42-233, WIERZCHOWISKO,19.1315281,50.87314, 44.72727272727273, 982.1818181818181, 24.181818181818183,3.436363636363636,2.845454545454545, 2026-07-25 13:49:23
SZKOŁA PODSTAWOWA NR 16 W GLIWICACH, UL. JANA KILIŃSKIEGO, 44-122, GLIWICE,18.6691473,50.2768393, 35.041666666666664, 1097.8, 28.349999999999998,2.9499999999999997,2.425, 2026-07-25 13:49:23
NIEPUBLICZNA SZKOŁA PODSTAWOWA W ZDROCHCU, , 33-273, ZDROCHEC,20.8284982,50.1390234, 40.625, 989.125, 24.65,2.15,2.15, 2026-07-25 13:49:23
SZKOŁA PODSTAWOWA W PIECNIKU, , 78-650, PIECNIK,16.2532907,53.3424311, 41.59090909090909, 990.9363636363636, 26.1,5.218181818181818,4.881818181818182, 2026-07-25 13:49:23
SZKOŁA PODSTAWOWA IM. JANA PAWŁA II W BIELICACH, UL. JANA PAWŁA II, 74-202, BIELICE,14.7260542,53.2035917, 40.61666666666667, 1003.0583333333334, 27.675,4.325,3.608333333333333, 2026-07-25 13:49:23
TECHNIKUM NR 5 W PILE, UL. GEN. SIKORSKIEGO, 64-920, PIŁA,16.7382266,53.1509671, 36.92727272727273, 999.2454545454547, 26.727272727272727,4.263636363636364,3.709090909090909, 2026-07-25 13:49:23
TECHNIKUM W BIELAWIE - ZESPÓŁ SZKÓŁ I PLACÓWEK KSZTAŁCENIA ZAWODOWEGO W BIELAWIE, UL. STEFANA ŻEROMSKIEGO, 58-260, BIELAWA,16.623803,50.691456, 29.633333333333336, 973.9666666666667, 29.891666666666666,2.8416666666666672,2.458333333333333, 2026-07-25 13:49:23
TECHNIKUM NR 1 W BOLESŁAWCU, UL. GÓRNE MŁYNY, 59-700, BOLESŁAWIEC,15.558936,51.263908, 38.445454545454545, 989.6363636363636, 25.672727272727272,4.345454545454545,3.918181818181818, 2026-07-25 13:49:23
TECHNIKUM NR 2 W BOLESŁAWCU, AL. TYSIĄCLECIA, 59-700, BOLESŁAWIEC,15.591082,51.261139, 31.541666666666668, 982.4833333333332, 26.28333333333333,3.233333333333333,2.85, 2026-07-25 13:49:23
SZKOŁA PODSTAWOWA IM.MARII KONOPNICKIEJ W KOSTOMŁOTACH, UL. WROCŁAWSKA, 55-311, KOSTOMŁOTY,16.6157528,51.0436096, 24.90833333333333, 988.7166666666667, 30.391666666666666,2.716666666666667,2.258333333333333, 2026-07-25 13:49:23
TECHNIKUM W POWIATOWYM ZESPOLE SZKÓŁ W CHOJNOWIE, UL. WINCENTEGO WITOSA, 59-225, CHOJNÓW,15.935802,51.272209, 33.858333333333334, 991.15, 25.75,3.6,3.074999999999999, 2026-07-25 13:49:23
SZKOŁA PODSTAWOWA NR 2 IM. STANISŁAWA MONIUSZKI W ORZESZU, UL. BUKOWINA, 43-180, ORZESZE,18.779395,50.14921, 41.93333333333333, 974.8666666666666, 27.166666666666668,2.677777777777778,2.2111111111111112, 2026-07-25 13:49:23
SZKOŁA PODSTAWOWA IM. A.SASIMOWSKIEGO W BOROWIU, UL. ALEKSANDRA SASIMOWSKIEGO, 08-412, BOROWIE,21.7676799,51.9488003, 36.81818181818182, 992.4818181818181, 26.91818181818182,1.9090909090909087,1.654545454545454, 2026-07-25 13:49:23
SZKOŁA PODSTAWOWA NR 3 IM.KPT.STANISŁAWA BETLEJA W KŁODZKU, UL. JANA PAWŁA II, 57-300, KŁODZKO,16.646804,50.437599, 36.49090909090909, 971.7454545454547, 25.945454545454538,2.636363636363636,2.309090909090909, 2026-07-25 13:49:23
SZKOŁA PODSTAWOWA IM. WŁADYSŁAWA STANISŁAWA REYMONTA W KŁODZKU, UL. ROMUALDA TRAUGUTTA, 57-300, KŁODZKO,16.65091495,50.43995998, 31.299999999999997, 967.5666666666667, 29.21111111111111,2.344444444444444,2.044444444444444, 2026-07-25 13:49:23
TECHNIKUM NR 2 W KŁODZKU, UL. SZKOLNA, 57-300, KŁODZKO,16.652629,50.433394, 29.65, 974.75, 29.9625,2.5125,2.1, 2026-07-25 13:49:23
SZKOŁA PODSTAWOWA IM. BOLESŁAWA CHROBREGO W NIEMCZY, UL. BOLESŁAWA CHROBREGO, 58-230, NIEMCZA,16.86538691,50.90346585, 32.85, 982.0333333333333, 25.825,3.8416666666666672,3.383333333333333, 2026-07-25 13:49:23
PUBLICZNA SZKOŁA PODSTAWOWA IM. MARII KONOPNICKIEJ W ZIELENICACH, , 57-160, ZIELENICE,16.986569,50.826304, 25.942857142857143, 988.5285714285714, 30.5,2.842857142857142,2.457142857142857, 2026-07-25 13:49:23
SZKOŁA PODSTAWOWA SPECJALNA W STRZELINIE, UL. ZĄBKOWICKA, 57-100, STRZELIN,17.060713,50.777638, 31.758333333333336, 991.4, 26.7,2.516666666666666,2.258333333333333, 2026-07-25 13:49:23
SZKOŁA PODSTAWOWA IM. ORŁA BIAŁEGO W KAMIENIU WIELKIM, UL. KOŚCIELNA, 66-460, KAMIEŃ WIELKI,14.77442,52.663653, 36.90833333333333, 1002.3083333333334, 25.65833333333333,4.375,4.108333333333333, 2026-07-25 13:49:23
SZKOŁA PODSTAWOWA IM. JANA PAWŁA II W REDLE, , 78-320, REDŁO,15.96850893241895,53.77690300578236, 48.25833333333333, 997.6583333333333, 26.075,5.408333333333334,4.524999999999999, 2026-07-25 13:49:23
SZKOŁA PODSTAWOWA W KARWINIE IMIENIA MACIEJA RATAJA W KARWINIE, , 78-230, KARWIN,15.763897,53.99116, 64.95, 1005.375, 23.5375,4.525,4.3125, 2026-07-25 13:49:23
SZKOŁA PODSTAWOWA IM. JANA PAWŁA II W STRĄCZNIE, , 78-642, STRĄCZNO,16.3787738,53.2408346, 40.416666666666664, 992.275, 26.933333333333334,3.883333333333333,3.425, 2026-07-25 13:49:23
SZKOŁA PODSTAWOWA IM. MIKOŁAJA KOPERNIKA W MĘCINCE, , 59-424, MĘCINKA,16.100094,51.071955, 36.875, 982.6916666666666, 26.291666666666668,3.391666666666667,2.9666666666666672, 2026-07-25 13:49:23
SZKOŁA PODSTAWOWA IM. KAROLA WOJTYŁY W OSIEKU, , 55-200, OSIEK,17.29271,50.88261, 33.00909090909091, 991.5636363636364, 26.11818181818182,3.854545454545454,3.327272727272727, 2026-07-25 13:49:23
LICEUM OGÓLNOKSZTAŁCĄCE IM. HENRYKA BRODATEGO W LWÓWKU ŚLĄSKIM, UL. HENRYKA BRODATEGO, 59-600, LWÓWEK ŚLĄSKI,15.584555,51.108168, 36.74545454545454, 984.5454545454545, 25.954545454545453,3.5,3.0, 2026-07-25 13:49:23
SZKOŁA PODSTAWOWA W GORZANOWIE, UL. KŁODZKA, 57-521, GORZANÓW,16.630405,50.353982, 43.300000000000004, 972.4363636363636, 24.50909090909091,4.172727272727273,3.609090909090909, 2026-07-25 13:49:23
TECHNIKUM IM. STANISŁAWA MIKOŁAJCZYKA W WĄGROWCU, UL. KCYŃSKA, 62-100, WĄGROWIEC,17.19966,52.80848, 38.5, 997.6750000000001, 25.8,5.125,4.325, 2026-07-25 13:49:23
SZKOŁA PODSTAWOWA IM. ORLĄT LWOWSKICH I BOHATERÓW 37 PUŁKU PIECHOTY 7 DYWIZJI II ARMII WOJSKA POLSKIEGO W RUSZOWIE, UL. ZGORZELECKA, 59-950, RUSZÓW,15.1783741,51.4018245, 30.741666666666664, 989.85, 26.0,3.508333333333333,2.983333333333333, 2026-07-25 13:49:23
SZKOŁA PODSTAWOWA IM.ADAMA MICKIEWICZA W WIERZBNIE, , 55-216, WIERZBNO,17.17937,50.93435, 31.71666666666667, 991.875, 26.90833333333333,2.758333333333333,2.4916666666666663, 2026-07-25 13:49:23
TECHNIKUM NR 2 W WĄGROWCU, UL. KOŚCIUSZKI, 62-100, WĄGROWIEC,17.2161963,52.8053339, 39.43333333333333, 997.6, 27.15833333333333,4.35,3.641666666666667, 2026-07-25 13:49:23
SZKOŁA PODSTAWOWA IM. KORNELA MAKUSZYNSKIEGO W BIELAWACH, , 67-112, BIELAWY,19.6561329,52.0617142, 33.56363636363636, 999.4363636363636, 27.281818181818185,4.327272727272727,3.827272727272727, 2026-07-25 13:49:23
LICEUM OGÓLNOKSZTAŁCĄCE IM. JAROSŁAWA DĄBROWSKIEGO W MIĘDZYCHODZIE, UL. GENERAŁA SIKORSKIEGO, 64-400, MIĘDZYCHÓD,15.909179,52.606012, 36.733333333333334, 1003.0583333333334, 26.816666666666666,4.066666666666666,4.05, 2026-07-25 13:49:23
SZKOŁA PODSTAWOWA Z ODDZIAŁAMI DWUJĘZYCZNYMI IM. A I WŁ. NIEGOLEWSKICH W OPALENICY, UL. POZNAŃSKA, 64-330, OPALENICA,16.41751442883519,52.30940693118218, 35.627272727272725, 998.6363636363636, 26.38181818181818,9.19090909090909,9.1, 2026-07-25 13:49:23
SZKOŁA PODSTAWOWA W DONABOROWIE, , 63-604, DONABORÓW,18.0613714,51.2706662, 32.276923076923076, 989.5384615384615, 28.069230769230767,3.138461538461538,3.138461538461538, 2026-07-25 13:49:23
PUBLICZNA SZKOŁA PODSTAWOWA NR 17 IM.MARII KONOPNICKIEJ W WAŁBRZYCHU, UL. 1 MAJA, 58-305, WAŁBRZYCH,16.248929600000004,50.76470787264967, 35.34166666666667, 958.4666666666667, 26.275000000000002,6.274999999999999,5.466666666666666, 2026-07-25 13:49:23
SZKOŁA PODSTAWOWA IM. HENRYKA SIENKIEWICZA W ROZTOCE, UL. JANA PAWŁA II, 58-170, ROZTOKA,16.227611,50.959292, 27.9, 980.6555555555556, 31.15555555555555,3.577777777777778,3.111111111111111, 2026-07-25 13:49:23
SZKOŁA PODSTAWOWA IM. ŚWIĘTEJ JADWIGI ŚLĄSKIEJ W KUNICACH, UL. STAROPOLSKA, 59-216, KUNICE,16.247988,51.223828, 21.536363636363635, 993.9545454545455, 32.13636363636363,3.0,2.5727272727272723, 2026-07-25 13:49:23
PUBLICZNA SZKOŁA PODSTAWOWA NR 30 IM. ARMII KRAJOWEJ W WAŁBRZYCHU, UL. TYTUSA CHAŁUBIŃSKIEGO, 58-302, WAŁBRZYCH,16.2785288,50.7886076, 36.55, 954.7625, 27.0375,3.575,3.1, 2026-07-25 13:49:23
PUBLICZNA SZKOŁA PODSTAWOWA NR 22 IM. GWARKÓW DOLNOŚLĄSKICH W WAŁBRZYCHU, UL. 11 LISTOPADA, 58-302, WAŁBRZYCH,16.2968909,50.7787007, 37.78888888888889, 959.8333333333334, 26.333333333333332,3.4666666666666672,2.9, 2026-07-25 13:49:23
BRANŻOWA SZKOŁA I STOPNIA W ZŁOTORYI, UL. STANISŁAWA STASZICA, 59-500, ZŁOTORYJA,15.9213852,51.1259316, 33.675, 981.2666666666668, 26.541666666666668,3.266666666666667,2.8666666666666663, 2026-07-25 13:49:23
SZKOŁA PODSTAWOWA IM. JANA BRZECHWY W DOBROMIERZU, UL. PODGÓRNA, 58-170, DOBROMIERZ,16.2329721,50.9099086, 34.93333333333333, 970.6222222222223, 25.244444444444444,2.822222222222222,2.433333333333333, 2026-07-25 13:49:23
SZKOŁA PODSTAWOWA W WITOSZYCACH, , 56-200, WITOSZYCE,16.5154353,51.7433015, 38.127272727272725, 997.8272727272728, 26.05454545454546,3.89090909090909,3.472727272727273, 2026-07-25 13:49:23
PUBLICZNA SZKOŁA PODSTAWOWA W BIAŁYM KOŚCIELE, UL. KAMIENNA, 57-100, BIAŁY KOŚCIÓŁ,17.041226711089568,50.73048375535701, 24.88181818181818, 985.2727272727273, 30.40909090909091,1.509090909090909,1.309090909090909, 2026-07-25 13:49:23
SZKOŁA PODSTAWOWA IM.JANUSZA KORCZAKA W GNIEWKOWIE, , 58-173, GNIEWKÓW,16.223964,50.994542, 28.572727272727274, 983.2909090909092, 30.05454545454546,2.436363636363636,2.090909090909091, 2026-07-25 13:49:23
SZKOŁA PODSTAWOWA IM. ADAMA MICKIEWICZA W UJKOWICACH, , 37-713, UJKOWICE,22.7221522,49.8381351, 52.9, 980.2, 22.9,1.7000000000000002,1.7000000000000002, 2026-07-25 13:49:23
SZKOŁA PODSTAWOWA IM. ŚWIĘTEGO MIKOŁAJA W PASTUCHOWIE, UL. WYZWOLENIA, 58-115, PASTUCHÓW,16.437169,50.949092, 31.53333333333333, 986.6750000000001, 27.191666666666666,3.208333333333333,2.933333333333333, 2026-07-25 13:49:23
SZKOŁA PODSTAWOWA IM. ORŁA BIAŁEGO W MARSZOWICACH, , 32-420, MARSZOWICE,20.2362141,49.9174139, 35.357142857142854, 984.157142857143, 25.271428571428572,3.071428571428571,2.742857142857143, 2026-07-25 13:49:23
SZKOŁA PODSTAWOWA NR 5 IM. JANA BRZECHWY Z JĘZYKIEM MNIEJSZOŚCI NIEMIECKIEJ W RACIBORZU, UL. BOJANOWSKA, 47-400, RACIBÓRZ,18.19379,50.06758, 33.86666666666667, 986.3833333333333, 27.758333333333336,3.533333333333333,3.091666666666667, 2026-07-25 13:49:23
SZKOŁA PODSTAWOWA IM.ŚW. JANA DE LA SALLE W CZĘSTOCHOWIE, UL. GEN. KAZIMIERZA PUŁASKIEGO, 42-217, CZĘSTOCHOWA,19.1029461,50.8039173, 46.455555555555556, 979.5888888888888, 23.799999999999997,3.266666666666666,2.766666666666666, 2026-07-25 13:49:23
SZKOŁA PODSTAWOWA NR 2 IM. TADEUSZA KOŚCIUSZKI W WIELICZCE, UL. STANISŁAWA MONIUSZKI, 32-020, WIELICZKA,20.059786,49.98544, 38.08181818181818, 986.9181818181819, 28.6,1.281818181818181,1.009090909090909, 2026-07-25 13:49:23
SZKOŁA PODSTAWOWA NR 28 IM. LUBUSKICH RODZIN KATYŃSKICH W ZESPOLE EDUKACYJNYM NR 8 W ZIELONEJ GÓRZE, UL. ZAWADA-SZKOLNA, 66-001, ZIELONA GÓRA,15.5568495,51.992893, 29.672727272727272, 1000.6454545454545, 30.527272727272727,4.163636363636363,3.454545454545454, 2026-07-25 13:49:23
PUBLICZNA SZKOŁA PODSTAWOWA W CISIU, UL. CISIAŃSKA, 42-290, CISIE,21.3837731,52.2123551, 35.083333333333336, 978.1916666666666, 28.116666666666664,2.983333333333333,2.8, 2026-07-25 13:49:23
SZKOŁA PODSTAWOWA SPECJALNA NR 2 W SPECJALNYM OŚRODKU SZKOLNO-WYCHOWAWCZYM IM. POLSKICH OLIMPIJCZYKÓW W WARLUBIU, UL. SZKOLNA, 86-160, WARLUBIE,18.6275983,53.5896901, 48.56666666666666, 998.6583333333333, 23.633333333333336,7.5,6.375, 2026-07-25 13:49:23
SZKOŁA PODSTAWOWA NR 3 IM. BOHATERÓW MONTE CASSINO W ZABRZU, UL. RTM. WITOLDA PILECKIEGO, 41-800, ZABRZE,18.791714,50.296268, 38.75555555555556, 979.6222222222223, 26.233333333333334,3.433333333333333,2.8666666666666663, 2026-07-25 13:49:23
LICEUM OGÓLNOKSZTAŁCĄCE Z ODDZIAŁAMI DWUJĘZYCZNYMI IM. BOLESŁAWA CHROBREGO W BIELAWIE, UL. SZKOLNA, 58-260, BIELAWA,16.612986,50.683073, 33.79090909090909, 971.7727272727273, 26.672727272727272,1.654545454545454,1.381818181818181, 2026-07-25 13:49:23
SZKOŁA PODSTAWOWA IM. LANCKOROŃSKICH W ZAKLICZYNIE, UL. JACKA MALCZEWSKIEGO, 32-840, ZAKLICZYN,20.816176,49.855242, 38.42307692307692, 984.8230769230769, 24.523076923076925,2.9,2.5307692307692298, 2026-07-25 13:49:23
LICEUM OGÓLNOKSZTAŁCĄCE IM. HENRYKA SIENKIEWICZA W NOWEJ RUDZIE, OS. PIASTOWSKIE, 57-400, NOWA RUDA,16.49718392,50.58148236, 36.88181818181818, 964.9727272727273, 26.29090909090909,2.245454545454545,1.927272727272727, 2026-07-25 13:49:23
SZKOŁA PODSTAWOWA IM.STEFANA ŻEROMSKIEGO W TRZCIŃSKU-ZDROJU, UL. 2 LUTEGO, 74-510, TRZCIŃSKO-ZDRÓJ,14.607718,52.966893, 41.425000000000004, 999.65, 24.675,5.641666666666668,4.908333333333333, 2026-07-25 13:49:23
BRANŻOWA SZKOŁA I STOPNIA NR 4 W SZCZECINIE, UL. GEN. JÓZEFA SOWIŃSKIEGO, 70-236, SZCZECIN,14.539421,53.418348, 44.59090909090909, 1002.9272727272728, 24.472727272727273,4.854545454545454,4.163636363636363, 2026-07-25 13:49:23
SZKOŁA PODSTAWOWA IM. JANUSZA KORCZAKA W BIEDRZYCHOWICACH, , 59-830, BIEDRZYCHOWICE,15.3794474,51.0398464, 27.05454545454546, 969.2363636363636, 30.545454545454547,2.772727272727273,2.381818181818182, 2026-07-25 13:49:23
ZESPÓŁ SZKOLNO-PRZEDSZKOLNY-SZKOŁA PODSTAWOWA IM. MARSZAŁKA JÓZEFA PIŁSUDSKIEGO W ZAGÓRZU, , 32-005, ZAGÓRZE,20.189108999999995,49.99264019216482, 32.24545454545454, 984.8636363636364, 27.827272727272728,2.481818181818182,2.254545454545454, 2026-07-25 13:49:23
SZKOŁA PODSTAWOWA IM. MIKOŁAJA KOPERNIKA W PSZENNIE, UL. WROCŁAWSKA, 58-125, PSZENNO,16.5392403,50.8557823, 37.9, 983.6999999999999, 27.09166666666667,3.233333333333333,2.816666666666666, 2026-07-25 13:49:23
SZKOŁA PODSTAWOWA IM. OJCA ŚWIĘTEGO JANA PAWAŁA II W MIETKOWIE, UL. KOLEJOWA, 55-081, MIETKÓW,16.653863,50.979778, 28.62857142857143, 990.7142857142857, 28.114285714285717,3.542857142857143,3.157142857142857, 2026-07-25 13:49:23
SZKOŁA PODSTAWOWA IM. MARII KONOPNICKIEJ W UJEŹDŹCU WIELKIM, , 55-100, UJEŹDZIEC WIELKI,17.092104,51.415639, 45.336363636363636, 998.4, 26.154545454545453,5.381818181818182,4.545454545454546, 2026-07-25 13:49:23
SZKOŁA PODSTAWOWA IM. ŚW. JANA BOSKOW KARCZYCACH, , 55-311, KARCZYCE,16.7424417,51.102343, 35.375, 991.9, 26.6375,3.35,2.95, 2026-07-25 13:49:23
TECHNIKUM NR 5 W WAŁBRZYCHU, AL. WYZWOLENIA, 58-300, WAŁBRZYCH,16.2784203,50.770552, 39.34444444444445, 959.8777777777777, 23.811111111111114,3.744444444444445,3.2111111111111112, 2026-07-25 13:49:23
LICEUM OGÓLNOKSZTAŁCĄCE Z ODDZIAŁAMI INTEGRACYJNYMI NR XXX WE WROCŁAWIU, UL. NOWODWORSKA, 54-438, WROCŁAW-FABRYCZNA,16.9556769,51.1153119, 32.39090909090909, 994.0636363636364, 26.027272727272727,3.181818181818181,2.818181818181818, 2026-07-25 13:49:23
SZKOŁA PODSTAWOWA NR 10 IM. MIKOŁAJA KOPERNIKA W GŁOGOWIE, UL. ANDROMEDY, 67-200, GŁOGÓW,16.0628868,51.6534984, 31.23, 973.2700000000001, 29.860000000000003,3.329999999999999,2.91, 2026-07-25 13:49:23
SZKOŁA PODSTAWOWA NR 2 IM. TADEUSZA KOŚCIUSZKI W PROCHOWICACH, UL. KOŚCIUSZKI, 59-230, PROCHOWICE,16.364947,51.280383, 23.583333333333332, 996.3166666666666, 30.083333333333332,3.391666666666667,2.833333333333333, 2026-07-25 13:49:23
TECHNIKUM KSZTAŁTOWANIA ŚRODOWISKA W SZCZECINIE, UL. PORTOWA, 70-833, SZCZECIN,14.669609,53.399056, 47.95454545454545, 1006.1727272727272, 24.018181818181816,4.572727272727272,4.009090909090909, 2026-07-25 13:49:23
SPECJALNA PRZYSZPITALNA NIEPUBLICZNA SZKOŁA PODSTAWOWA PRZY SUDECKIM CENTRUM ZDROWIA W PIESZYCACH, UL. KSIĘDZA EMILA PAGACZA, 58-250, PIESZYCE,16.58036735,50.71553783, 32.00909090909091, 973.0727272727272, 28.327272727272728,2.772727272727273,2.527272727272727, 2026-07-25 13:49:23
SZKOŁA PODSTAWOWA IM. NOBLISTÓW POLSKICH W BRZEZIEJ ŁĄCE, UL. SZKOLNA, 55-093, BRZEZIA ŁĄKA,17.2485849,51.12506, 32.58181818181818, 995.6272727272727, 27.854545454545452,3.245454545454545,2.881818181818182, 2026-07-25 13:49:23
PUBLICZNA SZKOŁA PODSTAWOWA W LATOSZYNIE, , 39-200, LATOSZYN,21.38439,50.02607, 30.063636363636363, 984.9818181818181, 29.91818181818182,2.6999999999999997,2.6999999999999997, 2026-07-25 13:49:23
PUBLICZNA SZKOŁA PODSTAWOWA IM. JANA PAWŁA II W BRZEŹNICY, UL. SZKOLNA, 39-207, BRZEŹNICA,21.485064,50.103691, 36.65833333333333, 988.7416666666667, 25.666666666666668,3.058333333333333,2.6, 2026-07-25 13:49:23
SZKOŁA PODSTAWOWA W WOLI WIELKIEJ, , 39-218, WOLA WIELKA,21.342836,50.08146, 41.457142857142856, 987.0714285714286, 23.685714285714287,3.6,3.014285714285714, 2026-07-25 13:49:23
SZKOŁA PODSTAWOWA Z ODDZIAŁAMI INTEGRACYJNYMI NR 105 IM. LUDWIKI WAWRZYŃSKIEJ W KRAKOWIE, OS. OSIEDLE SŁONECZNE, 31-958, KRAKÓW-NOWA HUTA,20.042014,50.078466, 40.5, 987.0181818181819, 23.527272727272727,3.163636363636363,2.5727272727272723, 2026-07-25 13:49:23
NIEPUBLICZNE LICEUM OGÓLNOKSZTAŁCĄCE W BIELAWIE, UL. WOLNOŚCI, 58-260, BIELAWA,16.6516018,50.7381464, 32.525, 973.8416666666667, 27.0,3.166666666666666,2.666666666666666, 2026-07-25 13:49:23
TECHNIKUM W MOŃKACH, UL. SZKOLNA, 19-100, MOŃKI,22.793105,53.401592, 42.61818181818182, 988.3181818181819, 26.172727272727272,2.336363636363636,2.109090909090909, 2026-07-25 13:49:23
LICEUM OGÓLNOKSZTAŁCĄCE IM. CYPRIANA KAMILA NORWIDA W MOŃKACH, UL. TYSIĄCLECIA, 19-100, MOŃKI,22.804277,53.404480516, 53.127272727272725, 991.7636363636364, 23.20909090909091,3.027272727272727,2.854545454545454, 2026-07-25 13:49:23
I LICEUM OGÓLNOKSZTAŁCĄCE IM. BARTOSZA GŁOWACKIEGO W TOMASZOWIE LUBELSKIM, UL. WYSPIAŃSKIEGO, 22-600, TOMASZÓW LUBELSKI,23.41242,50.4428399, 70.4, 977.0615384615384, 20.646153846153844,3.446153846153846,3.053846153846154, 2026-07-25 13:49:23
SZKOŁA PODSTAWOWA SPECJALNA W GRÓJCU SZKOŁA FILIALNA W NOWEJ WSI, , 05-660, NOWA WIEŚ,21.077920671164595,51.80929451943448, 46.45454545454545, 993.0545454545455, 24.2,3.227272727272727,2.663636363636363, 2026-07-25 13:49:23
PUBLICZNA SZKOŁA PODSTAWOWA IM. HENRYKA SIENKIEWICZA W BIERWCACH, , 26-660, BIERWCE,21.1684745,51.5663509, 43.82, 991.4799999999999, 26.1,2.66,2.2, 2026-07-25 13:49:23
I LICEUM OGÓLNOKSZTAŁCĄCE IM. MARCINA WADOWITY W WADOWICACH, UL. MICKIEWICZA, 34-100, WADOWICE,19.48966,49.883822, 51.144444444444446, 978.8333333333334, 23.077777777777776,2.422222222222222,1.966666666666666, 2026-07-25 13:49:23
SZKOŁA PODSTAWOWA W DOBRZYNIEWIE DUŻYM, UL. SZKOLNA, 16-002, DOBRZYNIEWO DUŻE,23.0111979,53.1993434, 45.981818181818184, 992.8909090909091, 25.972727272727273,3.136363636363636,2.545454545454545, 2026-07-25 13:49:23
SZKOŁA PODSTAWOWA IM. JÓZEFA PIŁSUDSKIEGO W WOLI ZACHARIASZOWSKIEJ, UL. ŚWIĘTEGO FLORIANA, 32-087, WOLA ZACHARIASZOWSKA,19.932638999999995,50.1505174316246, 49.7, 977.0200000000001, 23.759999999999998,3.18,2.71, 2026-07-25 13:49:23
NIEPUBLICZNA SZKOŁA PODSTAWOWA IM. LEONARDA DA VINCI W SUŁKOWICACH, SUŁKOWICE, 32-095, SUŁKOWICE,19.9266258,50.2316951, 50.25, 976.0083333333333, 22.733333333333334,3.016666666666667,2.716666666666667, 2026-07-25 13:49:23
SZKOŁA PODSTAWOWA IM. TADEUSZA KOŚCIUSZKI W RACŁAWICACH, , 32-222, RACŁAWICE,20.2357084,50.3240018, 35.675000000000004, 979.0916666666667, 27.041666666666668,3.35,2.833333333333333, 2026-07-25 13:49:23
SZKOŁA PODSTAWOWA IM.STULECIA ODZYSKANIA NIEPODLEGŁOŚCI POLSKI W MINODZE, , 32-043, MINOGA,19.9006661,50.2420125, 38.75833333333333, 972.9499999999999, 24.5,2.9666666666666672,2.4916666666666663, 2026-07-25 13:49:23
SZKOŁA PODSTAWOWA NR 3 IM. FLAGI POLSKI W LIBIĄŻU, UL. ŚWIĘTEJ BARBARY, 32-590, LIBIĄŻ,19.3156774,50.1037928, 44.73636363636364, 976.2363636363636, 25.063636363636363,2.6999999999999997,2.236363636363636, 2026-07-25 13:49:23
SZKOŁA PODSTAWOWA IM. ŚW.KRÓLOWEJ JADWIGI W JERZMANOWICACH, UL. SZKOLNA, 32-048, JERZMANOWICE,19.7463992,50.2118918, 40.4, 963.4090909090909, 24.563636363636363,2.981818181818181,2.709090909090909, 2026-07-25 13:49:23
SZKOŁA PODSTAWOWA W GROMCU, UL. HUSARSKA, 32-590, GROMIEC,19.2846434,50.0550119, 47.26363636363636, 988.1454545454545, 23.4,2.409090909090909,1.981818181818182, 2026-07-25 13:49:23
TECHNIKUM W GIEBUŁTOWIE W ZESPOLE SZKÓŁ PONADPODSTAWOWYCH IM. WINCENTEGO WITOSA W GIEBUŁTOWIE, OS. SZKOLNE, 32-085, GIEBUŁTÓW,19.8869657,50.1393595, 34.93636363636364, 976.6272727272727, 26.645454545454548,2.590909090909091,2.181818181818181, 2026-07-25 13:49:23
ZESPÓŁ SZKOLNO-PRZEDSZKOLNY INTEGRACYJNY NR 1 W OLKUSZU - SZKOŁA PODSTAWOWA NR 2 Z ODDZIAŁAMI INTEGRACYJNYMI IM. J.IWASZKIEWICZA W OLKUSZU, UL. JANA KOCHANOWSKIEGO, 32-305, OLKUSZ,19.5656869,50.2813157, 40.125, 965.4166666666666, 23.974999999999998,3.675,3.133333333333333, 2026-07-25 13:49:23
II LICEUM OGÓLNOKSZTAŁCĄCE IM. ZIEMI OLKUSKIEJ W OLKUSZU, UL. STEFANA ŻEROMSKIEGO, 32-305, OLKUSZ,19.5635115,50.2659999, 42.45454545454545, 963.7909090909092, 24.481818181818184,3.336363636363636,2.845454545454545, 2026-07-25 13:49:23
SZKOŁA PODSTAWOWA IM. ŚW. JADWIGI KRÓLOWEJ W PIENIĄŻKOWICACH ZE SZKOŁĄ PODSTAWOWĄ FILIALNĄ W DZIALE, , 34-408, PIENIĄŻKOWICE,19.878498,49.4941093, 35.699999999999996, 938.3416666666667, 25.066666666666666,2.3,2.025, 2026-07-25 13:49:23
SZKOŁA PODSTAWOWA W BIEDRZYCHOWICACH, , 48-250, BIEDRZYCHOWICE,17.938484,50.3371949, 26.89090909090909, 986.6, 29.00909090909091,2.7636363636363632,2.563636363636363, 2026-07-25 13:49:23
I LICEUM OGÓLNOKSZTAŁCĄCE IM. SEWERYNA GOSZCZYŃSKIEGO W ZESPOLE SZKÓŁ OGÓLNOKSZTAŁCĄCYCH NR 1 W NOWYM TARGU, PL. ZYGMUNTA KRASIŃSKIEGO, 34-400, NOWY TARG,20.034732,49.4837969, 53.375, 946.1, 19.675,2.45,2.35, 2026-07-25 13:49:23
SZKOŁA PODSTAWOWA W GROMOTACH, , 14-204, GROMOTY,19.7000004,53.5982637, 45.5, 995.3916666666668, 24.941666666666666,5.616666666666667,4.875, 2026-07-25 13:49:23
SZKOŁA PODSTAWOWA IM. MICHAŁA LENGOWSKIEGO W RUDZIENICACH, UL. SZKOLNA, 14-204, RUDZIENICE,19.6657758,53.62897, 49.324999999999996, 995.025, 23.71666666666667,7.2,6.3, 2026-07-25 13:49:23
SZKOŁA PODSTAWOWA IM. TWÓRCÓW LITERATURY DZIECIĘCEJ W ZĄBROWIE, UL. SZKOLNA, 14-241, ZĄBROWO,19.4557253,53.6364963, 48.472727272727276, 996.5545454545455, 24.49090909090909,6.054545454545454,5.636363636363637, 2026-07-25 13:49:23
SZKOŁA PODSTAWOWA IM. MJR HENRYKA DOBRZAŃSKIEGO HUBALA W GAŁDOWIE, , 14-241, GAŁDOWO,19.4021385,53.6236254, 48.39, 996.61, 23.35,5.11,4.85, 2026-07-25 13:49:23
SZKOŁA PODSTAWOWA W LASECZNIE, , 14-202, LASECZNO,19.4356095,53.5982722, 45.836363636363636, 995.4727272727273, 24.981818181818184,5.045454545454546,4.518181818181818, 2026-07-25 13:49:23
SZKOŁA PODSTAWOWA IM. JANA PAWŁA II W WIKIELCU, , 14-200, WIKIELEC,19.5189377,53.5801618, 47.209090909090904, 996.5727272727272, 25.41818181818182,4.509090909090909,4.218181818181818, 2026-07-25 13:49:23
SZKOŁA PODSTAWOWA W SYBERII, , 09-303, SYBERIA,19.7116392,53.0866545, 56.08181818181818, 995.4363636363636, 25.627272727272725,3.418181818181818,2.981818181818181, 2026-07-25 13:49:23
SZKOŁA PODSTAWOWA W BĘDZYMINIE, UL. GŁÓWNA, 09-300, BĘDZYMIN,19.8252916,53.0500375, 43.11666666666667, 992.7583333333333, 25.650000000000002,4.125,3.4916666666666663, 2026-07-25 13:49:23
SZKOŁA PODSTAWOWA IM.KRZYSZTOFA KAMILA BACZYŃSKIEGO W LIPOWEJ, UL. JANA PAWŁA II, 34-324, LIPOWA,19.0737787,49.6985065, 38.3625, 956.1125000000001, 25.9875,1.7875,1.7875, 2026-07-25 13:49:23
SZKOŁA PODSTAWOWA NR 2 IM. STEFANA ŻEROMSKIEGO W BRENNEJ, UL. BUKOWA, 43-438, BRENNA,18.9436714,49.7184394, 36.291666666666664, 958.8833333333333, 26.55,2.116666666666666,1.7666666666666662, 2026-07-25 13:49:23
SZKOŁA PODSTAWOWA W RUDZICY, , 43-394, RUDZICA,18.9050456,49.849154, 43.21666666666667, 972.5166666666668, 25.34166666666667,2.858333333333333,2.3666666666666663, 2026-07-25 13:49:23
SZKOŁA PODSTAWOWA NR 3 IM. ZOFII KOSSAK-SZCZUCKIEJ W LIGOCIE, UL. BORY, 43-518, LIGOTA,18.97068,49.89997, 41.33, 982.9, 24.15,2.44,2.44, 2026-07-25 13:49:23
SZKOŁA PODSTAWOWA IM. ADAMA MICKIEWICZA W KOBIELICACH, UL. TOPOLOWA, 43-262, KOBIELICE,18.8580059,50.0122572, 39.391666666666666, 980.1999999999999, 26.441666666666666,3.175,2.633333333333333, 2026-07-25 13:49:23
SZKOŁA PODSTAWOWA NR 5 W WIŚLE, UL. JAWORNIK, 43-460, WISŁA,18.8272309,49.657376, 35.43333333333333, 959.8416666666667, 26.349999999999998,1.858333333333333,1.5750000000000002, 2026-07-25 13:49:23
SZKOŁA PODSTAWOWA NR 11 Z ODDZIAŁAMI INTEGRACYJNYMI IM. KORNELA MAKUSZYŃSKIEGO W BIAŁYMSTOKU, UL. POLESKA, 15-476, BIAŁYSTOK,23.1618347,53.1421672, 48.10909090909092, 994.1818181818181, 24.172727272727272,2.0,1.672727272727272, 2026-07-25 13:49:23
SZKOŁA PODSTAWOWA W BABKACH OLECKICH, , 19-400, BABKI OLECKIE,22.50398,54.086, 55.78181818181818, 990.1, 24.5,2.6545454545454543,2.4, 2026-07-25 13:49:23
TECHNIKUM NR 5 W RZESZOWIE, UL. KLEMENTYNY HOFFMANOWEJ, 35-016, RZESZÓW,21.9939611,50.0340048, 48.455555555555556, 987.6444444444446, 25.37777777777778,1.955555555555555,1.955555555555555, 2026-07-25 13:49:23
SZKOŁA PODSTAWOWA NR 26 W RZESZOWIE, UL. JAROSŁAWA DĄBROWSKIEGO, 35-036, RZESZÓW,21.980829,50.0223419, 39.99090909090909, 985.7181818181817, 26.036363636363635,2.390909090909091,2.072727272727272, 2026-07-25 13:49:23
ZESPÓŁ SZKÓŁ NR4-SZKOŁA PODSTAWOWA W SOPOTNI WIELKIEJ, , 34-340, SOPOTNIA WIELKA,19.2960436,49.5925166, 71.86363636363636, 1100.0, -40.0,4.745454545454546,3.963636363636364, 2026-07-25 13:49:23
SZKOŁA PODSTAWOWA W PRZYBĘDZY, UL. 3 MAJA, 34-381, PRZYBĘDZA,19.1251165,49.6305149, 42.43636363636364, 956.8454545454545, 22.936363636363637,3.136363636363636,2.872727272727273, 2026-07-25 13:49:23
SZKOŁA PODSTAWOWA IM. KS.JANA TWARDOWSKIEGO W SIENNEJ, UL. ŚWIĘTEJ JADWIGI ŚLĄSKIEJ, 34-300, SIENNA,19.1480477,49.6766991, 38.90909090909091, 963.4727272727273, 26.636363636363637,2.49090909090909,2.136363636363636, 2026-07-25 13:49:23
SZKOŁA PODSTAWOWA IM. ŚW. JANA KANTEGO I ŚW. JANA PAWŁA II W ZRĘCINIE, UL. ŁUKASIEWICZA, 38-457, ZRĘCIN,21.6905243,49.6676748, 44.88181818181818, 977.7, 23.5,3.39090909090909,3.018181818181818, 2026-07-25 13:49:23
SZKOŁA PODSTAWOWA W ZESPOLE SZKÓŁ W NOWOTAŃCU, , 38-505, NOWOTANIEC,22.031143,49.50775, 48.43333333333334, 966.6555555555556, 22.08888888888889,2.266666666666666,1.888888888888888, 2026-07-25 13:49:23
SZKOŁA PODSTAWOWA NR 8 W RZESZOWIE, UL. ANTONIEGO KOPACZEWSKIEGO, 35-225, RZESZÓW,21.983086,50.0496703, 47.11818181818182, 984.5272727272727, 23.69090909090909,2.309090909090909,2.018181818181818, 2026-07-25 13:49:23
SZKOŁA PODSTAWOWA NR 15 Z ODDZIAŁAMI SPORTOWYMI W ŻORACH, UL. BANKOWA, 44-240, ŻORY,18.7002921,50.0287507, 43.291666666666664, 979.2166666666667, 24.641666666666666,2.941666666666666,2.466666666666666, 2026-07-25 13:49:23
SZKOŁA PODSTAWOWA IM. GUSTAWA MORCINKA W KRZYŻOWICACH, UL. SZKOLNA, 43-254, KRZYŻOWICE,18.6741042,49.9847274, 35.65, 980.6666666666666, 31.241666666666664,2.525,2.15, 2026-07-25 13:49:23
SZKOŁA PODSTAWOWA NR 13 IM. KS. FRANCISZKA BLACHNICKIEGO W JASTRZĘBIU-ZDROJU, UL. KATOWICKA, 44-335, JASTRZĘBIE-ZDRÓJ,18.6101103,49.9454207, 33.8, 979.875, 27.2,3.35,2.7, 2026-07-25 13:49:23
SZKOŁA PODSTAWOWA NR 6 IM. JANUSZA KORCZAKA W JASTRZĘBIU-ZDROJU, UL. ŚLĄSKA, 44-335, JASTRZĘBIE-ZDRÓJ,18.6101103,49.9454207, 42.28333333333333, 978.9166666666666, 23.483333333333334,3.333333333333333,2.8249999999999997, 2026-07-25 13:49:23
SZKOŁA PODSTAWOWA IM. BOHATERÓW WESTERPLATTE W KOŃCZYCACH WIELKICH, UL. KOŚCIELNA, 43-419, KOŃCZYCE WIELKIE,18.644137,49.8345649, 40.61666666666667, 980.8166666666666, 26.65833333333333,2.9916666666666663,2.8416666666666672, 2026-07-25 13:49:23
SZKOŁA PODSTAWOWA IM. TRZECH BRACI W HAŻLACHU, UL. KOŚCIELNA, 43-419, HAŻLACH,18.6369018,49.7967297, 38.925, 977.3499999999999, 28.9125,2.375,2.2, 2026-07-25 13:49:23
PUBLICZNA SZKOŁA PODSTAWOWA IM. MARII KONOPNICKIEJ W RZĄŚNIKU WŁOŚCIAŃSKIM, , 07-311, RZĄŚNIK WŁOŚCIAŃSKI,21.715940640027423,52.85219083050499, 54.98181818181818, 995.1818181818181, 23.8,3.736363636363636,3.054545454545454, 2026-07-25 13:49:23
SZKOŁA PODSTAWOWA IM.JANA PAWŁA WIELKIEGO W NOWYCH ŻUKOWICACH, , 33-151, NOWE ŻUKOWICE,21.1379808,50.0897784, 39.25454545454546, 982.8909090909091, 24.445454545454538,2.963636363636364,2.618181818181818, 2026-07-25 13:49:23
I LICEUM OGÓLNOKSZTAŁCĄCE W ŁAŃCUCIE, UL. ADAMA MICKIEWICZA, 37-100, ŁAŃCUT,22.229792,50.065729, 44.63636363636363, 982.6818181818181, 24.4,1.872727272727272,1.872727272727272, 2026-07-25 13:49:23
SZKOŁA PODSTAWOWA NR 9 W RZESZOWIE, UL. MIŁA, 35-314, RZESZÓW,22.0037829,49.995803, 42.11666666666667, 989.8083333333334, 27.78333333333333,1.5999999999999992,1.366666666666666, 2026-07-25 13:49:23
SZKOŁA PODSTAWOWA IM. JANA PAWŁA II W STĘPINIE, , 38-125, STĘPINA,21.5731784,49.8730429, 43.15833333333333, 977.7416666666667, 22.941666666666666,2.808333333333333,2.449999999999999, 2026-07-25 13:49:23
SZKOŁA PODSTAWOWA IM. KS. PIOTRA SKARGI W WARZYCACH, , 38-200, WARZYCE,21.539161,49.7672, 41.888888888888886, 981.0777777777779, 25.811111111111114,2.977777777777778,2.611111111111111, 2026-07-25 13:49:23
SZKOŁA PODSTAWOWA IM. A.FREDRY W KORCZYNIE, UL. ALEKSANDRA FREDRY, 38-420, KORCZYNA,21.745109,49.741178, 44.663636363636364, 979.3909090909091, 27.127272727272725,2.418181818181818,2.1, 2026-07-25 13:49:23
SZKOŁA PODSTAWOWA NR 3 Z ODDZIAŁAMI INTEGRACYJNYMI IM. ADAMA MICKIEWICZA W CHEŁMIE, UL. REJOWIECKA, 22-100, CHEŁM,23.450305,51.144488, 53.2, 986.8666666666666, 25.033333333333335,2.833333333333333,2.411111111111111, 2026-07-25 13:49:23
SZKOŁA PODSTAWOWA SPECJALNA NR 12 W CHEŁMIE, UL. TRUBAKOWSKA, 22-100, CHEŁM,23.44590149,51.13637258, 59.809090909090905, 987.1636363636363, 22.21818181818182,3.218181818181818,2.8, 2026-07-25 13:49:23
TECHNIKUM NR 1 W CHEŁMIE, UL. STEFANA BATOREGO, 22-100, CHEŁM,23.497516599999997,51.13198101756866, 52.86363636363637, 987.1181818181819, 24.572727272727274,3.281818181818181,2.845454545454545, 2026-07-25 13:49:23
TECHNIKUM NR 3 W BOLESŁAWCU, UL. KOMUNY PARYSKIEJ, 59-700, BOLESŁAWIEC,15.563612,51.260484, 32.5, 993.1545454545455, 29.345454545454547,3.0,2.709090909090909, 2026-07-25 13:49:23
TECHNIKUM PRZEDSIĘBIORSTWA BUDOWNICTWA PRZEMYSŁOWEGO CHEMOBUDOWA-KRAKÓW S.A., OS. OSIEDLE UROCZE, 31-953, KRAKÓW-NOWA HUTA,19.8934774,50.0764489, 39.99090909090909, 985.3181818181819, 23.627272727272725,2.7818181818181813,2.372727272727272, 2026-07-25 13:49:23
CENTRUM KSZTAŁCENIA ZAWODOWEGO I USTAWICZNEGO W NIEPOŁOMICACH-BRANŻOWA SZKOŁA I STOPNIA IM. KRAKOWSKIEGO BRACTWA KURKOWEGO, UL. 3 MAJA, 32-005, NIEPOŁOMICE,20.216084,50.035891, 36.481818181818184, 987.5090909090909, 25.41818181818182,2.409090909090909,2.1, 2026-07-25 13:49:23
PUBLICZNA SZKOŁA PODSTAWOWA IM.GEN.MARCINA KĄTSKIEGO W KĄTACH, , 32-862, KĄTY,20.601274,49.78725, 45.17272727272727, 981.3818181818181, 24.563636363636363,3.472727272727273,3.336363636363636, 2026-07-25 13:49:23
SZKOŁA PODSTAWOWA SPECJALNA NR 251, UL. BEŁSKA, 02-638, WARSZAWA,20.999099,52.191254, 43.86363636363637, 997.6272727272727, 28.49090909090909,2.972727272727273,2.681818181818181, 2026-07-25 13:49:23
PUBLICZNA SZKOŁA PODSTAWOWA IM. MACIEJA RATAJA W BOROWIE, UL. WROCŁAWSKA, 57-160, BORÓW,16.99427216,50.88586649, 31.263636363636362, 991.8909090909091, 28.70909090909091,1.945454545454545,1.945454545454545, 2026-07-25 13:49:23
SZKOŁA PODSTAWOWA NR 21 IM.JURIJA GAGARINA W ZABRZU, UL. BYTOMSKA, 41-803, ZABRZE,18.818479,50.319448, 45.49090909090909, 981.0090909090909, 24.063636363636363,3.1,2.536363636363636, 2026-07-25 13:49:23
SZKOŁA PODSTAWOWA IM.MJR. JÓZEFA WIŚNIEWSKIEGO W LUTKÓWCE, UL. SZKOLNA, 96-323, LUTKÓWKA,20.62648447,51.92519026, 55.05833333333334, 987.4499999999999, 23.383333333333336,4.758333333333334,4.158333333333333, 2026-07-25 13:49:23
SZKOŁA PODSTAWOWA IM HENRYKA POBOŻNEGO W TOMISŁAWIU, , 59-724, TOMISŁAW,15.4271019,51.2944897, 35.03076923076923, 986.6384615384615, 25.361538461538462,3.846153846153846,3.323076923076923, 2026-07-25 13:49:23
I LICEUM OGÓLNOKSZTAŁCĄCE IM. KAROLA MIARKI W ŻORACH, UL. POWSTAŃCÓW, 44-240, ŻORY,18.69650962,50.04960943, 44.71666666666667, 981.1916666666666, 23.691666666666666,2.683333333333333,2.275, 2026-07-25 13:49:23
SZKOŁA PODSTAWOWA NR 39 DLA DZIECI SŁABOSŁYSZĄCYCH NIESŁYSZĄCYCH I Z AFAZJĄ IM. MARII GÓRALÓWNY W BIELSKU-BIAŁEJ, UL. KAMIENICKA, 43-300, BIELSKO-BIAŁA,19.0369427,49.8105181, 50.01818181818182, 971.6727272727272, 22.645454545454545,3.5,3.127272727272727, 2026-07-25 13:49:23
SZKOŁA PODSTAWOWA IM. ŚW. FRANCISZKA Z ASYŻU W EGIERTOWIE, UL. KARTUSKA, 83-312, EGIERTOWO,18.20287653,54.23957358, 49.01666666666667, 978.5083333333333, 24.516666666666666,5.2,4.733333333333333, 2026-07-25 13:49:23
SZKOŁA PODSTAWOWA SPECJALNA NR 12 W TYCHACH, UL. EDUKACJI, 43-100, TYCHY,19.0031763,50.1159024, 46.824999999999996, 982.3416666666667, 25.191666666666666,2.783333333333333,2.275, 2026-07-25 13:49:23
SZKOŁA PODSTAWOWA W BARCINKU, , 58-512, BARCINEK,15.594319,50.9383351, 32.96666666666667, 967.625, 26.575,3.175,2.758333333333333, 2026-07-25 13:49:23
SZKOŁA PODSTAWOWA NR 7 IM. JANA PAWŁA II W OLEŚNICY, UL. 11 LISTOPADA, 56-400, OLEŚNICA,17.3825043,51.2056527, 22.954545454545453, 991.0181818181819, 32.07272727272727,3.372727272727273,2.9454545454545453, 2026-07-25 13:49:23
SZKOŁA PODSTAWOWA NR 57 IM. GEN. WŁADYSŁAWA ANDERSA W GDAŃSKU, UL. AKSAMITNA, 80-858, GDAŃSK,18.6527195,54.3580527, 52.27272727272727, 1007.1454545454545, 22.945454545454545,5.445454545454545,4.572727272727273, 2026-07-25 13:49:23
SZKOŁA PODSTAWOWA IM.KRÓLA KAZIMIERZA WIELKIEGO W BINAROWEJ, , 38-340, BINAROWA,21.2269249,49.7554945, 32.025, 978.25, 28.45,2.158333333333333,1.858333333333333, 2026-07-25 13:49:23
SZKOŁA PODSTAWOWA IM. MARII DĄBROWSKIEJ W GRODŹCU, , 62-580, GRODZIEC,18.0597093,52.0381615, 33.4, 996.0125, 29.1375,3.8,3.1125, 2026-07-25 13:49:23
SZKOŁA PODSTAWOWA NR 23 SPECJALNA W PSZCZYNIE, UL. L. ZAMENHOFA, 43-200, PSZCZYNA,18.9505973,49.9729363, 36.666666666666664, 981.125, 23.875,2.683333333333333,2.4, 2026-07-25 13:49:23
TECHNIKUM NR 1 W OSTROWCU ŚWIĘTOKRZYSKIM, OS. SŁONECZNE, 27-400, OSTROWIEC ŚWIĘTOKRZYSKI,21.39347022,50.94588695, 34.17272727272727, 987.3454545454545, 27.563636363636363,1.918181818181818,1.609090909090909, 2026-07-25 13:49:23
SZKOŁA PODSTAWOWA IM. MARII KONOPNICKIEJ W TRZEBUNI, , 32-438, TRZEBUNIA,19.8527239,49.789417, 39.981818181818184, 964.1090909090909, 22.981818181818184,4.7,4.4, 2026-07-25 13:49:23
LICEUM OGÓLNOKSZTAŁCĄCE IM. J.M. OSSOLIŃSKIEGO W BRZEGU DOLNYM, UL. WILCZA, 56-120, BRZEG DOLNY,16.6980365,51.2690017, 28.10909090909091, 994.3272727272728, 30.05454545454546,3.290909090909091,2.8636363636363638, 2026-07-25 13:49:23
TECHNIKUM W WYSOKIEM MAZOWIECKIEM, UL. JAGIELLOŃSKA, 18-200, WYSOKIE MAZOWIECKIE,22.51006473,52.91943607, 51.527272727272724, 992.3818181818183, 23.91818181818182,2.209090909090909,1.854545454545454, 2026-07-25 13:49:23
PUBLICZNA SZKOŁA PODSTAWOWA NR 23 IM.WOJSK OCHRONY POGRANICZA W WAŁBRZYCHU, UL. ANDRZEJA STRUGA, 58-301, WAŁBRZYCH,16.298195,50.7669823, 45.18181818181818, 953.8727272727273, 23.263636363636365,3.0,2.663636363636363, 2026-07-25 13:49:23
SZKOŁA PODSTAWOWA IM. JANA PAWŁA II W SULIKOWIE, UL. ZGORZELECKA, 59-975, SULIKÓW,15.0710322,51.0758548, 30.218181818181815, 983.2636363636364, 28.00909090909091,3.690909090909091,3.118181818181817, 2026-07-25 13:49:23
NIEPUBLICZNA SZKOŁA PODSTAWOWA MIĘDZYNARODOWA AKADEMIA MONTESSORI W MOKRONOSIE GÓRNYM, UL. WROCŁAWSKA, 55-080, MOKRONOS GÓRNY,16.9163528,51.0752169, 31.836363636363636, 993.0454545454545, 28.281818181818185,3.472727272727273,3.0, 2026-07-25 13:49:23
SZKOŁA PODSTAWOWA IM. JANA PAWŁA II W GIERAŁTOWIE, , 59-730, GIERAŁTÓW,15.3124392,51.205073, 36.03333333333333, 981.9833333333332, 25.400000000000002,3.583333333333333,3.05, 2026-07-25 13:49:23
SZKOŁA PODSTAWOWA W BIESNEJ, , 38-324, BIESNA,21.0025132,49.7307664, 42.872727272727275, 977.4727272727273, 25.00909090909091,2.727272727272727,2.4, 2026-07-25 13:49:23
SZKOŁA PODSTAWOWA NR 3 W GŁUSZYCY, UL. KOLEJOWA, 58-340, GŁUSZYCA,16.3673149,50.6855009, 34.68888888888889, 954.7444444444445, 27.166666666666668,2.677777777777778,2.255555555555555, 2026-07-25 13:49:23
SPOŁECZNA SZKOŁA PODSTAWOWA NASZA DOBRA SZKOŁA W KATOWICACH, UL. AGNIESZKI, 40-110, KATOWICE,19.0042579,50.2786647, 35.945454545454545, 978.2454545454547, 26.218181818181815,2.454545454545454,2.063636363636363, 2026-07-25 13:49:23
UNIWERSYTECKIE I LICEUM OGÓLNOKSZTAŁCĄCE IM. JULIUSZA SŁOWACKIEGO W CHORZOWIE, UL. GEN. HENRYKA DĄBROWSKIEGO, 41-500, CHORZÓW,18.9510056,50.2930441, 38.775, 977.1375, 25.0625,2.7875,2.375, 2026-07-25 13:49:23
SZKOŁA PODSTAWOWA NR 2 Z ODDZIALAMI INTEGRACYJNYMI IM. JANA PAWŁA W WOLI, UL. LIPOWA, 43-225, WOLA,19.0967092,50.0162867, 43.56363636363636, 984.5636363636364, 25.41818181818182,3.2,2.7636363636363632, 2026-07-25 13:49:23
SZKOŁA PODSTAWOWA Z ODDZIAŁAMI INTEGRACYJNYMI NR 148 IM. POLSKICH NOBLISTÓW W KRAKOWIE, UL. ŻABIA, 30-809, KRAKÓW-PODGÓRZE,19.9959686,50.0171518, 33.541666666666664, 984.2916666666666, 27.058333333333334,3.225,2.85, 2026-07-25 13:49:23
SZKOŁA PODSTAWOWA IM. ZESŁAŃCÓW SYBIRU W SZAROCINIE, , 58-400, SZAROCIN,15.9235531,50.7683008, 38.833333333333336, 946.125, 24.325,3.4666666666666672,2.975, 2026-07-25 13:49:23
SZKOŁA PODSTAWOWA IM. WANDY CHOTOMSKIEJ W KIEŁCZOWIE, UL. SZKOLNA, 55-093, KIEŁCZÓW,17.175736,51.1396608, 25.154545454545453, 993.1909090909091, 31.436363636363637,2.7363636363636363,2.309090909090909, 2026-07-25 13:49:23
SZKOŁA PODSTAWOWA IM. LEONA FILCKA W ŚWIERCZYNKACH, , 87-148, ŚWIERCZYNKI,18.5292148,53.0982246, 39.44166666666667, 997.8333333333334, 25.28333333333333,5.783333333333334,5.016666666666667, 2026-07-25 13:49:23
SZKOŁA PODSTAWOWA IM. MARII KONOPNICKIEJ W CZERWONCE, , 06-232, CZERWONKA WŁOŚCIAŃSKA,21.2176069,52.893054, 40.97272727272727, 994.9727272727273, 26.445454545454538,3.327272727272727,2.954545454545454, 2026-07-25 13:49:23
BRANŻOWA SZKOŁA I STOPNIA W BRNIU, , 33-210, BREŃ,21.0193426,50.1085428, 38.8375, 989.5625, 27.1375,3.0,2.575, 2026-07-25 13:49:23
SZKOŁA PODSTAWOWA NR 3 IM. JANUSZA KORCZAKA W CZELADZI, UL. STANISŁAWA STASZICA, 41-250, CZELADŹ,19.0704415,50.317273, 39.809090909090905, 979.6454545454545, 24.718181818181815,2.854545454545454,2.709090909090909, 2026-07-25 13:49:23
SZKOŁA PODSTAWOWA NR 3 IM J.SŁOWACKIEGO W CZECHOWICACH-DZIEDZICACH, UL. LIPOWSKA, 43-502, CZECHOWICE-DZIEDZICE,19.018569,49.8807489, 35.53333333333333, 978.9666666666667, 27.34166666666667,2.675,2.208333333333333, 2026-07-25 13:49:23
TECHNIKUM NR 1 W PIASECZNIE, UL. SZPITALNA, 05-500, PIASECZNO,21.0220213,52.064158, 42.35454545454545, 996.3272727272728, 26.227272727272727,3.290909090909091,2.818181818181818, 2026-07-25 13:49:23
MIEJSKA SZKOŁA PODSTAWOWA NR 13 IM. POWSTAŃCÓW ŚLĄSKICH W PIEKARACH ŚLĄSKICH, UL. MARII CURIE-SKŁODOWSKIEJ, 41-949, PIEKARY ŚLĄSKIE,18.9974136,50.3650768, 43.69166666666666, 980.9250000000001, 25.066666666666666,2.333333333333333,1.808333333333333, 2026-07-25 13:49:23
SZKOŁA PODSTAWOWA NR 32 IM. JANA III SOBIESKIEGO W BIELSKU-BIAŁEJ, UL. CIESZYŃSKA, 43-382, BIELSKO-BIAŁA,18.9841936,49.8072544, 48.83076923076923, 971.4769230769232, 22.03076923076923,3.230769230769231,2.9923076923076923, 2026-07-25 13:49:23
SZKOŁA PODSTAWOWA NR 1 IM. ARMII KRAJOWEJ W SZYNWAŁDZIE, , 33-158, SZYNWAŁD,21.114199,49.974213, 39.666666666666664, 981.4333333333334, 25.833333333333332,4.833333333333333,4.149999999999999, 2026-07-25 13:49:23
SZKOŁA PODSTAWOWA NR 9 IM. 42 PUŁKU PIECHOTY W BIAŁYMSTOKU, UL. LEGIONOWA, 15-281, BIAŁYSTOK,23.15575350113204,53.128982181525735, 55.26153846153846, 995.7769230769231, 23.56153846153846,3.384615384615384,3.03076923076923, 2026-07-25 13:49:23
NIEPUBLICZNA SZKOŁA PODSTAWOWA NEO MONTESSORI SCHOOL W MYŚLENICACH, UL. ANDRZEJA ŚREDNIAWSKIEGO, 32-400, MYŚLENICE,19.9336544,49.8334292, 39.50833333333333, 975.1, 23.40833333333333,2.633333333333333,2.441666666666667, 2026-07-25 13:49:23
I LICEUM OGÓLNOKSZTAŁCĄCE IM. TADEUSZA KOŚCIUSZKI W MYŚLENICACH, UL. JAGIELLOŃSKA, 32-400, MYŚLENICE,19.9439101,49.8302955, 32.68181818181818, 976.3, 27.327272727272728,2.381818181818182,2.0, 2026-07-25 13:49:23
SZKOŁA PODSTAWOWA NR 2 IM. ZIEMI ŚWIECKIEJ W ŚWIECIU, UL. CHMIELNIKI, 86-100, ŚWIECIE,18.447014082382,53.41280656744466, 37.97777777777778, 1001.0555555555555, 28.58888888888889,4.022222222222222,3.3666666666666663, 2026-07-25 13:49:23
II LICEUM OGÓLNOKSZTAŁCĄCE IM. KRÓLOWEJ JADWIGI W TORUNIU, UL. KOSYNIERÓW KOŚCIUSZKOWSKICH, 87-100, TORUŃ,18.6912438,53.0267445, 44.11666666666667, 1003.1166666666667, 24.516666666666666,9.95,9.033333333333331, 2026-07-25 13:49:23
SZKOŁA PODSTAWOWA IM. KS. JANA RECA W SIEDLISKACH, , 38-350, SIEDLISKA,20.9844157,49.7300798, 35.800000000000004, 971.1636363636363, 25.99090909090909,2.3,2.027272727272727, 2026-07-25 13:49:23
SZKOŁA PODSTAWOWA IM. ADAMA MICKIEWICZAW LACHOWICACH, , 34-232, LACHOWICE,19.4703353,49.7126179, 37.05, 955.3874999999999, 25.825,7.762499999999999,5.4375, 2026-07-25 13:49:23
SZKOŁA PODSTAWOWA IM. KS. JANA TWARDOWSKIEGO W ŚLEMIENIU, UL. SZKOLNA, 34-323, ŚLEMIEŃ,19.3652089,49.717868, 41.6, 959.7454545454547, 24.954545454545453,2.954545454545454,2.718181818181818, 2026-07-25 13:49:23
SZKOŁA PODSTAWOWA IM. WOJSKA POLSKIEGO W WIEWIÓRCZYNIE, UL. SZKOLNA, 98-100, WIEWIÓRCZYN,19.16120757116481,51.59139253847756, 46.46666666666667, 989.0666666666667, 24.08888888888889,3.844444444444444,3.044444444444444, 2026-07-25 13:49:23
ZESPÓŁ SZKÓŁ SZKOŁA PODSTAWOWA IM. BŁ. O. MICHAŁA TOMASZKA W ŁĘKAWICY, UL. SPORTOWA, 34-321, ŁĘKAWICA,19.263248942329625,49.72064130457127, 46.71666666666667, 967.1583333333333, 23.891666666666666,3.05,2.7416666666666663, 2026-07-25 13:49:23
SZKOŁA PODSTAWOWA W SADŁOWIE, , 87-500, SADŁOWO,19.5186241,53.0875044, 49.3, 993.7818181818183, 23.59090909090909,4.399999999999999,4.118181818181818, 2026-07-25 13:49:23
ZESPÓŁ SZKOLNO-PRZEDSZKOLNY W WITANOWICACH-SZKOŁA PODSTAWOWA IM.JANA KOCHANOWSKIEGO W WITANOWICACH, UL. JANA PAWŁA II, 34-103, WITANOWICE,19.51365,49.9184852, 39.36666666666667, 977.9916666666667, 28.075,3.25,2.75, 2026-07-25 13:49:23
SZKOŁA PODSTAWOWA NR 2 IM. TADEUSZA KOŚCIUSZKI W WIELICZCE - FILIA W SUŁKOWIE, , 32-020, SUŁKÓW,20.1069823,49.9883821, 41.24166666666667, 977.5500000000001, 23.858333333333334,2.65,2.55, 2026-07-25 13:49:23
BRANŻOWA SZKOŁA I STOPNIA W CHRZANOWIE, UL. PADEREWSKIEGO, 32-500, CHRZANÓW,19.4001765,50.1345643, 50.25, 978.775, 22.35,2.475,2.0875, 2026-07-25 13:49:23
I LICEUM OGÓLNOKSZTAŁCĄCE IM. STANISŁAWA STASZICA W CHRZANOWIE, UL. J. PIŁSUDSKIEGO, 32-500, CHRZANÓW,19.3974271,50.1394988, 39.63636363636363, 977.3818181818183, 26.518181818181816,0.554545454545454,0.418181818181818, 2026-07-25 13:49:23
SZKOŁA PODSTAWOWA NR 3 IM. WŁADYSŁAWA JAGIEŁŁY W BRODNICY, UL. WIEJSKA, 87-300, BRODNICA,19.39751,53.2610089, 44.65833333333333, 999.275, 25.558333333333334,3.991666666666666,3.341666666666667, 2026-07-25 13:49:23
PUBLICZNA SZKOŁA PODSTAWOWA W KORCZEWIE, UL. SZKOLNA, 08-108, KORCZEW,22.613639,52.3530467, 47.15, 993.3249999999999, 24.708333333333332,2.449999999999999,2.191666666666667, 2026-07-25 13:49:23
SZKOŁA PODSTAWOWA IM.ADAMA MICKIEWICZA W TOMICACH, UL. FLORIAŃSKA, 34-100, TOMICE,19.4837812,49.8974869, 41.67272727272727, 980.6272727272727, 27.60909090909091,2.872727272727273,2.354545454545455, 2026-07-25 13:49:23
SZKOŁA PODSTAWOWA NR 2 IM. STANISŁAWA KONARSKIEGO W STAREJ WSI, , 34-600, STARA WIEŚ,20.4262381,49.6797439, 38.43636363636364, 949.3363636363636, 24.38181818181818,2.536363636363636,2.227272727272727, 2026-07-25 13:49:23
SZKOŁA PODSTAWOWA NR 4 IM. STANISŁAWA STASZICA W BĘDZINIE, UL. WISŁAWY SZYMBORSKIEJ, 42-500, BĘDZIN,19.1254121,50.3255999, 39.26923076923077, 979.4923076923077, 25.23846153846154,3.261538461538461,2.738461538461538, 2026-07-25 13:49:23
SZKOŁA PODSTAWOWA W KOBIERZYNIE, , 33-140, KOBIERZYN,20.9939935,50.104034, 37.300000000000004, 985.275, 25.8,2.833333333333333,2.558333333333333, 2026-07-25 13:49:23
SZKOŁA PODSTAWOWA IMIENIA PARTYZANTÓW BRACI MICHAŁA I ALEKSANDRA CHRZANOWSKICH W GRÓDKU, UL. ALEKSANDRA I GRZEGORZA CHODKIEWICZÓW, 16-040, GRÓDEK,23.6733713,53.093361, 45.28181818181818, 991.7636363636364, 22.78181818181818,1.6,1.363636363636363, 2026-07-25 13:49:23
SZKOŁA PODSTAWOWA NR 6 W NOWEJ SOLI, UL. KOŚCIUSZKI, 67-100, NOWA SÓL,15.7074217,51.8085526, 31.336363636363636, 999.9181818181819, 27.545454545454547,3.6,3.154545454545454, 2026-07-25 13:49:23
SZKOŁA PODSTAWOWA IM. KRÓLA JANA III SOBIESKIEGO W KAŃCZUDZE, UL. SZKOLNA, 37-220, KAŃCZUGA,22.4116071,49.9833529, 46.3, 987.75, 23.71,2.01,1.76, 2026-07-25 13:49:23
TECHNIKUM W NIEĆKOWIE, , 19-230, NIEĆKOWO,22.351128913079865,53.55105183568498, 43.541666666666664, 993.0, 26.349999999999998,2.608333333333333,2.3, 2026-07-25 13:49:23
PRYWATNA SZKOŁA PODSTAWOWA W PISZU, UL. ADAMA MICKIEWICZA, 12-200, PISZ,21.794366,53.629361, 46.10833333333333, 994.5, 26.133333333333336,3.025,2.625, 2026-07-25 13:49:23
SZKOŁA PODSTAWOWA NR 3 IM. JANUSZA KUSOCIŃSKIEGO W LEGIONOWIE, UL. WŁADYSŁAWA BRONIEWSKIEGO, 05-120, LEGIONOWO,20.92648791534102,52.39938577565952, 39.56363636363636, 999.5545454545455, 27.39090909090909,3.263636363636363,2.7363636363636363, 2026-07-25 13:49:23
OGÓLNOKSZTAŁCĄCA SZKOŁA MUZYCZNA II ST. W WARSZAWIE, UL. ZYGMUNTA KRASIŃSKIEGO, 01-530, WARSZAWA,21.0082717,52.2488761, 44.050000000000004, 998.2333333333332, 25.058333333333334,2.816666666666666,2.508333333333333, 2026-07-25 13:49:23
II TECHNIKUM W ŁOSICACH, UL. RADZYŃSKA, 08-200, ŁOSICE,22.7247614,52.2001584, 45.43333333333334, 991.875, 25.925,2.333333333333333,1.958333333333333, 2026-07-25 13:49:23
SZKOŁA PODSTAWOWA NR 9 IM. BERNARDA ŚWIERCZYNY W MYSŁOWICACH, UL. ARMII KRAJOWEJ, 41-400, MYSŁOWICE,19.1324669,50.239944, 36.03636363636363, 978.9545454545455, 26.045454545454547,2.809090909090909,2.5727272727272723, 2026-07-25 13:49:23
SZKOŁA PODSTAWOWA NR 5 IM. HENRYKA SIENKIEWICZA W CZERWIONCE-LESZCZYNACH, UL. SZKOLNA, 44-230, CZERWIONKA-LESZCZYNY,18.6745918,50.1507066, 46.23846153846154, 980.7076923076924, 24.45384615384615,3.223076923076923,2.6538461538461533, 2026-07-25 13:49:23
SZKOŁA PODSTAWOWA NR 3 IM. ZIEMI RADLIŃSKIEJ W RADLINIE, UL. JÓZEFA RYMERA, 44-310, RADLIN,18.4495211,50.0469368, 38.25454545454546, 976.0, 27.018181818181816,2.9454545454545453,2.390909090909091, 2026-07-25 13:49:23
SZKOŁA PODSTAWOWA IM.ABP.JÓZEFA BILCZEWSKIEGO W WILAMOWICACH, RYNEK RYNEK, 43-330, WILAMOWICE,19.1520875,49.9166289, 35.90909090909091, 977.6, 27.727272727272727,2.663636363636363,2.663636363636363, 2026-07-25 13:49:23
SZKOŁA PODSTAWOWA IM. TADEUSZA KOŚCIUSZKI W NEHRYBCE, , 37-733, NEHRYBKA,22.804719,49.753056, 49.77272727272727, 986.7363636363636, 23.481818181818184,3.072727272727272,2.554545454545454, 2026-07-25 13:49:23
SZKOŁA PODSTAWOWA IM.JANA PAWŁA II W DOBKOWICACH, , 37-554, DOBKOWICE,22.706004268724666,49.92367017702528, 43.70909090909091, 984.8272727272728, 25.463636363636365,2.109090909090909,1.8, 2026-07-25 13:49:23
SZKOŁA PODSTAWOWA IM. ŚW. JANA KANTEGO W ŁOPUSZCE WIELKIEJ, , 37-222, ŁOPUSZKA WIELKA,22.3907875,49.9363498, 48.375, 981.7583333333333, 23.241666666666664,2.55,2.216666666666667, 2026-07-25 13:49:23
SZKOŁA PODSTAWOWA IM. IGNACEGO SOLARZA W GACI, , 37-207, GAĆ,22.373016099999997,50.02446508943701, 47.45454545454545, 986.0363636363636, 24.30909090909091,2.3,2.027272727272727, 2026-07-25 13:49:23
SZKOŁA PODSTAWOWA W WOLI WĘGIERSKIEJ, , 37-560, WOLA WĘGIERSKA,22.5612181,49.8633435, 44.699999999999996, 980.3916666666665, 24.71666666666667,2.083333333333333,1.7666666666666662, 2026-07-25 13:49:23
SZKOŁA PODSTAWOWA NR 3 IM. WŁ.BRONIEWSKIEGO W CZERWIONCE-LESZCZYNACH, UL. BRONIEWSKIEGO, 44-238, CZERWIONKA-LESZCZYNY,18.6774678,50.1489305, 45.90909090909091, 981.4454545454545, 24.454545454545453,3.136363636363636,3.145454545454545, 2026-07-25 13:49:23
III LICEUM OGÓLNOKSZTAŁCĄCE IM.MIKOŁAJA KOPERNIKA W WAŁBRZYCHU, UL. HENRYKA JORDANA, 58-305, WAŁBRZYCH,16.2416054,50.7596874, 37.4, 954.8125, 25.7875,2.85,2.85, 2026-07-25 13:49:23
SZKOŁA PODSTAWOWA IM. MIKOŁAJA KOPERNIKA W LUBAWIE, ul. BARBARY, 14-260, LUBAWA,19.74177,53.503983, 50.800000000000004, 992.625, 23.95,3.775,3.041666666666666, 2026-07-25 13:49:23
SZKOŁA PODSTAWOWA NR 4 SPECJALNA W GŁOGÓWKU, UL. BATOREGO, 48-250, GŁOGÓWEK,17.862977,50.3528547, 33.83, 984.5, 25.8,2.6,2.34, 2026-07-25 13:49:23
SZKOŁA PODSTAWOWA NR 1 IM. JANA PAWŁA II W SKRZYSZOWIE, , 33-156, SKRZYSZÓW,21.0570168,49.9958784, 46.35, 986.7, 25.21,4.15,3.5, 2026-07-25 13:49:23
TECHNIKUM NR 3 W GORLICACH, UL. ARIAŃSKA, 38-300, GORLICE,21.1596321,49.6546159, 41.09166666666666, 977.2083333333334, 23.633333333333336,2.708333333333333,2.358333333333333, 2026-07-25 13:49:23
SZKOŁA PODSTAWOWA NR 46 IM. BRACTWA KURKOWEGO GRODU BYTOMSKIEGO W BYTOMIU, UL. BOLESŁAWA PRUSA, 41-902, BYTOM,18.9290419,50.3532975, 45.233333333333334, 977.4333333333333, 23.311111111111114,2.622222222222222,2.233333333333333, 2026-07-25 13:49:23
SZKOŁA PODSTAWOWA IM. JANA PAWŁA II W KOWALACH OLECKICH, UL. WITOSA, 19-420, KOWALE OLECKIE,22.4147515,54.1701932, 52.675000000000004, 983.8333333333334, 23.233333333333334,2.324999999999999,2.041666666666666, 2026-07-25 13:49:23
TECHNIKUM IM. JANA PAWŁA II W PODDĘBICACH, UL. POLNA, 99-200, PODDĘBICE,18.95681689,51.8883861, 37.77777777777778, 994.0555555555555, 26.61111111111111,3.555555555555555,2.977777777777778, 2026-07-25 13:49:23
SZKOŁA PODSTAWOWA NR 1 IM. BOLESŁAWA PRUSA W GÓRZE, UL. MARII KONOPNICKIEJ, 56-200, GÓRA,16.529885235098394,51.6632922541776, 32.64545454545455, 996.6909090909091, 29.49090909090909,3.618181818181817,3.181818181818181, 2026-07-25 13:49:23
KOLEGIUM EUROPEJSKIE - EUROPEJSKIE NIEPUBLICZNE LICEUM OGÓLNOKSZTAŁCĄCE W KRAKOWIE, UL. ŚLUSARSKA, 30-710, KRAKÓW-PODGÓRZE,19.9610702,50.0483394, 30.0, 987.0272727272727, 28.518181818181816,2.363636363636363,2.1, 2026-07-25 13:49:23
SZKOŁA PODSTAWOWA W KOPCIACH, , 36-121, KOPCIE,21.8655666,50.3401797, 43.68333333333334, 988.8333333333334, 24.933333333333334,2.25,1.916666666666666, 2026-07-25 13:49:23
SZKOŁA PODSTAWOWA IM. JANA PAWŁA II W ŁĘGAJNACH, UL. OGRODOWA, 11-010, ŁĘGAJNY,20.6357122,53.8204508, 52.53333333333333, 992.025, 23.15833333333333,0.958333333333333,0.8250000000000001, 2026-07-25 13:49:23
SZKOŁA PODSTAWOWA Z ODDZIAŁAMI INTEGRACYJNYMI NR 354 IM. ADAMA ASNYKA W WARSZAWIE, UL. OTWOCKA, 03-759, WARSZAWA,21.0377168,52.2861058, 43.06153846153846, 999.1307692307693, 24.799999999999997,3.03076923076923,2.746153846153846, 2026-07-25 13:49:23
LICEUM OGÓLNOKSZTAŁCĄCE IM.POLSKIEJ MACIERZY SZKOLNEJ W MIŃSKU MAZOWIECKIM, UL. PIĘKNA, 05-300, MIŃSK MAZOWIECKI,21.5501669,52.1774889, 42.0, 991.2727272727273, 24.5,3.618181818181817,3.154545454545454, 2026-07-25 13:49:23
SZKOŁA PODSTAWOWA NR 2 W MROZACH W ZESPOLE SZKÓŁ IM. ADAMA MICKIEWICZA W MROZACH, UL. LICEALNA, 05-320, MROZY,21.8026971,52.156954, 68.2, 989.75, 23.433333333333334,2.449999999999999,2.066666666666667, 2026-07-25 13:49:23
SZKOŁA PODSTAWOWA NR 2 IM. WŁADYSŁAWA STANISŁAWA REYMONTA W MORĄGU, UL. ŻEROMSKIEGO, 14-300, MORĄG,19.9266354,53.9248797, 55.31818181818182, 993.2090909090908, 22.927272727272726,4.445454545454545,3.809090909090909, 2026-07-25 13:49:23
SZKOŁA PODSTAWOWA NR 5 IM. HUGONA KOŁŁĄTAJA W ŻYWCU, UL. POWSTAŃCÓW ŚLĄSKICH, 34-300, ŻYWIEC,19.1823983,49.6912999, 46.31666666666666, 971.9833333333332, 24.108333333333334,4.133333333333334,3.8, 2026-07-25 13:49:23
SZKOŁA PODSTAWOWA IM. ADAMA MICKIEWICZA W DOMINIKOWICACH, , 38-303, DOMINIKOWICE,21.2188105,49.6508596, 42.025, 974.5125, 23.9125,2.6375,2.3, 2026-07-25 13:49:23
I LICEUM OGÓLNOKSZTAŁCĄCE IM. STANISŁAWA WYSPIAŃSKIEGO W KĘTACH, UL. STANISŁAWA WYSPIAŃSKIEGO, 32-650, KĘTY,19.215336,49.8781411, 37.46363636363636, 977.9454545454545, 27.972727272727273,2.581818181818181,2.163636363636363, 2026-07-25 13:49:23
TECHNIKUM LEŚNE W BIAŁOWIEŻY, PARK DYREKCYJNY, 17-230, BIAŁOWIEŻA,23.8739355,52.7021884, 40.71666666666667, 991.875, 27.641666666666666,1.608333333333333,1.333333333333333, 2026-07-25 13:49:23
SZKOŁA PODSTAWOWA W SPIACH, , 36-121, WILCZA WOLA,21.9142446,50.386554, 40.791666666666664, 990.8333333333334, 27.78333333333333,2.275,2.058333333333333, 2026-07-25 13:49:23
SZKOŁA PODSTAWOWA W ROŹWIENICY, , 37-565, ROŹWIENICA,22.5987701,49.9522037, 48.94444444444444, 983.8333333333334, 23.8,2.222222222222222,1.844444444444444, 2026-07-25 13:49:23
LICEUM OGÓLNOKSZTAŁCĄCE IM. ARTURA GROTTGERA W GRYBOWIE, UL. KOŚCIUSZKI, 33-330, GRYBÓW,20.9492019,49.6229909, 41.975, 971.775, 23.21666666666667,3.908333333333333,3.416666666666666, 2026-07-25 13:49:23
SZKOŁA PODSTAWOWA IMIENIA KOMISJI EDUKACJI NARODOWEJ W SUŁKOWICACH- ŁĘGU, UL. CENTRALNA, 34-120, SUŁKOWICE,19.3430192,49.8345846, 47.775, 967.975, 22.575,10.25,8.2875, 2026-07-25 13:49:23
III LICEUM OGÓLNOKSZTAŁCĄCE W SIEMIANOWICACH ŚLĄSKICH, UL. KATOWICKA, 41-100, SIEMIANOWICE ŚLĄSKIE,18.9999671,50.3144126, 37.300000000000004, 978.1083333333332, 27.066666666666666,2.8666666666666663,2.341666666666666, 2026-07-25 13:49:23
NIEPUBLICZNA SZKOŁA PODSTAWOWA FUNDACJI KRÓLOWEJ ŚWIĘTEJ JADWIGI W KĘTACH, UL. ŻWIRKI I WIGURY, 32-650, KĘTY,19.2228003,49.8807299, 43.275, 978.1666666666666, 24.15833333333333,3.483333333333333,2.925, 2026-07-25 13:49:23
SPOŁECZNA SZKOŁA PODSTAWOWA SPOŁECZNEGO TOWARZYSTWA OŚWIATOWEGO W KLUCZBORKU, UL. LIGONIA, 46-203, KLUCZBORK,18.208403,50.980243, 43.09090909090909, 987.6454545454545, 23.427272727272726,3.481818181818181,3.481818181818181, 2026-07-25 13:49:23
TECHNIKUM NR 1 W GLIWICACH, UL. CHORZOWSKA, 44-100, GLIWICE,18.69488447,50.298553, 35.50909090909091, 982.9, 26.281818181818185,2.936363636363636,2.6, 2026-07-25 13:49:23
SZKOŁA PODSTAWOWA NR 12 IM. MIKOŁAJA KOPERNIKA W GLIWICACH, UL. MIKOŁAJA KOPERNIKA, 44-117, GLIWICE,18.657136,50.320351, 40.05833333333334, 982.9166666666666, 26.15833333333333,2.933333333333333,2.516666666666666, 2026-07-25 13:49:23
PUBLICZNA SZKOŁA PODSTAWOWA NR 5 IM. ENERGETYKÓW W STALOWEJ WOLI, UL. ENERGETYKÓW, 37-450, STALOWA WOLA,22.0833578,50.5435751, 51.61818181818182, 994.8363636363637, 23.09090909090909,0.8,0.6272727272727271, 2026-07-25 13:49:23
SZKOŁA PODSTAWOWA W DARGOSŁAWIU, , 72-304, DARGOSŁAW,15.3875086,53.9993121, 48.1875, 1002.3375, 26.0,5.3125,4.8875, 2026-07-25 13:49:23
SZKOŁA PODSTAWOWA SPECJALNA NR 9 W KŁODZKU, UL. STANISŁAWA WYSPIAŃSKIEGO, 57-300, KŁODZKO,16.66483421,50.4342639, 28.018181818181816, 974.4363636363636, 30.854545454545452,2.809090909090909,2.327272727272727, 2026-07-25 13:49:23
SZKOŁA PODSTAWOWA IM. JANA PAWŁA II W LUBOMIERZU, UL. TADEUSZA KOŚCIUSZKI, 59-623, LUBOMIERZ,15.5085272,51.0102648, 37.40909090909091, 966.2272727272727, 27.018181818181816,3.154545454545454,2.6999999999999997, 2026-07-25 13:49:23
LICEUM OGÓLNOKSZTAŁCĄCE IM. MIKOŁAJA KOPERNIKA W WOŁOWIE, PL. JANA SOBIESKIEGO, 56-100, WOŁÓW,16.647069,51.3377004, 26.90909090909091, 995.0454545454545, 30.181818181818183,3.218181818181818,2.754545454545454, 2026-07-25 13:49:23
SZKOŁA PODSTAWOWA NR 2 IM. JANA PAWŁA II W PIECHOWICACH , UL. TYSIĄCLECIA, 58-573, PIECHOWICE,15.606747,50.849283, 27.78, 965.3100000000001, 28.82,0.37,0.43, 2026-07-25 13:49:23
SZKOŁA PODSTAWOWA IM. IRENY SENDLEROWEJ W DOBROSZYCACH, UL. PARKOWA, 56-410, DOBROSZYCE,17.340778,51.2653364, 36.58181818181818, 989.9909090909091, 24.163636363636364,3.918181818181818,3.327272727272727, 2026-07-25 13:49:23
SZKOŁA PODSTAWOWA NR 8 IM. ROMANA I ZDZISŁAWA PIETRASÓW W CZERWIONCE-LESZCZYNACH, UL. PROSTA, 44-230, CZERWIONKA-LESZCZYNY,18.6774678,50.1489305, 39.541666666666664, 977.4499999999999, 25.058333333333334,2.85,2.483333333333333, 2026-07-25 13:49:23
SZKOŁA PODSTAWOWA W LUBANICACH, , 68-200, LUBANICE,15.1026979,51.6968528, 33.03636363636363, 990.7727272727273, 26.40909090909091,16.554545454545455,13.863636363636363, 2026-07-25 13:49:23
TECHNIKUM W ŻAGANIU, UL. POMORSKA, 68-100, ŻAGAŃ,15.3217354,51.6184885, 31.181818181818183, 995.3181818181819, 27.809090909090912,3.718181818181818,3.172727272727272, 2026-07-25 13:49:23
SZKOŁA PODSTAWOWA W SIECIEBORZYCACH, , 67-320, SIECIEBORZYCE,15.5375655,51.6630943, 27.20909090909091, 1027.8999999999999, 31.063636363636363,3.672727272727272,3.163636363636363, 2026-07-25 13:49:23
SZKOŁA PODSTAWOWA IM. JANA PAWŁA II W ZŁOTNIKU, , 68-200, ZŁOTNIK,15.1902044,51.6850821, 31.09166666666667, 992.1833333333334, 27.666666666666668,4.616666666666666,4.1, 2026-07-25 13:49:23
SZKOŁA PODSTAWOWA IM. JANUSZA KORCZAKA W LASKOWEJ, , 34-602, LASKOWA,20.4496765,49.7610405, 43.25833333333333, 972.3416666666667, 23.041666666666668,2.35,2.058333333333333, 2026-07-25 13:49:23
SZKOŁA PODSTAWOWA NR 35 SPECJALNA W RUDZIE ŚLĄSKIEJ, UL. MAGAZYNOWA, 41-700, RUDA ŚLĄSKA,18.86383,50.307029, 31.281818181818178, 976.4727272727273, 27.9,2.690909090909091,2.454545454545454, 2026-07-25 13:49:23
SZKOŁA PODSTAWOWA IMIENIA TADEUSZA KOŚCIUSZKI W CZEMIERNIKACH, UL. KOCKA, 21-306, CZEMIERNIKI,22.626976,51.672757, 47.48461538461538, 995.123076923077, 23.123076923076926,1.569230769230769,1.446153846153846, 2026-07-25 13:49:23
PUBLICZNA SZKOŁA PODSTAWOWA IM.POWSTAŃCÓW 1863 ROKU W NAGOSZEWIE, , 07-300, TURKA,21.82001978,52.74592765, 51.36363636363637, 998.5818181818181, 26.218181818181815,0.9,0.718181818181818, 2026-07-25 13:49:23
SZKOŁA PODSTAWOWA NR 3 IM. PODRÓŻNIKÓW I ODKRYWCÓW POLSKICH W OLEŚNICY, UL. JANA KOCHANOWSKIEGO, 56-400, OLEŚNICA,17.3900401,51.210936, 32.518181818181816, 991.0, 26.654545454545453,3.172727272727272,2.890909090909091, 2026-07-25 13:49:23
NIEPUBLICZNA OGÓLNOKSZTAŁCĄCA SZKOŁA MUZYCZNA I STOPNIA CLEVER W WAŁBRZYCHU, UL. ARMII KRAJOWEJ, 58-302, WAŁBRZYCH,16.2868599,50.8040348, 37.833333333333336, 960.9555555555556, 26.0,3.277777777777777,2.8666666666666663, 2026-07-25 13:49:23
II LICEUM OGÓLNOKSZTAŁCĄCE IM. CYPRIANA KAMILA NORWIDA W JELENIEJ GÓRZE, UL. GIMNAZJALNA, 58-560, JELENIA GÓRA,15.683888637696665,50.866245288517455, 26.845454545454547, 968.8636363636364, 29.318181818181817,3.372727272727273,2.8636363636363638, 2026-07-25 13:49:23
SZKOŁA PODSTAWOWA Z ODDZIAŁAMI INTEGRACYJNYMI IM. POWSTAŃCÓW WIELKOPOLSKICH W BODZEWIE, , 63-820, BODZEWO,17.070719,51.8485949, 42.69, 994.8299999999999, 26.04,3.88,3.88, 2026-07-25 13:49:23
SZKOŁA PODSTAWOWA W MILEJCZYCACH, UL. SZKOLNA, 17-332, MILEJCZYCE,23.1365379,52.5189199, 49.80769230769231, 989.4769230769232, 23.6,2.192307692307692,1.8615384615384607, 2026-07-25 13:49:23
SZKOŁA PODSTAWOWA W WĄSICACH, UL. GŁÓWNA, 46-250, WĄSICE,18.029775,50.983905, 35.891666666666666, 992.5749999999999, 26.441666666666666,4.925,4.375, 2026-07-25 13:49:23
I LICEUM OGÓLNOKSZTAŁCĄCE IM. HENRYKA SIENKIEWICZA  W MALBORKU, UL. 17 MARCA, 82-200, MALBORK,19.0379763,54.0361319, 52.33636363636364, 1005.5636363636364, 22.927272727272726,5.1,4.745454545454546, 2026-07-25 13:49:23
SZKOŁA PODSTAWOWA NR 16 W ZABRZU, UL. JÓZEFA LOMPY, 41-806, ZABRZE,18.8139578,50.2870184, 45.20909090909091, 981.0727272727272, 23.227272727272727,3.781818181818181,3.018181818181818, 2026-07-25 13:49:23
SZKOŁA PODSTAWOWA NR 4 IM. I SAMODZIELNEJ WARSZAWSKIEJ BRYGADY KAWALERII W GRYFICACH, UL. SIENKIEWICZA, 72-300, GRYFICE,15.19512694,53.9126862, 62.01818181818182, 1005.8181818181819, 22.145454545454545,5.727272727272727,4.827272727272727, 2026-07-25 13:49:23
SZKOŁA PODSTAWOWA IM. JANA PAWŁA II W RACŁAWICACH ŚLĄSKICH, UL. ZWYCIĘSTWA, 48-250, RACŁAWICE ŚLĄSKIE,17.771528,50.311402, 33.96666666666667, 984.6666666666666, 27.758333333333336,10.691666666666665,9.016666666666667, 2026-07-25 13:49:23
SZKOŁA PODSTAWOWA W STRZELECZKACH, UL. SIENKIEWICZA, 47-364, STRZELECZKI,17.8541788,50.4590123, 25.0, 988.2, 29.4,550.9,471.4, 2026-07-25 13:49:23
SPORTOWA SZKOŁA PODSTAWOWA W SŁUPSKU, UL. MARII ZABOROWSKIEJ, 76-200, SŁUPSK,17.0284824,54.464148, 51.9, 999.3000000000001, 24.125,5.058333333333334,4.491666666666666, 2026-07-25 13:49:23
SZKOŁA PODSTAWOWA IM. TYSIĄCLECIA PAŃSTWA POLSKIEGO W DZIERZGOŃ, UL. KRZYWA, 82-440, DZIERZGOŃ,19.349508,53.92348, 47.50909090909091, 1005.8545454545455, 24.127272727272725,6.372727272727272,5.572727272727272, 2026-07-25 13:49:23
SZKOŁA PODSTAWOWA W POLANCE WIELKIEJ, UL. DŁUGA, 32-607, POLANKA WIELKA,19.326337,49.985272, 43.58, 980.8, 26.8,4.14,3.4, 2026-07-25 13:49:23
SZKOŁA PODSTAWOWA IM. KARDYNAŁA STEFANA WYSZYŃSKIEGO W GRUSZOWIE WIELKIM, , 33-200, GRUSZÓW WIELKI,21.03335443,50.19213307, 41.336363636363636, 987.6181818181817, 24.59090909090909,3.063636363636364,2.663636363636363, 2026-07-25 13:49:23
SZKOŁA PODSTAWOWA IM. GEN. DYW. TADEUSZA KUTRZEBY W KOŹLU, , 95-011, KOŹLE,19.58919231,51.93825404, 40.4, 992.4, 26.233333333333334,3.666666666666666,3.033333333333333, 2026-07-25 13:49:23
TECHNIKUM NR 3 W MALBORKU, UL. ALEJA WOJSKA POLSKIEGO, 82-200, MALBORK,19.0530892,54.0360115, 48.18181818181818, 1005.3636363636364, 23.836363636363636,4.854545454545454,4.8, 2026-07-25 13:49:23
SZKOŁA PODSTAWOWA W LUCIENIU, , 09-500, LUCIEŃ,19.472959,52.4884269, 37.146153846153844, 999.5384615384615, 27.476923076923075,3.953846153846153,3.323076923076923, 2026-07-25 13:49:23
SZKOŁA PODSTAWOWA NR 5 W RUDZIE ŚLĄSKIEJ, UL. PIOTRA NIEDURNEGO, 41-708, RUDA ŚLĄSKA,18.8815597,50.30117879, 36.86666666666667, 975.7333333333333, 28.033333333333335,1.744444444444444,1.455555555555555, 2026-07-25 13:49:23
NIEPUBLICZNA SZKOŁA PODSTAWOWA W BZINICY STAREJ, UL. KAROLA MIARKI, 46-380, BZINICA STARA,18.4612867,50.6892203, 40.199999999999996, 983.2090909090908, 24.754545454545454,4.036363636363636,3.609090909090909, 2026-07-25 13:49:23
SZKOŁA PODSTAWOWA IM. PPOR. EMILII GIERCZAK W POSTOMINIE, , 76-113, POSTOMINO,16.71239247,54.48931415, 68.49090909090908, 1001.8909090909091, 22.054545454545455,4.690909090909091,3.881818181818182, 2026-07-25 13:49:23
SZKOŁA PODSTAWOWA NR 2 IM. MARII SKŁODOWSKIEJ-CURIE W KRZEPICACH, UL. SKŁODOWSKIEJ, 42-160, KRZEPICE,18.702433,50.964886, 37.044444444444444, 983.4666666666667, 25.577777777777776,3.033333333333333,2.4666666666666672, 2026-07-25 13:49:23
PUBLICZNA SZKOŁA PODSTAWOWA IM. MIKOŁAJA KOPERNIKA W TARNOWIE OPOLSKIM, UL. KOPERNIKA, 46-050, TARNÓW OPOLSKI,18.078098161771777,50.57654911811356, 33.21666666666667, 988.8916666666668, 26.641666666666666,2.974999999999999,2.533333333333333, 2026-07-25 13:49:23
SZKOŁA PODSTAWOWA NR 1 IM.POWSTANCÓW WIELKOPOLSKICH W LEGNICY, UL. KAMIENNA, 59-220, LEGNICA,16.173446,51.210851, 25.566666666666666, 993.6666666666666, 29.758333333333336,3.25,2.833333333333333, 2026-07-25 13:49:23
III LICEUM OGÓLNOKSZTAŁCĄCE IM. KAZIMIERZA KOSIŃSKIEGO W KŁOBUCKU, UL. KS. IGNACEGO SKORUPKI, 42-100, KŁOBUCK,18.9423379,50.9004679, 39.025, 980.3916666666668, 26.775000000000002,2.9666666666666672,2.4, 2026-07-25 13:49:23
SZKOŁA PODSTAWOWA NR 10 IM ZOFII KOSSAK W LEGNICY, UL. JAWORZYŃSKA, 59-220, LEGNICA,16.1588159,51.1992709, 28.275000000000002, 993.4833333333332, 28.349999999999998,3.116666666666666,2.625, 2026-07-25 13:49:23
SZKOŁA PODSTAWOWA NR 9 W LEGNICY, UL. MARYNARSKA, 59-220, LEGNICA,16.141123,51.202816, 20.818181818181817, 992.8818181818183, 32.82727272727273,3.509090909090909,2.9454545454545453, 2026-07-25 13:49:23
SZKOŁA PODSTAWOWA NR 1 IM. ŚW.JANA PAWŁA II W KŁODAWIE, UL. KOŚCIELNA, 62-650, KŁODAWA,18.9134684,52.2542661, 38.550000000000004, 994.3916666666668, 27.916666666666668,4.733333333333333,3.916666666666666, 2026-07-25 13:49:23
SZKOŁA PODSTAWOWA NR 31 IM. GEN. JÓZEFA HALLERA W TORUNIU, UL. WŁADYSŁAWA DZIEWULSKIEGO, 87-100, TORUŃ,18.6812901,53.0291419, 42.28333333333333, 1000.2166666666667, 25.183333333333334,6.033333333333334,5.308333333333334, 2026-07-25 13:49:23
SZKOŁA PODSTAWOWA IM.ORŁA BIAŁEGO W DOBRZENIU, , 56-410, DOBRZEŃ,17.2950269,51.2416989, 31.69090909090909, 990.8818181818183, 27.89090909090909,3.045454545454545,2.690909090909091, 2026-07-25 13:49:23
SZKOŁA PODSTAWOWA W DŁUGOPOLU DOLNYM, , 57-520, DŁUGOPOLE DOLNE,16.6369911,50.256696, 34.025, 967.6583333333333, 28.141666666666666,3.1,2.675, 2026-07-25 13:49:23
SZKOŁA PODSTAWOWA IM.WŁADYSŁAWA STANISŁAWA REYMONTA W ŚCIĘGNACH, , 58-535, ŚCIĘGNY,15.7770925,50.7908626, 30.5, 950.6181818181817, 26.88181818181818,3.036363636363636,2.609090909090909, 2026-07-25 13:49:23
SZKOŁA PODSTAWOWA W DROŁTOWICACH, , 56-500, DROŁTOWICE,17.59580112646376,51.33562166466934, 34.86363636363637, 985.3727272727273, 26.61818181818182,4.281818181818182,3.590909090909091, 2026-07-25 13:49:23
SZKOŁA PODSTAWOWA IM. KAROLA KURPIŃSKIEGO WE WŁOSZAKOWICACH, UL. KAROLA KURPIŃSKIEGO, 64-140, WŁOSZAKOWICE,16.3711235,51.9317237, 37.46153846153846, 997.4538461538461, 25.615384615384617,3.707692307692308,3.707692307692308, 2026-07-25 13:49:23
SZKOŁA PODSTAWOWA IM. HENRYKA SIENKIEWICZA W KONOPISKACH, UL. SPORTOWA, 42-274, KONOPISKA,19.0078926,50.7263775, 39.300000000000004, 976.4, 24.463636363636365,3.527272727272727,3.190909090909091, 2026-07-25 13:49:23
SPOŁECZNA SZKOŁA PODSTAWOWA IM. STANISŁAWA MONIUSZKI W KUDOWIE-ZDROJU, UL. SŁONE, 57-350, KUDOWA-ZDRÓJ,16.2426605,50.4427156, 36.6625, 967.5125, 26.175,2.8875,2.4625, 2026-07-25 13:49:23
SZKOŁA PODSTAWOWA NR 13 W ZAWIERCIU, UL. FILARETÓW, 42-400, ZAWIERCIE,19.4911184,50.4934888, 39.208333333333336, 966.2916666666666, 25.933333333333334,4.566666666666666,3.933333333333333, 2026-07-25 13:49:23
SZKOŁA PODSTAWOWA NR 8 W ZAWIERCIU, UL. WOJSKA POLSKIEGO, 42-400, ZAWIERCIE,19.4092199,50.486569, 45.61666666666667, 971.975, 22.625,4.208333333333333,3.583333333333333, 2026-07-25 13:49:23
SZKOŁA PODSTAWOWA NR 4 IM. MIKOŁAJA KOPERNIKA W ZAWIERCIU, UL. POWSTAŃCÓW ŚLĄSKICH, 42-400, ZAWIERCIE,19.4267169,50.4838354, 38.40833333333333, 971.65, 25.358333333333334,4.45,4.016666666666667, 2026-07-25 13:49:23
SZKOŁA PODSTAWOWA NR 7 IM. MARII KONOPNICKIEJ W ZAWIERCIU, UL. OŚWIATOWA, 42-400, ZAWIERCIE,19.5150167,50.4773682, 35.61666666666667, 973.6833333333334, 26.775000000000002,3.75,3.183333333333333, 2026-07-25 13:49:23
SZKOŁA PODSTAWOWA NR 3 W ZAWIERCIU, UL. MARII SKŁODOWSKIEJ-CURIE, 42-400, ZAWIERCIE,19.4347172,50.4796517, 33.71818181818182, 970.4909090909091, 27.363636363636363,2.7818181818181813,2.472727272727272, 2026-07-25 13:49:23
II LICEUM OGÓLNOKSZTAŁCĄCE IM. ADAMA ASNYKA W BIELSKU-BIAŁEJ, UL. JUTRZENKI, 43-300, BIELSKO-BIAŁA,19.0635478,49.8094065, 48.73636363636364, 968.3545454545455, 22.827272727272728,2.909090909090909,2.6, 2026-07-25 13:49:23
SZKOŁA PODSTAWOWA NR 2 IM. STANISŁAWA SZYMAŃSKIEGO W ZAWIERCIU, UL. MIECZYSŁAWA NIEDZIAŁKOWSKIEGO, 42-400, ZAWIERCIE,19.4166259,50.487743, 31.099999999999998, 971.5666666666666, 28.78333333333333,3.483333333333333,3.1, 2026-07-25 13:49:23
SZKOŁA PODSTAWOWA NR 1 IM.BPA MARCINA KROMERA W BIECZU, UL. GRODZKA, 38-340, BIECZ,21.252429,49.730338, 39.475, 978.9250000000001, 24.166666666666668,2.199999999999999,2.0, 2026-07-25 13:49:23
SZKOŁA PODSTAWOWA NR 2 IM. JANA PAWŁA II W PORĘBIE, UL. WIEDZY, 42-480, PORĘBA,19.361528,50.489263, 42.833333333333336, 972.9416666666666, 25.325,3.875,3.4666666666666672, 2026-07-25 13:49:23
SZKOŁA PODSTAWOWA NR 4 W BIELSKU-BIAŁEJ, UL. EMILII PLATER, 43-300, BIELSKO-BIAŁA,19.0583845,49.8223768, 44.68181818181818, 967.4, 23.527272727272727,3.172727272727272,2.854545454545454, 2026-07-25 13:49:23
PUBLICZNA SZKOŁA PODSTAWOWA IM. JANA KOCHANOWSKIEGO W DOBRYSZYCACH, UL. LEŚNA, 97-505, DOBRYSZYCE,19.4126126,51.1463112, 42.05555555555556, 983.8444444444444, 26.177777777777777,3.5444444444444443,2.9666666666666672, 2026-07-25 13:49:23
SZKOŁA PODSTAWOWA IM. STANISŁAWA STASZICA W BOBOWEJ, UL. BOHATERÓW BOBOWEJ, 38-350, BOBOWA,20.9509659,49.7102798, 42.654545454545456, 977.4636363636364, 23.2,3.972727272727273,3.554545454545454, 2026-07-25 13:49:23
SZKOŁA PODSTAWOWA W WINOWNIE, UL. SZKOLNA, 42-350, WINOWNO,19.2179609,50.575152, 50.90909090909091, 973.2090909090908, 23.036363636363635,3.009090909090909,2.727272727272727, 2026-07-25 13:49:23
SZKOŁA PODSTAWOWA IM. FRYDERYKA CHOPINA W WOJSZCZYCACH, , 05-180, WOJSZCZYCE,20.6139434,52.494382, 44.1, 996.9, 25.963636363636365,3.790909090909091,3.39090909090909, 2026-07-25 13:49:23
SZKOŁA PODSTAWOWA IM.MIKOŁAJA KOPERNIKA W ŁĄŻYNIE II, , 87-123, ŁĄŻYN,18.89236,53.0001, 47.85454545454545, 995.8909090909091, 24.354545454545452,5.0,4.345454545454545, 2026-07-25 13:49:23
NIEPUBLICZNA SZKOŁA PODSTAWOWA GALILEO NR 1 W NAKONOWIE, , 87-853, NAKONOWO,19.0568663,52.5562316, 49.074999999999996, 1002.1166666666667, 24.84166666666667,6.058333333333334,5.616666666666667, 2026-07-25 13:49:23
PUBLICZNA SZKOŁA PODSTAWOWA IM. HELENY I JÓZEFA ŚWIĄTYŃSKICH W OSSALI, , 28-221, OSSALA,21.3789417,50.4840431, 40.32727272727273, 988.7818181818183, 24.218181818181815,2.609090909090909,2.227272727272727, 2026-07-25 13:49:23
SZKOŁA PODSTAWOWA IM. MARII KONOPNICKIEJ W JAMKACH-KORZONKU, , 42-274, KORZONEK,18.9878115,50.712784, 46.51666666666667, 974.9916666666667, 24.275000000000002,2.8,2.341666666666666, 2026-07-25 13:49:23
SZKOŁA PODSTAWOWA NR 54 Z ODDZIAŁAMI INTEGRACYJNYMI W CZĘSTOCHOWIE, UL. JERZEGO KUKUCZKI, 42-224, CZĘSTOCHOWA,19.137204428836377,50.83579253024215, 43.3625, 980.4375, 24.675,3.2875,2.6875, 2026-07-25 13:49:23
TECHNIKUM W ZESPOLE SZKÓŁ PONADPODSTAWOWYCH IM. INŻ. JÓZEFA MARKA W MSZANIE DOLNEJ, UL. JÓZEFA MARKA, 34-730, MSZANA DOLNA,20.0783649,49.6670619, 30.05, 964.0166666666668, 27.925,2.333333333333333,2.016666666666666, 2026-07-25 13:49:23
SZKOŁA PODSTAWOWA IM. JANA PAWŁA II W DĄBIU, UL. 3 MAJA, 62-660, DĄBIE,18.8198211,52.0891079, 38.375, 996.75, 28.0625,3.5125,2.925, 2026-07-25 13:49:23
ZESPÓŁ SZKÓŁ-SZKOŁA PODSTAWOWA W ZEMBRZYCACH, , 34-210, ZEMBRZYCE,19.5620127,49.7784772, 33.61818181818182, 974.0, 27.99090909090909,1.772727272727272,1.5818181818181811, 2026-07-25 13:49:23
SZKOŁA PODSTAWOWA IM.KAZIMIERZA WIELKIEGO W HUCIE STAREJ B, UL. ADAMA MICKIEWICZA, 42-263, HUTA STARA B,19.138718,50.7370817, 43.9, 976.3272727272728, 24.1,3.818181818181818,3.027272727272727, 2026-07-25 13:49:23
III PRYWATNE LICEUM OGÓLNOKSZTAŁCĄCE SZKOŁY OTWARTEGO MYŚLENIA W SOSNOWCU, UL. RACŁAWICKA, 41-200, SOSNOWIEC,19.1040791,50.2862638, 37.61666666666667, 981.475, 25.566666666666666,3.4666666666666672,3.016666666666667, 2026-07-25 13:49:23
SZKOŁA PODSTAWOWA IM.HENRYKA SIENKIEWICZA W KAMIENICY POLSKIEJ, UL. ADAMA FERENSA, 42-260, KAMIENICA POLSKA,19.1305413,50.6705877, 46.25833333333333, 976.1833333333334, 23.275000000000002,3.883333333333333,3.133333333333333, 2026-07-25 13:49:23
SZKOŁA PODSTAWOWA Z ODDZIAŁAMI INTEGRACYJNYMI NR 5 IM. HENRYKA SIENKIEWICZA W MYSZKOWIE, UL. SIKORSKIEGO, 42-300, MYSZKÓW,19.3144637,50.5706845, 47.855555555555554, 974.5555555555555, 22.844444444444445,4.566666666666666,3.755555555555555, 2026-07-25 13:49:23
SZKOŁA PODSTAWOWA IM. JANA PAWŁA II W PISANICY, , 19-314, PISANICA,22.5789816,53.8232701, 52.15, 993.6416666666668, 23.95,2.383333333333333,2.083333333333333, 2026-07-25 13:49:23
TECHNIKUM W ZESPOLE SZKÓŁ IM. BOHATERÓW WESTERPLATTE W JABŁONCE, UL. PODHALAŃSKA, 34-480, JABŁONKA,19.69526927,49.47987225, 31.2, 939.9363636363636, 24.80909090909091,2.245454545454545,1.963636363636363, 2026-07-25 13:49:23
SZKOŁA PODSTAWOWA W BACZYNIE, , 34-211, BACZYN,19.7182581,49.7900852, 44.333333333333336, 964.7833333333333, 22.933333333333334,2.8,2.475, 2026-07-25 13:49:23
SZKOŁA PODSTAWOWA IM. ŚW. FRANCISZKA Z ASYŻU W JELNEJ, , 37-310, JELNA,22.3518669,50.2962689, 53.09090909090909, 990.7272727272727, 24.254545454545454,2.418181818181818,2.254545454545454, 2026-07-25 13:49:23
BRANŻOWA SZKOŁA I STOPNIA NR 3 W TARNOWSKICH GÓRACH, UL. HENRYKA SIENKIEWICZA, 42-600, TARNOWSKIE GÓRY,18.8608006,50.4472968, 46.975, 978.475, 22.974999999999998,2.541666666666666,2.816666666666666, 2026-07-25 13:49:23
PUBLICZNA SZKOŁA PODSTAWOWA W KRZESZOWIE GÓRNYM, , 37-413, KRZESZÓW GÓRNY,22.384137,50.419185, 55.75, 989.4250000000001, 22.241666666666664,3.2416666666666663,3.016666666666667, 2026-07-25 13:49:23
I LICEUM OGÓLNOKSZTAŁCĄCE Z ODDZIAŁAMI DWUJĘZYCZNYMI IM. POWSTAŃCÓW ŚLĄSKICH W RYBNIKU, UL. TADEUSZA KOŚCIUSZKI, 44-200, RYBNIK,18.5519661,50.097143, 32.06363636363636, 981.4, 28.363636363636363,3.372727272727273,3.027272727272727, 2026-07-25 13:49:23
SZKOŁA PODSTAWOWA Z ODDZIAŁAMI MISTRZOSTWA SPORTOWEGO NR 9 IM. ADAMA MICKIEWICZA W RYBNIKU, UL. CMENTARNA, 44-200, RYBNIK,18.541821,50.097862, 40.981818181818184, 982.6272727272727, 24.536363636363635,3.89090909090909,3.281818181818181, 2026-07-25 13:49:23
II LICEUM OGÓLNOKSZTAŁCĄCE IM. STANISŁAWA WYSPIAŃSKIEGO W BĘDZINIE, UL. TEATRALNA, 42-500, BĘDZIN,19.1387173,50.3262993, 37.97777777777778, 978.7222222222222, 25.41111111111111,3.055555555555555,2.488888888888889, 2026-07-25 13:49:23
SZKOŁA PODSTAWOWA NR 8 IM. KAWALERÓW ORDERU UŚMIECHU W ŚWIDNICY, UL. WAŁBRZYSKA, 58-100, ŚWIDNICA,16.4766735,50.8345375, 31.418181818181814, 979.3727272727273, 28.981818181818184,3.318181818181818,2.690909090909091, 2026-07-25 13:49:23
SZKOŁA PODSTAWOWA W WIADROWIE, , 59-411, WIADRÓW,16.177058,50.978719, 30.66923076923077, 981.1846153846153, 29.976923076923075,2.715384615384615,2.715384615384615, 2026-07-25 13:49:23
SZKOŁA PODSTAWOWA NR 30 W ZABRZU, UL. LUDWIKI WAWRZYŃSKIEJ, 41-813, ZABRZE,18.8038211,50.3787192, 33.49166666666667, 975.8166666666666, 26.766666666666666,2.608333333333333,2.341666666666666, 2026-07-25 13:49:23
SZKOŁA PODSTAWOWA NR 28 IM. MIŁOŚNIKÓW ROKITNICY W ZABRZU, UL. IRENY KOSMOWSKIEJ, 41-813, ZABRZE,18.6721773,50.293402, 39.90909090909091, 977.2636363636364, 25.50909090909091,2.136363636363636,1.7818181818181822, 2026-07-25 13:49:23
SZKOŁA PODSTAWOWA W BORECZNIE, , 14-230, BORECZNO,19.6819503,53.785392, 52.11666666666667, 994.2166666666667, 22.766666666666666,4.8,4.533333333333333, 2026-07-25 13:49:23
SZKOŁA PODSTAWOWA NR 3 IM. JANA KOCHANOWSKIEGO W TYCHACH, UL. WOJSKA POLSKIEGO, 43-100, TYCHY,18.967428851534244,50.13334989635492, 43.8125, 980.7625, 23.925,3.1625,3.0, 2026-07-25 13:49:23
SZKOŁA PODSTAWOWAW IM. HENRYKA SIENKIEWICZA W KOŚCIELCU, , 59-223, KOŚCIELEC,16.13685,51.14836, 31.254545454545454, 988.2363636363636, 26.645454545454548,3.281818181818181,2.772727272727273, 2026-07-25 13:49:23
SZKOŁA PODSTAWOWA Z ODDZIAŁAMI INTEGRACYJNYMI NR 34 IM. IRENY SENDLEROWEJ W RYBNIKU, UL. WŁADYSŁAWA STANISŁAWA REYMONTA, 44-200, RYBNIK,18.52614,50.09058, 35.05833333333333, 980.3000000000001, 28.291666666666668,3.591666666666667,3.058333333333333, 2026-07-25 13:49:23
SZKOŁA PODSTAWOWA NR 1 IM. STANISŁAWY ŁAKOMIK W CZELADZI, UL. WŁADYSŁAWA REYMONTA, 41-250, CZELADŹ,19.073488,50.3091799, 35.199999999999996, 979.5727272727272, 27.481818181818184,2.8,2.318181818181818, 2026-07-25 13:49:23
SZKOŁA PODSTAWOWA NR 2 IM. JANA PAWŁA II W ŚWIERADOWIE-ZDROJU, UL. SANATORYJNA, 59-850, ŚWIERADÓW-ZDRÓJ,15.3071925,50.9269757, 42.675, 955.6625, 25.2875,3.825,3.4625, 2026-07-25 13:49:23
TECHNIKUM NR 2 W ZESPOLE SZKÓŁ BUDOWLANYCH IM. GENERAŁA STANISŁAWA MACZKA W BIELSKU-BIAŁEJ, UL. BUDOWLANYCH, 43-300, BIELSKO-BIAŁA,19.0578358,49.7952988, 38.333333333333336, 975.7222222222222, 28.333333333333332,2.577777777777777,2.266666666666666, 2026-07-25 13:49:23
SZKOŁA PODSTAWOWA NR 6 SPECJALNA IM. PROF. MARII GRZEGORZEWSKIEJ W CZELADZI, UL. SZPITALNA, 41-250, CZELADŹ,19.0754521,50.3289091, 35.345454545454544, 977.6090909090909, 27.08181818181818,2.427272727272727,2.209090909090909, 2026-07-25 13:49:23
SAMORZĄDOWA SZKOŁA PODSTAWOWA IM. STEFANA BATOREGO W LIWIE , UL. KS. K. R. LESZCZYŃSKIEGO, 07-100, LIW,21.9631846,52.3725265, 61.11538461538461, 997.4846153846154, 24.607692307692307,1.092307692307692,0.869230769230769, 2026-07-25 13:49:23
SZKOŁA PODSTAWOWA IM. HELENY MARUSARZÓWNY W ZĘBIE, UL. ŚW. ANNY, 34-521, ZĄB,19.9474975,49.3379768, 52.309090909090905, 963.1181818181819, 22.154545454545456,2.645454545454545,2.390909090909091, 2026-07-25 13:49:23
LICEUM OGÓLNOKSZTAŁACĄCE IM. PROF. ZBIGNIEWA RELIGI W GILOWICACH, UL. WOJCIECHA KORFANTEGO, 43-227, GILOWICE,19.3085572,49.7122409, 45.59090909090909, 984.2545454545453, 24.981818181818184,7.327272727272727,6.718181818181819, 2026-07-25 13:49:23
SZKOŁA PODSTAWOWA W CZERNICY, , 58-521, CZERNICA,17.2449367,51.0457859, 36.67777777777778, 971.1999999999999, 28.555555555555557,2.9,2.455555555555555, 2026-07-25 13:49:23
NIEPUBLICZNE LICEUM SZTUK PLASTYCZNYCH IM. ORLĄT LWOWSKICH W TYCHACH, UL. BUDOWLANYCH, 43-100, TYCHY,19.0200022,50.1218007, 43.13333333333333, 980.4888888888888, 23.48888888888889,2.655555555555555,2.233333333333333, 2026-07-25 13:49:23
LICEUM OGÓLNOKSZTAŁCĄCE IM. HENRYKA SIENKIEWICZA W BOBOWEJ, UL. DŁUGOSZOWSKICH, 38-350, BOBOWA,20.9509659,49.7102798, 36.38333333333333, 977.1166666666667, 26.849999999999998,2.449999999999999,2.066666666666667, 2026-07-25 13:49:23
SZKOŁA PODSTAWOWA NR 1 IM. JANA III SOBIESKIEGO W LIBIĄŻU, UL. SZKOLNA, 32-590, LIBIĄŻ,19.3286373,50.1013661, 51.86363636363637, 979.8818181818183, 22.400000000000002,90.33636363636364,89.33636363636364, 2026-07-25 13:49:23
TECHNIKUM NR 2 W ZESPOLE SZKÓŁ NR 2 IM.ŚW.JADWIGI KRÓLOWEJ W ANDRYCHOWIE , UL. STEFANA BATOREGO, 34-120, ANDRYCHÓW,19.3412842,49.8548934, 48.05833333333334, 972.6999999999999, 23.691666666666666,3.208333333333333,2.641666666666666, 2026-07-25 13:49:23
SZKOŁA PODSTAWOWA NR 7 IM. KS. STANISŁAWA STASZICA W JAROSŁAWIU, UL. DOLNOLEŻAJSKA, 37-500, JAROSŁAW,22.680698,50.044337, 42.77272727272727, 988.7545454545453, 26.363636363636363,2.954545454545454,2.627272727272727, 2026-07-25 13:49:23
SZKOŁA PODSTAWOWA W UŚCIU GORLICKIM, , 38-315, UŚCIE GORLICKIE,21.1384131,49.5218473, 42.03636363636363, 967.2545454545453, 26.318181818181817,2.872727272727273,2.627272727272727, 2026-07-25 13:49:23
SZKOŁA PODSTAWOWA IM.MARSZAŁKA JÓZEFA PIŁSUDSKIEGO W GĄSKACH, , 19-400, GĄSKI,15.921626,54.236797, 53.315384615384616, 990.8846153846154, 23.46153846153846,2.476923076923077,2.161538461538461, 2026-07-25 13:49:23
II LICEUM OGÓLNOKSZTAŁCĄCE Z DODATKOWĄ NAUKĄ JĘZYKA BIAŁORUSKIEGO W HAJNÓWCE, UL. MARSZAŁKA JÓZEFA PIŁSUDSKIEGO, 17-200, HAJNÓWKA,23.592226,52.735871, 35.53636363636363, 991.6636363636363, 26.50909090909091,0.618181818181818,0.5181818181818181, 2026-07-25 13:49:23
TECHNIKUM W KĘTACH ZAKŁADU DOSKONALENIA ZAWODOWEGO W KATOWICACH, UL. ŻWIRKI I WIGURY, 32-650, KĘTY,19.2228003,49.8807299, 48.35454545454545, 979.6181818181817, 25.072727272727274,0.0,0.0, 2026-07-25 13:49:23
SPOŁECZNA SZKOŁA PODSTAWOWA Z ODDZIAŁAMI DWUJĘZYCZNYMI IM. JERZEGO KUKUCZKI W RYBNIKU, UL. ŚW. JÓZEFA, 44-217, RYBNIK,18.53180821106009,50.10136552503232, 39.41818181818182, 983.3454545454545, 24.236363636363638,3.554545454545454,3.309090909090909, 2026-07-25 13:49:23
SZKOŁA PODSTAWOWA NR 8 IM. WŁADYSŁAWA WEBERA W ZESPOLE SZKOLNO-PRZEDSZKOLNYM Z ODDZIAŁAMI INTEGRACYJNYMI NR 1 W RYBNIKU, UL. GLIWICKA, 44-207, RYBNIK,18.55022,50.12254, 33.88333333333333, 980.8249999999999, 28.558333333333334,3.375,3.05, 2026-07-25 13:49:23
SZKOŁA PODSTAWOWA NR 32 IM. ALFREDA SZKLARSKIEGO W RYBNIKU, UL. BORKI, 44-200, RYBNIK,18.5162417,50.1108233, 41.04545454545455, 982.2909090909092, 24.463636363636365,3.463636363636364,2.9454545454545453, 2026-07-25 13:49:23
TECHNIKUM NR 2 W RYBNIKU, UL. TADEUSZA KOŚCIUSZKI, 44-200, RYBNIK,18.5490429,50.0946384, 41.85454545454545, 981.8363636363637, 24.10909090909091,3.545454545454545,3.136363636363636, 2026-07-25 13:49:23
SZKOŁA PODSTAWOWA NR 1 IM. TADEUSZA KOŚCIUSZKI W NOWEJ SOLI, UL. SZKOLNA, 67-100, NOWA SÓL,15.71707,51.80344, 28.8, 1000.0909090909091, 28.163636363636364,4.054545454545455,3.509090909090909, 2026-07-25 13:49:23
SZKOŁA PODSTAWOWA IM. ZOFII KOSSAK W PIERŚĆCU, UL. JERZEGO TOMANKA, 43-430, PIERŚCIEC,18.8202885,49.8369, 36.42727272727273, 977.5818181818181, 28.436363636363637,2.363636363636363,1.945454545454545, 2026-07-25 13:49:23
SZKOŁA PODSTAWOWA Z ODDZIAŁAMI INTEGRACYJNYMI NR 1 IM. JANUSZA KORCZAKA W RYBNIKU, UL. BOLESŁAWA CHROBREGO, 44-200, RYBNIK,18.54937,50.09286, 33.07272727272727, 981.1272727272727, 27.527272727272727,3.163636363636363,2.854545454545454, 2026-07-25 13:49:23
SZKOŁA PODSTAWOWA IM. JANA PAWŁA II W PSARACH, UL. GŁÓWNA, 42-287, PSARY,19.1137897,50.3794553, 40.21666666666667, 972.9916666666667, 26.733333333333334,5.608333333333333,4.666666666666667, 2026-07-25 13:49:23
LICEUM OGÓLNOKSZTAŁCĄCE IM. GEN. WŁADYSŁAWA ANDERSA W ŻAGANIU, UL. GIMNAZJALNA, 68-100, ŻAGAŃ,15.3248642,51.6151339, 36.25833333333333, 994.975, 26.483333333333334,4.066666666666666,3.4666666666666672, 2026-07-25 13:49:23
SZKOŁA PODSTAWOWA NR 6 IM. JANUSZA KORCZAKA W ZAWIERCIU, UL. WIERZBOWA, 42-400, ZAWIERCIE,19.4166259,50.487743, 43.800000000000004, 971.7416666666667, 22.733333333333334,4.683333333333334,3.858333333333333, 2026-07-25 13:49:23
SZKOŁA PODSTAWOWA SPECJALNA W DOBRODZIENIU, UL. PIASTOWSKA, 46-380, DOBRODZIEŃ,18.44702463,50.72184475, 32.50833333333333, 982.2666666666668, 27.316666666666666,3.783333333333333,3.3, 2026-07-25 13:49:23
SZKOŁA PODSTAWOWA IM. JANA PAWŁA II W JONINACH, , 33-160, JONINY,21.1750307,49.8859362, 53.57272727272728, 1097.8, 26.50909090909091,2.472727272727272,2.090909090909091, 2026-07-25 13:49:23
SZKOŁA PODSTAWOWA NR 19 W RYBNIKU, UL. WŁOŚCIAŃSKA, 44-251, RYBNIK,18.62631,50.05483, 43.46363636363637, 979.4363636363636, 24.08181818181818,4.245454545454546,3.6545454545454543, 2026-07-25 13:49:23
ZESPÓŁ SZKÓŁ SAMORZĄDOWYCH W HOCZWI SZKOŁA PODSTAWOWA W HOCZWI, , 38-604, HOCZEW,22.3277466,49.4275648, 54.945454545454545, 972.8363636363637, 22.61818181818182,2.509090909090909,2.181818181818181, 2026-07-25 13:49:23
EUROPEJSKIE LICEUM SŁUŻB MUNDUROWYCH WE WROCŁAWIU, UL. KRUSZWICKA, 53-652, WROCŁAW-STARE MIASTO,17.00897301250473,51.11399445590569, 29.423076923076923, 994.2538461538461, 26.56153846153846,2.838461538461538,2.615384615384615, 2026-07-25 13:49:23
SZKOŁA PODSTAWOWA W NIEBIESZCZANACH, , 38-504, NIEBIESZCZANY,22.1593098,49.5008701, 47.40833333333333, 968.5749999999999, 23.40833333333333,2.758333333333333,2.508333333333333, 2026-07-25 13:49:23
SZKOŁA PODSTAWOWA IM. ŚWIĘTEGO ANDRZEJA BOBOLI W KOSTAROWCACH, , 38-507, KOSTAROWCE,22.1133372,49.5876781, 43.90909090909091, 975.2272727272727, 25.227272727272727,4.554545454545455,3.8, 2026-07-25 13:49:23
BRANŻOWA SZKOŁA I STOPNIA SPECJALNA W RYBNIKU, UL. STANISŁAWA MAŁACHOWSKIEGO, 44-251, RYBNIK,18.5866335,50.052555, 40.46363636363637, 979.9727272727273, 24.79090909090909,2.6999999999999997,2.436363636363636, 2026-07-25 13:49:23
TECHNIKUM LEŚNE W MILICZU, UL. KASZTELAŃSKA, 56-300, MILICZ,17.2664553,51.5302895, 34.91818181818182, 996.3090909090909, 25.363636363636363,4.136363636363637,3.545454545454545, 2026-07-25 13:49:23
LICEUM OGÓLNOKSZTAŁCĄCE SPECJALNE NR XXXII DLA UCZNIÓW NIEWIDOMYCH I SŁABOWIDZĄCYCH W DOLNOŚLĄSKIM SPECJLANYM OŚRODKU SZKOLNO-WYCHOWAWCZYM NR 13 DLA NIEWIDOMYCH I SŁABOWIDZĄCYCH WE WROCŁAWIU, UL. KAMIENNOGÓRSKA, 54-034, WROCŁAW-FABRYCZNA,16.89878269,51.13928491, 25.025000000000002, 995.2166666666667, 31.308333333333334,2.449999999999999,2.175, 2026-07-25 13:49:23
SZKOŁA PODSTAWOWA IM. WANDY KAWY I BRONISŁAWY KAWY W KOŚMIDRACH, UL. SZKOLNA, 42-772, KOŚMIDRY,18.5679671,50.6647589, 44.175, 983.25, 23.975,4.0,3.2375, 2026-07-25 13:49:23
SZKOŁA PODSTAWOWA NR 4 IM 21. WARSZAWSKIEGO PUŁKU PIECHOTY DZIECI WARSZAWY W CIECHANOWIE, UL. PŁOŃSKA, 06-400, CIECHANÓW,20.630814,52.8633337, 31.945454545454538, 995.1909090909091, 31.027272727272727,4.463636363636364,3.872727272727273, 2026-07-25 13:49:23
TECHNIKUM NR 1 IM. PROF. BOLESŁAWA KRUPIŃSKIEGO W LUBINIE, UL. TADEUSZA KOŚCIUSZKI, 59-300, LUBIN,16.208145,51.4014027, 28.483333333333334, 992.8166666666666, 28.275000000000002,3.616666666666666,3.083333333333333, 2026-07-25 13:49:23
SZKOŁA PODSTAWOWA NR 1 IM. MIKOŁAJA KOPERNIKA W GUBINIE, UL. RACŁAWICKA, 66-620, GUBIN,14.7284576,51.9489824, 27.2, 1001.3272727272728, 29.954545454545453,3.781818181818181,3.227272727272727, 2026-07-25 13:49:23
IV LICEUM OGÓLNOKSZTAŁCĄCE IM. KARD. STEFANA WYSZYŃSKIEGO W ZESPOLE SZKÓŁ NR 1 IM. JÓZEFA PIŁSUDSKIEGO W LIMANOWEJ , UL. WINCENTEGO WITOSA, 34-600, LIMANOWA,20.4080007,49.7185471, 31.0, 966.9, 28.045454545454547,2.0,1.818181818181818, 2026-07-25 13:49:23
MIEJSKA SZKOŁA PODSTAWOWA NR 3 W KNUROWIE, UL. FELIKSA MICHALSKIEGO, 44-193, KNURÓW,18.6452996,50.2109434, 43.654545454545456, 982.8454545454545, 25.063636363636363,4.090909090909091,3.427272727272727, 2026-07-25 13:49:23
TECHNIKUM NR 3 W SUWAŁKACH, UL. SEJNEŃSKA, 16-400, SUWAŁKI,22.94463,54.10127, 48.84166666666667, 988.5916666666667, 23.683333333333334,2.666666666666666,2.425, 2026-07-25 13:49:23
SZKOŁA PODSTAWOWA W JUDZIKACH, , 19-400, JUDZIKI,22.5106122,54.1146732, 52.13636363636363, 988.1909090909091, 23.981818181818184,2.209090909090909,1.945454545454545, 2026-07-25 13:49:23
SZKOŁA PODSTAWOWA IM. KONSTYTUCJI 3 MAJA W JAŚWIŁACH, , 19-124, JAŚWIŁY,22.9430109,53.477615, 53.375, 988.6999999999999, 22.866666666666664,2.75,2.458333333333333, 2026-07-25 13:49:23
PUBLICZNA SZKOŁA PODSTAWOWA W KOCHCICACH, UL. PARKOWA, 42-283, KOCHCICE,18.6821575,50.7082443, 41.17272727272727, 977.9727272727273, 24.845454545454547,3.6545454545454543,2.963636363636364, 2026-07-25 13:49:23
SZKOŁA PODSTAWOWA IM.JANA KOCHANOWSKIEGO W SZÓWSKU, UL. LUBELSKA, 37-522, SZÓWSKO,22.71025118407593,50.04758822852888, 40.481818181818184, 989.9090909090909, 27.19090909090909,5.172727272727273,4.463636363636364, 2026-07-25 13:49:23
ZESPÓŁ SZKÓŁ SPECJALNYCH SZKOŁA PODSTAWOWA SPECJALNA NR 6 W WADOWICACH, UL. ZEGADŁOWICZA, 34-100, WADOWICE,19.4939579,49.8827856, 39.06666666666667, 980.8583333333332, 25.675,2.9499999999999997,2.683333333333333, 2026-07-25 13:49:23
SZKOŁA PODSTAWOWA Z ODDZIAŁEM PRZEDSZKOLNYM W POSKWITOWIE, POSKWITÓW, 32-095, POSKWITÓW (WIEŚ),20.0004568,50.2236024, 40.53636363636363, 979.9363636363636, 23.7,5.009090909090909,4.745454545454546, 2026-07-25 13:49:23
SZKOŁA PODSTAWOWA IM.BOHATERÓW WRZEŚNIA 1939R.W JORDANOWIE, UL. KOLEJOWA, 34-240, JORDANÓW,19.829654,49.6477513, 36.733333333333334, 956.0, 25.391666666666666,2.791666666666666,2.416666666666666, 2026-07-25 13:49:23
SZKOŁA PODSTAWOWA IM. B.CHROBREGO W RYBARZOWICACH, UL. BESKIDZKA, 43-378, RYBARZOWICE,19.1030526,49.7294784, 38.89090909090909, 962.7363636363636, 26.063636363636363,2.472727272727272,1.972727272727272, 2026-07-25 13:49:23
AKADEMICKI ZESPÓŁ PLACÓWEK OŚWIATOWYCH SZKOŁA PODSTAWOWA W FIJEWIE, , 14-260, FIJEWO,19.7542438,53.4991344, 46.127272727272725, 991.4, 23.972727272727273,5.181818181818182,4.445454545454545, 2026-07-25 13:49:23
SZKOŁA PODSTAWOWA IM. LOTNIKÓW POLSKICH W PŁOCICZNIE-TARTAK, , 16-402, PŁOCICZNO-TARTAK,22.983029328835254,54.02273741338736, 47.65833333333333, 990.3166666666666, 24.666666666666668,2.975,2.65, 2026-07-25 13:49:23
SZKOŁA PODSTAWOWA IM. JULIUSZA SŁOWACKIEGO W HERBACH, UL. KATOWICKA, 42-284, HERBY,18.880949,50.743272, 51.28333333333333, 978.8000000000001, 23.55,3.074999999999999,2.791666666666666, 2026-07-25 13:49:23
SZKOŁA PODSTAWOWA W DĄBROWIE, UL. PARKOWA, 46-112, DĄBROWA,17.799011,50.9711671, 38.42727272727273, 991.5454545454545, 25.70909090909091,2.918181818181818,2.918181818181818, 2026-07-25 13:49:23
SZKOŁA PODSTAWOWA IM. WOŁYŃSKIEJ BRYGADY KAWALERII W MIEDŹNIE, UL. SZKOLNA, 42-120, MIEDŹNO,18.9868811,50.9680679, 44.6, 983.9888888888888, 23.855555555555554,4.388888888888889,3.633333333333333, 2026-07-25 13:49:23
TECHNIKUM NR 1 W TARNOWSKICH GÓRACH, UL. OPOLSKA, 42-600, TARNOWSKIE GÓRY,18.849052,50.446684, 43.07272727272727, 974.6181818181817, 24.281818181818185,4.0,3.218181818181818, 2026-07-25 13:49:23
SZKOŁA PODSTAWOWA NR 3 IM. JANA HEMPLA W WYSZKOWIE, UL. STEFANA BATOREGO, 07-201, WYSZKÓW,21.458395,52.5928523, 43.34615384615385, 998.4769230769232, 26.43076923076923,3.315384615384615,2.976923076923077, 2026-07-25 13:49:23
SZKOŁA PODSTAWOWA W KRÓLEWIE, , 09-131, KRÓLEWO,20.5648353,52.6353613, 45.43333333333333, 998.0666666666667, 25.133333333333333,4.733333333333333,4.144444444444444, 2026-07-25 13:49:23
SPOŁECZNA SZKOŁA PODSTAWOWA Z ODDZIAŁEM PRZEDSZKOLNYM W ZAŁUŻU, , 37-600, ZAŁUŻE,23.170994,50.1994769, 57.31818181818182, 984.0818181818181, 24.154545454545453,3.8636363636363633,3.39090909090909, 2026-07-25 13:49:23
SZKOŁA PODSTAWOWA IM. JANA PAWŁA II W LUBATOWEJ, , 38-440, LUBATOWA,21.76125,49.5404048, 55.10909090909092, 964.1545454545455, 24.345454545454547,3.1,2.618181818181818, 2026-07-25 13:49:23
TECHNIKUM W SEJNACH, UL. KONARSKIEGO, 16-500, SEJNY,23.33861373,54.10713149, 50.85454545454545, 994.1727272727272, 24.927272727272726,2.199999999999999,1.927272727272727, 2026-07-25 13:49:23
SZKOŁA PODSTAWOWA NR 2 W ROPCZYCACH, UL. ROBOTNICZA, 39-100, ROPCZYCE,21.5863232,50.0775233, 41.86363636363637, 986.0181818181819, 24.672727272727272,3.036363636363636,2.554545454545454, 2026-07-25 13:49:23
SZKOŁA PODSTAWOWA IM. C.K. NORWIDA W DĄBRÓWCE, UL. TADEUSZA KOŚCIUSZKI, 05-252, DĄBRÓWKA,21.2966041,52.4866867, 36.375, 997.9416666666666, 28.391666666666666,4.341666666666667,3.741666666666666, 2026-07-25 13:49:23
SZKOŁA PODSTAWOWA W PILCHOWICACH, UL. SZKOLNA, 44-145, PILCHOWICE,18.55892249999911,50.21769552978952, 48.06666666666666, 985.3916666666668, 24.058333333333334,3.225,2.466666666666666, 2026-07-25 13:49:23
SZKOŁA PODSTAWOWA W ROGOWICACH, , 26-080, ROGOWICE,20.558991380964468,51.03562685582885, 54.6875, 978.9125, 22.45,230.7625,206.8375, 2026-07-25 13:49:23
SZKOŁA PODSTAWOWA W SIDRZE, UL. SZKOLNA, 16-124, SIDRA,23.4487107,53.5532039, 34.72727272727273, 992.5636363636364, 27.79090909090909,1.7636363636363632,1.554545454545454, 2026-07-25 13:49:23
SZKOŁA PODSTAWOWA W KUŹNICY, UL. JAGIELLOŃSKA, 16-123, KUŹNICA,23.6492992,53.5106708, 40.56666666666667, 990.9, 23.875,1.758333333333333,1.525, 2026-07-25 13:49:23
SZKOŁA PODSTAWOWA IM. MARII KONOPNICKIEJ W OPATOWIE, UL. SZKOLNA, 42-152, OPATÓW,18.8226827,50.9545445, 32.333333333333336, 981.4, 29.599999999999998,3.1,2.5, 2026-07-25 13:49:23
SZKOŁA PODSTAWOWA IM. JÓZEFA LOMPY W LUBSZY, UL. SZKOLNA, 42-287, LUBSZA,18.9962539,50.6125221, 50.90909090909091, 971.5181818181819, 21.927272727272726,5.781818181818182,5.109090909090909, 2026-07-25 13:49:23
ZESPÓŁ SZKÓŁ SPECJALNYCH NR 102 W WARSZAWIE, UL. DERKACZY, 04-963, WARSZAWA,21.20527549,52.16464066, 48.4, 998.3363636363637, 24.20909090909091,3.209090909090909,2.8, 2026-07-25 13:49:23
BRANŻOWA SZKOŁA I STOPNIA IM. KPT. STEFANA POGONOWSKIEGO W RADZYMINIE, UL. KOMUNALNA, 05-250, RADZYMIN,21.1891905,52.4148957, 43.5, 1000.1363636363636, 27.6,4.818181818181818,4.136363636363637, 2026-07-25 13:49:23
PUBLICZNA SZKOŁA PODSTAWOWA NR 5 IM.MARII DĄBROWSKIEJ W RADOMIU, UL. GEN. JÓZEFA SOWIŃSKIEGO, 26-600, RADOM,21.1619916,51.41283841, 33.775, 990.2333333333332, 29.525000000000002,2.475,2.05, 2026-07-25 13:49:23
SZKOŁA PODSTAWOWA W POĆKUNACH, , 16-500, POĆKUNY,23.4302158,54.0869616, 45.18181818181818, 990.8272727272728, 24.59090909090909,2.245454545454545,2.036363636363636, 2026-07-25 13:49:23
SZKOŁA PODSTAWOWA IM. ŚWIĘTEJ KRÓLOWEJ JADWIGI W DYDNI, , 36-204, DYDNIA,22.1746713,49.6854658, 51.53636363636363, 978.1090909090909, 22.827272727272728,2.590909090909091,2.209090909090909, 2026-07-25 13:49:23
LICEUM OGÓLNOKSZTAŁCĄCE IM. ROMANA CZERNECKIEGO W SZCZEKOCINACH, UL. SPACEROWA, 42-445, SZCZEKOCINY,19.823275,50.619208, 40.9875, 979.4875, 26.725,4.0625,3.4, 2026-07-25 13:49:23
ZESPÓŁ SZKOLNO-PRZEDSZKOLNY W SIERAKOWIE ŚLĄSKIM-SZKOŁA PODSTAWOWA W SIERAKOWIE ŚLĄSKIM, UL. SZKOLNA, 42-793, SIERAKÓW ŚLĄSKI,18.577074,50.8012616, 37.74444444444444, 981.1555555555556, 28.833333333333332,3.7222222222222223,2.988888888888889, 2026-07-25 13:49:23
SZKOŁA PODSTAWOWA NR 20 IM. GEN. WŁADYSŁAWA SIKORSKIEGO W BIAŁYMSTOKU, UL. LEŚNA, 15-559, BIAŁYSTOK,23.20856832883596,53.11937961459712, 48.190909090909095, 992.2363636363636, 23.754545454545454,2.590909090909091,2.254545454545454, 2026-07-25 13:49:23
SZKOŁA PODSTAWOWA IM. EDWARDA SZYMAŃSKIEGO W STOCZKU, UL. WĘGROWSKA, 07-104, STOCZEK,21.9001015,52.5429093, 43.975, 994.4583333333334, 26.858333333333334,3.3,2.808333333333333, 2026-07-25 13:49:23
TECHNIKUM NR 5 W ZABRZU W ZESPOLE SZKÓŁ SPOŻYWCZYCH IM. DR BRONISŁAWA HAGERA W ZABRZU, UL. FRANCISZKAŃSKA, 41-819, ZABRZE,18.768076,50.3132502, 43.654545454545456, 981.9090909090909, 24.645454545454548,3.345454545454545,2.790909090909091, 2026-07-25 13:49:23
SZKOŁA PODSTAWOWA W KOPIENICY, UL. 1 MAJA, 42-674, KOPIENICA,18.6504282,50.4496034, 47.42857142857143, 979.5714285714286, 25.014285714285716,4.242857142857143,3.542857142857143, 2026-07-25 13:49:23
SZKOŁA PODSTAWOWA W GROMADCE, UL. GEN. WŁ. SIKORSKIEGO, 59-706, GROMADKA,15.76266314,51.35525115, 43.666666666666664, 993.7666666666668, 24.69333333333333,0.3,0.18, 2026-07-25 13:49:23
SZKOŁA PODSTAWOWA NR 13 IM. ORLĄT LWOWSKICH W SZCZECINIE, UL. BAŁTYCKA, 70-880, SZCZECIN,14.7642087,53.38566007, 42.699999999999996, 1004.7333333333332, 26.03333333333333,5.033333333333333,4.25, 2026-07-25 13:49:23
BRANŻOWA SZKOŁA I STOPNIA SPECJALNA NR 1 W GOLENIOWIE, UL. NIEPODLEGŁOŚCI, 72-100, GOLENIÓW,14.8193,53.570509, 37.63333333333333, 1004.8083333333334, 28.883333333333336,3.058333333333333,2.783333333333333, 2026-07-25 13:49:23
SZKOŁA PODSTAWOWA NR 3 IM.ŻOŁNIERZA POLSKIEGO UL.CZWARTAKÓW 2 W ZŁOCIEŃCU, UL. CZWARTAKÓW, 78-524, ZŁOCIENIEC,16.048539,53.541936, 48.74166666666667, 992.4, 23.125,5.75,5.158333333333333, 2026-07-25 13:49:23
SZKOŁA PODSTAWOWA IM. KRZYSZTOFA KAMILA BACZYŃSKIEGO W IŃSKU, UL. POPRZECZNA, 73-140, IŃSKO,15.55039,53.43606, 40.800000000000004, 991.5833333333334, 25.7,5.541666666666667,5.266666666666667, 2026-07-25 13:49:23
PUBLICZNA SZKOŁA PODSTAWOWA NR 3 IM. MIKOŁAJA KOPERNIKA W BRZESKU, UL. LEGIONÓW PIŁSUDSKIEGO, 32-800, BRZESKO,20.612038,49.97275, 40.949999999999996, 985.0166666666668, 23.566666666666666,2.158333333333333,1.9, 2026-07-25 13:49:23
TECHNIKUM W KADZIDLE, UL. SŁONECZNA, 07-420, KADZIDŁO,21.464272,53.23041, 54.13333333333333, 998.3249999999999, 25.53333333333333,2.941666666666666,2.658333333333333, 2026-07-25 13:49:23
LICEUM OGÓLNOKSZTAŁCĄCE W ZESPOLE SZKÓŁ W RÓŻANIE, UL. WARSZAWSKA, 06-320, RÓŻAN,21.391333,52.88777, 44.4, 994.9583333333334, 25.75,3.691666666666666,3.158333333333333, 2026-07-25 13:49:23
III LICEUM OGÓLNOKSZTAŁCĄCE W PABIANICACH, UL. GDAŃSKA, 95-200, PABIANICE,19.36155263,51.66500025, 41.8, 988.6999999999999, 25.944444444444443,3.255555555555555,2.7222222222222223, 2026-07-25 13:49:23
SZKOŁA PODSTAWOWA IM. MIKOŁAJA KOPERNIKA W MIKOŁAJOWICACH, , 33-121, MIKOŁAJOWICE,20.869079,49.979718, 33.309090909090905, 988.2636363636364, 28.00909090909091,2.836363636363636,2.581818181818181, 2026-07-25 13:49:23
SZKOŁA PODSTAWOWA IM. FRYDERYKA CHOPINA W BUDKACH PIASECKICH, , 96-516, BUDKI PIASECKIE,20.33231767,52.19724553, 41.74166666666667, 998.0833333333334, 26.275000000000002,3.616666666666666,3.066666666666666, 2026-07-25 13:49:23
BRANŻOWA SZKOŁA I STOPNIA W SOCHACZEWIE, UL. MARSZAŁKA JÓZEFA PIŁSUDSKIEGO, 96-500, SOCHACZEW,20.24313864,52.21990386, 36.32727272727273, 999.0363636363636, 28.20909090909091,4.390909090909091,3.945454545454545, 2026-07-25 13:49:23
SZKOŁA PODSTAWOWA W GNIECHOWICACH, UL. SZKOLNA, 55-080, GNIECHOWICE,16.832592,50.990853, 28.842857142857145, 991.5714285714286, 28.642857142857142,2.9571428571428573,2.6428571428571432, 2026-07-25 13:49:23
SZKOŁA PODSTAWOWA IM. POWSTAŃCÓW STYCZNIOWYCH W KRUSZYNIE, UL. POCZTOWA, 42-282, KRUSZYNA,19.27871369,50.96725877, 42.2, 982.3818181818183, 26.036363636363635,3.363636363636363,2.790909090909091, 2026-07-25 13:49:23
SZKOŁA PODSTAWOWA NR 36 IM. JOHNA BAILDONA W GLIWICACH, UL. ROBOTNICZA, 44-100, GLIWICE,18.68979652,50.28995971, 35.044444444444444, 984.0, 28.700000000000003,2.7111111111111112,2.277777777777777, 2026-07-25 13:49:23
BRANŻOWA SZKOŁA SPECJALNA I STOPNIA W ŁĘCZYCY, UL. KALISKA, 99-100, ŁĘCZYCA,19.19969,52.05959, 45.94166666666666, 996.5666666666666, 24.708333333333332,3.991666666666666,3.333333333333333, 2026-07-25 13:49:23
SZKOŁA PODSTAWOWA NR 1 IM. KRÓLOWEJ JADWIGI W KONSTANTYNOWIE ŁÓDZKIM, UL. ŁÓDZKA, 95-050, KONSTANTYNÓW ŁÓDZKI,19.354178,51.748192, 48.31666666666666, 989.9833333333332, 24.650000000000002,2.666666666666666,2.666666666666666, 2026-07-25 13:49:23
SZKOŁA PODSTAWOWA W SŁOWIKU W ZESPOLE SZKOLNO-PRZEDSZKOLNYM W SŁOWIKU, UL. PODLASKA, 42-263, SŁOWIK,19.1785632,50.7475999, 45.7, 980.1750000000001, 24.3,3.825,3.1, 2026-07-25 13:49:23
BRANŻOWA SZKOŁA I STOPNIA NR 1 W ZESPOLE SZKÓŁ TECHNICZNYCH I PLACÓWEK IM. STANISŁAWA STASZICA W NOWYM TARGU, UL. WOJSKA POLSKIEGO, 34-400, NOWY TARG,20.025719,49.472942, 42.96666666666667, 942.1083333333335, 21.599999999999998,2.199999999999999,1.9083333333333328, 2026-07-25 13:49:23
SZKOŁA PODSTAWOWA NR 7 IM. HUGONA KOŁŁĄTAJA W BIAŁYMSTOKU, UL. WIATRAKOWA, 15-827, BIAŁYSTOK,23.14176339,53.14087454, 53.14166666666667, 992.5916666666667, 22.891666666666666,2.2,1.816666666666666, 2026-07-25 13:49:23
TECHNIKUM W ZESPOLE SZKÓŁ W DOWSPUDZIE, , 16-420, DOWSPUDA,22.802537,53.978353, 50.63076923076923, 990.0769230769231, 24.23076923076923,3.353846153846154,2.984615384615384, 2026-07-25 13:49:23
SZKOŁA PODSTAWOWA NR 85 IM. KS. KAZIMIERZA JANCARZA W KRAKOWIE, OS. OSIEDLE ZŁOTEGO WIEKU, 31-615, KRAKÓW-NOWA HUTA,20.000041997569085,50.09770523236809, 43.56363636363636, 980.0090909090909, 23.40909090909091,2.954545454545454,2.481818181818182, 2026-07-25 13:49:23
RZEMIEŚLNICZA BRANŻOWA SZKOŁA I STOPNIA MAŁOPOLSKIEJ IZBY RZEMIOSŁA I PRZEDSIĘBIORCZOŚCI W KRAKOWIE, UL. RZEŹNICZA, 31-540, KRAKÓW-ŚRÓDMIEŚCIE,20.0454464,50.0758688, 41.00909090909091, 986.2272727272727, 23.30909090909091,2.927272727272727,2.4, 2026-07-25 13:49:23
SZKOŁA PODSTAWOWA SPECJALNA NR 38 W ZABRZU, UL. KS. KONSTANTEGO DAMROTA, 41-800, ZABRZE,18.7678691,50.3004748, 51.23636363636364, 981.7, 24.818181818181817,3.372727272727273,2.818181818181818, 2026-07-25 13:49:23
SZKOŁA PODSTAWOWA W JUGOWIE, UL. GŁÓWNA, 57-430, JUGÓW,16.517636,50.6269273, 31.075, 955.3833333333333, 27.55,3.208333333333333,2.725, 2026-07-25 13:49:23
SZKOŁA PODSTAWOWA IM. MIKOŁAJA KOPERNIKA W OSTROSZOWICACH, UL. BIELAWSKA, 58-262, OSTROSZOWICE,16.639145,50.6466927, 31.385714285714283, 965.3571428571429, 26.571428571428573,2.814285714285714,2.4, 2026-07-25 13:49:23
PAŃSTWOWA SZKOŁA MUZYCZNA I ST. W ZGORZELCU, UL. MARIANA LANGIEWICZA, 59-900, ZGORZELEC,15.0098556,51.15037275, 32.31, 982.0899999999999, 28.26,1.78,1.53, 2026-07-25 13:49:23
LICEUM OGÓLNOKSZTAŁCĄCE COGITO Z ODDZIAŁAMI DWUJĘZYCZNYMI W ZGORZELCU, UL. MARSZ. JÓZEFA PIŁSUDSKIEGO, 59-900, ZGORZELEC,15.004683,51.13437552, 32.24166666666667, 985.1583333333333, 29.516666666666666,2.858333333333333,2.558333333333333, 2026-07-25 13:49:23
BRANŻOWA SZKOŁA I STOPNIA NR 1 IM. HIPOLITA CEGIELSKIEGO W ZŁOTOWIE, UL. NORWIDA, 77-400, ZŁOTÓW,17.043408,53.358096, 36.336363636363636, 1007.0818181818181, 27.681818181818183,5.136363636363637,4.645454545454545, 2026-07-25 13:49:23
SZKOŁA PODSTAWOWA NR 2 W MILICZU, UL. MIKOŁAJA KOPERNIKA, 56-300, MILICZ,17.2632671,51.52472079301254, 28.941666666666666, 995.8666666666667, 28.875,4.116666666666666,3.5, 2026-07-25 13:49:23
TECHNIKUM W ZESPOLE SZKÓŁ TECHNICZNYCH MECHANIK W JELENIEJ GÓRZE, UL. OBROŃCÓW POKOJU, 58-500, JELENIA GÓRA,15.7290772,50.9069298, 25.454545454545453, 970.0545454545455, 30.554545454545462,3.009090909090909,2.5727272727272723, 2026-07-25 13:49:23
KATOLICKA SZKOŁA PODSTAWOWA IM. ŚW. JANA APOSTOŁA I EWANGELISTY W OLEŚNICY, UL. PÓŁNOCNA, 56-400, OLEŚNICA,17.3898504,51.2134346, 39.125, 992.8249999999999, 27.291666666666668,2.533333333333333,2.199999999999999, 2026-07-25 13:49:23
SZKOŁA PODSTAWOWA W PAROWEJ, , 59-724, PAROWA,15.2803958,51.36334255, 26.80909090909091, 988.7818181818183, 29.263636363636362,2.890909090909091,2.381818181818182, 2026-07-25 13:49:23
PUBLICZNA SZKOŁA PODSTAWOWA IM. BRONISŁAWA KORASZEWSKIEGO W PRÓSZKOWIE, UL. SZKOLNA, 46-060, PRÓSZKÓW,17.873774880949654,50.577995243024674, 34.044444444444444, 987.6444444444444, 25.922222222222224,3.655555555555555,3.111111111111111, 2026-07-25 13:49:23
TECHNIKUM NR 5 W ZAWIERCIU, UL. PARKOWA, 42-400, ZAWIERCIE,19.4338741,50.4929809, 39.1, 970.7636363636364, 24.79090909090909,4.163636363636363,3.727272727272727, 2026-07-25 13:49:23
PUBLICZNA SZKOŁA PODSTAWOWA STANISZCZE WIELKIE-KOLONOWSKIE 3, UL. JANA PAWŁA II, 47-113, KOLONOWSKIE,18.35300127116459,50.662892819423945, 39.48333333333333, 989.6083333333332, 27.75,3.166666666666666,2.941666666666666, 2026-07-25 13:49:23
PUBLICZNA SZKOŁA PODSTAWOWA NR 17 IM. JANA KOCHANOWSKIEGO W RADOMIU, UL. CZARNOLESKA, 26-600, RADOM,21.1308802,51.3713463, 43.725, 990.1125000000001, 25.125,2.7,2.15, 2026-07-25 13:49:23
SZKOŁA PODSTAWOWA W WIERZCHOWIE, , 78-411, WIERZCHOWO,16.0968376,53.4559625, 49.42727272727273, 989.1181818181817, 23.863636363636363,6.163636363636363,5.463636363636364, 2026-07-25 13:49:23
SZKOŁA PODSTAWOWA IM. JANA BRZECHWY W KŁODZINIE, , 74-210, KŁODZINO,15.106625,53.109389, 31.583333333333332, 1000.0666666666666, 29.583333333333332,4.25,3.816666666666666, 2026-07-25 13:49:23
SZKOŁA PODSTAWOWA IM. STANISŁAWA WYSPIAŃSKIEGO W FILIPOWICACH, , 32-065, FILIPOWICE,19.5674615,50.1510153, 41.39090909090909, 974.5272727272727, 23.918181818181814,2.890909090909091,2.618181818181818, 2026-07-25 13:49:23
II LICEUM OGÓLNOKSZTAŁCĄCE IM. JANA KASPROWICZA W KUTNIE, UL. OKRZEI, 99-300, KUTNO,19.34721901,52.23517579, 45.127272727272725, 996.0727272727272, 25.00909090909091,4.1,3.409090909090909, 2026-07-25 13:49:23
SZKOŁA PODSTAWOWA W BRUDNOWIE, , 87-731, BRUDNOWO,18.8099861,52.8109379, 46.6, 997.5083333333333, 25.241666666666664,4.008333333333334,3.4, 2026-07-25 13:49:23
SZKOŁA PODSTAWOWA IM. KOMISJI EDUKACJI NARODOWEJ W RACIĄŻKU, UL. SZKOLNA, 87-721, RACIĄŻEK,18.8133859,52.856485, 46.6875, 997.625, 24.3125,5.0125,4.275, 2026-07-25 13:49:23
SZKOŁA PODSTAWOWA IM. CZESŁAWA HIŃCAW ROGOZINIE, UL. MAZOWIECKA, 09-442, ROGOZINO,19.8050343,52.5668522, 38.225, 1013.8416666666667, 26.333333333333332,3.8249999999999993,3.191666666666666, 2026-07-25 13:49:23
SZKOŁA PODSTAWOWA IM. TADEUSZA KOŚCIUSZKI W GASZOWICACH, UL. RYDUŁTOWSKA, 44-293, GASZOWICE,18.4281481,50.1081405, 44.26363636363636, 980.5909090909091, 25.627272727272725,3.672727272727272,3.154545454545454, 2026-07-25 13:49:23
SZKOŁA PODSTAWOWA IM. WINCENTEGO WOŹNIAKA W CZYŻOWICACH, UL. WODZISŁAWSKA, 44-352, CZYŻOWICE,18.404863,49.98451, 43.18181818181818, 981.0272727272727, 26.2,2.854545454545454,2.427272727272727, 2026-07-25 13:49:23
SZKOŁA PODSTAWOWA NR 2 W RYDUŁTOWACH, UL. RACIBORSKA, 44-280, RYDUŁTOWY,18.429921,50.0757421, 48.28181818181818, 976.6909090909091, 23.818181818181817,3.536363636363636,3.081818181818181, 2026-07-25 13:49:23
SZKOŁA PODSTAWOWA IM. KS. KONSTANTEGO DAMROTA W ZESPOLE SZKOLNO-PRZEDSZKOLNYM W ZWONOWICACH, UL. SUMIŃSKA, 44-292, ZWONOWICE,18.4378208,50.1433165, 39.445454545454545, 979.5818181818181, 28.236363636363638,2.563636363636363,2.154545454545454, 2026-07-25 13:49:23
SZKOŁA PODSTAWOWA NR 7 IM. POWSTAŃCÓW ŚLĄSKICH W TYCHACH, UL. LWA TOŁSTOJA, 43-100, TYCHY,18.99160757,50.10091564, 41.269999999999996, 980.4100000000001, 23.96,2.64,2.21, 2026-07-25 13:49:23
SPOŁECZNA SZKOŁA PODSTAWOWA SPOŁECZNEGO TOWARZYSTWA OŚWIATOWEGO W BYTOMIU, UL. SKRAJNA, 41-907, BYTOM,18.90117439,50.33890828, 36.50833333333333, 978.375, 26.849999999999998,2.666666666666666,2.183333333333333, 2026-07-25 13:49:23
SZKOŁA PODSTAWOWA IM.JANA PAWŁA II W KONARACH, UL. SZKOLNA, 42-270, KONARY,19.40616951,50.9175298, 47.9625, 983.725, 23.825,4.3125,3.4625, 2026-07-25 13:49:23
SZKOŁA PODSTAWOWA Z ODDZIAŁAMI INTEGRACYJNYMI NR 11 IM. BOLESŁAWA CHROBREGO W PŁOCKU, UL. JANA KOCHANOWSKIEGO, 09-402, PŁOCK,19.69874,52.5520801, 40.981818181818184, 997.1818181818181, 26.045454545454547,4.154545454545454,3.563636363636364, 2026-07-25 13:49:23
LICEUM OGÓLNOKSZTAŁCĄCE Z ODDZIAŁAMI DWUJĘZYCZNYMI IM. TADEUSZA KOŚCIUSZKI W GOSTYNINIE, UL. 3 MAJA, 09-500, GOSTYNIN,19.4606299,52.4262601, 39.36363636363637, 998.1090909090909, 25.80909090909091,4.436363636363636,3.945454545454545, 2026-07-25 13:49:23
SZKOŁA PODSTAWOWA IM. JANA BRZECHWY W PAPROTNI, UL. ZIELONA, 62-513, PAPROTNIA,18.4210458,52.1744156, 35.699999999999996, 997.9083333333333, 27.275000000000002,3.35,2.9, 2026-07-25 13:49:23
SZKOŁA PODSTAWOWA IM. 6 PUŁKU PIECHOTY W STARYM BRONISZEWIE, UL. KWIATOWA, 42-231, STARY BRONISZEW,19.16268476,50.98367124, 37.74444444444444, 983.9555555555556, 27.11111111111111,3.5666666666666678,2.8888888888888893, 2026-07-25 13:49:23
SZKOŁA PODSTAWOWA IM. BŁOGOSŁAWIONEJ KAROLINY KÓZKÓWNY W ROZDZIELU, , 32-731, ROZDZIELE,20.44490879,49.78856719, 40.61818181818182, 955.1, 22.09090909090909,1.9,1.672727272727272, 2026-07-25 13:49:23
SZKOŁA PODSTAWOWA IM. WOJSKA POLSKIEGO W ROBAKOWIE, , 86-212, ROBAKOWO,18.6632422,53.3593873, 42.15, 996.3083333333334, 26.208333333333332,7.5,6.591666666666666, 2026-07-25 13:49:23
SZKOŁA PODSTAWOWA IM. MIKOŁAJA REJA W GRZECHYNI, , 34-220, GRZECHYNIA,19.637399,49.713197, 39.833333333333336, 961.5444444444444, 26.0,3.277777777777777,2.744444444444444, 2026-07-25 13:49:23
ZESPÓŁ SZKÓŁ NR 2 IM. H. KOŁŁĄTAJA TECHNIKUM NR 2 W MYSZKOWIE, UL. PUŁASKIEGO, 42-300, MYSZKÓW,19.2969718,50.5546354, 42.28181818181818, 976.4, 26.772727272727273,5.263636363636364,4.527272727272727, 2026-07-25 13:49:23
SZKOŁA PODSTAWOWA NR 15 W WODZISŁAWIU ŚLĄSKIM, UL. MŁODZIEŻOWA, 44-373, WODZISŁAW ŚLĄSKI,18.41000947116512,50.01082844379947, 41.15, 977.975, 25.058333333333334,3.375,2.9, 2026-07-25 13:49:23
SZKOŁA PODSTAWOWA IM. ROTMISTRZA WITOLDA PILECKIEGO W GROCHOWCACH, , 37-733, GROCHOWCE,22.7549891,49.7310954, 45.09090909090909, 980.9181818181819, 24.327272727272728,2.263636363636363,1.981818181818182, 2026-07-25 13:49:23
PUBLICZNE TECHNIKUM ZESPOŁU SZKÓŁ W OZIMKU, UL. CZĘSTOCHOWSKA, 46-040, OZIMEK,18.22029921,50.68532728, 38.15, 987.9666666666667, 24.21666666666667,3.475,3.05, 2026-07-25 13:49:23
SZKOŁA PODSTAWOWA IM. MARII KONOPNICKIEJ W SOSNÓWCE, UL. STRAŻACKA, 58-564, SOSNÓWKA,15.7230035,50.8177069, 32.84166666666667, 963.9499999999999, 24.916666666666668,2.133333333333333,2.133333333333333, 2026-07-25 13:49:23
SZKOŁA PODSTAWOWA IM. JANA ADAMA DE GARNIER W GŁĘBOWICACH, , 56-160, GŁĘBOWICE,16.7360843,51.4489007, 35.75454545454546, 989.6909090909091, 29.50909090909091,3.6545454545454543,3.145454545454545, 2026-07-25 13:49:23
SZKOŁA PODSTAWOWA W WIŃSKU, UL. NOWA, 56-160, WIŃSKO,16.6079403,51.469753, 29.29090909090909, 988.6363636363636, 29.7,3.8636363636363633,3.518181818181818, 2026-07-25 13:49:23
SZKOŁA PODSTAWOWA IM. JANA PAWŁA II W LEONCINIE, UL. ISAACA BASHEVISA SINGERA, 05-155, LEONCIN,20.5369966,52.3951342, 46.809090909090905, 1001.1909090909091, 24.8,3.718181818181818,3.163636363636363, 2026-07-25 13:49:23
SZKOŁA PODSTAWOWA IM. STEFANA ŻEROMSKIEGO W OGRODZIEŃCU, UL. KOŚCIUSZKI, 42-440, OGRODZIENIEC,19.5171628,50.4512905, 46.949999999999996, 965.0333333333333, 23.066666666666666,4.95,4.3, 2026-07-25 13:49:23
LICEUM OGÓLNOKSZTAŁCĄCE SZKOŁA MISTRZOSTWA SPORTOWEGO W KOLARSTWIE W ŚWIDNICY, UL. ROMUALDA TRAUGUTTA, 58-100, ŚWIDNICA,16.677532,51.0740481, 28.919999999999998, 979.24, 30.22,2.7,2.26, 2026-07-25 13:49:23
SZKOŁA PODSTAWOWA NR 1 IM. MIKOŁAJA KOPERNIKA W MILICZU, UL. ARMII KRAJOWEJ, 56-300, MILICZ,17.27622,51.52735, 28.05, 997.4166666666666, 30.808333333333334,3.108333333333333,3.108333333333333, 2026-07-25 13:49:23
SZKOŁA PODSTAWOWA NR 4 IM. JANA MATEJKI W BOLESŁAWCU, UL. MIKOŁAJA BRODY, 59-700, BOLESŁAWIEC,15.5673211,51.2597212, 32.61818181818182, 984.4636363636364, 25.981818181818184,4.2,3.609090909090909, 2026-07-25 13:49:23
SZKOŁA PODSTAWOWA W PECNEJ, UL. SZKOLNA, 62-053, PECNA,16.800542699999998,52.17923244553197, 38.330769230769235, 1000.0076923076923, 25.123076923076926,4.523076923076923,3.892307692307692, 2026-07-25 13:49:23
SZKOŁA PODSTAWOWA IM. BOHATERÓW WYZWOLENIA ZIEMI WAŁECKIEJ W SKRZATUSZU, , 64-930, SKRZATUSZ,16.579039,53.2047989, 40.22727272727273, 990.5, 25.954545454545453,4.272727272727272,3.609090909090909, 2026-07-25 13:49:23
TECHNIKUM TEB EDUKACJA W LUBINIE, UL. MIKOŁAJA KOPERNIKA, 59-300, LUBIN,16.202913,51.397703, 28.218181818181815, 993.4727272727273, 28.036363636363635,3.89090909090909,3.354545454545454, 2026-07-25 13:49:23
SZKOŁA PODSTAWOWA NR 1 SPECJALNA W GRĘBOWIE, UL. DOLAŃSKICH, 39-410, GRĘBÓW,21.89609263,50.5448996, 33.75, 992.9250000000001, 28.96666666666667,1.9083333333333328,1.616666666666666, 2026-07-25 13:49:23
VII LICEUM OGÓLNOKSZTAŁCĄCE W ZABRZU W ZESPOLE SZKÓŁ NR 10 IM. PROF. JANUSZA GROSZKOWSKIEGO W ZABRZU, UL. FRYDERYKA CHOPINA, 41-807, ZABRZE,18.7812902,50.3344451, 37.6375, 980.2125, 28.4625,3.1,2.55, 2026-07-25 13:49:23
SZKOŁA PODSTAWOWA IM. JÓZEFY JABCZYŃSKIEJ W WYSOKIEJ, UL. ADAMA MICKIEWICZA, 42-450, WYSOKA,19.355767,50.4243729, 39.10909090909091, 970.2090909090908, 25.763636363636362,4.5,3.672727272727272, 2026-07-25 13:49:23
PUBLICZNA SZKOŁA PODSTAWOWA IM.MARII DĄBROWSKIEJ W DUDACH, , 07-300, DUDY,21.88516495,52.75442246, 53.790909090909096, 995.7090909090908, 24.4,2.390909090909091,2.118181818181818, 2026-07-25 13:49:23
SZKOŁA PODSTAWOWA NR 1 IM. ANDRZEJA KNAPCZYKA-DUCHA W CZERWIENNEM, , 34-407, CZERWIENNE,19.92160664,49.39404087, 47.44166666666666, 986.3583333333332, 21.941666666666666,1.666666666666666,1.3916666666666662, 2026-07-25 13:49:23
I LICEUM OGÓLNOKSZTAŁCĄCE IM. HENRYKA SIENKIEWICZA W KĘDZIERZYNIE-KOŹLU, UL. GRZEGORZA PIRAMOWICZA, 47-200, KĘDZIERZYN-KOŹLE,18.14262081,50.33790531, 36.02727272727273, 990.9818181818181, 26.627272727272725,3.836363636363636,3.290909090909091, 2026-07-25 13:49:23
VII LICEUM OGÓLNOKSZTAŁCACE W RZESZOWIE, AL. TADEUSZA REJTANA, 35-326, RZESZÓW,22.0170526,50.0348962, 37.85, 987.2916666666666, 26.09166666666667,2.133333333333333,2.091666666666667, 2026-07-25 13:49:23
TECHNIKUM NR 3 W DZIERŻONIOWIE - ZESPÓŁ SZKÓŁ NR 3 IM. KOMBATANTÓW RZECZYPOSPOLITEJ POLSKIEJ W DZIERŻONIOWIE, UL. SŁOWIAŃSKA, 58-200, DZIERŻONIÓW,16.65669399,50.72557241, 40.018181818181816, 981.9090909090909, 25.363636363636363,2.5727272727272723,2.3, 2026-07-25 13:49:23
SZKOŁA PODSTAWOWA NR 9 IM. MIKOŁAJA KOPERNIKA W DZIERŻONIOWIE, UL. MIKOŁAJA KOPERNIKA, 58-200, DZIERŻONIÓW,16.649692,50.724446, 28.163636363636364, 980.6363636363636, 29.69090909090909,2.418181818181818,2.163636363636363, 2026-07-25 13:49:23
SAMORZĄDOWA SZKOŁA PODSTAWOWA W MIĘDZYLESIU, UL. BOLESŁAWA CHROBREGO, 57-530, MIĘDZYLESIE,16.6670843,50.1477491, 34.518181818181816, 957.6545454545455, 24.89090909090909,3.418181818181818,2.936363636363636, 2026-07-25 13:49:23
SZKOŁA PODSTAWOWA NR 10 Z ODDZIAŁAMI SPORTOWYMI W BIELAWIE, UL. GEN. GROTA ROWECKIEGO, 58-260, BIELAWA,16.61694446,50.68265975, 38.858333333333334, 971.9583333333334, 24.825,3.283333333333333,2.858333333333333, 2026-07-25 13:49:23
SZKOŁA PODSTAWOWA  IM.KS.JANA TWARDOWSKIEGO  W STARYM BOSEWIE, UL. ROZWOJOWA, 07-210, STARE BOSEWO,21.540101744931388,52.76931002081105, 46.518181818181816, 998.1272727272727, 25.4,2.5727272727272723,2.218181818181818, 2026-07-25 13:49:23
SZKOŁA PODSTAWOWA W MIĄSOWEJ, , 28-305, MIĄSOWA,20.3810297,50.7122903, 36.725, 980.1, 25.525000000000002,2.583333333333333,2.225, 2026-07-25 13:49:23
PUBLICZNA SZKOŁA PODSTAWOWA JANKOWICE WIELKIE, , 49-332, JANKOWICE WIELKIE,17.442356,50.7669935, 28.854545454545452, 1006.1454545454545, 28.41818181818182,2.790909090909091,2.509090909090909, 2026-07-25 13:49:23
SZKOŁA PODSTAWOWA IM. MJR. HENRYKA DOBRZAŃSKIEGO HUBALA W ZABRAŃCU, UL. KS. WŁ. SKONIECKIEGO, 05-079, ZABRANIEC,21.3365645,52.2989045, 45.82727272727273, 996.3272727272728, 25.10909090909091,3.145454545454545,2.7363636363636363, 2026-07-25 13:49:23
SZKOŁA PODSTAWOWA NR 9 W TYCHACH, UL. LEŚNA, 43-100, TYCHY,18.950379138440248,50.14288714394058, 37.45454545454545, 979.1909090909091, 27.60909090909091,1.818181818181818,1.818181818181818, 2026-07-25 13:49:23
BRANŻOWA SZKOŁA I STOPNIA W GORZYCACH, UL. ŻWIRKI I WIGURY, 39-432, GORZYCE,21.84007287,50.65740322, 41.800000000000004, 993.7454545454547, 26.545454545454547,2.090909090909091,2.0, 2026-07-25 13:49:23
SZKOŁA PODSTAWOWA IM. TADEUSZA KOŚCIUSZKI W PAWONKOWIE, UL. SZKOLNA, 42-772, PAWONKÓW,18.5817496,50.6943842, 41.95454545454545, 980.6727272727272, 23.554545454545462,4.263636363636364,3.418181818181818, 2026-07-25 13:49:23
PUBLICZNA SZKOŁA PODSTAWOWA IM. OJCA ŚWIĘTEGO JANA PAWŁA II W STAREJ BŁOTNICY, , 26-806, STARA BŁOTNICA,19.9410935,52.3679201, 45.1, 991.0363636363636, 25.345454545454547,2.909090909090909,2.436363636363636, 2026-07-25 13:49:23
SZKOŁA PODSTAWOWA IM. ZOFII SOLARZOWEJ W MIĄSEM, UL. KARDYNAŁA WYSZYŃSKIEGO, 05-240, MIĄSE,21.4381993,52.3967302, 46.03333333333333, 996.3916666666665, 24.741666666666664,3.9,3.4, 2026-07-25 13:49:23
TECHNIKUM W ZESPOLE SZKÓŁ PRZYRODNICZO-USŁUGOWYCH I BURSY SZKOLNEJ W JELENIEJ GÓRZE, UL. LEŚNA, 58-560, JELENIA GÓRA,15.7000735,50.8669637, 28.21666666666667, 965.35, 29.833333333333332,2.225,1.925, 2026-07-25 13:49:23
V LICEUM OGÓLNOKSZTAŁCĄCE W RYBNIKU, UL. ORZEPOWICKA, 44-217, RYBNIK,18.51736,50.0994589, 40.38181818181818, 981.5454545454545, 24.445454545454538,3.054545454545454,2.818181818181818, 2026-07-25 13:49:23
SZKOŁA PODSTAWOWA W DUBINIE, , 63-930, DUBIN,17.1480027,51.6249813, 41.18333333333333, 996.1416666666668, 25.258333333333336,3.449999999999999,3.449999999999999, 2026-07-25 13:49:23
SZKOŁA PODSTAWOWA IM. KAROLA MARCINKOWSKIEGO W LUDOMACH, , 64-603, LUDOMY,16.8230475,52.7545231, 37.925000000000004, 999.775, 25.958333333333332,5.95,5.125, 2026-07-25 13:49:23
LICEUM OGÓLNOKSZTAŁCĄCE IM.TADEUSZA KOŚCIUSZKI W ŁOBŻENICY, UL. ZŁOTOWSKA, 89-310, ŁOBŻENICA,17.2547677,53.2625013, 41.336363636363636, 995.3636363636364, 25.636363636363637,6.181818181818182,5.336363636363637, 2026-07-25 13:49:23
LICEUM OGÓLNOKSZTAŁCĄCE IM. OLIMPIJCZYKÓW POLSKICH W DŁUGOŁĘCE, UL. SZKOLNA, 55-095, DŁUGOŁĘKA,17.1889302,51.1751006, 35.9, 993.5200000000001, 25.619999999999997,2.8600000000000003,2.48, 2026-07-25 13:49:23
SZKOŁA PODSTAWOWA IM.KS.JANA TWARDOWSKIEGO W KOLNICZKACH, , 63-040, KOLNICZKI,17.3618409,52.045122, 33.050000000000004, 996.6750000000001, 29.675,3.991666666666666,3.4666666666666672, 2026-07-25 13:49:23
ZESPÓŁ SZKÓŁ SZKOŁA PODSTAWOWA W PISARZOWICACH, , 58-400, PISARZOWICE,15.954357,50.78687017996712, 36.28181818181818, 949.2636363636364, 25.845454545454547,2.9,2.527272727272727, 2026-07-25 13:49:23
TECHNIKUM W ZESPOLE SZKÓŁ IM. GEN. SYLWESTRA KALISKIEGO W GÓRZE, UL. ARMII POLSKIEJ, 56-200, GÓRA,16.537487,51.663379, 31.427272727272726, 998.0363636363636, 28.19090909090909,3.636363636363636,3.172727272727272, 2026-07-25 13:49:23
SZKOŁA PODSTAWOWA SPECJALNA W ZESPOLE SZKÓŁ SPECJALNYCH W ŻMIGRODZIE, UL. RYBACKA, 55-140, ŻMIGRÓD,16.905825,51.4721651, 29.545454545454547, 997.7909090909092, 29.527272727272727,3.736363636363636,3.218181818181818, 2026-07-25 13:49:23
SZKOŁA PODSTAWOWA W MIĘKINI, UL. SZKOLNA, 55-330, MIĘKINIA,16.7422437,51.1929907, 38.554545454545455, 996.4363636363636, 26.58181818181818,2.836363636363636,2.49090909090909, 2026-07-25 13:49:23
SZKOŁA PODSTAWOWA W ZESPOLE SZKOLNO-PRZEDSZKOLNYM W MOŚCISKU, UL. SZKOLNA, 58-116, MOŚCISKO,16.5883176,50.7808876, 36.233333333333334, 980.0, 26.61111111111111,3.011111111111111,2.455555555555555, 2026-07-25 13:49:23
SZKOŁA PODSTAWOWA IM. ODKRYWCÓW I PODRÓŻNIKÓW W BOROWEJ, UL. PARKOWA, 55-095, BOROWA,17.277433,51.188053, 34.82727272727273, 994.1727272727272, 29.6,3.027272727272727,2.690909090909091, 2026-07-25 13:49:23
SZKOŁA PODSTAWOWA W SOKOŁOWIE, , 26-333, GRZYMAŁÓW,20.1653269,51.318281, 42.06857142857143, 990.1771428571428, 25.037142857142857,3.597142857142857,3.442857142857143, 2026-07-25 13:49:23
NIEPUBLICZNA SZKOŁA PODSTAWOWA STOWARZYSZENIA NA RZECZ ROZWOJU I PROMOCJI WSI LUBNÓW I OKOLIC W LUBANOWIE, , 57-220, LUBNÓW,17.016813,50.512531, 30.845454545454547, 977.0090909090909, 26.981818181818184,3.227272727272727,2.727272727272727, 2026-07-25 13:49:23
I ZESPÓŁ SZKÓŁ IM. STANISŁAWA STASZICA WE WSCHOWIE BRANŻOWA SZKOŁA I STOPNIA NR 2 WE WSCHOWIE, UL. KOŚCIUSZKI, 67-400, WSCHOWA,16.3113985,51.8077413, 32.74545454545454, 996.4454545454545, 28.145454545454548,3.3,3.036363636363636, 2026-07-25 13:49:23
SZKOŁA PODSTAWOWA W DUNKOWEJ, , 56-300, DUNKOWA,17.1682893,51.535732, 36.041666666666664, 995.1166666666667, 26.008333333333336,4.016666666666667,3.433333333333333, 2026-07-25 13:49:23
SZKOŁA PODSTAWOWA NR 24 IM. WISŁAWY SZYMBORSKIEJ W ZESPOLE SZKOLNO-PRZEDSZKOLNYM NR 14 W RYBNIKU, UL. LEOPOLDA STAFFA, 44-274, RYBNIK,18.540553,50.143783, 41.86666666666667, 978.9583333333334, 24.36666666666667,2.916666666666666,2.65, 2026-07-25 13:49:23
PUBLICZNA SZKOŁA PODSTAWOWA NR 3 IM. WŁADYSŁAWA SIKORSKIEGO W ZDZIESZOWICACH, UL. NOWA, 47-330, ZDZIESZOWICE,18.12477,50.42422, 30.400000000000002, 987.1416666666668, 28.183333333333334,3.216666666666667,2.725, 2026-07-25 13:49:23
SZKOŁA PODSTAWOWA IM. WINCENTEGO WITOSA W NOSÓWCE, , 36-046, NOSÓWKA,21.882434839892888,50.0231517918952, 43.13636363636363, 986.4909090909091, 25.09090909090909,2.336363636363636,2.045454545454545, 2026-07-25 13:49:23
PUBLICZNA SZKOŁA PODSTAWOWA W JAŹWINACH, , 39-215, JAŹWINY,21.4809252,51.9701122, 38.300000000000004, 983.875, 25.40833333333333,4.583333333333333,3.758333333333333, 2026-07-25 13:49:23
SZKOŁA PODSTAWOWA IM.STANISŁAWA DĄMBSKIEGO W RUDNEJ WIELKIEJ, , 36-054, RUDNA WIELKA,21.954377626405005,50.08747932340838, 68.90833333333333, 986.1416666666668, 23.53333333333333,2.6,2.516666666666666, 2026-07-25 13:49:23
NIEPUBLICZNA NIEPŁATNA SZKOŁA PODSTAWOWA STOWARZYSZENIA SIÓDEMKA W TARNOWIE, UL. JÓZEFA PONIATOWSKIEGO, 33-100, TARNÓW,20.99013999756542,50.01871682796816, 39.730000000000004, 985.6, 24.8,3.579999999999999,3.09, 2026-07-25 13:49:23
SZKOŁA PODSTAWOWA W ŚMIGNIE, , 33-140, ŚMIGNO,20.99488313989564,50.08187231039279, 41.22727272727273, 984.8, 24.7,2.618181818181818,2.345454545454545, 2026-07-25 13:49:23
LICEUM OGÓLNOKSZTAŁCĄCE IM. TADEUSZA KOŚCIUSZKI W SYCOWIE, UL. KOŚCIELNA, 56-500, SYCÓW,17.72016,51.30787, 31.474999999999998, 989.275, 27.616666666666664,3.508333333333333,3.008333333333333, 2026-07-25 13:49:23
SZKOŁA PODSTAWOWA IM. ŚWIĘTEGO JÓZEFA W KROSNEJ, , 34-603, KROSNA,20.528512,49.7714131, 47.28181818181818, 977.1181818181819, 23.863636363636363,4.954545454545454,4.472727272727273, 2026-07-25 13:49:23
SZKOŁA PODSTAWOWA NR 35 Z ODDZIAŁAMI INTEGRACYJNYMI IM. MATKI TERESY Z KALKUTY W TYCHACH, AL. MARSZAŁKA PIŁSUDSKIEGO, 43-100, TYCHY,18.9864571,50.1087174, 42.480000000000004, 978.82, 23.619999999999997,2.3,1.95, 2026-07-25 13:49:23
SZKOŁA PODSTAWOWA NR 5 Z ODDZIAŁAMI INTEGRACYJNYMI W TYCHACH, UL. STEFANA CZARNIECKIEGO, 43-100, TYCHY,18.9817917,50.1201912, 41.93333333333333, 979.2333333333333, 23.700000000000003,2.3666666666666663,2.166666666666666, 2026-07-25 13:49:23
SZKOŁA PODSTAWOWA IM. GENERAŁA STANISŁAWA MACZKA W OLSZYNACH, , 32-831, OLSZYNY,20.7611656,51.1053173, 41.18181818181818, 983.9181818181819, 23.863636363636363,2.645454545454545,2.445454545454545, 2026-07-25 13:49:23
SZKOŁA PODSTAWOWA IM. STEFANA CZARNIECKIEGO W TYKOCINIE, UL. JANA KOCHANOWSKIEGO, 16-080, TYKOCIN,22.7740605,53.2062669, 52.60833333333333, 996.0749999999999, 24.041666666666668,2.683333333333333,2.2416666666666663, 2026-07-25 13:49:23
SZKOŁA PODSTAWOWA W HUTKACH, , 42-274, HUTKI,19.0062626,50.6813486, 52.61818181818182, 977.6454545454545, 22.61818181818182,4.572727272727272,4.209090909090909, 2026-07-25 13:49:23
TECHNIKUM NR 1 W BRZEGU, UL. SŁOWIAŃSKA, 49-300, BRZEG,17.4633865,50.858939, 30.636363636363637, 991.8818181818183, 26.845454545454547,2.272727272727273,2.272727272727273, 2026-07-25 13:49:23
PUBLICZNA SZKOŁA PODSTAWOWA IM. BOHATERÓW WALKI Z FASZYZMEM W ŁAMBINOWICACH, UL. OBOZOWA, 48-316, ŁAMBINOWICE,17.5596274,50.538452, 28.50909090909091, 985.3090909090909, 29.19090909090909,3.827272727272727,3.263636363636363, 2026-07-25 13:49:23
SZKOŁA PODSTAWOWA W SILNIE, UL. GŁÓWNA, 89-620, SILNO,17.6993,53.65103, 41.02727272727273, 991.8545454545455, 25.845454545454547,4.736363636363636,4.136363636363637, 2026-07-25 13:49:23
SZKOŁA PODSTAWOWA W PRZEŁĘKU, , 48-303, PRZEŁĘK,17.333027,50.4109082, 24.763636363636362, 984.2181818181817, 30.518181818181816,2.8,2.509090909090909, 2026-07-25 13:49:23
SZKOŁA PODSTAWOWA IM. WOJSKA POLSKIEGO W KAMIENNEJ, , 46-100, KAMIENNA,17.769607,51.07871, 35.666666666666664, 991.2833333333333, 28.791666666666668,7.75,5.975, 2026-07-25 13:49:23
SZKOŁA PODSTAWOWA SPECJALNA NR 7 IM. MARII KONOPNICKIEJ W ŚWIDNICY, UL. ROTMISTRZA WITOLDA PILECKIEGO, 58-100, ŚWIDNICA,16.49738157,50.8520284, 31.472727272727273, 982.1363636363636, 30.09090909090909,2.672727272727272,2.245454545454545, 2026-07-25 13:49:23
SZKOŁA PODSTAWOWA IM. 10 BRYGADY KAWALERII PANCERNEJ W KRZYWEJ , , 59-225, KRZYWA,15.81206583,51.28056359, 30.349999999999998, 986.9666666666667, 28.391666666666666,3.858333333333333,3.316666666666666, 2026-07-25 13:49:23
SZKOŁA PODSTAWOWA IM. JANA PAWŁA II W GOSTYCYNIE, UL. SĘPOLEŃSKA, 89-520, GOSTYCYN,17.8086931,53.4899486, 46.481818181818184, 993.2363636363636, 23.49090909090909,5.263636363636364,5.018181818181818, 2026-07-25 13:49:23
SZKOŁA PODSTAWOWA NR 3 IM. MIKOŁAJA KOPERNIKA W WĄGROWCU, UL. KLASZTORNA, 62-100, WĄGROWIEC,17.2156193,52.8174847, 45.55555555555556, 997.0, 25.288888888888888,4.388888888888889,4.388888888888889, 2026-07-25 13:49:23
I LICEUM OGÓLNOKSZTAŁCĄCE IM. TADEUSZA KOŚCIUSZKI W DĄBROWIE TARNOWSKIEJ, UL. MARSZAŁKA JÓZEFA PIŁSUDSKIEGO, 33-200, DĄBROWA TARNOWSKA,20.9830385,50.16866618, 35.845454545454544, 987.5363636363636, 28.963636363636365,2.527272727272727,2.254545454545454, 2026-07-25 13:49:23
LICEUM OGÓLNOKSZTAŁCĄCE IM. TOMASZA ZANA W PRUSZKOWIE, UL. IGNACEGO DASZYŃSKIEGO, 05-800, PRUSZKÓW,20.80021723,52.16766803, 42.95, 998.0, 25.3,4.6,4.025, 2026-07-25 13:49:23
SZKOŁA PODSTAWOWA NR 1 IM. KSIĄŻĄT PSZCZYŃSKICH W PSZCZYNIE, UL. KS. BP. BOGEDAINA, 43-200, PSZCZYNA,18.9477092,49.9857805, 36.86666666666667, 981.1666666666666, 26.016666666666666,2.5666666666666678,2.133333333333333, 2026-07-25 13:49:23
SZKOŁA PODSTAWOWA IM. HENRYKA SIENKIEWICZA W BRZYSKACH, , 38-212, BRZYSKA,21.3890225,49.8193288, 34.309090909090905, 982.0727272727272, 27.536363636363635,5.845454545454545,4.972727272727273, 2026-07-25 13:49:23
PUBLICZNA SZKOŁA PODSTAWOWA Z ODDZIAŁAMI INTEGRACYJNYMI NR 26 IM. KOMISJI EDUKACJI NARODOWEJ W WAŁBRZYCHU, UL. PALISADOWA, 58-314, WAŁBRZYCH,16.2800376,50.8261104, 33.28333333333334, 963.1416666666668, 24.90833333333333,3.391666666666667,2.908333333333333, 2026-07-25 13:49:23
SZKOŁA PODSTAWOWA NR 19 IM. KS. PIOTRA SKARGI W RZESZOWIE, UL. PIOTRA SKARGI, 35-202, RZESZÓW,22.0102447,50.0455103, 44.345454545454544, 986.2, 25.08181818181818,2.336363636363636,2.109090909090909, 2026-07-25 13:49:23
MAŁA SZKOŁA NIEPUBLICZNA SZKOŁA PODSTAWOWA W KONINIE ŻAGAŃSKIM, , 68-120, KONIN ŻAGAŃSKI,15.193599,51.545944, 33.9, 992.1818181818181, 28.327272727272728,3.49090909090909,2.954545454545454, 2026-07-25 13:49:23
PUBLICZNA SZKOŁA PODSTAWOWA W GRABINACH, , 39-217, GRABINY,21.796093,52.6229809, 37.09090909090909, 989.1727272727272, 28.29090909090909,2.372727272727273,2.0, 2026-07-25 13:49:23
PUBLICZNA SZKOŁA PODSTAWOWA NR 2 Z ODDZIAŁAMI INTEGRACYJNYMI IM. MJP. HENRYKA SUCHARSKIEGO W PUŁTUSKU, UL. POLNA, 06-100, PUŁTUSK,21.10934,52.691192, 54.709090909090904, 1000.7818181818183, 24.254545454545454,4.309090909090909,3.8636363636363633, 2026-07-25 13:49:23
SZKOŁA PODSTAWOWA IM. MIKOŁAJA KOPERNIKA W ROGOWIE, UL. SZKOLNA, 88-420, ROGOWO,17.6514186,52.7279476, 38.945454545454545, 995.4909090909091, 27.827272727272728,5.409090909090909,4.6, 2026-07-25 13:49:23
SZKOŁA PODSTAWOWA NR 16 IM. SZCZECIŃSKICH OLIMPIJCZYKÓW W SZCZECINIE, UL. CHOBOLAŃSKA, 71-023, SZCZECIN,14.4995518,53.4109284, 42.108333333333334, 1002.9666666666667, 25.224999999999998,4.675,4.191666666666666, 2026-07-25 13:49:23
SZKOŁA PODSTAWOWA IM. MARII KONOPNICKIEJ W JAWORZYNIE ŚLĄSKIEJ, UL. ADAMA MICKIEWICZA, 58-140, JAWORZYNA ŚLĄSKA,16.431974,50.910576, 28.30909090909091, 980.5, 31.518181818181816,2.554545454545454,2.118181818181818, 2026-07-25 13:49:23
SZKOŁA PODSTAWOWA W PIESZCZU, , 76-113, PIESZCZ,16.77799479,54.45917898, 53.2, 1004.7181818181817, 24.745454545454546,4.509090909090909,3.89090909090909, 2026-07-25 13:49:23
SZKOŁA PODSTAWOWA IM.MARII SKŁODOWSKIEJ -CURIE W ŁUKOWICY, , 34-606, ŁUKOWICA,20.492789,49.60466781, 44.49090909090909, 960.0545454545455, 22.481818181818184,2.9,2.772727272727273, 2026-07-25 13:49:23
SZKOŁA PODSTAWOWA NR 173 IM. GÓRNIKÓW POLSKICH W WARSZAWIE, INNE TRAKT BRZESKI, 05-077, WARSZAWA,21.2213906,52.2233683, 43.05833333333333, 997.0583333333334, 25.308333333333334,2.408333333333333,2.091666666666666, 2026-07-25 13:49:23
SZKOŁA PODSTAWOWA NR 50 IM. WŁODZIMIERZA TETMAJERA W KRAKOWIE, UL. KATOWICKA, 31-351, KRAKÓW-KROWODRZA,19.88192366,50.08454303, 38.95454545454545, 983.7727272727273, 25.227272727272727,2.463636363636364,2.009090909090909, 2026-07-25 13:49:23
DWUJĘZYCZNA PRYWATNA SZKOŁA PODSTAWOWA IM. ANTONIEGO BUĆKO, UL. ANTONIEGO BUĆKI, 16-010, WASILKÓW,23.20824714,53.20575663, 51.35454545454545, 992.7818181818183, 23.781818181818185,3.227272727272727,2.590909090909091, 2026-07-25 13:49:23
BRANŻOWA SZKOŁA I STOPNIA W ZESPOLE SZKÓŁ NR 2 IM. JANA DŁUGOSZA W WIELUNIU, UL. ROMUALDA TRAUGUTTA, 98-300, WIELUŃ,18.55921428,51.2272899, 36.41818181818182, 988.3727272727273, 26.972727272727273,3.472727272727273,2.836363636363636, 2026-07-25 13:49:23
SZKOŁA PODSTAWOWA NR 3 W PSZOWIE, UL. ARMII KRAJOWEJ, 44-370, PSZÓW,18.3868154,50.0548434, 44.11818181818182, 975.4909090909091, 24.8,2.354545454545454,2.063636363636363, 2026-07-25 13:49:23
LICEUM OGÓLNOKSZTAŁCĄCE W ORZYSZU W ZESPOLE SZKÓŁ OGÓLNOKSZTAŁCĄCYCH W ORZYSZU, UL. WOJSKA POLSKIEGO, 12-250, ORZYSZ,21.94493203,53.80638148, 53.654545454545456, 993.3909090909091, 23.336363636363636,2.836363636363636,2.427272727272727, 2026-07-25 13:49:23
PUBLICZNA SZKOŁA PODSTAWOWA NR 2 IM.JULIUSZA LIGONIA W ZESPOLE PLACÓWEK OŚWIATOWYCH W KALETACH MIOTKU, UL. ELIZY ORZESZKOWEJ, 42-660, KALETY,18.9537573,50.5518933, 40.0625, 977.65, 26.5125,3.6125,3.05, 2026-07-25 13:49:23
SZKOŁA PODSTAWOWA IM. ORŁA BIAŁEGO W OSTRÓWKU, UL. SZKOLNA, 07-132, OSTRÓWEK,21.68182,52.5307, 46.291666666666664, 996.3166666666666, 24.525000000000002,2.416666666666666,2.1, 2026-07-25 13:49:23
PUBLICZNA SZKOŁA PODSTAWOWA W KADŁUBIE, UL. POWSTAŃCÓW ŚLĄSKICH, 47-175, KADŁUB,18.26324,50.612797181770425, 33.6, 987.9916666666667, 27.09166666666667,3.016666666666667,2.5666666666666678, 2026-07-25 13:49:23
SZKOŁA PODSTAWOWA W KOKANINIE, , 62-817, KOKANIN,18.0903799,51.8135676, 45.75833333333333, 995.2083333333334, 24.849999999999998,4.208333333333333,3.766666666666667, 2026-07-25 13:49:23
SZKOŁA PODSTAWOWA NR 5 IM. KSIĘCIA MAZOWIECKIEGO SIEMOWITA IV W GOSTYNINIE, UL. POLNA, 09-500, GOSTYNIN,19.46185866,52.42027883, 41.23636363636364, 998.5363636363636, 25.036363636363635,4.763636363636364,4.336363636363637, 2026-07-25 13:49:23
PUBLICZNA SZKOŁA PODSTAWOWA IM. JULIANA TUWIMA W INOWŁODZU, UL. SPALSKA, 97-215, INOWŁÓDZ,20.2235462,51.5270197, 38.077777777777776, 991.4888888888888, 27.322222222222223,3.411111111111111,2.766666666666666, 2026-07-25 13:49:23
PUBLICZNA SZKOŁA PODSTAWOWA IM. JANA PAWŁA II W BRZUSTOWIE, , 97-215, BRZUSTÓW,20.1427601,51.4943863, 37.23636363636364, 976.8545454545455, 27.5,2.536363636363636,2.118181818181818, 2026-07-25 13:49:23
SZKOŁA PODSTAWOWA IM. JANA PAWŁA II W LINDOWIE, , 42-165, LINDÓW,18.8664105,51.0511057, 38.91111111111111, 984.7555555555555, 24.422222222222224,3.011111111111111,2.422222222222222, 2026-07-25 13:49:23
SZKOŁA PODSTAWOWA W POGORZAŁKACH, , 16-002, POGORZAŁKI,22.9606466,53.2263495, 57.77272727272727, 997.5545454545455, 23.718181818181815,2.872727272727273,2.609090909090909, 2026-07-25 13:49:23
SZKOŁA PODSTAWOWA W KROCZYCACH, UL. SIENKIEWICZA, 42-425, KROCZYCE,19.587505,50.6061776, 43.574999999999996, 972.0500000000001, 22.474999999999998,5.583333333333333,4.941666666666666, 2026-07-25 13:49:23
I LICEUM OGÓLNOKSZTAŁCĄCE IM. JANA ŚNIADECKIEGO W SIEMIANOWICACH ŚLĄSKICH, UL. STANISŁAWA WYSPIAŃSKIEGO, 41-100, SIEMIANOWICE ŚLĄSKIE,19.0287014,50.3027423, 43.5125, 978.6750000000001, 22.6125,2.7,2.275, 2026-07-25 13:49:23
SZKOŁA PODSTAWOWA NR 13 IM. ŚW. BARBARY W KATOWICACH, UL. WALEREGO WRÓBLEWSKIEGO, 40-214, KATOWICE,19.0452743,50.1158117, 37.336363636363636, 978.2545454545453, 24.7,3.009090909090909,2.509090909090909, 2026-07-25 13:49:23
SZKOŁA PODSTAWOWA NR 9 W CHRZANOWIE, UL. PADEREWSKIEGO, 32-500, CHRZANÓW,19.4001765,50.1345643, 39.127272727272725, 977.8636363636364, 26.20909090909091,2.890909090909091,2.545454545454545, 2026-07-25 13:49:23
TECHNIKUM AKADEMICKIE PRZY MIĘDZYNARODOWEJ WYŻSZEJ SZKOLE LOGISTYKI I TRANSPORTU WE WROCŁAWIU, UL. SOŁTYSOWICKA, 51-168, WROCŁAW-PSIE POLE,17.0717259,51.1405059, 29.933333333333334, 994.4, 27.291666666666668,2.3666666666666663,2.3666666666666663, 2026-07-25 13:49:23
SZKOŁA PODSTAWOWA IM.HENRYKA SIENKIEWICZA W JASIENIU, UL. KONOPNICKIEJ, 68-320, JASIEŃ,15.0086995,51.7536042, 33.25, 999.225, 31.849999999999998,3.616666666666666,3.216666666666667, 2026-07-25 13:49:23
SZKOŁA PODSTAWOWA IM. JANINY JÓŹWIAK W CIEŚLACH, , 09-470, CIEŚLE,19.993422,52.4660378, 46.050000000000004, 998.1999999999999, 25.433333333333334,3.733333333333333,3.258333333333333, 2026-07-25 13:49:23
SZKOŁA PODSTAWOWA IM. ŚW. MAKSYMILIANA MARII KOLBEGO W ZALASOWEJ, UL. KARPACKA, 33-159, ZALASOWA,21.1412067,49.9305584, 34.71818181818182, 970.0636363636364, 26.736363636363638,3.036363636363636,2.5727272727272723, 2026-07-25 13:49:23
SZKOŁA PODSTAWOWA IM. JADWIGI ŚLĄSKIEJ W SOKOŁOWCU, , 59-540, SOKOŁOWIEC,15.827769997613172,51.03622840504036, 35.230000000000004, 974.2, 25.55,3.45,3.19, 2026-07-25 13:49:23
SZKOŁA PODSTAWOWA IM. LUDWIKI WAWRZYŃSKIEJ W WITOSZOWIE DOLNYM, , 58-100, WITOSZÓW DOLNY,16.4285465,50.8241697, 36.3625, 977.075, 25.95,4.2125,3.575, 2026-07-25 13:49:23
SZKOŁA PODSTAWOWA IM. KARDYNAŁA STEFANA WYSZYŃSKIEGO W LUBCZYNIE, UL. LIPOWA, 72-105, LUBCZYNA,14.70558,53.50303, 46.22727272727273, 1006.5272727272727, 28.036363636363635,3.036363636363636,3.036363636363636, 2026-07-25 13:49:23
SZKOŁA PODSTAWOWA W LIPIE, , 59-420, LIPA,16.018181,50.971763, 31.166666666666668, 966.2833333333333, 27.849999999999998,3.375,2.941666666666666, 2026-07-25 13:49:23
VIII LICEUM OGÓLNOKSZTAŁCĄCE SAMORZĄDOWE W CZĘSTOCHOWIE, UL. STANISŁAWA WORCELLA, 42-202, CZĘSTOCHOWA,19.12187934232724,50.82164897849296, 42.67272727272727, 980.3727272727273, 24.945454545454538,17.4,14.0, 2026-07-25 13:49:23
PUBLICZNA SZKOŁA PODSTAWOWA W RZECZNIOWIE, , 27-353, RZECZNIÓW,21.4279614,51.1269697, 37.516666666666666, 987.4166666666666, 26.133333333333336,2.074999999999999,1.858333333333333, 2026-07-25 13:49:23
II LICEUM OGÓLNOKSZTAŁCĄCE IM. ROMUALDA TRAUGUTTA W CZĘSTOCHOWIE, UL. JANA KILIŃSKIEGO, 42-218, CZĘSTOCHOWA,19.1146093,50.8186865, 42.300000000000004, 980.6333333333333, 24.833333333333332,3.541666666666666,2.8666666666666663, 2026-07-25 13:49:23
SZKOŁA PODSTAWOWA IM. TADEUSZA KOŚCIUSZKI W STRÓŻACH, , 32-840, STRÓŻE,20.76877001104793,49.83779635014003, 46.85454545454545, 983.4090909090909, 22.78181818181818,3.818181818181818,3.509090909090909, 2026-07-25 13:49:23
I LICEUM OGÓLNOKSZTAŁCĄCE IM.GEN. JÓZEFA BEMA W OSTROŁĘCE, UL. ROMUALDA TRAUGUTTA, 07-410, OSTROŁĘKA,21.57398661,53.08885042, 46.71666666666667, 996.9333333333334, 25.474999999999998,3.016666666666667,2.725, 2026-07-25 13:49:23
SZKOŁA PODSTAWOWA KOLUMBUS Z ODDZIAŁAMI DWUJĘZYCZNYMI W BŁONIU, UL. TRAUGUTTA, 05-870, BŁONIE,20.6132282,52.1959064, 44.224999999999994, 998.475, 25.075000000000003,4.1,3.675, 2026-07-25 13:49:23
ZESPÓŁ PLACÓWEK OŚWIATOWYCH - PUBLICZNA SZKOŁA PODSTAWOWA IM. ODDZIAŁU PARTYZANCKIEGO AK JĘDRUSIE I PRZEDSZKOLE W SMERDYNIE, , 28-200, SMERDYNA 100 LOK. -,21.31890673,50.59216633, 38.6, 982.8499999999999, 26.133333333333336,1.7833333333333332,1.566666666666666, 2026-07-25 13:49:23
SZKOŁA PODSTAWOWA IM. POLSKICH OLIMPIJCZYKÓW W KWAKOWIE, UL. SŁUPSKA, 76-251, KWAKOWO,17.02297907,54.3656514, 63.05833333333334, 1002.125, 22.733333333333334,5.283333333333333,4.916666666666667, 2026-07-25 13:49:23
SZKOŁA PODSTAWOWA NR 38 W GLIWICACH, UL. PARTYZANTÓW, 44-113, GLIWICE,18.63271084,50.33941742, 43.208333333333336, 983.6750000000001, 23.866666666666664,3.566666666666666,2.875, 2026-07-25 13:49:23
SZKOŁA PODSTAWOWA W STANIEWICACH, , 76-113, STANIEWICE,16.73267224,54.43475515, 57.46363636363637, 1003.3545454545455, 23.718181818181815,5.681818181818182,5.163636363636363, 2026-07-25 13:49:23
SZKOŁA PODSTAWOWA IM. ŚW. FRANCISZKA Z ASYŻU W LUDWIKOWICACH KŁODZKICH, UL. WIEJSKA, 57-450, LUDWIKOWICE KŁODZKIE,16.478333,50.617778, 33.5, 958.78, 28.82,2.36,2.08, 2026-07-25 13:49:23
SZKOŁA PODSTAWOWA NR 3 IM. MARII KONOPNICKIEJ W TARNOWIE, UL. MIKOŁAJA KOPERNIKA, 33-100, TARNÓW,20.98352173,50.01326099, 30.872727272727275, 987.0818181818181, 28.545454545454547,3.709090909090909,3.345454545454545, 2026-07-25 13:49:23
SZKOŁA PODSTAWOWA IM. OSADNIKÓW WOJSKOWYCH W TRÓJCY, , 59-900, TRÓJCA,15.10845647,51.15999072, 27.683333333333334, 982.8000000000001, 29.96666666666667,2.791666666666666,2.791666666666666, 2026-07-25 13:49:23
SZKOŁA PODSTAWOWA IM. PIOTRA BARYLAKA W KSIĄŻNICACH WIELKICH, , 32-130, KSIĄŻNICE WIELKIE,20.500547,50.1699187, 35.11818181818182, 988.5181818181819, 25.845454545454547,2.254545454545454,1.963636363636363, 2026-07-25 13:49:23
TECHNIKUM IM. PROF. TADEUSZA KONOPIŃSKIEGO W CENTRUM KSZTAŁCENIA ZAWODOWEGO I USTAWICZNEGO W LUDOWIE POLSKIM, , 57-100, LUDÓW POLSKI,17.06087,50.830149, 28.616666666666664, 990.6416666666668, 28.383333333333336,2.816666666666666,2.416666666666666, 2026-07-25 13:49:23
PUBLICZNA SZKOŁA PODSTAWOWA IM. ALEKSANDRA KAMIŃSKIEGO W LUBRAŃCU, UL. NOWA, 87-890, LUBRANIEC,18.8315208,52.5413225, 42.375, 997.6416666666668, 25.5,4.266666666666667,3.658333333333333, 2026-07-25 13:49:23
LXXVIII LICEUM OGÓLNOKSZTAŁCĄCE IM. MARII PAWLIKOWSKIEJ-JASNORZEWSKIEJ W WARSZAWIE, UL. ANIELI KRZYWOŃ, 01-391, WARSZAWA,20.91798648,52.22885819, 41.09090909090909, 995.7545454545453, 27.1,4.527272727272727,3.936363636363637, 2026-07-25 13:49:23
SZKOŁA PODSTAWOWA NR 1 SPECJALNA W DĘBLINIE, UL. NIEPODLEGŁOŚCI, 08-530, DĘBLIN,21.86936804,51.5632153, 40.9, 996.6666666666666, 24.65833333333333,1.9083333333333328,1.5750000000000002, 2026-07-25 13:49:23
SZKOŁA PODSTAWOWA IM. LUDWIKA KUPCZYKA W SEREDZICACH, , 27-100, SEREDZICE,21.18481407,51.15171865, 39.59090909090909, 987.3909090909091, 24.554545454545462,2.590909090909091,2.272727272727273, 2026-07-25 13:49:23
BRANŻOWA SZKOŁA I STOPNIA IM. STANISŁAWA STASZICA W NOWEJ RUDZIE, UL. STARA DROGA, 57-401, NOWA RUDA,16.51301915,50.59158766, 33.333333333333336, 964.311111111111, 26.58888888888889,2.433333333333333,2.166666666666666, 2026-07-25 13:49:23
SZKOŁA PODSTAWOWA IM. EDMUNDA BOJANOWSKIEGO W KUNOWIE, UL. SZKOLNA, 63-800, KUNOWO,17.0138959,51.9366947, 32.69166666666667, 997.7166666666667, 28.75,6.149999999999999,6.149999999999999, 2026-07-25 13:49:23
SZKOŁA PODSTAWOWA NR 1 IM. ADAMA BORYSA W WITKOWIE, UL. POZNAŃSKA, 62-230, WITKOWO,17.774261982334572,52.436646831271645, 39.4, 994.4200000000001, 25.29,6.32,5.479999999999999, 2026-07-25 13:49:23
SZKOŁA PODSTAWOWA NR 3 IM. OJCA ŚWIĘTEGO JANA PAWŁA II W SPYTKOWICACH, , 34-745, SPYTKOWICE,19.78210166,49.56854069, 39.55384615384616, 942.7538461538461, 23.53076923076923,2.1,1.838461538461538, 2026-07-25 13:49:23
SZKOŁA PODSTAWOWA Z ODDZIAŁAMI INTEGRACYJNYMI W STARYM JANOWIE, , 58-140, STARY JAWORÓW,16.4295453,50.8905688, 29.983333333333334, 978.975, 27.983333333333334,3.1,2.666666666666666, 2026-07-25 13:49:23
ZESPÓŁ PLACÓWEK SZKOLNO-WYCHOWAWCZO-OPIEKUŃCZYCH W NOWYM TARGU, UL. JANA PAWŁA II, 34-400, NOWY TARG,20.050842626471432,49.47840731021351, 42.59166666666667, 942.6833333333334, 22.166666666666668,2.35,2.1, 2026-07-25 13:49:23
ZESPÓŁ SZKÓŁ OGÓLNOKSZTAŁCĄCYCH I ZAWODOWYCH IM. MJRA H. SUCHARSKIEGO W BOLESŁAWCU, Komuny Paryskiej, 59-700, BOLESŁAWIEC,15.563553,51.259736, , , ,15.866666666666664,8.733333333333333, 2026-07-25 13:49:23
TECHNIKUM INFORMATYCZNE PRZY NOWORUDZKIEJ SZKOLE TECHNICZNEJ W NOWEJ RUDZIE, Stara Droga, 57-401, NOWA RUDA,16.51259,50.59164898, , , ,29.399999999999995,8.066666666666668, 2026-07-25 13:49:23
SZKOŁA PODSTAWOWA IM. KARDYNAŁA STEFANA WYSZYŃSKIEGO W STOBNIE, , 62-872, STOBNO SIÓDME,18.147820841825457,51.67631251814208, 45.654545454545456, 995.7090909090908, 24.536363636363635,5.218181818181818,4.818181818181818, 2026-07-25 13:49:23
I LICEUM OGÓLNOKSZTAŁCĄCE IM. PROF. ZBIGNIEWA RELIGI W ZABRZU, UL. WOLNOŚCI, 41-800, ZABRZE,18.79133707116482,50.302459290066544, 37.4, 979.9727272727273, 26.436363636363637,3.081818181818181,2.509090909090909, 2026-07-25 13:49:23
SZKOŁA PODSTAWOWA NR 3 IM. KRZYSZTOFA KAMILA BACZYŃSKIEGO W RACIBORZU, UL. KAPITANA SERAFINA MYŚLIWCA, 47-400, RACIBÓRZ,18.26407573,50.07454437, 48.372727272727275, 988.0909090909091, 24.863636363636363,6.818181818181818,6.354545454545455, 2026-07-25 13:49:23
SZKOŁA PODSTAWOWA IM SYBIRAKÓW W JERZMANKACH, , 59-900, JERZMANKI,15.06098458,51.13624505, 32.48571428571429, 983.5428571428572, 27.785714285714285,2.657142857142857,2.657142857142857, 2026-07-25 13:49:23
SZKOŁA PODSTAWOWA IM. JANA KOCHANOWSKIEGO W CHĘCINACH, KIELECKA, 26-260, CHĘCINY,20.466774779539023,50.80116921655686, 28.427272727272726, 979.6090909090909, 29.3,2.590909090909091,2.199999999999999, 2026-07-25 13:49:23
LICEUM OGÓLNOKSZTAŁCĄCE W SZCZYTNIE, UL. JERZEGO LANCA, 12-100, SZCZYTNO,21.00763106,53.56301256, 62.95, 993.975, 25.700000000000003,2.425,2.175, 2026-07-25 13:49:23
SZKOŁA PODSTAWOWA IM. M. KONOPNICKIEJ W STAREJ SOBÓTCE, , 99-150, STARA SOBÓTKA,19.03167003,52.18487542, 40.0, 993.6818181818181, 25.90909090909091,3.3,3.3, 2026-07-25 13:49:23
ZESPÓŁ SZKOLNO - PRZEDSZKOLNY IM. JANA PAWŁA II W GÓRKACH ŚLĄSKICH - SZKOŁA PODSTAWOWA, UL. OFIAR OŚWIĘCIMSKICH, 47-440, GÓRKI ŚLĄSKIE,18.38847178,50.14082465, 38.13636363636363, 1001.7090909090908, 27.154545454545453,2.963636363636364,2.436363636363636, 2026-07-25 13:49:23
EKOLOGICZNA SZKOŁA PODSTAWOWA NR 7 IM. JULIANA TUWIMA W BIELAWIE, OS. OSIEDLE WŁÓKNIARZY, 58-260, BIELAWA,16.619114371164812,50.69033383228732, 28.616666666666664, 973.4833333333332, 28.650000000000002,3.583333333333333,3.033333333333333, 2026-07-25 13:49:23
SZKOŁA PODSTAWOWA Z ODDZIAŁAMI INTEGRACYJNYMI IM. KORNELA MAKUSZYŃSKIEGO W BOŻKOWIE, , 57-441, BOŻKÓW,16.5775574,50.51426595, 36.59090909090909, 970.3363636363637, 27.9,3.5727272727272723,3.272727272727273, 2026-07-25 13:49:23
SZKOŁA PODSTAWOWA NR 4 IM. MARII KONOPNICKIEJ W SIERADZU, LEŚNIEWSKIEGO, 98-200, SIERADZ,18.7355592274991,51.5890109934242, 37.97272727272727, 993.9727272727273, 28.463636363636365,4.136363636363637,3.445454545454545, 2026-07-25 13:49:23
SZKOŁA PODSTAWOWA NR 31 Z ODDZIAŁAMI INTEGRACYJNYMI IM. HENRYKA SIENKIEWICZA W KIELCACH, ul. Krzemionkowa, 25-750, KIELCE,20.585992097604983,50.86314770232769, 34.91818181818182, 979.9636363636364, 26.063636363636363,3.018181818181818,2.5, 2026-07-25 13:49:23
SZKOŁA PODSTAWOWA IM. JANUSZA KORCZAKA W ŚWIERZAWIE, UL. DWORCOWA, 59-540, ŚWIERZAWA,15.88709825767037,51.01898320441042, 27.166666666666668, 973.1750000000001, 29.816666666666666,3.433333333333333,2.9666666666666672, 2026-07-25 13:49:23
SZKOŁA PODSTAWOWA IM. ODKRYWCÓW POLSKIEJ MIEDZI W CHOCIANOWIE, UL. WESOŁA, 59-140, CHOCIANÓW,15.909826399999998,51.41291795313292, 31.39090909090909, 992.1545454545455, 27.572727272727274,2.509090909090909,2.509090909090909, 2026-07-25 13:49:23
PUBLICZNA SZKOŁA PODSTAWOWA IM. MARII KOWNACKIEJ W PŁOSKACH, , 56-210, PŁOSKI,16.69230886,51.5269786, 30.541666666666668, 996.3166666666666, 30.083333333333332,2.8,2.8, 2026-07-25 13:49:23
SAMORZĄDOWY ZESPÓŁ SZKÓŁ IM. MARII KONOPNICKIEJ W GORZOWIE, ul. Szkolna, 32-660, CHEŁMEK,19.22562401,50.07910829, 42.300000000000004, 985.3916666666668, 27.950000000000003,1.916666666666666,1.625, 2026-07-25 13:49:23
SZKOŁA PODSTAWOWA IM. KARDYNAŁA STEFANA WYSZYŃSKIEGO W SZULBORZU WIELKIM, UL. SZARYCH SZEREGÓW, 07-324, SZULBORZE WIELKIE,22.21318,52.76146, 46.040000000000006, 994.5600000000001, 26.21,3.2,2.8, 2026-07-25 13:49:23
SZKOŁA PODSTAWOWA NR 7 IM. ŚW. JANA PAWŁA II W SUWAŁKACH, UL. ROMUALDA MINKIEWICZA, 16-400, SUWAŁKI,22.9350803,54.12461641, 51.4, 987.5818181818181, 22.736363636363635,1.709090909090909,1.709090909090909, 2026-07-25 13:49:23
SZKOŁA PODSTAWOWA IM. JANA MARKA W POGÓRZU, UL. ZAMEK, 43-430, POGÓRZE,18.81904624,49.8012116, 37.55, 975.45, 28.9125,2.9375,2.375, 2026-07-25 13:49:23
SZKOŁA PODSTAWOWA IM. JANA PAWŁA II W ZESPOLE SZKOLNO-PRZEDSZKOLNYM W PIETRZYKOWICACH, UL. KOŚCIUSZKI, 34-326, PIETRZYKOWICE,19.15915626,49.70056214, 29.345454545454547, 969.3909090909091, 29.763636363636362,1.7636363636363632,1.7636363636363632, 2026-07-25 13:49:23
TECHNIKUM NR 2 IM. KOMISJI EDUKACJI NARODOWEJ W WODZISŁAWIU ŚLĄSKIM, UL. SZKOLNA, 44-300, WODZISŁAW ŚLĄSKI,18.45995308,50.00487818, 34.475, 979.4, 27.691666666666666,3.041666666666666,2.691666666666666, 2026-07-25 13:49:23
PUBLICZNA SZKOŁA PODSTAWOWA IM. KRÓLOWEJ JADWIGI W SŁAWNIE, , 26-625, SŁAWNO,21.02626351,51.39080308, 38.92727272727273, 986.9, 28.463636363636365,2.8636363636363638,2.372727272727273, 2026-07-25 13:49:23
SPOŁECZNA SZKOŁA PODSTAWOWA IM. JULIUSZA SŁOWACKIEGO W TORUNIU, UL. WŁADYSŁAWA DZIEWULSKIEGO, 87-100, TORUŃ,18.6761593,53.02777363684514, 39.66923076923077, 1000.6615384615385, 24.93846153846154,4.292307692307692,4.292307692307692, 2026-07-25 13:49:23
I LICEUM OGÓLNOKSZTAŁCĄCE IM. STEFANA ŻEROMSKIEGO W OPOCZNIE, UL. ŻEROMSKIEGO, 26-300, OPOCZNO,20.28510977,51.3778952, 43.627272727272725, 990.2909090909092, 26.19090909090909,5.5,4.827272727272727, 2026-07-25 13:49:23
SZKOŁA PODSTAWOWA IM. MARII KONOPNICKIEJ W KRZYKOSACH, UL. GŁÓWNA, 63-024, KRZYKOSY,17.37239934,52.11001162, 39.309090909090905, 999.3363636363637, 25.172727272727272,3.754545454545454,3.754545454545454, 2026-07-25 13:49:23
SZKOŁA PODSTAWOWA Z ODDZIAŁAMI INTEGRACYJNYMI IM. JANA PAWŁA II W GOŚCIESZYNIE, , 88-420, GOŚCIESZYN,17.72638887,52.65758768, 38.583333333333336, 992.6916666666666, 25.375,4.841666666666667,4.841666666666667, 2026-07-25 13:49:23
SZKOŁA PODSTAWOWA IM. TADEUSZA KOŚCIUSZKI W KWILCZU, ul. Kardynała Stefana Wyszyńskiego, 64-420, KWILCZ,16.084433353503734,52.55226145071493, 36.199999999999996, 995.6999999999999, 27.241666666666664,4.183333333333333,4.183333333333333, 2026-07-25 13:49:23
SZKOŁA PODSTAWOWA IM. JANUSZA KORCZAKA W GOSTOMI, , 78-600, GOSTOMIA,16.42614537,53.18950826, 40.06666666666667, 989.6083333333332, 25.458333333333332,3.316666666666666,3.316666666666666, 2026-07-25 13:49:23
NIEPUBLICZNA SZKOŁA PRZYSPOSABIAJĄCA DO PRACY W NOWIELINIE, , 74-320, NOWIELIN,14.87625648,53.10548122, 39.345454545454544, 998.5818181818181, 25.536363636363635,5.081818181818182,4.290909090909091, 2026-07-25 13:49:23
ZESPÓŁ SZKÓŁ OGÓLNOKSZTAŁCĄCYCH NR 14 W ZABRZU, UL. KS. DOKTORA ANTONIEGO KORCZOKA, 41-840, ZABRZE,18.83904135,50.30036453, 38.87777777777777, 976.7555555555555, 25.88888888888889,2.688888888888888,2.233333333333333, 2026-07-25 13:49:23
SZKOŁA PODSTAWOWA IM. TADEUSZA KOŚCIUSZKI W ROŻNOWICACH, , 38-323, ROŻNOWICE,21.16105055,49.75986859, 32.275, 976.5666666666666, 27.96666666666667,7.95,7.016666666666667, 2026-07-25 13:49:23
SZKOŁA PODSTAWOWA IM. ADAMA MICKIEWICZA W SOKOŁACH, UL. KOŚCIELNA, 18-218, SOKOŁY,22.69770204,52.99167725, 47.349999999999994, 990.95, 26.25,2.95,2.4, 2026-07-25 13:49:23
SZKOŁA PODSTAWOWA IM. BOHATERÓW TAJNEGO NAUCZANIA W DZIEKANOWICACH, , 32-410, DZIEKANOWICE,20.09609736,49.90728886, 43.57272727272727, 974.0636363636364, 23.463636363636365,2.809090909090909,2.681818181818181, 2026-07-25 13:49:23
ZESPÓŁ SZKÓŁ W GRÓDKU NAD DUNAJCEM, Gródek nad Dunajcem, 33-318, GRÓDEK NAD DUNAJCEM,20.73281971,49.747291, 40.28181818181818, 979.0363636363636, 23.863636363636363,2.318181818181818,2.318181818181818, 2026-07-25 13:49:23
SZKOŁA PODSTAWOWA IM. JANUSZA KUSOCIŃSKIEGO W DALESZYNIE, Daleszyn, 63-800, DALESZYN,16.97119494,51.91850934, 34.518181818181816, 995.7181818181817, 27.763636363636362,4.563636363636363,3.972727272727272, 2026-07-25 13:49:23
SZKOŁA PODSTAWOWA IM. HENRYKA SIENKIEWICZA W DĄBIU W ZESPOLE SZKOLNO - PRZEDSZKOLNYM W DĄBIU, ul. Strażacka, 66-615, DĄBIE,15.14514209,52.0078805, 32.372727272727275, 999.0727272727272, 29.20909090909091,3.245454545454545,2.927272727272727, 2026-07-25 13:49:23
NIEPUBLICZNA SZKOŁA PODSTAWOWA IM. JANUSZA KORCZAKA W SZYDŁÓWCE, , 08-207, SZYDŁÓWKA,22.62314895,52.13664373, 54.46, 990.43, 23.509999999999998,2.23,1.89, 2026-07-25 13:49:23
SZKOŁA PODSTAWOWA NR 1 IM. STANISŁAWA STASZICA W CHODZIEŻY, ul. Stanisława Staszica, 64-800, CHODZIEŻ,16.92059412,52.99112838, 42.127272727272725, 999.5636363636364, 24.263636363636362,5.063636363636363,5.063636363636363, 2026-07-25 13:49:23
II LICEUM OGÓLNOKSZTAŁCĄCE W PISZU, ul. Młodzieżowa, 12-200, PISZ,21.81385222,53.62587521, 53.14545454545455, 996.3181818181819, 23.354545454545452,3.309090909090909,3.027272727272727, 2026-07-25 13:49:23
SZKOŁA PODSTAWOWA 14 IM. MARII KONOPNICKIEJ W OLSZTYNIE, ul. Marii Konopnickiej, 10-168, OLSZTYN,20.46933458,53.77759119, 55.4, 996.3333333333334, 22.425,6.216666666666666,5.791666666666667, 2026-07-25 13:49:23
XXIII LICEUM OGÓLNOKSZTAŁCĄCE IM. KS. PROF. JÓZEFA TISCHNERA, AL. MARSZ. JÓZEFA PIŁSUDSKIEGO, 92-301, ŁÓDŹ,19.50952146,51.76322604, 41.9, 983.49, 24.380000000000003,3.36,3.35, 2026-07-25 13:49:23
SZKOŁAPODSTAWOWA W LNIŚNIE, , 96-126, LNISNO,20.08905951,51.86229404, 40.32727272727273, 991.1727272727272, 27.59090909090909,3.545454545454545,3.009090909090909, 2026-07-25 13:49:23
SZKOŁA PODSTAWOWA IM. JÓZEFA GORLACHA W RUDZIE, , 39-310, RUDA,21.34772564,50.20129096, 38.353846153846156, 988.3076923076923, 25.515384615384615,2.492307692307692,2.161538461538462, 2026-07-25 13:49:23
SZKOŁA PODSTAWOWA IM. POWSTAŃCÓW WIELKOPOLSKICH W MIAŁACH, UL. POWSTAŃCÓW WIELKOPOLSKICH, 64-730, MIAŁY,16.17018436,52.80629113, 39.88333333333333, 1001.3166666666666, 25.150000000000002,4.075,4.075, 2026-07-25 13:49:23
II LICEUM OGÓLNOKSZTAŁCĄCE IM. TADEUSZA STANIEWSKIEGO W SWARZĘDZU, UL. PODGÓRNA, 62-020, SWARZĘDZ,17.073424184659224,52.41061520852974, 36.4, 997.1545454545455, 27.08181818181818,3.963636363636364,3.963636363636364, 2026-07-25 13:49:23
SZKOŁA PODSTAWOWA IM. JANA PAWŁA II W ŻYDOWIE, ul. Tadeusza Kościuszki, 62-241, ŻYDOWO,17.58411609,52.45371137, 38.40909090909091, 996.2545454545453, 28.663636363636364,3.727272727272727,3.727272727272727, 2026-07-25 13:49:23
SZKOŁA PODSTAWOWA IM. PODRÓŻNIKÓW I ODKRYWCÓW W KACZOROWIE, pl. Pollaka, 59-420, KACZORÓW,15.9569773,50.90923949, 40.175000000000004, 960.4166666666666, 24.433333333333334,2.116666666666666,1.8, 2026-07-25 13:49:23
SZKOŁA PODSTAWOWA W ZESPOLE SZKOLNO-PRZEDSZKOLNYM W NOWYM ALEKSANDROWIE, ul. Pogodna, 16-002, NOWE ALEKSANDROWO,23.06659155,53.19379559, 46.17272727272727, 993.9090909090909, 25.445454545454538,2.481818181818182,2.172727272727273, 2026-07-25 13:49:23
SZKOŁA PODSTAWOWA IM JANUSZA KORCZAKA W MOKREJ LEWEJ, , 96-100, MOKRA LEWA,20.08917,51.97194, 44.13636363636363, 995.1727272727272, 25.281818181818185,3.418181818181818,2.845454545454545, 2026-07-25 13:49:23
SZKOŁA PODSTAWOWA W ZAGORZYNIE, , 33-390, ZAGORZYN,20.39185647,49.58145382, 36.891666666666666, 956.7666666666668, 25.075,2.5,2.216666666666667, 2026-07-25 13:49:23
SZKOŁA PODSTAWOWA NR 22 WE WROCŁAWIU, ul. Karpnicka, 54-061, WROCŁAW,16.9062321,51.16255379, 29.47142857142857, 994.5857142857143, 26.414285714285715,3.085714285714286,2.685714285714286, 2026-07-25 13:49:23
SZKOŁA PODSTAWOWA IM. ARKADEGO FIEDLERA Z ZBĄSZYNIU, MOSTOWA, 64-360, ZBĄSZYŃ,15.91756,52.25404, 40.99166666666667, 1002.6750000000001, 27.866666666666664,4.341666666666667,4.016666666666667, 2026-07-25 13:49:23
ZESPÓŁ SZKÓŁ SPECJALNYCH W MAZOWIECKIM CENTRUM NEUROPSYCHATRII W ZAGÓRZU - SZKOŁA PODSTAWOWA, , 05-462, ZAGÓRZE,21.25128843,52.19825059, 53.0, 1012.5, 23.536363636363635,3.454545454545454,3.163636363636363, 2026-07-25 13:49:23
SPECJALNY OŚRODEK SZKOLNO-WYCHOWAWCZY CARITAS ARCHIDIECEZJI WROCŁAWSKIEJ - SZKOŁA PODSTAWOWA SPECJALNA DLA DZIECI Z NIEPEŁNOSPRAWNOŚCIĄ INTELEKTUALNĄ W STOPNIU LEKKIM, ul. Stawowa, 56-410, DOBROSZYCE,17.33183649513806,51.263296148948506, 42.47272727272727, 992.0545454545455, 23.054545454545455,4.218181818181818,3.5727272727272723, 2026-07-25 13:49:23
SZKOŁA PODSTAWOWA IM. MIECZYSŁAWA WIECZORKA W OLSZANIE, Olszana, 33-386, OLSZANA,20.51949856,49.5709649, 47.94166666666666, 968.2166666666667, 23.233333333333334,1.333333333333333,1.166666666666666, 2026-07-25 13:49:23
ZESPÓŁ SZKÓŁ ZAWODOWYCH IM. STEFANA BOBROWSKIEGO W RAWICZU, ul. gen. Józefa Hallera, 63-900, RAWICZ,16.84475255,51.61027899, 36.699999999999996, 998.5909090909091, 29.572727272727274,2.7363636363636363,2.7363636363636363, 2026-07-25 13:49:23
MIEJSKA SZKOŁA PODSTAWOWA NR 6 IM. KRÓLOWEJ JADWIGI W KNUROWIE, UL. STEFANA BATOREGO, 44-194, KNURÓW,18.65858,50.22955, 42.13333333333333, 984.0666666666666, 25.974999999999998,5.141666666666667,4.475, 2026-07-25 13:49:23
ZESPÓŁ SZKOLNO-PRZEDSZKOLNY W GODOWIE, UL. SZKOLNA, 44-340, GODÓW,18.48504,49.91916, 47.15, 984.875, 25.291666666666668,2.05,1.841666666666666, 2026-07-25 13:49:23
SZKOŁA PODSTAWOWA NR 2 IM. MARII KONOPNICKIEJ W RAWIE MAZOWIECKIEJ, UL. MIŁA, 96-200, RAWA MAZOWIECKA,20.2572,51.7651, 64.53333333333333, 988.6750000000001, 24.941666666666666,4.666666666666667,4.274999999999999, 2026-07-25 13:49:23
SZKOŁA PODSTAWOWA IM. POLSKICH OLIMPIJCZYKÓW W MIŁOCINIE, , 24-150, MIŁOCIN,22.31362,51.25966, 41.5, 987.6, 25.041666666666668,1.6833333333333331,1.633333333333333, 2026-07-25 13:49:23
SZKOŁA PODSTAWOWA SPECJALNA W SKOROSZOWICACH, , 57-100, SKOROSZOWICE,16.97173575,50.69677537, 32.375, 978.9166666666666, 27.433333333333334,2.675,2.275, 2026-07-25 13:49:23
SZKOŁA PODSTAWOWA STOWARYSZENIA PRZYJACIÓŁ SZKÓŁ KATOLICKICH W STANISŁAWIU GÓRNYM, , 34-105, STANISŁAW GÓRNY,19.62936,49.91034, 44.09166666666667, 969.5666666666666, 23.733333333333334,3.691666666666666,3.15, 2026-07-25 13:49:23
SZKOŁA PODSTAWOWA IM. JÓZEFA WIERZBICKIEGO W POŁCHOWIE, UL. DWORCOWA, 84-123, POŁCHOWO,18.42774,54.6524, 63.85833333333333, 1001.0749999999999, 22.233333333333334,4.641666666666668,4.641666666666668, 2026-07-25 13:49:23
SZKOŁA PODSTAWOWA IM. PŁK. STANISŁAWA DĄBKA W SYCHOWIE, UL. SZKOLNA, 84-242, SYCHOWO,18.15007,54.54575, 50.46363636363637, 992.7, 24.08181818181818,5.072727272727272,4.627272727272727, 2026-07-25 13:49:23
SZKOŁA PODSTAWOWA IM. KORNELA MAKUSZYŃSKIEGO W PIŁAWIE DOLNEJ, ul. Główna, 58-241, PIŁAWA DOLNA,16.68731628,50.70323119, 27.491666666666664, 977.6, 29.308333333333334,3.125,2.633333333333333, 2026-07-25 13:49:23
SZKOŁA PODSTAWOWA IM. KSIĄŻĄT POMORSKICH W SŁONOWICACH, , 76-251, SŁONOWICE,16.90478,54.38981, 48.81818181818182, 1000.1727272727272, 26.681818181818183,4.645454545454545,4.272727272727272, 2026-07-25 13:49:23
PUBLICZNA SZKOŁA PODSTAWOWA IM. ODDZIAŁU PARTYZANCKIEGO „JĘDRUSIE” W SULISŁAWICACH, , 27-670, SULISŁAWICE,21.47234,50.58803, 42.725, 987.875, 24.008333333333336,2.266666666666666,1.9083333333333328, 2026-07-25 13:49:23
SZKOŁA PODSTAWOWA IM. ŚW. KINGI W ŻEGOCINIE, , 32-731, ŻEGOCINA,20.41987,49.81307, 67.2090909090909, 975.0545454545455, 22.3,2.281818181818181,1.872727272727272, 2026-07-25 13:49:23
SZKOŁA PODSTAWOWA IM. JANA PAWŁA II W MAŁEJ NIESZAWCE, UL. TORUŃSKA, 87-103, MAŁA NIESZAWKA,18.54804,52.99028, 36.78181818181818, 1003.3, 26.40909090909091,3.109090909090909,3.109090909090909, 2026-07-25 13:49:23
SZKOŁA PODSTAWOWA IM. BŁ. KS. JERZEGO POPIEŁUSZKI W WOLI ZGŁOBIEŃSKIEJ, , 36-046, WOLA ZGŁOBIEŃSKA,21.80922,49.99599, 43.800000000000004, 981.5333333333333, 24.599999999999998,2.5666666666666678,2.133333333333333, 2026-07-25 13:49:23
SZKOŁA PODSTAWOWA IM. MIKOŁAJA KOPERNIKA W LUBAWIE, UL. RZEPNIKOWSKIEGO, 14-260, LUBAWA,19.7510984,53.50147754, 48.80833333333334, 993.6999999999999, 23.008333333333336,4.433333333333334,4.183333333333333, 2026-07-25 13:49:23
SZKOŁA PODSTAWOWA NR 21 IM. FRYDERYKA CHOPINA W PŁOCKU, FRYDERYKA CHOPINA, 09-409, PŁOCK,19.7127,52.54894, 48.074999999999996, 999.2166666666667, 25.141666666666666,3.425,3.158333333333333, 2026-07-25 13:49:23
TECHNIKUM NR 1 W ZESPOLE SZKÓŁ PONADGIMNAZJALNYCH NR 1 W SIERADZU, ul. Marszałka Józefa Piłsudskiego, 98-200, SIERADZ,18.7318492,51.5922492, 45.525, 995.4416666666666, 25.0,3.3666666666666663,3.125, 2026-07-25 13:49:23
SZKOŁA PODSTAWOWA NR 1 W PIECHOWICACH, UL. SZKOLNA, 58-573, PIECHOWICE,15.595824523278806,50.851284254319424, 43.73333333333333, 966.8249999999999, 26.433333333333334,3.558333333333333,3.175, 2026-07-25 13:49:23
PUBLICZNA SZKOŁA PODSTAWOWA IM.MARII KONOPNICKIEJ W STARYM LUBIEJEWIE, UL. SZKOLNA, 07-300, STARE LUBIEJEWO,21.878069,52.837826, 57.06666666666666, 996.9666666666667, 24.066666666666666,2.725,2.533333333333333, 2026-07-25 13:49:23
SPOŁECZNA SZKOŁA PODSTAWOWA IM. ASTRID LINDGREN W MILICZU, UL. JAROSŁAWA DĄBROWSKIEGO, 56-300, MILICZ,17.280157424719235,51.5212767734148, 34.766666666666666, 1096.2166666666667, 26.650000000000002,3.666666666666666,3.666666666666666, 2026-07-25 13:49:23
SZKOŁA PODSTAWOWA W KĄTACH, UL. KRÓLEWSKA, 05-340, KĄTY,21.476034997760348,52.01800806036134, 40.0, 995.9833333333332, 27.0,2.775,2.391666666666666, 2026-07-25 13:49:23
SZKOŁA PODSTAWOWA W ZESPOLE SZKÓŁ W BRZEZINACH, UL.WROCŁAWSKA, 62-874, BRZEZINY,18.252941,51.593363, 45.336363636363636, 995.8636363636364, 25.272727272727273,2.918181818181818,2.718181818181818, 2026-07-25 13:49:23
SZKOŁA PODSTAWOWA NR 2 IM. KAZIMIERZA WIELKIEGO W OPOCZNIE, UL. INOWŁODZKA, 26-300, OPOCZNO,20.28735,51.377793, 45.725, 989.625, 26.525,5.225,4.649999999999999, 2026-07-25 13:49:23
ZESPÓŁ SZKÓŁ SAMORZĄDOWYCH NR 1 W OPOCZNIE, UL. SKŁODOWSKIEJ, 26-300, OPOCZNO,20.28288,51.37976, 47.21666666666667, 990.5749999999999, 24.691666666666666,3.875,3.4916666666666663, 2026-07-25 13:49:23
SZKOŁA PODSTAWOWA IM. 15.PUŁKU UŁANÓW POZNAŃSKICH W KROŚNIE, Plac 20 Października, 62-050, KROSNO,16.83284,52.22305, 52.3954, 1002.0676, 24.8296,10.66,5.04, 2026-07-25 13:49:23
SZKOŁA PODSTAWOWA NR 2 IM. KRÓLOWEJ JADWIGI W SWARZĘDZU, POLNA, 62-020, SWARZĘDZ,17.083499,52.406187, 100.0, 997.7772, 24.2564,11.6,10.92, 2026-07-25 13:49:23
SZKOŁA PODSTAWOWA NR 27 IM. STEFANA CZARNIECKIEGO W POZNANIU, OS. WINIARY, 60-665, POZNAŃ,16.908246,52.433167, 38.5664, 998.8412, 25.886799999999997,9.44,9.24, 2026-07-25 13:49:23
SZKOŁA PODSTAWOWA NR 66 IM. MARII SKŁODOWSKIEJ-CURIE W POZNANIU, OS. PRZYJAŻNI, 61-684, POZNAŃ,16.925802,52.431945, 43.58653846153846, 999.1480769230768, 24.210384615384616,9.192307692307692,7.461538461538462, 2026-07-25 13:49:23
SZKOŁA PODSTAWOWA NR 88 IM. POZNAŃSKICH KOZIOŁKÓW W POZNANIU, SWOBODA, 60-389, POZNAŃ,16.872327,52.405748, 63.36666666666667, 1000.6653333333333, 27.500666666666667,11.133333333333333,13.2, 2026-07-25 13:49:23
SZKOŁA PODSTAWOWA NR 70 IM. MIKOŁAJA KOPERNIKA W POZNANIU, PIĘKNA, 60-591, POZNAŃ,16.875225,52.415923, 61.0204, 999.666, 25.215999999999998,29.64,27.56, 2026-07-25 13:49:23
SZKOŁA PODSTAWOWA NR 71 IM. JANUSZA KUSOCIŃSKIEGO W POZNANIU, PRZYBYSZEWSKIEGO, 60-356, POZNAŃ,16.889354,52.41006, 43.2864, 1002.3096, 24.6856,19.32,8.08, 2026-07-25 13:49:23
SZKOŁA PODSTAWOWA NR 61 IM. KOMISJI EDUKACJI NARODOWEJ W POZNANIU, UL. SZCZEPANKOWO, 61-306, POZNAŃ,17.008445,52.364646, 100.0, 999.1447999999999, 25.9844,14.6,9.28, 2026-07-25 13:49:23
SZKOŁA PODSTAWOWA NR 53 IM. PAWŁA EDMUNDA STRZELECKIEGO W POZNANIU, UL. GŁUSZYNA, 61-329, POZNAŃ,16.962512,52.315212, 35.3148, 1001.0003999999999, 27.0832,9.76,9.6, 2026-07-25 13:49:23
SZKOŁA PODSTAWOWA NR 101 IM. JANA BRZECHWY W POZNANIU, SWOBODA, 60-389, POZNAŃ,16.87273,52.40789, 42.36538461538461, 998.0361538461538, 23.88923076923077,23.96153846153846,11.23076923076923, 2026-07-25 13:49:23
SZKOŁA PODSTAWOWA NR 48 IM. GEN. OSWALDA FRANKA W POZNANIU, UL. SARMACKA, 61-616, POZNAŃ,16.930133,52.446266, 53.466800000000006, 998.2792, 26.360799999999998,14.76,14.36, 2026-07-25 13:49:23
SZKOŁA PODSTAWOWA NR 18 IM. ZOFII NAŁKOWSKIEJ W POZNANIU, OS. ARMII KRAJOWEJ, 61-381, POZNAŃ,16.952914,52.379399, 35.14, 1001.6948, 28.387199999999996,10.24,9.96, 2026-07-25 13:49:23
SZKOŁA PODSTAWOWA NR 17 IM. JÓZEFA IGNACEGO KRASZEWSKIEGO W POZNANIU, OS. BOLESŁAWA CHROBREGO, 60-681, POZNAŃ,16.913989,52.456722, 46.20461538461538, 998.8184615384615, 23.177692307692308,12.192307692307692,11.846153846153848, 2026-07-25 13:49:23
SZKOŁA PODSTAWOWA NR 36 W POZNANIU, SŁOWACKIEGO, 60-842, POZNAŃ,16.90252,52.41191, 42.82153846153846, 1000.551923076923, 23.543076923076924,16.576923076923077,10.307692307692308, 2026-07-25 13:49:23
SZKOŁA PODSTAWOWA NR 54 IM. JANA KASPROWICZA W POZNANIU, UL. MAŁOSZYŃSKA, 60-176, POZNAŃ,16.83909,52.389231, 100.0, 999.8119230769231, 23.920384615384613,10.692307692307692,10.192307692307692, 2026-07-25 13:49:23
SZKOŁA PODSTAWOWA NR 74 IM. MIKOŁAJA KOPERNIKA W POZNANIU, TRYBUNALSKA, 60-325, POZNAŃ,16.86372,52.398771, 43.2864, 1002.3096, 24.6856,19.32,8.08, 2026-07-25 13:49:23
SZKOŁA PODSTAWOWA NR 5 IM. ROMUALDA TRAUGUTTA W POZNANIU, TRAUGUTTA, 60-101, POZNAŃ,16.91923,52.38505, 43.2864, 1002.3096, 24.6856,19.32,8.08, 2026-07-25 13:49:23
SZKOŁA PODSTAWOWA SPECJALNA NR 102 IM. MARII MONTESSORI, Przełajowa, 61-622, POZNAŃ,16.94645,52.42644, 42.745769230769234, 1000.0865384615385, 25.080000000000002,8.538461538461538,8.307692307692308, 2026-07-25 13:49:23
ZESPÓŁ SZKOLNO-PRZEDSZKOLNY W ZIMINIE, Zimin, 63-006, ZIMIN,17.15106,52.29489, 43.2864, 1002.3096, 24.6856,19.32,8.08, 2026-07-25 13:49:23
SZKOŁA PODSTAWOWA W OTOROWIE, UL. ŁĄKOWA, 64-551, OTOROWO,16.433729,52.563226, 51.4616, 997.0031999999999, 25.701999999999998,11.2,10.68, 2026-07-25 13:49:23
SZKOŁA PODSTAWOWA IM. JÓZEFA WYBICKIEGO W CZERWONAKU, UL. ROLNA, 62-004, CZERWONAK,16.98489,52.470601, 43.72, 997.9384, 24.3444,11.32,10.84, 2026-07-25 13:49:23
SZKOŁA PODSTAWOWA IM. ARKADEGO FIDLERA W GUŁTOWACH, UL. ŚREDZKA, 62-025, GUŁTOWY,17.330809,52.350884, 48.1608, 997.3911999999999, 25.9232,16.24,13.08, 2026-07-25 13:49:23
SZKOŁA PODSTAWOWA IM. KRÓLOWEJ JADWIGI W JERZYKOWIE, UL. SPOKOJNA, 62-007, JERZYKOWO,17.17171,52.47082, 100.0, 998.4083999999999, 24.577199999999998,6.164,5.127999999999999, 2026-07-25 13:49:23
ZESPÓŁ SZKOLNO-PRZEDSZKOLNY W MANIEWIE, Maniewo, 64-605, MANIEWO,16.86412,52.59366, 34.08538461538462, 998.2238461538461, 29.205384615384617,10.423076923076923,8.307692307692308, 2026-07-25 13:49:23
SZKOŁA PODSTAWOWA IM. PPŁK. MAKSYMILIANA CIĘŻKIEGO W BABOROWIE, , 64-500, BABOROWO,16.64615,52.59288, 56.05125, 999.9408333333334, 24.205,127.45833333333331,127.16666666666669, 2026-07-25 13:49:23
SZKOŁA PODSTAWOWA IM. POWSTAŃCÓW WIELKOPOLSKICH W PYSZĄCEJ, UL. ŚREMSKA, 63-100, PYSZĄCA,17.06089,52.0661, 65.20304347826087, 999.974347826087, 26.461304347826086,12.304347826086955,8.347826086956522, 2026-07-25 13:49:23
SZKOŁA PODSTAWOWA IM. HENRYKA SIENKIEWICZA W KONARZEWIE, UL. SZKOLNA, 62-070, KONARZEWO,16.719107,52.336576, 49.038199999999996, 1000.3496, 24.3384,17.48,10.3, 2026-07-25 13:49:23
SZKOŁA PODSTAWOWA IM. ŚW. JANA PAWŁA II W PACZKOWIE, UL. SZKOLNA, 62-021, PACZKOWO,17.16127,52.401655, 42.53254901960784, 1000.2825490196079, 24.814117647058822,16.980392156862745,9.92156862745098, 2026-07-25 13:49:23
SZKOŁA PODSTAWOWA NR 1 IM. FRYDERYKA CHOPINA W SKÓRZEWIE, UL. POZNAŃSKA, 60-185, SKÓRZEWO,16.794147,52.392365, 43.2864, 1002.3096, 24.6856,19.32,8.08, 2026-07-25 13:49:23
SZKOŁA PODSTAWOWA W KAMIONKACH, UL. MIECZEWSKA, 62-023, KAMIONKI,16.99147,52.27884, 43.0916, 1000.97, 25.584400000000002,16.62,9.64, 2026-07-25 13:49:23
SZKOŁA PODSTAWOWA NR 79 W POZNANIU, JESIONOWA, 61-432, POZNAŃ,16.89422,52.36778, 44.41375, 1001.145, 24.236875,9.473684210526317,9.68421052631579, 2026-07-25 13:49:23
SZKOŁA PODSTAWOWA NR 51 IM. BRONISŁAWA SZWARCA W POZNANIU, OS. LECHA, 61-294, POZNAŃ,16.971734,52.390469, 41.79363636363637, 1000.7613636363636, 24.853181818181817,6.318181818181818,5.227272727272727, 2026-07-25 13:49:23
SZKOŁA PODSTAWOWA NR 63 IM. KSAWEREGO ZAKRZEWSKIEGO W POZNANIU, UL. STAROŁĘCKA, 61-341, POZNAŃ,16.921536,52.35338, 43.2864, 1002.3096, 24.6856,19.32,8.08, 2026-07-25 13:49:23
SZKOŁA PODSTAWOWA NR 20 IM. STEFANA BATOREGO W POZNANIU, OS. RZECZYPOSPOLITEJ, 61-395, POZNAŃ,16.951088,52.387907, 43.2864, 1002.3096, 24.6856,19.32,8.08, 2026-07-25 13:49:23
SZKOŁA PODSTAWOWA NR 87 W POZNANIU, UL. LESZKA, 61-062, POZNAŃ,17.01931,52.40721, 39.23708333333334, 1000.33625, 27.212500000000002,17.166666666666668,9.791666666666666, 2026-07-25 13:49:23
SZKOŁA PODSTAWOWA NR 91 W POZNANIU, PROMYK, 60-393, POZNAŃ,16.870474,52.409934, 41.208400000000005, 1000.0167999999999, 24.726,7.76,7.84, 2026-07-25 13:49:23
SZKOŁA PODSTAWOWA NR 72 IM. MIKOŁAJA KOPERNIKA W POZNANIU, UL. NEWTONA, 60-161, POZNAŃ,16.867393,52.383159, 60.2136, 999.4296, 24.4008,27.36,9.92, 2026-07-25 13:49:23
SZKOŁA PODSTAWOWA IM. GEN. STEFANA ROWECKIEGO „GROTA” W KOZIEGŁOWACH, UL. POZNAŃSKA, 62-028, KOZIEGŁOWY,16.990947,52.445023, 72.42461538461538, 999.3926923076923, 24.33346153846154,12.653846153846152,12.153846153846152, 2026-07-25 13:49:23
SZKOŁA PODSTAWOWA NR 2 IM. TEOFILI Z DZIAŁYŃSKICH SZOŁDRSKIEJ-POTULICKIEJ W KÓRNIKU, UL. ARMII KRAJOWEJ, 62-035, KÓRNIK,17.0953,52.23251, 50.2324, 1001.304, 25.282799999999998,17.56,9.72, 2026-07-25 13:49:23
SZKOŁA PODSTAWOWA NR 1 IM. JANA PAWŁA II W TARNOWIE PODGÓRNYM, UL. SZKOLNA, 62-080, TARNOWO PODGÓRNE,16.662828,52.467372, 78.426, 997.6719999999999, 23.4915,8.305,7.955, 2026-07-25 13:49:23
SZKOŁA PODSTAWOWA NR 2 IM. KS. PIOTRA WAWRZYNIAKA W ŚREMIE, UL. SZKOLNA, 63-100, ŚREM,17.02436,52.09399, 40.0, 1001.2855999999999, 23.9944,11.52,9.48, 2026-07-25 13:49:23
SZKOŁA PODSTAWOWA IM. ARKADEGO FIEDLERA W PRZYBOROWIE, UL. BAJKOWA, 64-500, PRZYBOROWO,16.57542,52.55638, 56.75, 1000.2508, 24.3216,16.28,13.08, 2026-07-25 13:49:23
SZKOŁA PODSTAWOWA NR 1 IM. STANISŁAWA STASZICA W SZAMOTUŁACH, UL. STASZICA, 64-500, SZAMOTUŁY,16.586295,52.607202, 63.848, 1000.4816000000001, 27.8992,12.0,11.56, 2026-07-25 13:49:23
SZKOŁA PODSTAWOWA NR 2 IM. MARII KONOPNICKIEJ W SZAMOTUŁACH, UL. KAPŁAŃSKA, 64-500, SZAMOTUŁY,16.577349,52.611083, 45.78961538461538, 1000.9919230769231, 25.821923076923078,8.653846153846153,8.307692307692308, 2026-07-25 13:49:23
SZKOŁA PODSTAWOWA IM. BOHATERÓW BUKOWSKICH W BUKU, UL. SZKOLNA, 64-320, BUK,16.522668,52.35663, 100.0, 998.4812, 24.6004,15.24,12.16, 2026-07-25 13:49:23
PRZEDSZKOLE BAJECZKA W ROKIETNICY, UL. NOBLISTÓW, 62-090, ROKIETNICA,16.738427,52.510745, 43.2864, 1002.3096, 24.6856,19.32,8.08, 2026-07-25 13:49:23
PRZEDSZKOLE ZACZAROWANA ŁĄKA W MROWINIE, ul. Szkolna, 62-090, MROWINO,16.69876,52.51423, 55.286, 999.9235000000001, 23.8815,14.761904761904765,11.857142857142858, 2026-07-25 13:49:23
SZKOŁA PODSTAWOWA IM. POWSTAŃCÓW WIELKOPOLSKICH W KISZEWIE, , 64-607, KISZEWO,16.67316,52.68016, 51.58, 1002.8372, 23.4448,9.6,7.68, 2026-07-25 13:49:23
SZKOŁA PODSTAWOWA IM. ASTRID LINDGREN W DĄBROWIE, UL. SZKOLNA, 62-069, DĄBROWA,16.73993,52.403575, 43.2864, 1002.3096, 24.6856,19.32,8.08, 2026-07-25 13:49:23
SZKOŁA PODSTAWOWA IM. JANUSZA KORCZAKA W CERADZU KOŚCIELNYM, UL. JANKOWICKA, 62-080, CERADZ KOŚCIELNY,16.592828,52.438889, 100.0, 998.3388, 27.178,12.6,7.04, 2026-07-25 13:49:23
SZKOŁA PODSTAWOWA NR 2 W MOSINIE, UL. SOWINIECKA, 62-050, MOSINA,16.85712,52.24318, 46.24769230769231, 1001.5153846153846, 24.386923076923075,12.625,10.125, 2026-07-25 13:49:23
SZKOŁA PODSTAWOWA IM. HRABIEGO WŁADYSŁAWA ZAMOYSKIEGO W NOCHOWIE, UL. SZKOLNA, 63-100, NOCHOWO,16.978622359922714,52.07206190376306, 60.10833333333333, 999.6, 24.640833333333333,13.041666666666666,9.25, 2026-07-25 13:49:23
SZKOŁA PODSTAWOWA IM. AUGUSTA CIESZKOWSKIEGO W KICINIE, UL. GWARNA, 62-004, KICIN,17.02037,52.46266, 41.31, 999.0584, 24.651999999999997,11.56,9.4, 2026-07-25 13:49:23
SZKOŁA PODSTAWOWA NR 1 IM. JANUSZA KORCZAKA W KOMORNIKACH, STASZICA, 62-052, KOMORNIKI,16.8105,52.33881, 43.2864, 1002.3096, 24.6856,19.32,8.08, 2026-07-25 13:49:23
SZKOŁA PODSTAWOWA NR 2 IM. RADY EUROPY W KOSTRZYNIE, UL. POWSTAŃCÓW WIELKOPOLSKICH, 62-025, KOSTRZYN,17.23588,52.39434, 100.0, 998.1530769230769, 24.525,13.923076923076923,11.076923076923077, 2026-07-25 13:49:23
SZKOŁA PODSTAWOWA NR 2 W PLEWISKACH, PROF. WACŁAWA STRAŻEWICZA, 62-064, PLEWISKA,16.807346,52.372825, 43.2864, 1002.3096, 24.6856,19.32,8.08, 2026-07-25 13:49:23
SZKOŁA PODSTAWOWA W BISKUPICACH, UL. SZKOLNA, 62-007, BISKUPICE,17.17261,52.46002, 1.0, 997.875, 25.661153846153844,23.46153846153846,10.846153846153848, 2026-07-25 13:49:23
ZESPÓŁ SZKOLNO-PRZEDSZKOLNY W MODRZU, UL. KOŚCIUSZKI, 62-060, MODRZE,16.6324,52.21468, 59.5512, 1001.2464, 25.296,8.88,7.16, 2026-07-25 13:49:23
SZKOŁA PODSTAWOWA NR 5 IM. JANUSZA KORCZAKA, ul. Chramcówki, 34-500, ZAKOPANE,19.9618010711644,49.30218537164973, 50.199999999999996, 980.1916666666667, 20.683333333333334,3.208333333333333,2.925, 2026-07-25 13:49:23
TECHNIKUM NR 2 W WAŁBRZYCHU, UL. OGRODOWA, 58-306, WAŁBRZYCH,16.2843553,50.7840092, 30.311111111111114, 963.6222222222223, 26.811111111111114,2.5444444444444443,2.5444444444444443, 2026-07-25 13:49:23
ZESPÓŁ SZKOLNO - PRZEDSZKOLNY W STRYKOWIE - PRZEDSZKOLE W STRYKOWIE, ul. Bukowska, 62-060, STĘSZEW,16.615,52.2472, 100.0, 999.6984, 27.6208,14.16,11.4, 2026-07-25 13:49:23
I LICEUM OGÓLNOKSZTAŁCĄCE IM. TADEUSZA KOŚCIUSZKI W LEGNICY, PL. KLASZTORNY, 59-220, LEGNICA,16.16627117,51.21034014, 33.483333333333334, 996.6833333333334, 25.083333333333332,2.141666666666666,1.883333333333333, 2026-07-25 13:49:23
SZKOŁA PODSTAWOWA NR 7 IM. KORNELA MAKUSZYŃSKIEGO W SKIERNIEWICACH, UL. ŚW. MAKSYMILIANA KOLBE, 96-100, SKIERNIEWICE,20.21964301,51.9792264, 34.17777777777778, 996.0333333333333, 28.522222222222222,2.677777777777778,2.255555555555555, 2026-07-25 13:49:23
SZKOŁA PODSTAWOWA IM. FRANCISZKA KUJAWIŃSKIEGO W GÓRKACH DUŻYCH, UL. JUTROSZEWSKA, 95-080, GÓRKI DUŻE,19.50526554,51.56553408, 47.63333333333333, 982.15, 23.258333333333336,3.741666666666666,3.449999999999999, 2026-07-25 13:49:23
ZESPÓŁ SZKÓŁ CENTRUM KSZTAŁCENIA ROLNICZEGO IM. MICHAŁA DRZYMAŁY W BRZOSTOWIE, ul. Popiela, 89-350, BRZOSTOWO,17.02117714,53.10320061, 34.1, 994.9416666666666, 29.775000000000002,4.391666666666668,4.391666666666668, 2026-07-25 13:49:23
SZKOŁA PODSTAWOWA W RUDNIKACH IM. POWSTAŃCÓW STYCZNIOWYCH, , 42-230, RUDNIKI,19.79088652,50.82569402, 46.4375, 985.75, 25.1875,2.8875,2.6125, 2026-07-25 13:49:23
SZKOŁA PODSTAWOWA NR 2 IM. JANA PAWŁA II W PRZECISZOWIE, UL. PODLESIE, 32-641, PRZECISZÓW,19.3738442,50.0088626, 42.76666666666667, 985.225, 24.775000000000002,2.641666666666666,2.158333333333333, 2026-07-25 13:49:23
SZKOŁA PODSTAWOWA NR 5 W PYSKOWICACH, UL. SZKOLNA, 44-120, PYSKOWICE,18.627695,50.391498, 32.775, 984.3249999999999, 30.708333333333332,3.191666666666666,2.65, 2026-07-25 13:49:23
ZESPÓŁ PLACÓWEK OŚWIATOWYCH IM. PROF. KAROLINY LANCKOROŃSKIEJ W JASIENICY, , 32-400, JASIENICA,19.84190401,49.82371084, 34.28181818181818, 967.9727272727273, 26.227272727272727,2.663636363636363,2.363636363636363, 2026-07-25 13:49:23
SZKOŁA PODSTAWOWA SPECJALNA NR 10 IM. JANUSZA KORCZAKA W ŚWIĘTOCHŁOWICACH, UL. ŁAGIEWNICKA, 41-608, ŚWIĘTOCHŁOWICE,18.91285,50.310584, 34.23636363636364, 973.8909090909091, 26.91818181818182,0.181818181818181,0.163636363636363, 2026-07-25 13:49:23
SZKOŁA PODSTAWOWA IM. KAPITAN AK JADWIGI BEAUPRE W SYGNECZOWIE, , 32-020, SYGNECZÓW,20.01655459,49.97577128, 42.010000000000005, 969.74, 23.84,2.45,2.13, 2026-07-25 13:49:23
PUBLICZNA SZKOŁA PODSTAWOWA  IM. KORNELA MAKUSZYŃSKIEGO WE WRZESZCZOWIE, , 26-650, WRZESZCZÓW,20.827514,51.4984472, 48.11818181818182, 992.9181818181819, 26.58181818181818,2.190909090909091,2.154545454545454, 2026-07-25 13:49:23
SZKOŁA PODSTAWOWA NR 42 IM. KONSTANTEGO ILDEFONSA GAŁCZYŃSKIEGO W LUBLINIE, UL. RYCERSKA, 20-552, LUBLIN,22.51737314,51.28129644, 44.63636363636363, 983.5, 22.972727272727273,2.681818181818181,2.427272727272727, 2026-07-25 13:49:23
SPECJALNY OŚRODEK SZKOLNO-WYCHOWAWCZY IM. JANUSZA KORCZAKA W WĄSOSZU SZKOŁA PODSTAWOWA SPECJALNA W WĄSOSZU, UL. KORCZAKA, 56-210, WĄSOSZ,16.6888619,51.5612083, 38.4, 999.9363636363636, 26.818181818181817,4.063636363636363,3.463636363636364, 2026-07-25 13:49:23
SZKOŁA PODSTAWOWA W JANUSZOWEJ, , 33-300, JANUSZOWA,20.7262059,49.6480989, 41.41818181818182, 966.8545454545455, 23.654545454545453,16.818181818181817,16.92727272727273, 2026-07-25 13:49:23
V LICEUM OGÓLNOKSZTAŁCĄCE IM. MARII SKŁODOWSKIEJ-CURIE W LUBLINIE, UL. LIPOWA, 20-020, LUBLIN,22.5515879,51.2462049, 45.43636363636364, 988.6909090909091, 24.88181818181818,2.9454545454545453,2.709090909090909, 2026-07-25 13:49:23
XXXII LICEUM OGÓLNOKSZTAŁCĄCE IM. HALINY POŚWIATOWSKIEJ W ZESPOLE SZKÓŁ OGÓLNOKSZTAŁCĄCYCH NR 1 W ŁODZI, UL. PIOTRA CZAJKOWSKIEGO, 92-511, ŁÓDŹ-WIDZEW,19.54161351,51.75532332, 42.43333333333333, 982.6999999999999, 26.483333333333334,3.416666666666666,2.85, 2026-07-25 13:49:23
ZESPÓŁ SZKÓŁ IM.T.KOŚCIUSZKI TECHNIKUM W ŻARKACH, UL. MYSZKOWSKA, 42-310, ŻARKI,19.361968,50.6212895, 54.225, 974.375, 22.075,5.1,4.7, 2026-07-25 13:49:23
SZKOŁA PODSTAWOWA NR 14 IM. KARPACKIEGO ODDZIAŁU STRAŻY GRANICZNEJ W NOWYM SĄCZU, UL. TOWAROWA, 33-300, NOWY SĄCZ,20.66566532,49.57927032, 47.958333333333336, 978.0083333333333, 25.349999999999998,1.0,0.725, 2026-07-25 13:49:23
SZKOŁA PODSTAWOWA W STARYM ORZECHOWIE, , 05-180, STARE ORZECHOWO,20.86577837,52.49577248, 55.044444444444444, 1000.7666666666667, 24.144444444444446,7.288888888888888,6.955555555555556, 2026-07-25 13:49:23
SZKOŁA PODSTAWOWA IM. JANA PAWŁA II W BAŻYNACH, , 11-130, BAŻYNY,20.04206066,54.13202111, 60.22727272727273, 1004.1727272727272, 24.41818181818182,5.436363636363636,4.727272727272727, 2026-07-25 13:49:23
SZKOŁA PODSTAWOWA NR 6 IM. JÓZEFA RAJSKIEGO BURMISTRZA NOWEGO TARGU W NOWYM TARGU, OS. NA SKARPIE, 34-400, NOWY TARG,20.0048339,49.4720351, 38.291666666666664, 942.1666666666666, 23.191666666666666,2.283333333333333,2.025, 2026-07-25 13:49:23
SZKOŁA PODSTAWOWA IM. WŁ.ST. REYMONTA W RĘBIELICACH KRÓLEWSKICH, UL. SZKOLNA, 42-110, RĘBIELICE KRÓLEWSKIE,18.8604488,50.9958114, 38.96363636363637, 987.9545454545455, 25.10909090909091,4.609090909090909,4.290909090909091, 2026-07-25 13:49:23
SZKOŁA PODSTAWOWA 8 IM. JANA PAWŁA II W TRZEBINI, os. OSIEDLE WIDOKOWE, 32-540, TRZEBINIA,19.47774417,50.16051239, 39.872727272727275, 969.7272727272727, 25.163636363636364,2.627272727272727,2.245454545454545, 2026-07-25 13:49:23
ZESPÓŁ SZKOLNO-PRZEDSZKOLNY NR 21 W KRAKOWIE, ul. Golikówka, 30-723, KRAKÓW,20.03407325,50.04592292, 32.99090909090909, 987.2272727272727, 28.454545454545453,2.818181818181818,2.3, 2026-07-25 13:49:23
SZKOŁA PODSTAWOWA NR 3 IM.KSIĘDZA PUŁKOWNIKA JÓZEFA JOŃCA W LIMANOWEJ, UL. STANISŁAWA JORDANA, 34-600, LIMANOWA,20.41776042,49.70246023, 59.24545454545455, 965.7454545454547, 22.29090909090909,1.427272727272727,1.245454545454545, 2026-07-25 13:49:23
SZKOŁA PODSTAWOWA IM. ŚW. JANA PAWŁA II W CIĘŻKOWICACH, UL. TYSIĄCLECIA, 33-190, CIĘŻKOWICE,20.97328669,49.78379261, 31.150000000000002, 977.0916666666667, 28.708333333333332,2.883333333333333,2.525, 2026-07-25 13:49:23
SZKOŁA PODSTAWOWA NR 1 IM. BOHATERÓW WESTERPLATTE W STAREJ WSI., , 34-600, STARA WIEŚ,20.39643761,49.67579946, 36.58, 955.1200000000001, 25.259999999999998,2.2,1.9, 2026-07-25 13:49:23
SZKOŁA PODSTAWOWA IM. FRANCISZKA ŚWIEBOCKIEGO W BARCICACH, , 33-342, BARCICE,20.652878,49.5256828, 37.50909090909091, 972.6818181818181, 26.70909090909091,4.20909090909091,3.718181818181818, 2026-07-25 13:49:23
SZKOŁA PODSTAWOWA IM. LEOPOLDA WĘGRZYNOWICZA W DOBREJ, , 34-642, DOBRA,20.24427874,49.71571898, 34.94444444444444, 956.6111111111111, 25.055555555555557,1.711111111111111,1.711111111111111, 2026-07-25 13:49:23
SZKOŁA PODSTAWOWA IM. ŚW. JANA KANTEGO W ŁAPANOWIE, , 32-740, ŁAPANÓW,20.28812671,49.86672284, 43.17272727272727, 983.3818181818183, 23.836363636363636,2.190909090909091,2.027272727272727, 2026-07-25 13:49:23
SZKOŁA PODSTAWOWA IM. KS. KARD. STEFANA WYSZYŃSKIEGO W KADCZY, , 33-389, KADCZA,20.54374173,49.53487392, 32.75, 971.9666666666667, 28.075,2.208333333333333,2.0, 2026-07-25 13:49:23
PUBLICZNA SZKOŁA PODSTAWOWA IM. KAZIMIERZA BRODZIŃSKIEGO W LIPNICY MUROWANEJ, , 32-724, LIPNICA MUROWANA,20.52481697,49.85975952, 37.108333333333334, 977.6416666666668, 26.066666666666666,3.091666666666667,2.808333333333333, 2026-07-25 13:49:23
ZESPÓŁ SZKÓŁ W BRUNARACH, Brunary, 38-315, UŚCIE GORLICKIE,21.03494141,49.53210004, 40.199999999999996, 961.6833333333334, 24.425,3.125,2.5749999999999997, 2026-07-25 13:49:23
SZKOŁA PODSTAWOWA NR 2 IM. ŚWIĘTEJ JADWIGI KRÓLOWEJ POLSKI, UL. MIŁOŚNIKÓW PODHALA, 34-425, BIAŁY DUNAJEC,20.00539035,49.35921481, 48.21666666666667, 991.8666666666667, 21.95,2.033333333333333,1.775, 2026-07-25 13:49:23
SZKOŁA PODSTAWOWA IM. ST. LESZCZYC-PRZYWARY W KĄCLOWEJ, , 33-330, KĄCLOWA,20.96481091,49.58920601, 48.85, 968.86, 23.93,4.46,3.82, 2026-07-25 13:49:23
SZKOŁA PODSTAWOWA IM. OJCA ŚWIĘTEGO JANA PAWŁA II W ŁĘGU TARNOWSKIM, UL. WITOSA, 33-131, ŁĘG TARNOWSKI,20.92801249,50.09203019, 36.79090909090909, 996.7181818181817, 10.0,3.363636363636363,3.4, 2026-07-25 13:49:23
SZKOŁA PODSTAWOWA W KŁAJU, , 32-015, KŁAJ,20.30859627,49.99014026, 41.34166666666666, 987.775, 23.991666666666664,2.55,2.3, 2026-07-25 13:49:23
SZKOŁA PODSTAWOWA IM. ŚWIĘTEGO JANA PAWŁA II W LUBNIU, , 32-433, LUBIEŃ,19.97797646,49.71552326, 36.641666666666666, 968.9333333333334, 23.875,2.55,2.324999999999999, 2026-07-25 13:49:23
SZKOŁA PODSTAWOWA W JAWORZNEJ, , 34-602, JAWORZNA,20.49293011,49.74829091, 37.50833333333333, 963.5916666666667, 23.974999999999998,2.408333333333333,1.958333333333333, 2026-07-25 13:49:23
SZKOŁA PODSTAWOWA IM. ŚW. JANA KANTEGO W LUDŹMIERZU, ul. Kazimierza Przerwy-Tetmajera, 34-471, LUDŹMIERZ,19.969404,49.47236233, 48.449999999999996, 998.1666666666666, 23.416666666666668,3.4916666666666663,3.208333333333333, 2026-07-25 13:49:23
SZKOŁA PODSTAWOWA IM. ŚW. KAZIMIERZA JAGIELLOŃCZYKA W BAŃSKIEJ NIŻNEJ, UL. PAPIESKA, 34-424, BAŃSKA NIŻNA,20.01057106,49.40405611, 51.709090909090904, 991.5909090909091, 19.70909090909091,2.081818181818181,1.818181818181818, 2026-07-25 13:49:23
SZKOŁA PODSTAWOWA IM. ŚW. JANA KANTEGO W BYSTREJ PODHALAŃSKIEJ, , 34-235, BYSTRA PODHALAŃSKA,19.77736462,49.64188153, 38.32, 960.3799999999999, 23.5,2.88,2.38, 2026-07-25 13:49:23
SZKOŁA PODSTAWOWA IM. KORNELA MAKUSZYŃSKIEGO W ŁADNEJ, , 33-156, ŁADNA,21.094243,50.013466, 41.839999999999996, 981.79, 23.369999999999997,2.61,2.28, 2026-07-25 13:49:23
SZKOŁA PODSTAWOWA IM. HENRYKA SIENKIEWICZA W ZRĘCZYCACH, ZRĘCZYCE, 32-420, ZRĘCZYCE,20.22211,49.89188, 28.558333333333334, 979.0333333333333, 30.416666666666668,2.058333333333333,1.858333333333333, 2026-07-25 13:49:23
SZKOŁA PODSTAWOWA NR 2 IM. BOHATERÓW WESTERPLATTE W MYŚLENICACH, UL. STEFANA ŻEROMSKIEGO, 32-400, MYŚLENICE,19.94495616,49.83418288, 38.06363636363636, 976.1272727272727, 24.663636363636364,2.527272727272727,2.190909090909091, 2026-07-25 13:49:23
SZKOŁA PODSTAWOWA NR 11 IM. ŻOŁNIERZY ARMII KRAJOWEJ W NOWYM TARGU, PL. EVRY, 34-400, NOWY TARG,20.03357858,49.47217767, 40.589999999999996, 942.8799999999999, 23.1,1.59,1.38, 2026-07-25 13:49:23
SZKOŁA PODSTAWOWA NR 2 IMIENIA MARII KONOPNICKIEJ W ANDRYCHOWIE, UL. IGNACEGO DASZYŃSKIEGO, 34-120, ANDRYCHÓW,19.34475154,49.84947622, 42.525, 971.3666666666667, 23.25,3.641666666666667,3.166666666666666, 2026-07-25 13:49:23
SZKOŁA PODSTAWOWA IM. WINCENTEGO WITOSA W RUDCE, , 33-122, RUDKA,20.8875344,50.04900702, 39.86363636363637, 988.3181818181819, 25.636363636363637,3.118181818181817,2.636363636363636, 2026-07-25 13:49:23
SZKOŁA PODSTAWOWA IM.TADEUSZA KOŚCIUSZKI W KONIUSZY, , 32-104, KONIUSZA,20.21421526,50.18825826, 41.638461538461534, 975.9846153846154, 24.06153846153846,2.753846153846154,2.515384615384615, 2026-07-25 13:49:23
SZKOŁA PODSTAWOWA NR 3 IM. KOMISJI EDUKACJI NARODOWEJ 32-050 SKAWINA UL. ADAMA MICKIEWICZA 11 A, UL. ADAMA MICKIEWICZA, 32-050, SKAWINA,19.82265223,49.97521231, 44.18333333333334, 986.5416666666666, 24.025000000000002,2.941666666666666,2.383333333333333, 2026-07-25 13:49:23
SZKOŁA PODSTAWOWA W ZESPOLE SZKÓŁ OGÓLNOKSZTAŁCĄCYCH IM. KAZIMIERZA WIELKIEGO W SŁOMNIKACH, UL. ŚW. JANA PAWŁA II, 32-090, SŁOMNIKI,20.0858955,50.24468645, 36.375, 979.6916666666667, 25.266666666666666,3.25,2.666666666666666, 2026-07-25 13:49:23
SZKOŁA PODSTAWOWA NR 1 IM. HENRYKA SIENKIEWICZA, UL. HENRYKA SIENKIEWICZA, 34-730, MSZANA DOLNA,20.06982247,49.67621722, 31.849999999999998, 964.0833333333334, 25.991666666666664,2.033333333333333,1.883333333333333, 2026-07-25 13:49:23
SZKOŁA PODSTAWOWA NR 2 IM. WŁADYSŁAWA ORKANA W RABCE-ZDROJU, UL. SĄDECKA, 34-700, RABKA-ZDRÓJ,19.94603163,49.61151453, 35.59090909090909, 956.0727272727272, 25.39090909090909,2.772727272727273,2.545454545454545, 2026-07-25 13:49:23
SZKOŁA PODSTAWOWA IM. JANA PAWŁA II W GOŁCZY, , 32-075, GOŁCZA,19.92773436,50.3372467, 38.13636363636363, 975.4454545454545, 24.781818181818185,3.245454545454545,2.845454545454545, 2026-07-25 13:49:23
SZKOŁA PODSTAWOWA IM. KPT. PIL. MIECZYSŁAWA MEDWECKIEGO, , 32-084, MORAWICA,19.75549535,50.08126882, 61.050000000000004, 1009.8333333333334, 21.266666666666666,22.766666666666666,22.58333333333333, 2026-07-25 13:49:23
SZKOŁA PODSTAWOWA NR 1 W KOZŁOWIE, , 32-241, KOZŁÓW,20.02161231,50.48113008, 33.41818181818182, 975.1909090909091, 24.61818181818182,3.345454545454545,2.809090909090909, 2026-07-25 13:49:23
SZKOŁA PODSTAWOWA IM. KRÓLA KAZIMIERZA III WIELKIEGO W RUDNIKU, UL. SZKOLNA, 32-440, RUDNIK,19.83265837,49.85476119, 32.65, 971.9416666666666, 28.45,2.816666666666666,2.5, 2026-07-25 13:49:23
PUBLICZNA SZKOŁA PODSTAWOWA W WOJAKOWEJ, , 32-862, WOJAKOWA,20.56161481,49.8026459, 46.56666666666666, 978.1333333333333, 23.349999999999998,2.558333333333333,2.291666666666666, 2026-07-25 13:49:23
SZKOŁA PODSTAWOWA NR 1 IM.MARII KONOPNICKIEJ W PRZYSZOWEJ, , 34-604, PRZYSZOWA,20.50552913,49.63812628, 42.574999999999996, 961.2666666666668, 22.84166666666667,2.725,2.449999999999999, 2026-07-25 13:49:23
SZKOŁA PODSTAWOWA IM. TADEUSZA KOŚCIUSZKI W STRONIU, , 34-145, STRONIE,19.67411334,49.83221959, 41.32727272727273, 963.8363636363637, 23.49090909090909,3.727272727272727,3.063636363636364, 2026-07-25 13:49:23
SZKOŁA PODSTAWOWA IM. WŁADYSŁAWA ORKANA W MANIOWACH, UL. SZKOLNA, 34-436, MANIOWY,20.26889513,49.46175645, 34.458333333333336, 952.1666666666666, 24.0,1.65,1.458333333333333, 2026-07-25 13:49:23
SZKOŁA PODSTAWOWA NR 3 IM. ADAMA MICKIEWICZA W STRÓŻY, , 32-431, STRÓŻA,19.94669482,49.78446923, 41.00909090909091, 974.5181818181819, 24.463636363636365,3.345454545454545,3.063636363636364, 2026-07-25 13:49:23
SZKOŁA PODSTAWOWA NR 1 IM. KARPACKIEGO ODDZIAŁU STRAŻY GRANICZNEJ, , 38-312, ROPA,21.04369192,49.60148893, 43.58, 971.4799999999999, 24.58,2.46,2.06, 2026-07-25 13:49:23
ZESPÓŁ SZKOLNO-PRZEDSZKOLNY IM.MAJORA HENRYKA SUCHARSKIEGO W SPYTKOWICACH, ul. Szkolna, 34-116, SPYTKOWICE,19.50690621,49.99665238, 41.38333333333333, 985.3916666666668, 27.875,3.958333333333333,3.733333333333333, 2026-07-25 13:49:23
SZKOŁA PODSTAWOWA W CZUBROWICACH, , 32-049, CZUBROWICE,19.6875125,50.21345386, 45.208333333333336, 965.9, 23.133333333333336,6.441666666666666,5.483333333333333, 2026-07-25 13:49:23
SZKOŁA PODSTAWOWA IM. BRONISŁAWA WANATA W MOSZCZENICY, UL. LEŚNA, 38-321, MOSZCZENICA,21.10323283,49.72453224, 41.86363636363637, 975.5545454545455, 23.245454545454546,2.118181818181818,1.845454545454545, 2026-07-25 13:49:23
SZKOŁA PODSTAWOWA IM. JANA PAWŁA II W PODSZKLU, , 34-472, PODSZKLE,19.80198906,49.51218847, 46.845454545454544, 984.9, 20.663636363636364,1.809090909090908,1.545454545454545, 2026-07-25 13:49:23
SZKOŁA PODSTAWOWA NR 1 IM. ANNY LEŚKIEWICZ W ŁUŻNEJ, , 38-322, ŁUŻNA,21.05479856,49.7099261, 34.17272727272727, 974.4, 27.1,2.154545454545454,1.836363636363636, 2026-07-25 13:49:23
SZKOŁA PODSTAWOWA IMIENIA MIKOŁAJA KOPERNIKA W JASIENNEJ, Jasienna, 33-322, KORZENNA,20.82251961,49.71797638, 44.72727272727273, 963.4454545454545, 23.072727272727274,2.754545454545454,2.381818181818182, 2026-07-25 13:49:23
SZKOŁA PODSTAWOWA IM. ŻOŁNIERZY NIEZŁOMNYCH W BĄCZEJ-KUNINIE, , 33-335, BĄCZA-KUNINA,20.74304314,49.5362399, 51.839999999999996, 951.68, 22.12,5.1,4.6, 2026-07-25 13:49:23
SZKOŁA PODSTAWOWA IM. ŚW. JANA PAWŁA II W DZIADUSZYCACH, , 32-218, DZIADUSZYCE,20.26778753,50.38395929, 39.96363636363637, 982.9636363636364, 24.263636363636362,3.281818181818181,2.809090909090909, 2026-07-25 13:49:23
SZKOŁA PODSTAWOWA IM. JANA PAWŁA II W IWANOWICACH, ul. Jana Pawła II, 32-095, IWANOWICE WŁOŚCIAŃSKIE,19.97832221,50.22302756, 34.050000000000004, 978.9416666666666, 26.55,0.075,0.066666666666666, 2026-07-25 13:49:23
SZKOŁA PODSTAWOWA IM. M. STASIUKOWEJ W OCHOJNIE, UL. PODHALAŃSKA, 30-040, OCHOJNO,19.97311651,49.95071467, 42.041666666666664, 966.7083333333334, 24.05,2.449999999999999,2.066666666666667, 2026-07-25 13:49:23
SZKOŁA PODSTAWOWA NR 2 W WIEPRZU, UL. BESKIDZKA, 34-122, WIEPRZ,19.37250408,49.90710861, 42.85833333333333, 978.3666666666667, 24.275000000000002,3.725,3.225, 2026-07-25 13:49:23
SZKOŁA PODSTAWOWA NR 2 W STRYSZAWIE, , 34-205, STRYSZAWA,19.52672362,49.73285017, 37.04545454545455, 965.1636363636364, 24.30909090909091,2.427272727272727,2.218181818181818, 2026-07-25 13:49:23
SZKOŁA PODSTAWOWA NR 1 IM. JANA PAWŁA II W SUŁOSZOWEJ, UL. SZKOLNA, 32-045, SUŁOSZOWA,19.74205039,50.25958903, 46.08181818181818, 961.2272727272727, 22.01818181818182,3.0,2.754545454545454, 2026-07-25 13:49:23
SZKOŁA PODSTAWOWA INTEGRACYJNA NR 11 IM.MARII DĄBROWSKIEJ W TARNOWIE, UL. IGNACEGO MOŚCICKIEGO, 33-100, TARNÓW,20.95102273,50.01747959, 41.98571428571428, 987.6857142857143, 24.271428571428572,4.842857142857142,4.142857142857143, 2026-07-25 13:49:23
SZKOŁA PODSTAWOWA IM. ŚW. JANA KANTEGO W WOJNICZU, UL. SZKOLNA, 32-830, WOJNICZ,20.83758269,49.96104448, 30.827272727272728, 987.0727272727272, 28.927272727272726,2.072727272727272,2.072727272727272, 2026-07-25 13:49:23
SZKOŁA PODSTAWOWA NR 1 IM. KSIĘDZA KARDYNAŁA STEFANA WYSZYŃSKIEGO PRYMASA TYSIĄCLECIA W TOKARNI, , 32-436, TOKARNIA,19.87967275,49.73364856, 36.891666666666666, 963.5166666666668, 24.416666666666668,2.725,2.441666666666667, 2026-07-25 13:49:23
SZKOŁA PODSTAWOWA IM.NASZEJ PRZYRODY W WOŹNIKACH, UL. WADOWICKA, 34-103, WOŹNIKI,19.4909051,49.93959752, 42.641666666666666, 980.6666666666666, 25.008333333333336,3.449999999999999,2.9916666666666663, 2026-07-25 13:49:23
SZKOŁA PODSTAWOWA IM. TADEUSZA KOŚCIUSZKI W PRZEBIECZANACH, , 32-020, TOMASZKOWICE,20.10401518,49.97594973, 37.0, 977.9222222222221, 25.433333333333334,2.5666666666666678,2.111111111111111, 2026-07-25 13:49:23
SZKOŁA PODSTAWOWA IM. MJR PIL. JERZEGO ISZKOWSKIEGO W TĘGOBORZY, ul. św. Floriana, 33-312, TĘGOBORZE,20.64046414,49.70908415, 39.845454545454544, 978.4818181818181, 25.218181818181815,3.49090909090909,3.272727272727273, 2026-07-25 13:49:23
SZKOŁA PODSTAWOWA IM. JANUSZA KORCZAKA W ZABIERZOWIE, UL. KOLEJOWA, 32-080, ZABIERZÓW,19.79921223,50.11711432, 34.858333333333334, 983.4416666666666, 27.34166666666667,2.391666666666666,2.033333333333333, 2026-07-25 13:49:23
SZKOŁA PODSTAWOWA IM. 600-LECIA UNIWERSYTETU JAGIELLOŃSKIEGO, , 32-010, WYSIOŁEK LUBORZYCKI,20.10930681,50.14467797, 38.300000000000004, 980.1090909090909, 24.936363636363637,3.236363636363636,2.7363636363636363, 2026-07-25 13:49:23
SZKOŁA PODSTAWOWA NR 4 IM. FRANCESCO NULLO W OLKUSZU, UL. FRANCESCO NULLO, 32-300, OLKUSZ,19.56869547,50.2776362, 40.10909090909091, 967.6727272727272, 24.05454545454546,2.918181818181818,2.454545454545454, 2026-07-25 13:49:23
PRZEDSZKOLE PUBLICZNE NR 8 POD STOKROTKĄ W TARNOWIE, ul. Marii Dąbrowskiej, 33-100, TARNÓW,21.01563158,50.01721574, 47.4, 989.5916666666667, 23.933333333333334,3.116666666666666,2.85, 2026-07-25 13:49:23
SZKOŁA PODSTAWOWA NR 5 IM. ORŁA BIAŁEGO W OŚWIĘCIMIU, UL. EUGENIUSZA KALICIŃSKIEGO, 32-600, OŚWIĘCIM,19.20401547,50.03682151, 44.35454545454545, 985.3090909090909, 23.89090909090909,2.5,2.063636363636363, 2026-07-25 13:49:23
SZKOŁA PODSTAWOWA NR 2 IM. MIKOŁAJA KOPERNIKA W DĄBROWIE TARNOWSKIEJ, UL. ZARĘBY, 33-200, DĄBROWA TARNOWSKA,20.98438323,50.17621862, 41.22727272727273, 986.8545454545455, 23.38181818181818,3.981818181818181,3.418181818181818, 2026-07-25 13:49:23
SZKOŁA PODSTAWOWA IM. ADAMA MICKIEWICZA W SZCZUCINIE, UL. KOŚCIUSZKI, 33-230, SZCZUCIN,21.07654652,50.3138434, 35.36923076923077, 991.0846153846154, 28.4,2.669230769230769,2.353846153846154, 2026-07-25 13:49:23
SZKOŁA PODSTAWOWA IM.A MICKIEWICZA W SZCZUROWEJ, UL. RYNEK, 32-820, SZCZUROWA,20.63632311,50.11814123, 35.68181818181818, 989.1909090909091, 25.354545454545452,2.681818181818181,2.281818181818181, 2026-07-25 13:49:23
SZKOŁA PODSTAWOWA IM. JANA PAWŁA II W RAJSKU, UL. EDUKACYJNA, 32-600, RAJSKO,19.19549401,50.00804693, 41.94, 982.68, 26.380000000000003,2.84,2.32, 2026-07-25 13:49:23
SZKOŁA PODSTAWOWA IM. WŁADYSŁAWA ORKANA W WIŚNIOWEJ, , 32-412, WIŚNIOWA,20.12059796,49.78770432, 39.97272727272727, 971.4727272727273, 24.872727272727275,0.745454545454545,0.618181818181818, 2026-07-25 13:49:23
SZKOŁA PODSTAWOWA W SKAWINKACH, , 34-143, SKAWINKI,19.71387992,49.82536432, 46.31818181818182, 969.4272727272728, 22.554545454545455,3.290909090909091,2.872727272727273, 2026-07-25 13:49:23
SZKOŁA PODSTAWOWA W ZARZECZU DUŻYM, UL. ADAMA MICKIEWICZA, 33-207, RADGOSZCZ,21.09949127,50.28754905, 40.21818181818182, 989.7454545454547, 28.572727272727274,4.045454545454546,3.545454545454545, 2026-07-25 13:49:23
SZKOŁA PODSTAWOWA IM. ŚW. JANA PAWŁA II W RADZISZOWIE 32-052 RADZISZÓW UL. SZKOLNA 7, UL. SZKOLNA, 32-052, RADZISZÓW,19.8127236,49.93885997, 45.554545454545455, 986.5272727272727, 26.89090909090909,2.581818181818181,2.581818181818181, 2026-07-25 13:49:23
SZKOŁA PODSTAWOWA Z ODDZIAŁAMI SPECJALNYMI IM. MIKOŁAJA KOPERNIKA W CHEŁMCU, UL. MARCINKOWICKA, 33-395, CHEŁMIEC,20.66577368,49.632154, 44.57272727272727, 980.0363636363636, 25.872727272727275,3.836363636363636,3.581818181818181, 2026-07-25 13:49:23
SZKOŁA PODSTAWOWA W WOLI LUBECKIEJ, , 33-162, WOLA LUBECKA,21.19583853,49.91722379, 47.1, 977.7454545454547, 22.672727272727272,3.218181818181818,2.818181818181818, 2026-07-25 13:49:23
SZKOŁA PODSTAWOWA W BALICACH, UL. SZKOLNA, 32-083, BALICE,19.79389006,50.08602479, 35.63333333333333, 982.9250000000001, 27.3,2.925,2.508333333333333, 2026-07-25 13:49:23
SZKOŁA PODSTAWOWA NR 1 IM. POR. TADEUSZA STEFANISZYNA W SPYTKOWICACH, , 34-745, SPYTKOWICE,19.8236308,49.57757601, 32.13333333333333, 948.5083333333333, 25.71666666666667,1.991666666666666,1.708333333333333, 2026-07-25 13:49:23
SZKOŁA PODSTAWOWA IM. JANA PAWŁA II W OCHOTNICY DOLNEJ, OS. CENTRUM, 34-452, OCHOTNICA DOLNA,20.33348391,49.52662009, 42.56363636363636, 956.2181818181817, 23.69090909090909,2.063636363636363,2.063636363636363, 2026-07-25 13:49:23
SZKOŁA PODSTAWOWA IM. MJR H. SUCHARSKIEGO W GRĘBOSZOWIE, , 33-260, GRĘBOSZÓW,20.78154593,50.24448872, 55.80833333333334, 990.7083333333334, 25.616666666666664,3.5,3.074999999999999, 2026-07-25 13:49:23
SZKOŁA PODSTAWOWA IM. TADEUSZA KOŚCIUSZKI W PODOLSZU, UL. ZATORSKA, 32-640, PODOLSZE,19.43334697,50.01163051, 36.06363636363636, 984.5636363636364, 26.99090909090909,2.3,2.3, 2026-07-25 13:49:23
SZKOŁA PODSTAWOWA IM. JANUSZA KORCZAKA W PACZÓŁTOWICACH, , 32-065, PACZÓŁTOWICE,19.65776496,50.17799402, 43.59090909090909, 964.7909090909092, 23.0,3.436363636363636,2.954545454545454, 2026-07-25 13:49:23
SZKOŁA PODSTAWOWA IM. BATALIONÓW CHŁOPSKICH, , 38-350, WILCZYSKA,20.9356495,49.67726326, 38.225, 977.8833333333333, 25.083333333333332,2.408333333333333,2.108333333333333, 2026-07-25 13:49:23
SZKOŁA PODSTAWOWA IM. JANA PAWŁA II W ZABAWIE, UL. SZKOLNA, 33-133, ZABAWA,20.80167161,50.12515861, 38.87, 989.14, 25.56,2.8200000000000003,2.6, 2026-07-25 13:49:23
SZKOŁA PODSTAWOWA IM. STANISŁAWA MIŁKOWSKIEGO W WIETRZYCHOWICACH, , 33-270, WIETRZYCHOWICE,20.76596312,50.19039104, 38.36363636363637, 990.1272727272727, 25.727272727272727,4.072727272727272,3.7636363636363632, 2026-07-25 13:49:23
SZKOŁA PODSTAWOWA IM. ARMII KRAJOWEJ W RZUCHOWEJ, , 33-114, RZUCHOWA,20.93057781,49.94950395, 32.43636363636364, 986.0272727272727, 28.181818181818183,2.318181818181818,2.118181818181818, 2026-07-25 13:49:23
PUBLICZNA SZKOŁA PODSTAWOWA NR 1 IM. HELENY MARUSARZ W WOLI RZĘDZIŃSKIEJ, , 33-150, WOLA RZĘDZIŃSKA,21.06351347,50.03604049, 34.6, 983.5083333333333, 25.925,2.641666666666666,2.333333333333333, 2026-07-25 13:49:23
SZKOŁA PODSTAWOWA IM. MARII KONOPNICKIEJ W MĘDRZECHOWIE, , 33-221, MĘDRZECHÓW,20.94598326,50.28189901, 34.72727272727273, 990.7181818181817, 27.945454545454538,2.636363636363636,2.472727272727272, 2026-07-25 13:49:23
SZKOŁA PODSTAWOWA IM. STANISŁAWA WYSPIAŃSKIEGO W PORĘBIE ŻEGOTY, ul. Szembeków, 32-566, PORĘBA ŻEGOTY,19.5662502,50.05802152, 43.15, 978.225, 24.28333333333333,3.158333333333333,2.591666666666667, 2026-07-25 13:49:23
ZESPÓŁ SZKOLNO - PRZEDSZKOLNY IMIENIA BŁOGOSŁAWIONEJ KAROLINY KÓZKÓWNY W BORZĘCINIE DOLNYM, Borzęcin, 32-825, BORZĘCIN,20.69796179,50.10128695, 37.9, 987.9636363636364, 24.245454545454546,3.018181818181818,2.609090909090909, 2026-07-25 13:49:23
SZKOŁA PODSTAWOWA W ZABRZEŻY, , 33-390, ZABRZEŻ,20.403597,49.545534, 47.541666666666664, 969.1333333333333, 22.849999999999998,7.058333333333334,6.158333333333334, 2026-07-25 13:49:23
SZKOŁA PODSTAWOWA IM. POLSKICH OLIMPIJCZYKÓW W KOWALEWIE OPACTWIE, , 62-400, KOWALEWO-OPACTWO,17.91063378,52.24958592, 32.481818181818184, 996.5909090909091, 29.254545454545454,4.399999999999999,3.745454545454545, 2026-07-25 13:49:23
SZKOŁA PODSTAWOWA NR 3 IM. FRYDERYKA CHOPINA W MILANÓWKU, UL. ŻABIE OCZKO, 05-822, MILANÓWEK,20.6580064,52.1236463, 47.01818181818182, 996.3727272727273, 25.4,3.8636363636363633,3.590909090909091, 2026-07-25 13:49:23
SZKOŁA PODSTAWOWA EKOLA WROCŁAW, UL. ZIELIŃSKIEGO, 53-534, WROCŁAW,17.020853111206343,51.09782924529429, 33.63333333333333, 984.9916666666667, 10.0,3.216666666666667,2.816666666666666, 2026-07-25 13:49:23
SZKOŁA PODSTAWOWA IM. JANA PAWŁA II W GRONOWIE ELBLĄSKIM, UL. ELBLĄSKA, 83-335, GRONOWO ELBLĄSKIE,19.30564736,54.08639103, 51.03636363636363, 1006.9454545454545, 24.9,3.49090909090909,3.2, 2026-07-25 13:49:23
SZKOŁA PODSTAWOWA NR 4 IM. UNICEF W OBORNIKACH, UL. OBRZYCKA, 64-600, OBORNIKI,16.78971481,52.65269852, 43.2864, 1002.3096, 24.6856,19.32,8.08, 2026-07-25 13:49:23
SZKOŁA PODSTAWOWA NR 2 W MUROWANEJ GOŚLINIE, UL. KUTRZEBY, 62-095, MUROWANA GOŚLINA,16.99321556,52.56650543, 60.61555555555555, 1001.8622222222223, 24.57611111111111,18.0,9.27027027027027, 2026-07-25 13:49:23
SZKOŁA PODSTAWOWA NR 2 IM. WOJSKA POLSKIEGO W OBORNIKACH, UL. SZKOLNA, 64-600, OBORNIKI,16.81110954,52.64956284, 43.2864, 1002.3096, 24.6856,19.32,8.08, 2026-07-25 13:49:23
SZKOŁA PODSTAWOWA NR 4 IM. MARII KONOPNICKIEJ W ŚREMIE, UL. GROTA-ROWECKIEGO, 63-100, ŚREM,17.01273155,52.07447433, 47.6598, 1001.1111999999999, 24.628800000000002,21.5,7.84, 2026-07-25 13:49:23
SZKOŁA PODSTAWOWA NR 5 IM. POLSKICH NOBLISTÓW W ŚREMIE, UL. DEZYDEREGO CHŁAPOWSKIEGO, 63-100, ŚREM,17.01284027,52.07894897, 43.2864, 1002.3096, 24.6856,19.32,8.08, 2026-07-25 13:49:23
SZKOŁA PODSTAWOWA IM. WINCENTEGO WITOSA W CZERLEJNIE, KOSTRZYŃSKA, 62-025, CZERLEJNO,17.21484566,52.35338974, 72.19921568627451, 1000.5392156862745, 25.175882352941176,16.529411764705884,9.627450980392156, 2026-07-25 13:49:23
SZKOŁA PODSTAWOWA IM. KAZIMIERZA ODNOWICIELA W POBIEDZISKACH, UL. KOSTRZYŃSKA, 62-010, POBIEDZISKA,17.28010178,52.47594452, 43.966800000000006, 997.602, 24.391199999999998,12.28,9.92, 2026-07-25 13:49:23
ZESPÓŁ SZKÓŁ IM. KONSTYTUCJI 3 MAJA W POBIEDZISKACH LETNISKU, UL. GAJOWA, 62-010, POBIEDZISKA LETNISKO,17.237746728834875,52.47200368357204, 100.0, 997.2775999999999, 24.6308,0.508,0.508, 2026-07-25 13:49:23
SZKOŁA PODSTAWOWA NR 1 W MOSINIE, UL. SZKOLNA, 62-050, MOSINA,16.85228729,52.24979782, 43.2864, 1002.3096, 24.6856,19.32,8.08, 2026-07-25 13:49:23
SZKOŁA PODSTAWOWA IM. GEN. JÓZEFA DOWBORA MUŚNICKIEGO W LUSOWIE, UL. NOWA, 62-080, LUSOWO,16.70324516,52.43245697, 39.49, 998.5016, 25.776,18.12,14.28, 2026-07-25 13:49:23
ZESPÓŁ SZKÓŁ IM. 7 PUŁKU STRZELCÓW KONNYCH WIELKOPOLSKICH, UL. WOJSKOWA, 62-003, BIEDRUSKO,16.94665693,52.54204104, 42.16346153846154, 999.9953846153846, 24.82,13.0,9.884615384615383, 2026-07-25 13:49:23
SZKOŁA PODSTAWOWA IM. MARII KONOPNICKIEJ W DOPIEWCU, UL. SZKOLNA, 62-070, DOPIEWIEC,16.71002197,52.35963058, 43.2864, 1002.3096, 24.6856,19.32,8.08, 2026-07-25 13:49:23
SZKOŁA PODSTAWOWA IM. JANAN PAWŁA II W SYCYNIE, , 64-600, SYCYN,16.63873863,52.65377045, 64.9436, 1000.3376, 24.156,10.08,9.72, 2026-07-25 13:49:23
SZKOŁA PODSTAWOWA NR 1 IM. MIKOŁAJA KOPERNIKA W ZALASEWIE, PLANETARNA, 62-020, ZALASEWO,17.06948662,52.39210892, 70.62, 999.1311999999999, 23.4628,7.92,7.6, 2026-07-25 13:49:23
SZKOŁA PODSTAWOWA NR 2 IM. HR. EDWARDA RACZYŃSKIEGO W KOMORNIKACH, UL. POCZTOWA, 62-052, KOMORNIKI,16.80311203,52.33795929, 43.2864, 1002.3096, 24.6856,19.32,8.08, 2026-07-25 13:49:23
SZKOŁA PODSTAWOWA NR 1 IM. TYTUSA I JANA DZIAŁYŃSKICH W PLEWISKACH, UL. SZKOLNA, 62-064, PLEWISKA,16.80783463,52.36272812, 44.516400000000004, 999.2808, 24.682399999999998,13.84,9.4, 2026-07-25 13:49:23
SZKOŁA PODSTAWOWA IM. KAWALERÓW ORDERU UŚMIECHU W DASZEWICACH, UL. SZKOLNA, 61-160, DASZEWICE,16.9658947,52.3019371, 54.0, 1001.56875, 25.7125,1.3875,1.3875, 2026-07-25 13:49:23
SZKOŁA PODSTAWOWA NR 1 IM. BŁ. EDMUNDA BOJANOWSKIEGO W LUBONIU, UL. PONIATOWSKIEGO, 62-030, LUBOŃ,16.86248016,52.35014725, 59.973461538461535, 999.3142307692307, 28.525384615384613,12.884615384615383,11.846153846153848, 2026-07-25 13:49:23
SZKOŁA PODSTAWOWA NR 4 IM. PROF. ADAMA WODZICZKI W LUBONIU, 1 MAJA, 62-030, LUBOŃ,16.87988853,52.33322525, 48.93333333333334, 998.9666666666667, 25.433333333333334,3.066666666666666,1.78, 2026-07-25 13:49:23
SZKOŁA PODSTAWOWA NR 5 W LUBONIU, UL. HUGONA KOŁŁĄTAJA, 62-030, LUBOŃ,16.86236954,52.34331894, 43.2864, 1002.3096, 24.6856,19.32,8.08, 2026-07-25 13:49:23
URZĄD GMINY SOSNOWICA, UL. SPOKOJNA, 62-060, STĘSZEW,23.0889849,51.52384146, 43.2864, 1002.3096, 24.6856,19.32,8.08, 2026-07-25 13:49:23
ZESPÓŁ SZKOLNO-PRZEDSZKOLNY IM. MICHAŁA SZCZYGŁA W GIERAŁTOWICACH, UL. ŚWIĘTEGO MARCINA, 34-122, GIERAŁTÓW,19.38463168,49.93930884, 49.26363636363636, 975.3181818181819, 23.327272727272728,2.263636363636363,2.263636363636363, 2026-07-25 13:49:23
SZKOŁA PODSTAWOWA NR 2 IM. IRENY SENDLEROWEJ W OTWOCKU, UL. PONIATOWSKIEGO, 05-400, OTWOCK,21.287,52.09742, 40.275, 997.1166666666667, 26.425,2.1,2.1, 2026-07-25 13:49:23
SZKOŁA PODSTAWOWA NR 4 IM. JÓZEFA PIŁSUDSKIEGO W OTWOCKU, UL. SZKOLNA, 05-400, OTWOCK,21.25593,52.10349, 51.324999999999996, 1007.3166666666666, 23.675,0.0,0.0, 2026-07-25 13:49:23
SZKOŁA PODSTAWOWA NR 4 IM. BOHATERÓW SPOD DARNICY W PIASTOWIE, UL. ŻBIKOWSKA, 05-820, PIASTÓW,20.83026,52.18884, 45.05833333333334, 996.85, 24.133333333333336,3.15,3.15, 2026-07-25 13:49:23
SZKOŁA PODSTAWOWA NR 5 IM. ZBIGNIEWA GĘSICKIEGO „JUNO” W PIASTOWIE, UL. PUŁASKIEGO, 05-820, PIASTÓW,20.8366289,52.1914255, 33.666666666666664, 996.8166666666666, 28.883333333333336,2.199999999999999,2.199999999999999, 2026-07-25 13:49:23
SZKOŁA PODSTAWOWA NR 3 IM. BOLESŁAWA KRZYWOUSTEGO W POZNANIU, OS. PIASTOWSKIE, 61-149, POZNAŃ,16.94348145,52.39358139, 51.7132, 1001.1092, 27.0916,2.404,2.404, 2026-07-25 13:49:23
SZKOŁA PODSTAWOWA NR 64 IM. MARII KONOPNICKIEJ W POZNANIU, OSIEDLE ORŁA BIAŁEGO, 61-251, POZNAŃ,16.96721458,52.38006973, 51.438863636363635, 1000.8195454545454, 24.39454545454545,14.622222222222222,8.311111111111112, 2026-07-25 13:49:23
SZKOŁA PODSTAWOWA NR 38 W POZNANIU, UL. ROMANA BRANDSTAETTERA, 61-659, POZNAŃ,16.9342041,52.42566299, 36.03, 999.738, 26.8896,9.0,7.44, 2026-07-25 13:49:23
SZKOŁA PODSTAWOWA NR 80 IM. KORNELA MAKUSZYŃSKIEGO W POZNANIU, POGODNA, 60-137, POZNAŃ,16.87457466,52.38705444, 43.2864, 1002.3096, 24.6856,19.32,8.08, 2026-07-25 13:49:23
SZKOŁA PODSTAWOWA NR 90 IM. HR. WŁADYSŁAWA ZAMOYSKIEGO W POZNANIU, UL. CHOCISZEWSKIEGO, 60-261, POZNAŃ,16.88419724,52.39484787, 60.873599999999996, 998.9960000000001, 25.421599999999998,3.36,3.36, 2026-07-25 13:49:23
SZKOŁA PODSTAWOWA NR 75 IM. POWSTAŃCÓW WIELKOPOLSKICH W POZNANIU, POWSTAŃCÓW WIELKOPOLSKICH, 61-895, POZNAŃ,16.9231472,52.40390015, 47.08, 1000.6555999999999, 25.8456,17.12,9.4, 2026-07-25 13:49:23
SZKOŁA PODSTAWOWA NR 13 IM. CYTADELOWCÓW POZNAŃSKICH W POZNANIU, AL. NIEPODLEGŁOŚCI, 61-714, POZNAŃ,16.92272949,52.41403961, 43.2864, 1002.3096, 24.6856,19.32,8.08, 2026-07-25 13:49:23
SZKOŁA PODSTAWOWA NR 105 IM. JULIANA TUWIMA W POZNANIU, UL. NIESZAWSKA, 61-021, POZNAŃ,16.98015404,52.41488266, 42.0982, 1002.0716, 25.292399999999997,16.7,9.68, 2026-07-25 13:49:23
SZKOŁA PODSTAWOWA SPECJALNA NR 106 W POZNANIU, UL. KLEMENSA JANICKIEGO, 60-542, POZNAŃ,16.89997864,52.42756271, 39.89807692307692, 1001.3711538461539, 26.47576923076923,9.692307692307692,9.192307692307692, 2026-07-25 13:49:23
SZKOŁA PODSTAWOWA NR 34 IM. WOJSKA POLSKIEGO W POZNANIU, OS. BOLESŁAWA ŚMIAŁEGO, 60-682, POZNAŃ,16.92449188,52.45452118, 55.86, 998.1283999999999, 25.409200000000002,3.32,3.32, 2026-07-25 13:49:23
SZKOŁA PODSTAWOWA SPECJALNA NR 107 IM. ARKADEGO FIEDLERA W POZNANIU, DĄBROWSKIEGO, 60-523, POZNAŃ,16.901577,52.4134407, 63.446363636363635, 999.6981818181819, 24.78318181818182,11.608695652173912,11.130434782608695, 2026-07-25 13:49:23
SZKOŁA PODSTAWOWA NR 60 IM. WOJCIECHA BOGUSŁAWSKIEGO W POZNANIU, UL. BORANTA, 61-608, POZNAŃ,16.94834518,52.45634079, 100.0, 998.6899999999999, 27.053076923076922,14.26923076923077,11.538461538461538, 2026-07-25 13:49:23
SZKOŁA PODSTAWOWA NR 77 W POZNANIU, DMOWSKIEGO, 60-995, POZNAŃ,16.89839363,52.38943481, 55.2604, 1001.5731999999999, 23.812399999999997,13.52,13.12, 2026-07-25 13:49:23
SZKOŁA PODSTAWOWA NR 84 IM. TADEUSZA KOŚCIUSZKI W POZNANIU, ŚWIĘTEGO SZCZEPANA, 61-465, POZNAŃ,16.90634918,52.37201691, 40.545, 1001.6211538461539, 25.674230769230768,9.807692307692308,9.23076923076923, 2026-07-25 13:49:23
SZKOŁA PODSTAWOWA NR 23 IM. GEN. JÓZEFA BEMA W POZNANIU, UL. NORWIDA, 60-867, POZNAŃ,16.91053009,52.41601944, 64.22461538461538, 1000.4365384615384, 25.16653846153846,3.461538461538461,3.461538461538461, 2026-07-25 13:49:23
SZKOŁA PODSTAWOWA NR 62 W POZNANIU, DRUSKIENICKA, 60-475, POZNAŃ,16.88948631,52.45068741, 43.2864, 1002.3096, 24.6856,19.32,8.08, 2026-07-25 13:49:23
SZKOŁA PODSTAWOWA NR 82 IM. KSIĘCIA PRZEMYSŁA I W POZNANIU, KRAKOWSKA, 61-889, POZNAŃ,16.93424606,52.40084076, 50.73833333333334, 1003.4987500000001, 24.775833333333335,8.791666666666666,8.541666666666666, 2026-07-25 13:49:23
SZKOŁA PODSTAWOWA NR 7 IM. ERAZMA Z ROTTERDAMU W POZNANIU, GALILEUSZA, 60-158, POZNAŃ,16.86313629,52.38921356, 41.24208333333333, 999.4079166666667, 24.98375,23.20833333333333,14.541666666666666, 2026-07-25 13:49:23
SZKOŁA PODSTAWOWA NR 83 „ŁEJERY” IM. EMILII WAŚNIOWSKIEJ W POZNANIU, BRANDSTAETTERA, 61-659, POZNAŃ,16.93492126,52.42544174, 42.224000000000004, 998.9965, 24.9085,29.3,11.1, 2026-07-25 13:49:23
SZKOŁA PODSTAWOWA NR 112 W POZNANIU, OBORNICKA, 60-691, POZNAŃ,16.89865494,52.45604324, 41.3912, 997.6832, 24.7716,11.88,11.84, 2026-07-25 13:49:23
SZKOŁA PODSTAWOWA NR 1 W POZNANIU, UL. HEZJODA, 60-461, POZNAŃ,16.88130379,52.44327545, 45.2448, 998.4044, 24.498800000000003,14.32,13.64, 2026-07-25 13:49:23
SZKOŁA PODSTAWOWA NR 6 IM. HIPOLITA CEGIELSKIEGO W POZNANIU, RUSA, 61-245, POZNAŃ,16.98623848,52.39060211, 86.28571428571429, 1000.1514285714285, 24.222857142857144,8.142857142857142,9.571428571428571, 2026-07-25 13:49:23
SZKOŁA PODSTAWOWA NR 12 IM. WIELKOPOLSKIEJ BRYGADY KAWALERII, os. Zwycięstwa, 61-643, POZNAŃ,16.92538261,52.44150925, 36.63, 997.8684, 26.375999999999998,16.64,13.32, 2026-07-25 13:49:23
SPORTOWA SZKOŁA PODSTAWOWA NR 29 W POZNANIU, OS. POD LIPAMI, 61-638, POZNAŃ,16.94106674,52.43153381, 45.298, 998.7168, 24.2092,22.36,10.92, 2026-07-25 13:49:23
SZKOŁA PODSTAWOWA NR 22 IM. ADAMA TYTUSA DZIAŁYŃSKIEGO W POZNANIU, HANGAROWA, 60-409, POZNAŃ,16.85006332,52.42495346, 43.2864, 1002.3096, 24.6856,19.32,8.08, 2026-07-25 13:49:23
SZKOŁA PODSTAWOWA NR 55 IM. JURIJA GAGARINA W POZNANIU, SZPAKÓW, 61-065, POZNAŃ,17.0114212,52.39030838, 43.2864, 1002.3096, 24.6856,19.32,8.08, 2026-07-25 13:49:23
SZKOŁA PODSTAWOWA NR 9 IM. DOKTORA FRANCISZKA WITASZKA W POZNANIU, UL. JÓZEFA ŁUKASZEWICZA, 60-726, POZNAŃ,16.90358162,52.39443588, 43.2864, 1002.3096, 24.6856,19.32,8.08, 2026-07-25 13:49:23
SZKOŁA PODSTAWOWA NR 10 IM. ARKADEGO FIDLERA W POZNANIU, BOSA, 60-125, POZNAŃ,16.88327599,52.38434982, 43.2454, 1000.9010000000001, 24.976599999999998,15.0,9.3, 2026-07-25 13:49:23
SZKOŁA PODSTAWOWA NR 26 IM. RYSZARDA BERWIŃSKIEGO W POZNANIU, UL. BERWIŃSKIEGO, 60-765, POZNAŃ,16.9016552,52.39816284, 46.566923076923075, 999.6119230769231, 24.16923076923077,6.0,4.307692307692307, 2026-07-25 13:49:23
SZKOŁA PODSTAWOWA NR 2 IM. SZARYCH SZEREGÓW W POZNANIU, OS. JAGIELLOŃSKIE, 61-223, POZNAŃ,16.95454025,52.3906517, 31.641190476190477, 1001.9390476190476, 19.72,20.73333333333333,9.244444444444444, 2026-07-25 13:49:23
SZKOŁA PODSTAWOWA NR 67 IM. JACKA KURONIA W POZNANIU, OS. STEFANA BATOREGO, 60-687, POZNAŃ,16.92311287,52.45628357, 43.2864, 1002.3096, 24.6856,19.32,8.08, 2026-07-25 13:49:23
SZKOŁA PODSTAWOWA NR 47 Z ODDZIAŁAMI DWUJĘZYCZNYMI, os. Czecha, 61-288, POZNAŃ,16.97763062,52.38436508, 41.7592, 1000.4903999999999, 24.1828,15.08,12.04, 2026-07-25 13:49:23
SZKOŁA PODSTAWOWA NR 93 W POZNANIU, UMULTOWSKA, 61-614, POZNAŃ,16.93852615,52.47229385, 43.2864, 1002.3096, 24.6856,19.32,8.08, 2026-07-25 13:49:23
XXXVIII DWUJĘZYCZNE LICEUM OGÓLNOKSZTAŁCĄCE, UL. MICHAŁA DRZYMAŁY 4 LOK., 60-613, POZNAŃ,16.91071701,52.42235565, 65.03545454545454, 1001.1081818181818, 25.25909090909091,4.090909090909091,3.454545454545454, 2026-07-25 13:49:23
PRZEDSZKOLE „LEŚNE DUSZKI”, DŁUGA, 62-070, ZAKRZEWO,16.725871642330244,52.39324421111061, 43.2864, 1002.3096, 24.6856,19.32,8.08, 2026-07-25 13:49:23
SZKOŁA PODSTAWOWA IM. BRONISŁAWA MALINOWSKIEGO W CHRUSTOWIE, , 64-600, CHRUSTOWO,16.71426964,52.63230896, 39.10130434782609, 1000.6056521739131, 31.290434782608692,15.173913043478262,8.73913043478261, 2026-07-25 13:49:23
SZKOŁA PODSTAWOWA IM. WŁADYSŁAWA REYMONTA W KRZYŻANOWIE, KRZYŻANOWO, 63-100, KRZYŻANOWO,16.91054916,52.09793091, 43.2864, 1002.3096, 24.6856,19.32,8.08, 2026-07-25 13:49:23
ZESPÓŁ SZKÓŁ IM. O. MARIANA ŻELAZKA W CHLUDOWIE FILIA W GOLĘCZEWIE, UL. DWORCOWA, 62-001, GOLĘCZEWO,16.8183918,52.5346756, 50.9, 998.2883999999999, 24.5212,7.92,6.6, 2026-07-25 13:49:23
PUBLICZNE PRZEDSZKOLE AKADEMOS W ZŁOTNIKACH, UL. LAZYRUTOWA, 62-002, ZŁOTNIKI,16.72588237,52.39324421, 43.2864, 1002.3096, 24.6856,19.32,8.08, 2026-07-25 13:49:23
SZKOŁA PODSTAWOWA W JABŁKOWIE, , 62-285, JABŁKOWO,17.30526352,52.65771484, 45.244313725490194, 998.7845098039217, 24.79078431372549,29.980392156862745,20.01960784313725, 2026-07-25 13:49:23
SZKOŁA PODSTAWOWA W ŁOPUCHOWIE, , 62-095, ŁOPUCHOWO,17.09284592,52.61447144, 43.2864, 1002.3096, 24.6856,19.32,8.08, 2026-07-25 13:49:23
SZKOŁA PODSTAWOWA IM. LEONA MASIAKOWSKIEGO W BIAŁĘŻYNIE, , 62-095, BIAŁĘŻYN,16.97803879,52.62910843, 44.7816, 996.9944, 24.378400000000003,233.32,180.12, 2026-07-25 13:49:23
SZKOŁA PODSTAWOWA IM. JANA PAWŁA II W SZCZODRZYKOWIE, OGRODOWA, 62-035, SZCZODRZYKOWO,17.10255051,52.28513336, 43.2864, 1002.3096, 24.6856,19.32,8.08, 2026-07-25 13:49:23
SZKOŁA PODSTAWOWA IM. ARKADEGO FIEDLERA W CHOMĘCICACH, UL. POZNAŃSKA, 62-052, CHOMĘCICE,16.74156761,52.33368683, 58.66346153846154, 999.553076923077, 24.725,15.346153846153848,14.115384615384617, 2026-07-25 13:49:23
SZKOŁA PODSTAWOWA NR 1 IM. ADAMA MICKIEWICZA W PUSZCZYKOWIE, UL. WYSOKA, 62-040, PUSZCZYKOWO,16.85375595,52.28887939, 43.2864, 1002.3096, 24.6856,19.32,8.08, 2026-07-25 13:49:23
SZKOŁA PODSTAWOWA NR 2 IM. POWSTAŃCÓW WIELKOPOLSKICH W PUSZCZYKOWIE, UL. JANA KASPROWICZA, 62-040, PUSZCZYKOWO,16.85844231,52.27380753, 43.2864, 1002.3096, 24.6856,19.32,8.08, 2026-07-25 13:49:23
LICEUM OGÓLNOKSZTAŁCĄCE IM. POWSTAŃCÓW WIELKOPOLSKICH W TARNOWIE PODGÓRNYM, UL. POZNAŃSKA, 62-080, TARNOWO PODGÓRNE,16.65105057,52.46143723, 43.2864, 1002.3096, 24.6856,19.32,8.08, 2026-07-25 13:49:23
SZKOŁA PODSTAWOWA W JABŁKOWIE FILIA W REJOWCU, , 62-093, REJOWIEC,17.16859245,52.6228447, 76.5532, 997.164, 26.178800000000003,21.4,12.16, 2026-07-25 13:49:23
ZESPÓŁ SZKOLNO-PRZEDSZKOLNY W ROŻNOWIE, ul. Dworcowa, 64-600, ROŻNOWO,16.874898928834885,52.67467038068995, 66.24190476190476, 1001.0942857142857, 27.356190476190477,15.488372093023257,8.604651162790697, 2026-07-25 13:49:23
SZKOŁA PODSTAWOWA W PAMIĄTKOWIE, UL. SZKOLNA, 64-514, PAMIĄTKOWO,16.67851067,52.55265808, 58.3788, 1000.2324000000001, 25.2396,9.76,9.56, 2026-07-25 13:49:23
SZKOŁA PODSTAWOWA IM. GEN. DEZYDEREGO CHŁAPOWSKIEGO W BODZYNIEWIE, , 63-100, BODZYNIEWO,17.0052948,52.02843857, 100.0, 999.72, 25.017307692307693,16.807692307692307,13.115384615384617, 2026-07-25 13:49:23
ZESPÓŁ SZKOLNO PRZEDSZKOLNY W NAPACHANIU, ul. Poznańska, 62-090, NAPACHANIE,16.730690073302416,52.48490177500907, 38.943200000000004, 1001.0053999999999, 26.582600000000003,16.2,9.18, 2026-07-25 13:49:23
SZKOŁA PODSTAWOWA IM.MARCINA KACPRZAKA, ul. Szkolna, 42-231, STARY CYKARZEW,19.175446655281952,50.952335408921456, 41.654545454545456, 982.4272727272728, 24.354545454545452,3.563636363636364,3.309090909090909, 2026-07-25 13:49:23
SZKOŁA PODSTAWOWA IM. KAWALERÓW ORDERU UŚMIECHU W LUSÓWKU, UL. DOPIEWSKA, 62-080, LUSÓWKO,16.64691353,52.42663574, 75.79650000000001, 999.7244999999999, 24.226499999999998,25.2,18.4, 2026-07-25 13:49:23
SZKOŁA PODSTAWOWA IM.ŚW. KINGI W KNUROWIE, , 34-434, KNURÓW,20.186141141283134,49.4808092162355, 42.88181818181818, 947.5636363636364, 24.827272727272728,2.127272727272727,1.7818181818181822, 2026-07-25 13:49:23
PUBLICZNA SZKOŁA PODSTAWOWA W GŁAZOWIE, , 27-641, GŁAZÓW,21.61804794,50.70138435, 54.790909090909096, 986.3636363636364, 22.572727272727274,2.090909090909091,1.836363636363636, 2026-07-25 13:49:23
SZKOŁA PODSTAWOWA NR 78 IM. PROF. WIKTORA DEGI W POZNANIU, UL. ŻONKILOWA, 60-175, POZNAŃ,16.814991,52.384403, 81.3, 999.6623529411763, 24.464117647058824,11.444444444444445,8.61111111111111, 2026-07-25 13:49:23
ZESPÓŁ SZKOLNO-PRZEDSZKOLNY NR 3 W LEGIONOWIE, UL. KRÓLOWEJ JADWIGI, 05-120, LEGIONOWO,20.9263350977793,52.39442875443961, 45.083333333333336, 1001.8249999999999, 25.541666666666668,4.291666666666667,3.916666666666666, 2026-07-25 13:49:23
SZKOŁA PODSTAWOWA IM. POWSTAŃCÓW WIELKOPOLSKICH W WIĘCKOWICACH, Gromadzka, 62-070, WIĘCKOWICE,16.63825,52.39672, 43.2864, 1002.3096, 24.6856,19.32,8.08, 2026-07-25 13:49:23
SZKOŁA PODSTAWOWA IM. PRZYJACIÓŁ WIELKOPOLSKI W JEZIORKACH, UL. POCZTOWA, 62-060, JEZIORKI,16.59429,52.3134, 49.2462, 1000.1111999999999, 25.2518,14.52,7.96, 2026-07-25 13:49:23
ZESPÓŁ SZKOLNO-PRZEDSZKOLNY IM. JANA BRZECHWY W DOPIEWIE, UL. ŁĄKOWA, 62-070, DOPIEWO,16.682004,52.357068, 43.2864, 1002.3096, 24.6856,19.32,8.08, 2026-07-25 13:49:23
SZKOŁA PODSTAWOWA NR 4 IM. JANA BRZECHWY W SWARZĘDZU, OS. KOŚCIUSZKOWCÓW, 62-020, SWARZĘDZ,17.077864,52.418436, 84.93578947368421, 998.3621052631579, 23.544210526315787,6.25,6.35, 2026-07-25 13:49:23
SZKOŁA PODSTAWOWA NR 15 IM. JANA III SOBIESKIEGO W POZNANIU, OS. JANA III SOBIESKIEGO, 60-688, POZNAŃ,16.907751,52.465225, 62.786, 997.0984, 24.9256,31.32,26.76, 2026-07-25 13:49:23
SZKOŁA PODSTAWOWA NR 89 IM. KRZYSZTOFA KAMILA BACZYŃSKIEGO W POZNANIU, UL. SOCHACZEWSKA, 60-645, POZNAŃ,16.913659,52.425214, 50.897600000000004, 1000.9764, 25.3458,15.84,8.76, 2026-07-25 13:49:23
SZKOŁA PODSTAWOWA NR 65 IM. FRANCISZKA ŻWIRKI I STANISŁAWA WIGURY W POZNANIU, UL. KOSMONAUTÓW, 61-642, POZNAŃ,16.94346,52.43916, 43.2864, 1002.3096, 24.6856,19.32,8.08, 2026-07-25 13:49:23
SZKOŁA PODSTAWOWA SPECJALNA NR 113 W POZNANIU, UL. BYDGOSKA, 61-127, POZNAŃ,16.95652,52.41152, 63.675, 1001.8911538461538, 25.292307692307695,21.153846153846157,12.076923076923077, 2026-07-25 13:49:23
SZKOŁA PODSTAWOWA NR 11 IM. GEN. DEZYDEREGO CHŁAPOWSKIEGO W POZNANIU, OS. WICHROWE WZGÓRZE, 61-699, POZNAŃ,16.933633,52.437839, 43.2864, 1002.3096, 24.6856,19.32,8.08, 2026-07-25 13:49:23
SZKOŁA PODSTAWOWA NR 35 IM. WŁADYSŁAWA ŁOKIETKA W POZNANIU, OS. WŁADYSŁAWA ŁOKIETKA, 61-616, POZNAŃ,16.940352,52.450688, 43.2864, 1002.3096, 24.6856,19.32,8.08, 2026-07-25 13:49:23
SZKOŁA PODSTAWOWA NR 14 IM. WŁADYSŁAWA ŁOKIETKA W POZNANIU, PIASTOWSKIE, 61-156, POZNAŃ,16.944711,52.390975, 39.75238095238095, 1000.3904761904762, 25.204761904761902,13.095238095238097,10.428571428571429, 2026-07-25 13:49:23
SZKOŁA PODSTAWOWA NR 42 IM. BOLESŁAWA CHROBREGO, RÓŻANA, 61-577, POZNAŃ,16.9253885,52.398931, 43.2864, 1002.3096, 24.6856,19.32,8.08, 2026-07-25 13:49:23
SZKOŁA PODSTAWOWA W KOBYLNICY, UL. POZNAŃSKA, 62-006, KOBYLNICA,17.080131,52.447968, 56.12019607843138, 1000.7274509803922, 24.668039215686274,17.96078431372549,8.294117647058824, 2026-07-25 13:49:23
SZKOŁA PODSTAWOWA IM. JANA BRZECHWY W BRZEŹNIE, UL. DŁUGA, 62-025, BRZEŹNO,17.343075,52.377262, 43.81, 996.6132000000001, 25.5804,10.48,7.2, 2026-07-25 13:49:23
SZKOŁA PODSTAWOWA W JABŁKOWIE FILIA W LECHLINIE, LECHLIN, 62-085, LECHLIN,17.149422,52.706829, 43.2864, 1002.3096, 24.6856,19.32,8.08, 2026-07-25 13:49:23
SZKOŁA PODSTAWOWA IM. ADAMA MICKIEWICZA W SKOKACH, UL. POZNAŃSKA, 62-085, SKOKI,17.1454,52.67087, 41.216, 999.4775999999999, 27.37,9.2,7.52, 2026-07-25 13:49:23
SPOŁECZNA WALDORFSKA SZKOŁA PODSTAWOWA, SZRENIAWSKA, 62-051, WIRY,16.8464646,52.3178772, 39.72115384615385, 1000.2507692307693, 25.616153846153846,12.576923076923077,10.115384615384617, 2026-07-25 13:49:23
SZKOŁA PODSTAWOWA W SIEKIERKACH WIELKICH, UL. KARALUSA, 62-025, SIEKIERKI WIELKIE,17.161897,52.382159, 43.2864, 1002.3096, 24.6856,19.32,8.08, 2026-07-25 13:49:23
SZKOŁA PODSTAWOWA IM. EWARYSTA ESTKOWSKIEGO W KOSTRZYNIE, UL. PIASTA, 62-025, KOSTRZYN,17.223903,52.396619, 42.4566, 1000.3853999999999, 25.1244,18.68,9.22, 2026-07-25 13:49:23
SZKOŁA PODSTAWOWA DLA DZIECI Z AUTYZMEM, SZAMARZEWSKIEGO, 60-569, POZNAŃ,16.88205,52.41328, 43.2864, 1002.3096, 24.6856,19.32,8.08, 2026-07-25 13:49:23
SZKOŁA PODSTAWOWA NR 58 IM. JERZEGO KUKUCZKI W POZNANIU, UL. ŁAWICA, 60-186, POZNAŃ,16.82257,52.409962, 40.21590909090909, 999.2436363636364, 25.266363636363636,11.772727272727272,9.181818181818182, 2026-07-25 13:49:23
SZKOŁA PODSTAWOWA IM. POLSKICH NOBLISTÓW W BARANOWIE, WYPOCZYNKOWA, 62-081, BARANOWO,16.790377,52.442582, 38.38461538461539, 997.7384615384616, 26.986153846153847,9.538461538461538,9.0, 2026-07-25 13:49:23
SZKOŁA PODSTAWOWA IM. HANSA CHRISTIANA ANDERSENA W BOLECHOWIE-OSIEDLU, UL. WOJSKA POLSKIEGO, 62-005, BOLECHOWO-OSIEDLE,16.97552,52.54171, 44.513461538461534, 1001.498076923077, 24.506153846153843,20.192307692307693,11.384615384615383, 2026-07-25 13:49:23
SZKOŁA PODSTAWOWA IM. JÓZEFA WYBICKIEGO W OWIŃSKACH, UL. POPRZECZNA, 62-005, OWIŃSKA,16.983395,52.511923, 60.988846153846154, 1000.1653846153846, 24.28923076923077,30.5,13.192307692307692, 2026-07-25 13:49:23
SZKOŁA PODSTAWOWA IM. DR. LECHA SIUDY W SZEWCACH, UL. BUKOWSKA, 64-320, SZEWCE,16.5050395,52.3032518, 43.2864, 1002.3096, 24.6856,19.32,8.08, 2026-07-25 13:49:23
SZKOŁA PODSTAWOWA NR 1 IM. WOJCIECHA BOGUSŁAWSKIEGO W SUCHYM LESIE, UL. SZKOLNA, 62-002, SUCHY LAS,16.87122,52.47459, 43.2864, 1002.3096, 24.6856,19.32,8.08, 2026-07-25 13:49:23
ZESPÓŁ SZKÓŁ NR 2 IM. STANISŁAWA STASZICA W SZAMOTUŁACH, SZCZUCZYŃSKA, 64-500, SZAMOTUŁY,16.575982,52.618126, 63.46052631578947, 1000.5394736842105, 23.675263157894737,2.221052631578947,1.957894736842105, 2026-07-25 13:49:23
SZKOŁA PODSTAWOWA NR 6 IM. MICHAŁA ELWIRO ANDRIOLLEGO W OTWOCKU, UL. AMBASADORSKA, 05-402, OTWOCK,21.23886,52.10802, 49.25, 1000.2833333333333, 24.441666666666666,5.733333333333333,5.6, 2026-07-25 13:49:23
SZKOŁA PODSTAWOWA IM. BOHATERÓW BUKOWSKICH W BUKU, UL. SZKOLNA, 64-320, BUK,16.52259,52.35662, 54.01, 999.2567999999999, 26.062399999999997,12.96,10.6, 2026-07-25 13:49:23
SZKOŁA PODSTAWOWA IM. JÓZEFA WYBICKIEGO W CZERWONAKU, SZKOLNA, 62-004, CZERWONAK,16.982170814252843,52.46420839557451, 43.2864, 1002.3096, 24.6856,19.32,8.08, 2026-07-25 13:49:23
ZESPÓŁ SZKOLNO-PRZEDSZKOLNY NR 3 W GLIWICACH, UL. ŻWIRKI I WIGURY, 44-122, GLIWICE,18.67273,50.2819, 40.47, 985.5200000000001, 24.82,3.889999999999999,3.69, 2026-07-25 13:49:23
SZKOŁA PODSTAWOWA NR 1 W ZABRZU, UL. SPORTOWA, 41-800, ZABRZE,18.7893,50.28601, 34.18333333333333, 983.7083333333334, 29.183333333333334,2.583333333333333,2.583333333333333, 2026-07-25 13:49:23
OSP ZIELĄTKOWO, UL. KRĘTA, 62-002, ZIELĄTKOWO,16.79757003,52.56098128, 43.2864, 1002.3096, 24.6856,19.32,8.08, 2026-07-25 13:49:23
ŚWIETLICA WIEJSKA ZŁOTKOWO, UL. ZŁOTA, 62-002, ZŁOTKOWO,16.83608647,52.51413944, 55.134800000000006, 997.694, 25.014,0.92,0.92, 2026-07-25 13:49:23
SZKOŁA PODSTAWOWA NR 1 IM. TADEUSZA KOŚCIUSZKI W SZCZEKOCINACH, UL. SENATORSKA, 42-445, SZCZEKOCINY,19.82349554,50.62533735, 39.32727272727273, 980.1454545454545, 25.3,6.445454545454546,5.554545454545455, 2026-07-25 13:49:23
SZKOŁA PODSTAWOWA W ROBAKOWIE, UL. SZKOLNA, 62-023, ROBAKOWO,17.05727,52.301467, 39.4752, 999.4196000000001, 31.886800000000004,6.52,6.84, 2026-07-25 13:49:23
SZKOŁA PODSTAWOWA IM. MIKOŁAJA KOPERNIKA W IWNIE, UL. SZKOLNA, 62-025, IWNO,17.269785,52.404893, 100.0, 997.0715384615385, 25.22730769230769,11.73076923076923,9.423076923076923, 2026-07-25 13:49:23
SZKOŁA PODSTAWOWA W SUCHYM LESIE - FILIA, KONWALIOWA, 62-002, SUCHY LAS,16.8705485,52.4800025, 44.21, 996.5264285714286, 27.724999999999998,11.5,11.625, 2026-07-25 13:49:23
SZKOŁA PODSTAWOWA W STĘSZEWIE, POZNAŃSKA, 62-060, STĘSZEW,16.7059729,52.2831187, 41.051538461538456, 999.8107692307693, 25.16923076923077,11.76923076923077,11.26923076923077, 2026-07-25 13:49:23
SZKOŁA PODSTAWOWA NR 58 IM. IRENY SENDLEROWEJ W BYDGOSZCZY, UL. GDAŃSKA, 85-005, BYDGOSZCZ,18.006526,53.13014, 41.574999999999996, 1002.7916666666666, 25.224999999999998,5.475,4.6, 2026-07-25 13:49:23
SZKOŁA PODSTAWOWA W PISKOROWICACH, , 37-300, PISKOROWICE,22.5273466,50.2359231, 53.699999999999996, 993.35, 24.5,2.516666666666666,2.316666666666667, 2026-07-25 13:49:23
SZKOŁA PODSTAWOWA NR 1 IM. POR. JANA BAŁDY W CHMIELNIKU, , 36-016, CHMIELNIK,22.122041528835187,49.98127862696953, 43.309090909090905, 982.0909090909091, 24.954545454545453,2.290909090909091,2.081818181818181, 2026-07-25 13:49:23
SZKOŁA PODSTAWOWA NR 2 IM. OJCA ŚWIĘTEGO JANA PAWŁA II W CHMIELNIKU, , 36-016, CHMIELNIK,22.10618,49.99253, 43.14545454545455, 981.7090909090908, 25.481818181818184,2.236363636363636,1.8272727272727272, 2026-07-25 13:49:23
SZKOŁA PODSTAWOWA IM. WŁADYSŁAWA SZAFERA W WOLI KALINOWSKIEJ, UL. SZKOLNA, 32-045, WOLA KALINOWSKA,19.80972735,50.22489696, 43.06666666666666, 958.8166666666666, 23.724999999999998,2.158333333333333,2.158333333333333, 2026-07-25 13:49:23
NIEPUBLICZNA SZKOŁA PODSTAWOWA IM. DR W. BŁEŃSKIEJ W KOWALACH, ul. Sadowa, 80-180, GDAŃSK,18.56359278,54.31377328, 47.824999999999996, 995.975, 24.724999999999998,3.75,3.75, 2026-07-25 13:49:23
SZKOŁA PODSTAWOWA NR 2 IM. KRÓLOWEJ JADWIGI W PLESZEWIE, UL. OGRODOWA, 63-300, PLESZEW,17.78384,51.8949, 48.675000000000004, 997.0749999999999, 25.28333333333333,2.916666666666666,2.6166666666666663, 2026-07-25 13:49:23
TECHNIKUM W ZESPOLE SZKÓŁ IM. ŻOŁNIERZY ARMII KRAJOWEJ W MAKOWIE MAZOWIECKIM, UL. DUŃSKIEGO CZERWONEGO KRZYŻA, 06-200, MAKÓW MAZOWIECKI,21.0874394,52.86346251388081, 53.75833333333333, 999.4916666666667, 26.058333333333334,2.266666666666666,2.333333333333333, 2026-07-25 13:49:23
TECHNIKUM NR 4 W ZESPOLE SZKÓŁ IM. MIKOŁAJA KOPERNIKA W KONINIE, UL. ALEJE 1 MAJA, 62-510, KONIN,18.24697844,52.2297386, 31.10909090909091, 996.0727272727272, 28.40909090909091,3.154545454545454,3.154545454545454, 2026-07-25 13:49:23
SZKOŁA PODSTAWOWA NR 2 IM. KARD. K. WOJTYŁY W CZAŃCU, UL. KARD. KAROLA WOJTYŁY, 43-354, CZANIEC,19.26564,49.8473, 44.24166666666667, 973.6583333333333, 26.116666666666664,3.1,2.308333333333333, 2026-07-25 13:49:23
SZKOŁA PODSTAWOWA NR 2 IM. BATALIONÓW CHŁOPSKICH W SUŁOSZOWEJ, UL. OLKUSKA, 32-045, SUŁOSZOWA,19.70575937116404,50.27412008191642, 45.88181818181818, 961.1090909090909, 21.236363636363635,2.836363636363636,2.581818181818181, 2026-07-25 13:49:23
SZKOŁA PODSTAWOWA W BUDZOWIE Z FILIĄ W GRODZISZCZU, UL. HENRYKA POBOŻNEGO, 57-214, BUDZÓW,16.69061021,50.58383865, 34.09166666666666, 971.9, 25.933333333333334,2.591666666666667,2.225, 2026-07-25 13:49:23
SZKOŁA PODSTAWOWA IM. ŻOŁNIERZA POLSKIEGO W WĘDRZYNIE, , 69-211, WĘDRZYN,15.17882328,52.44755351, 44.79090909090909, 996.1545454545455, 24.29090909090909,5.736363636363636,4.854545454545454, 2026-07-25 13:49:23
SZKOŁA PODSTAWOWA NR 9 IM. KRÓLA JANA III SOBIESKIEGO W GLIWICACH, UL. JANA III SOBIESKIEGO, 44-100, GLIWICE,18.655796,50.295176, 39.41818181818182, 985.6272727272727, 26.572727272727274,6.627272727272728,6.263636363636363, 2026-07-25 13:49:23
PUBLICZNA SZKOŁA PODSTAWOWA NR 1 Z ODDZIAŁAMI INTEGRACYJNYMI IM.JANA III SOBIESKIEGO W SZYDŁOWCU, UL. WSCHODNIA, 26-500, SZYDŁOWIEC,20.86302643,51.22382244, 35.71818181818182, 983.6, 27.58181818181818,3.5727272727272723,3.263636363636363, 2026-07-25 13:49:23
SZKOŁA PODSTAWOWA IM. HENRYKA DRZAZGI W LGOCIE MAŁEJ W ZESPOLE SZKOLNO-PRZEDSZKOLNYM W LGOCIE MAŁEJ, UL. SZKOLNA, 42-282, LGOTA MAŁA,19.339293,50.984863, 48.89, 987.45, 26.26,3.38,2.81, 2026-07-25 13:49:23
SZKOŁA PODSTAWOWA IM. WINCENTEGO WITOSA W RUDZIE, UL. DŁUGA, 98-300, RUDA,18.61306827,51.19785979, 39.47, 987.54, 24.59,8.309999999999999,7.95, 2026-07-25 13:49:23
PUBLICZNA SZKOŁA PODSTAWOWA IM.DR.M.PAPUZIŃSKIEGO W CIEPIELOWIE, UL. LEKARSKA, 27-310, CIEPIELÓW,21.5252738,51.2346803, 41.58181818181818, 992.8636363636364, 24.236363636363638,3.427272727272727,2.854545454545454, 2026-07-25 13:49:23
NIEPUBLICZNE LICEUM OGÓLNOKSZTAŁCĄCE W MIECHOWIE ZAKŁADU DOSKONALENIA ZAWODOWEGO W KIELCACH, UL. KS. SKORUPKI, 32-200, MIECHÓW,20.0328906,50.3570663, 49.53636363636363, 980.4636363636364, 27.336363636363636,3.254545454545454,3.227272727272727, 2026-07-25 13:49:23
PUBLICZNA SZKOŁA PODSTAWOWA IM. PPŁK. AK JÓZEFA PAWLAKA BRZOZY W ŁAGUSZOWIE, , 26-704, ŁAGUSZÓW,21.78730494232724,51.369002504141314, 42.91818181818182, 1100.0, 24.10909090909091,1.354545454545454,1.018181818181818, 2026-07-25 13:49:23
PUBLICZNA SZKOŁA PODSTAWOWA W GĄSAWACH RZĄDOWYCH, , 26-502, GĄSAWY RZĄDOWE,20.93020993,51.20550951, 41.20909090909091, 982.2818181818183, 25.218181818181815,3.7,3.618181818181817, 2026-07-25 13:49:23
SZKOŁA PODSTAWOWA NR 21 IM. KAROLA WOJTYŁY W ZESPOLE EDUKACYJNYM NR 3 W ZIELONEJ GÓRZE, UL. OSIEDLE POMORSKIE, 65-548, ZIELONA GÓRA,15.5543765,51.9363095, 39.03636363636363, 989.8454545454545, 25.136363636363637,5.354545454545454,4.527272727272727, 2026-07-25 13:49:23
SZKOŁA PODSTAWOWA NR 8 IM. MARII DĄBROWSKIEJ W GLIWICACH, UL. SPACEROWA, 44-141, GLIWICE,18.6801748,50.2506534183101, 38.574999999999996, 979.8833333333333, 24.066666666666666,3.266666666666667,3.008333333333333, 2026-07-25 13:49:23
SZKOŁA PODSTAWOWA IM. JANA PAWŁA II W ZIELONEJ, UL. SZKOLNA, 09-310, ZIELONA,19.96309,53.09311, 38.46363636363637, 991.4636363636364, 26.20909090909091,3.954545454545454,3.681818181818181, 2026-07-25 13:49:23
TECHNIKUM W CHEŁMŻY, UL. GEN. JÓZEFA HALLERA, 87-140, CHEŁMŻA,18.606618,53.188769, 46.449999999999996, 998.0416666666666, 25.275000000000002,5.475,5.649999999999999, 2026-07-25 13:49:23
SZKOŁA PODSTAWOWA IM JANA PAWŁA II W PRZEDMOŚCIU, UL. SZKOLNA, 67-210, PRZEDMOŚCIE,16.1599119,51.628806, 26.099999999999998, 997.35, 32.666666666666664,3.183333333333333,2.683333333333333, 2026-07-25 13:49:23
SZKOŁA PODSTAWOWA NR 28 IM. PROF. HENRYKA ARCTOWSKIEGO W TORUNIU, UL. PRZY SKARPIE, 87-100, TORUŃ,18.6206873,53.0205863, 59.275, 1002.9833333333332, 24.558333333333334,9.866666666666667,7.816666666666666, 2026-07-25 13:49:23
SZKOŁA PODSTAWOWA IM. RTM. WITOLDA PILECKIEGO W ŁĄCZNIE, , 14-300, ŁĄCZNO,19.9057731,53.9540596, 52.61818181818182, 991.1909090909091, 23.254545454545454,4.854545454545454,4.509090909090909, 2026-07-25 13:49:23
SZKOŁA PODSTAWOWA W MECHOWCU, , 36-122, MECHOWIEC,21.8112245,50.2859146, 45.82727272727273, 991.3, 25.181818181818183,3.536363636363636,3.454545454545454, 2026-07-25 13:49:23
SZKOŁA PODSTAWOWA IM. ŚW. JANA PAWŁA II W NIELUBI, , 67-231, NIELUBIA,15.9992117,51.6408904, 28.427272727272726, 993.0272727272727, 30.7,2.354545454545454,2.354545454545454, 2026-07-25 13:49:23
SZKOŁA PODSTAWOWA IM. RED JANA CISZEWSKIEGO W WALEŃCZOWIE, UL. SZKOLNA, 42-151, WALEŃCZÓW,18.865972,50.923707, 62.525, 983.725, 25.508333333333336,1.791666666666666,1.375, 2026-07-25 13:49:23
PUBLICZNA SZKOŁA PODSTAWOWA W CEGŁOWIE - FILIA W PIASECZNIE, , 05-319, PIASECZNO,21.7213942,52.1363862, 38.59166666666667, 989.8916666666668, 26.775000000000002,1.875,1.775, 2026-07-25 13:49:23
SZKOŁA PODSTAWOWA NR 5 IM. WŁADYSŁAWA BRONIEWSKIEGO W CIECHANOWIE, UL. WŁADYSŁAWA BRONIEWSKIEGO, 06-400, CIECHANÓW,20.60007659,52.88787071, 59.11666666666667, 996.4833333333332, 23.058333333333334,5.641666666666668,5.341666666666666, 2026-07-25 13:49:23
TECHNIKUM NR 3 W OSTROŁĘCE, UL. STEFANA JARACZA, 07-410, OSTROŁĘKA,21.567307,53.073999, 57.18333333333334, 1000.1416666666668, 24.8,1.275,1.3083333333333331, 2026-07-25 13:49:23
TECHNIKUM W GOSTYNINIE, UL. KOWALSKA, 09-500, GOSTYNIN,19.4441882,52.4357395, 44.375, 997.6583333333333, 24.900000000000002,3.883333333333333,3.324999999999999, 2026-07-25 13:49:23
SZKOŁA PODSTAWOWA IM. ŚW. JANA KANTEGO W WYSOKIEJ GŁOGOWSKIEJ, , 36-061, WYSOKA GŁOGOWSKA,22.022784853389915,50.15600185882948, 51.699999999999996, 984.775, 23.258333333333336,2.25,1.841666666666666, 2026-07-25 13:49:23
SZKOŁA PODSTAWOWA NR 5 IM. MIKOŁAJA KOPERNIKA W WADOWICACH, OS. MIKOŁAJA KOPERNIKA, 34-100, WADOWICE,19.49928,49.87787, 44.63333333333333, 980.3249999999999, 23.675,2.408333333333333,2.408333333333333, 2026-07-25 13:49:23
SZKOŁA PODSTAWOWA NR 36 IM. CZESŁAWA MIŁOSZA W RYBNIKU, UL. SZTOLNIOWA, 44-251, RYBNIK,18.59975,50.05647, 50.14166666666667, 979.5833333333334, 23.016666666666666,3.75,3.3666666666666663, 2026-07-25 13:49:23
SZKOŁA PODSTAWOWA NR 8 IM. ADAMA MICKIEWICZA W DĄBROWIE GÓRNICZEJ, UL. KRASIŃSKIEGO, 41-300, DĄBROWA GÓRNICZA,19.20975,50.32182, 37.858333333333334, 979.9250000000001, 28.316666666666666,2.483333333333333,2.483333333333333, 2026-07-25 13:49:23
SZKOŁA PODSTAWOWA NR 3 IM. BOHATERÓW WESTERPLATTE W LUBLIŃCU, ZWYCIĘSTWA, 42-700, LUBLINIEC,18.6795432547619,50.67660368407844, 34.291666666666664, 1012.0166666666668, 26.691666666666666,2.816666666666666,2.816666666666666, 2026-07-25 13:49:23
SZKOŁA PODSTAWOWA NR 5 IM. DZIECI POLSKICH W PILE, UL. ALEJA, 64-920, PIŁA,16.72709846,53.1524086, 42.85454545454545, 999.8090909090909, 23.89090909090909,4.318181818181818,4.318181818181818, 2026-07-25 13:49:23
PUBLICZNA SZKOŁA PODSTAWOWA IM. WINCENTEGO WITOSA W BORKU STRZELIŃSKIM, UL. SZKOLNA, 57-160, BOREK STRZELIŃSKI,16.99486,50.88494, 34.97272727272727, 992.6454545454545, 28.327272727272728,1.572727272727272,1.572727272727272, 2026-07-25 13:49:23
SZKOŁA PODSTAWOWA NR 2 W BRUSACH, UL., 89-632, BRUSY,17.71953583,53.88385391, 39.93333333333333, 989.6083333333332, 25.916666666666668,4.291666666666667,4.291666666666667, 2026-07-25 13:49:23
SZKOŁA PODSTAWOWA IM. JANA PAŁA II W KORNOWACU, STAROWIEJSKA, 44-285, KORNOWAC,18.3266818633128,50.0697240522562, 43.00909090909091, 978.6090909090909, 25.781818181818185,2.072727272727272,2.072727272727272, 2026-07-25 13:49:23
SZKOŁA PODSTAWOWA IM. JÓZEFA SUSKIEGO WE WŁOSIENICY, UL. JÓZEFA SUSKIEGO, 32-642, WŁOSIENICA,19.31856,50.01811, 36.445454545454545, 984.0727272727272, 27.872727272727275,2.754545454545454,2.754545454545454, 2026-07-25 13:49:23
ZESPÓŁ SZKOLNO - PRZEDSZKOLNY W JEJKOWICACH, UL. GŁÓWNA, 44-290, JEJKOWICE,18.4751,50.1062, 43.49090909090909, 982.0727272727272, 24.672727272727272,2.7636363636363632,2.7636363636363632, 2026-07-25 13:49:23
ZESPÓŁ SZKOLNO-PRZEDSZKOLNY W KIKOLE, UL. TARGOWA , 87-620, KIKÓŁ,19.12871087116481,52.9122997425024, 42.73333333333333, 996.275, 25.433333333333334,3.783333333333333,3.783333333333333, 2026-07-25 13:49:23
ZESPÓŁ SZKÓŁ NR 12 SZKOŁA PODSTAWOWA NR 14 IM. TADEUSZA KOŚCIUSZKI W LUBLINIE, UL. SŁAWINKOWSKA, 20-810, LUBLIN,22.50882,51.27206, 38.06666666666667, 984.6750000000001, 26.583333333333332,1.775,1.775, 2026-07-25 13:49:23
SZKOŁA PODSTAWOWA IM. WOJSKA POLSKIEGO W MROCZKOWIE, , 26-120, MROCZKÓW,20.707528384659238,51.14061780515584, 41.125, 978.3, 23.2,2.0,2.0, 2026-07-25 13:49:23
NIEPUBLICZNA SZKOŁA PODSTAWOWA W STARKOWIE, , 64-234, STARKOWO,16.30800394232962,51.97909174742304, 43.40909090909091, 1001.5363636363636, 26.91818181818182,3.8636363636363633,3.8636363636363633, 2026-07-25 13:49:23
PRYWATNE LICEUM OGÓLNOKSZTAŁCĄCE IM. KRÓLOWEJ JADWIGI W LUBLINIE, UL. ALEJA JANA, 20-054, LUBLIN,22.54162025,51.25074768, 35.154545454545456, 986.4818181818181, 27.30909090909091,1.872727272727272,1.872727272727272, 2026-07-25 13:49:23
POWIATOWY ZESPÓŁ WYCHOWANIA I KSZTAŁCENIA W PUŁAWACH, UL. CYPRIANA KAMILA NORWIDA, 24-100, PUŁAWY,21.976633813495297,51.41948575852678, 29.854545454545452, 993.0090909090909, 30.145454545454548,1.318181818181818,1.318181818181818, 2026-07-25 13:49:23
SZKOŁA PODSTAWOWA IM. JANA BRZECHWY, , 86-100, WIĄG,18.44739,53.40939, 35.154545454545456, 997.1909090909091, 28.463636363636365,4.163636363636363,4.163636363636363, 2026-07-25 13:49:23
SZKOŁA PODSTAWOWA IM. KRZYSZTOFA ŻEGOCKIEGO W ROSTARZEWIE, UL. RAKONIEWICKA, 62-068, ROSTARZEWO,16.20169,52.13305, 31.68, 997.25, 29.130000000000003,4.37,4.37, 2026-07-25 13:49:23
ZESPÓŁ SZKÓŁ GEODEZYJNO-DROGOWYCH I GOSPODARKI WODNEJ IM. GABRIELA NARUTOWICZA W KRAKOWIE, UL. JULIUSZA, 30-133, KRAKÓW-KROWODRZA,19.8908844,50.07355118, 38.13333333333333, 985.9, 25.866666666666664,1.983333333333333,1.983333333333333, 2026-07-25 13:49:23
SZKOŁA PODSTAWOWA IM. JANA PAWŁA II W KRĘPSKU, UL. SZKOLNA, 72-113, KRĘPSKO,14.74264,53.59626, 49.527272727272724, 1005.6, 24.40909090909091,3.1,2.818181818181818, 2026-07-25 13:49:23
SZKOŁA PODSTAWOWA NR 3 IM. JANA KOCHANOWSKIEGO W NOWYM SĄCZU, UL. SZKOLNA, 33-300, NOWY SĄCZ,20.69834,49.62792, 38.53333333333333, 977.6083333333332, 25.675,2.208333333333333,2.208333333333333, 2026-07-25 13:49:23
SZKOŁA PODSTAWOWA NR 1 IM. JANA PAWŁA II W SUCHEJ BESKIDZKIEJ, UL. PŁK.T.SEMIKA, 34-200, SUCHA BESKIDZKA,19.59363,49.73958, 37.6, 971.0083333333333, 24.0,1.95,1.95, 2026-07-25 13:49:23
SZKOŁA PODSTAWOWA NR 3 IM. WŁODZIMIERZA PUCHALSKIEGO W NIEPOŁOMICACH-POGRABIU, UL. KRAKOWSKA, 32-005, NIEPOŁOMICE,20.16672,50.04103, 36.949999999999996, 987.8666666666667, 25.558333333333334,1.933333333333333,1.933333333333333, 2026-07-25 13:49:23
SZKOŁA PODSTAWOWA NR 2 W PROSZOWICACH IM. 6 BRYGADY POWIETRZNODESANTOWEJ GEN. BRYG. S. SOSABOWSKIEGO, UL. KOPERNIKA, 32-100, PROSZOWICE,20.29955,50.18954, 38.25833333333333, 985.525, 24.316666666666666,2.175,2.175, 2026-07-25 13:49:23
SZKOŁA PODSTAWOWA IM. JANA DŁUGOSZA W PIEKARACH, , 32-060, PIEKARY,19.79719,50.02279, 50.15833333333333, 988.2333333333332, 23.683333333333334,2.375,2.375, 2026-07-25 13:49:23
SZKOŁA PODSTAWOWA NR 2 IM. CHWAŁY ORĘŻA POLSKIEGO W GIŻYCKU, UL. WARSZAWSKA, 11-500, GIŻYCKO,21.78075224019078,54.036565898932686, 47.375, 993.2333333333332, 24.133333333333336,3.183333333333333,3.183333333333333, 2026-07-25 13:49:23
SZKOŁA PODSTAWOWA W CZARTAJEWIE, UL. SZKOLNA, 17-300, CZARTAJEW,22.838462171164817,52.4614245463836, 42.99166666666667, 993.0416666666666, 27.375,2.008333333333333,2.008333333333333, 2026-07-25 13:49:23
SZKOŁA PODSTAWOWA IM. JANA PAWŁA II W FILIPOWIE, UL. MARII KONOPNICKIEJ, 16-424, FILIPÓW,22.62438,54.18093, 53.37777777777777, 987.9111111111112, 25.0,1.622222222222222,1.622222222222222, 2026-07-25 13:49:23
SZKOŁA PODSTAWOWA NR 1 IM. NOBLISTÓW POLSKICH W GOLENIOWIE, UL. JANA KILIŃSKIEGO, 72-100, GOLENIÓW,14.82457,53.5645, 48.76363636363636, 1005.9181818181819, 24.58181818181818,4.263636363636364,4.263636363636364, 2026-07-25 13:49:23
SZKOŁA PODSTAWOWA IM. MARKA KOTAŃSKIEGO W BIAŁUNIU, UL. SIELANKOWA, 72-100, BIAŁUŃ,14.85017,53.6106, 50.4625, 1003.5125, 24.625,4.1625,4.1625, 2026-07-25 13:49:23
SZKOŁA PODSTAWOWA NR 2 IM. HENRYKA SIENKIEWICZA W GOLENIOWIE, UL. SZARYCH SZEREGÓW, 72-100, GOLENIÓW,14.83652,53.56184, 47.730000000000004, 1005.07, 24.9,3.5,3.5, 2026-07-25 13:49:23
SZKOŁA PODSTAWOWA NR 1 IM. TADEUSZA KOŚCIUSZKI W KOLUSZKACH, UL. ZAGAJNIKOWA, 95-040, KOLUSZKI,19.81125,51.74864, 36.81666666666667, 985.0333333333333, 26.816666666666666,2.9666666666666672,2.9666666666666672, 2026-07-25 13:49:23
SZKOŁA PODSTAWOWA IM. JOANNY KULMOWEJ W KOMAROWIE, , 72-105, KOMAROWO,14.71047,53.50666, 38.125, 1005.85, 28.95,4.608333333333333,4.149999999999999, 2026-07-25 13:49:23
SZKOŁA PODSTAWOWA IM. JANA MATEJKI W KAMIONCE MAŁEJ, , 34-602, KAMIONKA MAŁA,20.50129919314627,49.78145692784199, 41.760000000000005, 970.14, 24.119999999999997,2.09,2.09, 2026-07-25 13:49:23
ZESPÓŁ SZKOLNO-PRZEDSZKOLNY NR 16 W GLIWICACH, UL. SIKORNIK, 44-100, GLIWICE,18.65907977116568,50.28711729490964, 40.67272727272727, 984.0, 24.645454545454548,2.9,2.9, 2026-07-25 13:49:23
SZKOŁA PODSTAWOWA NR 6 IM. KS. PIOTRA SKARGI W JAROSŁAWIU, UL. SPYTKA, 37-500, JAROSŁAW,22.68186,50.01953, 48.833333333333336, 989.0583333333334, 24.5,2.641666666666666,2.383333333333333, 2026-07-25 13:49:23
SZKOŁA PODSTAWOWA NR 7 IM. TADEUSZA KOŚCIUSZKI W NOWEJ RUDZIE, UL. SZKOLNA, 57-402, NOWA RUDA,16.54677,50.54564, 37.24166666666667, 963.3000000000001, 24.016666666666666,2.933333333333333,2.658333333333333, 2026-07-25 13:49:23
SZKOŁA PODSTAWOWA NR 182 IM. TADEUSZA ZAWADZKIEGO ZOŚKI, UL. ŁANOWA, 91-103, ŁÓDŹ,19.399413998388265,51.79321913916308, 40.14545454545455, 978.9636363636364, 26.50909090909091,3.409090909090909,3.409090909090909, 2026-07-25 13:49:23
SZKOŁA PODSTAWOWA NR 3 IM. JANUSZA KORCZAKA W ZIELONCE, WILSONA, 05-220, ZIELONKA KOŁO WARSZAWY,21.15703,52.2966, 45.94285714285714, 1001.1714285714286, 27.099999999999998,3.042857142857143,3.042857142857143, 2026-07-25 13:49:23
SZKOŁA PODSTAWOWA IM. WŁADYSŁAWA REYMONTA W CONIEWIE, , 05-530, CONIEW,21.22121213,51.92689969, 41.141666666666666, 995.8416666666667, 26.516666666666666,2.041666666666666,2.041666666666666, 2026-07-25 13:49:23
SZKOŁA PODSTAWOWA NR 189 W ŁODZI, KOSSAKA, 90-001, ŁÓDŹ,19.4980669406126,51.7385899126176, 35.6, 986.7636363636364, 27.545454545454547,3.154545454545454,3.154545454545454, 2026-07-25 13:49:23
SZKOŁA PODSTAWOWA NR 158 IM. JULIANA ALEKSANDROWICZA W KRAKOWIE, UL. STRĄKOWA, 30-410, KRAKÓW,19.92383,50.02672, 30.566666666666666, 986.7833333333333, 28.90833333333333,1.958333333333333,1.958333333333333, 2026-07-25 13:49:23
SZKOŁA PODSTAWOWA NR 97 IM. JOACHIMA LELEWELA W KRAKOWIE, UL. DOKTORA JUDYMA, 30-436, KRAKÓW,19.91856,50.00119, 45.06666666666666, 981.9333333333334, 23.21666666666667,2.6166666666666663,2.6166666666666663, 2026-07-25 13:49:23
CENTRUM EDUKACJI EKOLOGICZNEJ I REWITALIZACJI JEZIOR - ZESPÓŁ PLACÓWEK OŚWIATOWYCH, UL., 78-400, SZCZECINEK,16.69346239,53.70660645, 43.07272727272727, 990.5545454545455, 25.80909090909091,4.145454545454545,4.145454545454545, 2026-07-25 13:49:23
SZKOŁA PODSTAWOWA NR 9 IM. MARII GRZEGORZEWSKIEJ W SKIERNIEWICACH, UL. KAZIMIERZA PRZERWY-TETMAJERA, 96-100, SKIERNIEWICE,20.144,51.97581, 34.65555555555555, 995.0, 27.844444444444445,2.444444444444444,2.444444444444444, 2026-07-25 13:49:23
SZKOŁA PODSTAWOWA W NOWYM WOROWIE, UL. CHOPINA, 78-523, NOWE WOROWO,16.08781,53.64941, 47.290909090909096, 990.9090909090909, 26.981818181818184,4.045454545454546,4.045454545454546, 2026-07-25 13:49:23
ZESPÓŁ SZKÓŁ PUBLICZNYCH IM. LOTNIKÓW POLSKICH W MOSTACH, , 72-132, MOSTY,14.954875,53.5493204, 43.48333333333333, 1000.0333333333333, 26.625,3.533333333333333,3.533333333333333, 2026-07-25 13:49:23
SZKOŁA PODSTAWOWA IM. JÓZEFA IGNACEGO KRASZEWSKIEGO W OBJEZIERZU, , 64-600, OBJEZIERZE,16.76478958,52.60435486, 47.14111111111111, 1000.8062222222222, 24.882444444444445,13.355555555555556,7.177777777777778, 2026-07-25 13:49:23
SZKOŁA PODSTAWOWA IM. STANISŁAWA STASZICA W TUCHOWIE, UL. JANA PAWŁA II, 33-170, TUCHÓW,21.05656,49.89491, 42.28333333333333, 986.7583333333333, 23.833333333333332,2.35,1.941666666666666, 2026-07-25 13:49:23
SZKOŁA PODSTAWOWA IM. JANUSZA KUSOCIŃSKIEGO W HANULINIE, UL. POWSTAŃCÓW WLKP., 63-600, HANULIN,17.98436,51.30969, 52.333333333333336, 994.1333333333333, 24.933333333333334,5.966666666666666,3.566666666666666, 2026-07-25 13:49:23
ZESPÓŁ SZKOLNO-PRZEDSZKOLNY W CEREKWICY, UL. PRZYBRODZKA, 62-090, CEREKWICA,16.69171385,52.51859233, 64.95192307692308, 999.86, 25.883076923076924,11.076923076923077,10.23076923076923, 2026-07-25 13:49:23
SZKOŁA PODSTAWOWA IM.ARKADEGO FIEDLERA W CZAPURACH, UL. POZNAŃSKA, 61-160, CZAPURY,16.91235513,52.31487232, 39.654, 1003.0067999999999, 25.156,10.88,9.84, 2026-07-25 13:49:23
SZKOŁA PODSTAWOWA W DŁUGIEJ GOŚLINIE, , 62-095, DŁUGA GOŚLINA,17.032517,52.632699, 43.2864, 1002.3096, 24.6856,19.32,8.08, 2026-07-25 13:49:23
SZKOŁA PODSTAWOWA IM. WŁADYSŁAWA BRONIEWSKIEGO W ŁĘTKOWICACH, ŁĘTKOWICE, 32-107, ŁĘTKOWICE,20.16754723,50.25458145, 37.23076923076923, 982.5923076923077, 25.76153846153846,2.084615384615384,2.084615384615384, 2026-07-25 13:49:23
ZESPÓŁ SZKOLNO-PRZEDSZKOLNY W TOMICACH, DWORSKA, 34-100, TOMICE,19.48542,49.900554, 45.84166666666667, 980.0500000000001, 22.974999999999998,3.258333333333333,2.875, 2026-07-25 13:49:23
LXIII LICEUM OGÓLNOKSZTAŁCĄCE IM. LAJOSA KOSSUTHA, UL. LUDWIKA HIRSZFELDA, 02-776, WARSZAWA,21.0404631,52.14552246, 42.0, 997.2833333333333, 26.041666666666668,2.8249999999999997,2.8249999999999997, 2026-07-25 13:49:23
SPECJALNY OŚRODEK SZKOLNO-WYCHOWAWCZY NR 2 W GNIEŹNIE, UL. POWSTAŃCÓW WLKP., 62-200, GNIEZNO,17.58932469,52.54080607, 37.86666666666667, 993.375, 25.491666666666664,3.666666666666666,3.666666666666666, 2026-07-25 13:49:23
PRZEDSZKOLE WESOŁE SKRZATY W POBIEDZISKACH, UL. RÓŻANA, 62-010, POBIEDZISKA,17.28387435,52.47427001, 52.1, 996.694, 24.1536,7.64,7.64, 2026-07-25 13:49:23
WIEJSKI DOM KULTURY, UL. OTUSZ, 64-320, BUK ,16.57515262,52.35700116, 43.2864, 1002.3096, 24.6856,19.32,8.08, 2026-07-25 13:49:23
SZKOŁA PODSTAWOWA IM. JANA PAWŁA II W TUSZYNIE, , 58-207, TUSZYN,16.646380171164814,50.79845335760395, 37.19090909090909, 981.4272727272728, 28.781818181818185,3.336363636363636,3.3, 2026-07-25 13:49:23
ZESPÓŁ SZKÓŁ IM. O. MARIANA ŻELAZKA W CHLUDOWIE, SZKOLNA, 62-001, CHLUDOWO,16.8455268,52.55560524, 43.1972, 998.5692, 30.9872,8.2,7.84, 2026-07-25 13:49:23
SZKOŁA PODSTAWOWA W BRODZISZEWIE, UL. SZKOLNA, 64-500, BRODZISZEWO,16.520947,52.57001, 45.385600000000004, 998.8212, 25.887199999999996,19.88,15.88, 2026-07-25 13:49:23
URZĄD GMINY BRAŃSZCZYK, UL. JANA PAWŁA, 07-221, BRAŃSZCZYK,21.5859209,52.62845727, 38.78496732026144, 1000.6123529411765, 27.566013071895426,0.454248366013071,0.415686274509803, 2026-07-25 13:49:23
SALA WIEJSKA GOWARZEWO , SWARZĘDZKA, 63-004, GOWARZEWO ,17.12458988,52.36461574, 39.82692307692308, 999.7080769230769, 27.252692307692307,11.0,10.807692307692308, 2026-07-25 13:49:23
SZKOŁA PODSTAWOWA IM.BOHATERÓW WRZEŚNIA 1939R.W JORDANOWIE, KONOPNICKIEJ, 34-240, JORDANÓW,19.834938,49.653449, 40.663636363636364, 955.5727272727272, 23.672727272727272,2.836363636363636,2.5727272727272723, 2026-07-25 13:49:23
PRZEDSZKOLE NR 10 W PIASECZNIE, NADARZYŃSKA, 05-500, PIASECZNO,21.01768,52.07237, 40.99166666666667, 999.6416666666668, 26.525000000000002,2.783333333333333,2.516666666666666, 2026-07-25 13:49:23
SZKOŁA PODSTAWOWA IM. JANA PAWŁA II W WILCZKOWIE, UL. MIKOŁAJA KOPERNIKA, 55-020, WILCZKÓW,16.9893963,50.9665118, 35.96363636363637, 992.1272727272727, 26.972727272727273,2.6545454545454543,2.39090909090909, 2026-07-25 13:49:23
PRZEDSZKOLE SAMORZĄDOWE W GOLI, , 63-800, GOLA,16.94464024,51.87092046, 47.50909090909091, 995.6, 26.00909090909091,3.1,3.1, 2026-07-25 13:49:23
SPOŁECZNA SZKOŁA PODSTAWOWA W GZACH, , 06-126, GZY,20.92563587,52.74481541, 63.85454545454545, 998.1, 24.736363636363638,5.5,5.345454545454545, 2026-07-25 13:49:23
ZESPÓŁ SZKOLNO-PRZEDSZKOLNY W KSIĄŻU WIELKIM, UL. MIKOŁAJA REJA, 32-210, KSIĄŻ WIELKI,20.1452219,50.44270723, 36.416666666666664, 982.1, 23.608333333333334,9.633333333333333,7.666666666666667, 2026-07-25 13:49:23
