NAME,STREET,POST_CODE,CITY,LONGITUDE,LATITUDE,HUMIDITY_AVG,PRESSURE_AVG,TEMPERATURE_AVG,PM10_AVG,PM25_AVG,TIMESTAMP
SZKOŁA PODSTAWOWA IM. MARIANA FALSKIEGO W KRASZEWICACH, UL. SZKOLNA, 63-522, KRASZEWICE,18.22403,51.51563, 0.1, 1009.1, 0.0,4.833333333333333,2.8, 2026-07-24 07:56:32
SZKOŁA PODSTAWOWA WE WRZĄSOWICACH, UL. SZKOLNA, 32-040, WRZĄSOWICE,19.94282,49.96103, 80.90833333333333, 976.0333333333333, 14.458333333333334,6.766666666666668,6.041666666666667, 2026-07-24 07:56:32
ZESPÓŁ SZKÓŁ NR 1 W PSZCZYNIE, UL. KAZIMIERZA WIELKIEGO, 43-200, PSZCZYNA,18.9457058,49.965883, 99.90000000000002, 999.1666666666666, 12.566666666666668,21.266666666666666,11.36, 2026-07-24 07:56:32
ZESPÓŁ SZKÓŁ IM. POWSTAŃCÓW WIELKOPOLSKICH W JANKOWIE PRZYGODZKIM, SZKOLNA, 63-421, JANKÓW PRZYGODZKI,17.7889069,51.596172, 99.90000000000002, 992.4, 16.4,21.3,11.15, 2026-07-24 07:56:32
SZKOŁA PODSTAWOWA NR 7 IM. ŻOŁNIERZY WRZEŚNIA W ĆWIKLICACH, UL. MĘCZENNIKÓW OŚWIĘCIMSKICH, 43-229, ĆWIKLICE,18.989839,49.971937, 99.90000000000002, 985.4666666666667, 13.9,19.0,10.816666666666668, 2026-07-24 07:56:32
SZKOŁA PODSTAWOWA NR 12 W STUDZIONCE, UL. JORDANA, 43-245, STUDZIONKA,18.774985,49.9603559, 86.39999999999999, 991.9666666666667, 13.200000000000001,13.633333333333333,7.533333333333334, 2026-07-24 07:56:32
ZESPÓŁ SZKOLNO-PRZEDSZKOLNY W PIASKU, SZKOLNA, 43-211, PIASEK,18.94634,50.00955, 99.90000000000002, 994.2999999999998, 13.0,19.03333333333333,10.910000000000002, 2026-07-24 07:56:32
ZESPÓŁ SZKOLNO-PRZEDSZKOLNY W ŁĄCE, FITELBERGA, 43-241, ŁĄKA,18.906757,49.9582444, 99.90000000000002, 990.6999999999999, 12.066666666666668,17.733333333333334,9.84, 2026-07-24 07:56:32
SZKOŁA PODSTAWOWA NR 3 W LUBONIU, ARMII POZNAŃ, 62-030, LUBOŃ,16.8968,52.3481, 99.90000000000002, 1000.0333333333333, 12.633333333333333,3.666666666666666,2.186666666666667, 2026-07-24 07:56:32
ZESPÓŁ SZKÓŁ PONADGIMNAZJALNYCH CENTRUM KSZTAŁCENIA USTAWICZNEGO W PRZYGODZICACH, PTR, 63-421, PRZYGODZICE,17.822685,51.59023, 77.63333333333333, 1007.3666666666667, 16.099999999999998,1.133333333333333,0.7000000000000001, 2026-07-24 07:56:32
LICEUM OGÓLNOKSZTAŁCĄCE IM. WŁADYSŁAWA JAGIEŁŁY W ODOLANOWIE, KROTOSZYŃSKA, 63-430, ODOLANÓW,17.66024,51.58063, 93.66666666666667, 999.9333333333334, 13.466666666666667,6.433333333333334,3.429999999999999, 2026-07-24 07:56:32
ZESPÓŁ SZKÓŁ W PIOTROWIE, , 62-814, PIOTRÓW,18.05485,51.8157, 90.8, 999.9333333333334, 12.833333333333334,4.2,2.426666666666666, 2026-07-24 07:56:32
SZKOŁA PODSTAWOWA W CZARNYMLESIE, , 63-421, CZARNYLAS,17.762604,51.508366, 82.2, 994.4666666666667, 13.433333333333332,0.0,0.0, 2026-07-24 07:56:32
SZKOŁA PODSTAWOWA NR 2 IM. AUGUSTA HR. CIESZKOWSKIEGO W LUBONIU, ŻABIKOWSKA, 62-030, LUBOŃ,16.878431,52.346672, 99.90000000000002, 1008.0666666666666, 12.766666666666666,4.366666666666666,2.289999999999999, 2026-07-24 07:56:32
SZKOŁA PODSTAWOWA IM. POWSTAŃCÓW WIELKOPOLSKICH W DORUCHOWIE, KALISKA, 63-505, DORUCHÓW,18.0786,51.4189, 88.53333333333335, 1018.5, 13.200000000000001,0.1,0.056666666666666, 2026-07-24 07:56:32
SZKOŁA PODSTAWOWA IM. MIKOŁAJA KOPERNIKA W BUKOWCU, SZKOLNA, 95-006, BUKOWIEC,19.6757,51.6918, 99.90000000000002, 983.8666666666667, 13.200000000000001,1.5999999999999992,0.9033333333333332, 2026-07-24 07:56:32
SZKOŁA PODSTAWOWA IM. MARII KONOPNICKIEJ W KOTLINIE, MARII KONOPNICKIEJ, 63-220, KOTLIN,17.645437,51.91866, 99.90000000000002, 997.2333333333332, 13.5,0.0,0.0, 2026-07-24 07:56:32
SZKOŁA PODSTAWOWA NR 2 W OTMUCHOWIE, KALINOWA, 48-385, OTMUCHÓW,17.213,50.46535, 99.90000000000002, 995.9666666666667, 13.033333333333333,4.6,2.543333333333333, 2026-07-24 07:56:32
SZKOŁA PODSTAWOWA IM. BOHATERÓW POWSTAŃ ŚLĄSKICH W KAŁKOWIE, , 48-364, KAŁKÓW,17.185241,50.4042, 85.23333333333333, 990.8333333333334, 13.266666666666666,3.933333333333333,2.39, 2026-07-24 07:56:32
SZKOŁA PODSTAWOWA W MACIEJOWICACH, , 48-385, MACIEJOWICE,17.13497,50.4998, 97.10000000000001, 981.6666666666666, 14.0,0.5666666666666661,0.373333333333333, 2026-07-24 07:56:32
TEST SZKOŁA, ul Testowa, 00-000, TESTCITY,-157.52969778504766,1.8586845937815497, 99.90000000000002, 997.8666666666667, 14.4,7.166666666666667,3.723333333333333, 2026-07-24 07:56:32
ZESPÓŁ EDUKACYJNY W KONOTOPIE, PL. POWSTAŃCÓW WIELKOPOLSKICH, 67-416, KONOTOP,15.9031,51.93023, 95.56666666666666, 1009.0333333333334, 13.633333333333333,3.3,2.003333333333333, 2026-07-24 07:56:32
PRZEDSZKOLE NR 6 W BOCHNI, MUROWIANKA, 32-700, BOCHNIA,20.4415,49.96533, 82.5, 1001.5, 14.566666666666668,4.266666666666667,2.383333333333333, 2026-07-24 07:56:32
PUBLICZNA SZKOŁA PODSTAWOWA W SZYMISZOWIE, SZKOLNA, 47-161, SZYMISZÓW,18.21983,50.53656, 94.33333333333333, 992.4666666666667, 13.466666666666667,4.866666666666666,2.916666666666666, 2026-07-24 07:56:32
PUBLICZNA SZKOŁA PODSTAWOWA W ROZMIERCE, SZKOLNA, 47-171, ROZMIERKA,18.26905,50.56072, 4.133333333333334, 1020.7333333333332, 13.766666666666666,1.5,0.8166666666666661, 2026-07-24 07:56:32
SZKOŁA PODSTAWOWA IM. ORŁA BIAŁEGO W KUROWICACH FILIA W WOLI RAKOWEJ, SZKOLNA, 95-006, WOLA RAKOWA,19.61157,51.67447, 99.90000000000002, 989.7666666666668, 13.433333333333332,0.1,0.056666666666666, 2026-07-24 07:56:32
SZKOŁA PODSTAWOWA NR 8 IM. JÓZEFA WESZKI W RUDOŁTOWICACH, KRZYWOŃ, 43-220, RUDOŁTOWICE,19.00171,49.95711, 99.90000000000002, 995.5666666666666, 13.666666666666666,18.83333333333333,11.253333333333336, 2026-07-24 07:56:32
ZESPÓŁ SZKOLNO-PRZEDSZKOLNY W WIŚLE WIELKIEJ, HODOWCÓW, 43-243, WISŁA WIELKA,18.8532,49.95291, 99.90000000000002, 989.0, 12.699999999999998,11.9,6.573333333333333, 2026-07-24 07:56:32
SZKOŁA PODSTAWOWA IM. MARKA PRAWEGO W JEMIELNICY, SZKOLNA, 47-133, JEMIELNICA,18.380122,50.548993, 99.90000000000002, 995.1333333333333, 12.866666666666667,8.1,4.28, 2026-07-24 07:56:32
SZKOŁA PODSTAWOWA NR 2 IM. ŚW. JADWIGI ŚLĄSKIEJ W PSZCZYNIE, KATOWICKA, 43-200, PSZCZYNA,18.947994,49.992568, 98.0, 992.7666666666668, 12.800000000000002,12.1,7.553333333333334, 2026-07-24 07:56:32
ZESPÓŁ SZKÓŁ SPECJALNYCH W OSTROWCU ŚWIĘTOKRZYSKIM, IŁZECKA, 27-400, OSTROWIEC ŚWIĘTOKRZYSKI,21.386931,50.942931, 99.90000000000002, 1003.8666666666667, 13.633333333333333,8.066666666666666,4.983333333333333, 2026-07-24 07:56:32
ZESPÓŁ SZKOLNO-PRZEDSZKOLNY W JANKOWICACH, BAZIOWA, 43-215, JANKOWICE,18.989423,50.002529, 29.0, 936.9, 23.3,28.0,17.0, 2026-07-24 07:56:32
SZKOŁA PODSTAWOWA NR 4 IM. JÓZEFA PUKOWCA W PSZCZYNIE, ZYGMUNTA KRASIŃSKIEGO, 43-200, PSZCZYNA,18.961125,49.971182, 99.90000000000002, 987.7666666666668, 12.733333333333334,19.5,11.396666666666668, 2026-07-24 07:56:32
ZESPÓŁ SZKÓŁ W OTMUCHOWIE, KRAKOWSKA, 48-385, OTMUCHÓW,17.167634,50.4705, 75.56666666666666, 987.6666666666666, 14.233333333333334,1.333333333333333,0.8966666666666661, 2026-07-24 07:56:32
SZKOŁA PODSTAWOWA NR 60IM. IGNACEGO ŁUKASZEWICZA W CZECHOWICACH-DZIEDZICACH, UL. ŁUKASIEWICZA, 43-502, CZECHWICE-DZIEDZICE,19.016493,49.899404, 99.90000000000002, 978.6999999999999, 13.333333333333334,8.166666666666666,5.063333333333333, 2026-07-24 07:56:32
SZKOŁA PODSTAWOWA NR 4 IM. GUSTAWA MORCINKA W SŁUPSKU, UL. LESZCZYŃSKIEGO, 76-200, SŁUPSK,17.005017,54.475286, 74.76666666666667, 1008.5666666666666, 18.26666666666667,3.566666666666666,2.073333333333333, 2026-07-24 07:56:32
SZKOŁA PODSTAWOWA W KLESZCZOWIE, UL. SZKOLNA, 44-164, KLESZCZÓW,18.52751,50.344057, 61.9, 992.9, 21.2,0.0,0.0, 2026-07-24 07:56:32
SZKOŁA PODSTAWOWA NR 5 IM. GRYFITÓW W SŁUPSKU, UL. HUBALCZYKÓW, 76-200, SŁUPSK,17.062723,54.455744, 77.63333333333333, 1007.3666666666667, 16.099999999999998,1.133333333333333,0.7000000000000001, 2026-07-24 07:56:32
ZESPÓŁ SZKOLNO-PRZEDSZKOLNY W POTĘPIE, UL. TARNOGÓRSKA, 42-693, POTĘPA,18.662519,50.565309, 99.90000000000002, 1010.3333333333334, 12.633333333333333,6.733333333333333,4.136666666666667, 2026-07-24 07:56:32
SZKOŁA PODSTAWOWA NR 3 IM. JANA PAWŁA II W PSZCZYNIE, UL. STAROMIEJSKA, 43-200, PSZCZYNA,18.92452,49.98849, 81.05, 984.875, 14.25,24.933333333333334,23.041666666666668, 2026-07-24 07:56:32
SZKOŁA PODSTAWOWA IM. MIKOŁAJA REJA W GORZYCZKACH, UL. WIEJSKA, 44-350, GORZYCZKI,18.399689,49.944774, 99.90000000000002, 986.1, 12.733333333333334,0.033333333333333,0.02, 2026-07-24 07:56:32
SZKOŁA PODSTAWOWA NR 6 IM. LUDWIKA WARYŃSKIEGO W SŁUPSKU, UL. STARZYŃSKIEGO, 76-200, SŁUPSK,17.023811,54.46598, 99.90000000000002, 1012.4, 12.799999999999999,1.099999999999999,0.593333333333333, 2026-07-24 07:56:32
SZKOŁA PODSTAWOWA IM. JANA BRZECHWY W KOBIÓRZE, UL. TUWIMA, 43-210, KOBIÓR,18.930274,50.060752, 5.0, 989.0666666666666, 14.166666666666666,24.433333333333334,14.78, 2026-07-24 07:56:32
SZKOŁA PODSTAWOWA W PONISZOWICACH, UL. GLIWICKA, 44-172, PONISZOWICE,18.458674,50.40922, 99.90000000000002, 986.6, 14.433333333333332,1.4,0.7866666666666661, 2026-07-24 07:56:32
SZKOŁA PODSTAWOWA IM. ORŁA BIAŁEGO W SOKOŁOWICACH, SOKOŁOWICE, 56-400, SOKOŁOWICE,17.4469,51.245, 89.03333333333335, 998.0, 13.133333333333333,6.733333333333333,3.77, 2026-07-24 07:56:32
SZKOŁA PODSTAWOWA IM. UNICEF W LIGOCIE MAŁEJ, LIGOTA MAŁA, 56-400, LIGOTA MAŁA,17.365476,51.142467, 75.23333333333333, 969.2333333333332, 13.799999999999999,7.699999999999999,4.316666666666666, 2026-07-24 07:56:32
SZKOŁA PODSTAWOWA GMINY OLEŚNICA W OLEŚNICY, WILEŃSKA, 56-400, OLEŚNICA,17.41034,51.2095, 99.90000000000002, 1010.5666666666666, 12.933333333333332,2.933333333333333,1.543333333333333, 2026-07-24 07:56:32
SZKOŁA PODSTAWOWA NR 19 W BRZEŹCACH, POKOJU, 43-200, BRZEŹCE,18.832539,49.984943, 97.90000000000002, 987.6, 12.700000000000001,12.766666666666666,7.36, 2026-07-24 07:56:32
ZESPÓŁ SZKOLNO-PRZEDSZKOLNY W RADOSTOWIE ŚREDNIM, RADOSTÓW ŚREDNI, 59-800, RADOSTÓW ŚREDNI,15.36293,51.12153, 27.5, 983.0, 28.3,0.5,0.28, 2026-07-24 07:56:32
ZESPÓŁ SZKOLNO-PRZEDSZKOLNY W KOŚCIELNIKU, KOŚCIELNIK, 59-800, KOŚCIELNIK,15.29682,51.08393, 61.9, 995.9, 17.5,0.3,0.15, 2026-07-24 07:56:32
SZKOŁA PODSTAWOWA IM. POLSKICH ODKRYWCÓW I PODRÓŻNIKÓW W KOBIERZYCACH, PARKOWA, 55-040, KOBIERZYCE,16.933169,50.971851, 99.90000000000002, 993.0, 12.0,5.066666666666666,2.853333333333333, 2026-07-24 07:56:32
SZKOŁA PODSTAWOWA IM. UNICEF W BIELANACH WROCŁAWSKICH, AKACJOWA, 55-040, BIELANY WROCŁAWSKIE,16.971022,51.03812, 86.8, 1001.1, 13.200000000000001,4.033333333333334,2.286666666666666, 2026-07-24 07:56:32
SZKOŁA PODSTAWOWA IM. JANUSZA KORCZAKA W WYSOKIEJ, CHABROWA, 52-200, WYSOKA,17.007729,51.047504, 99.90000000000002, 996.3333333333334, 14.433333333333332,1.833333333333333,1.076666666666666, 2026-07-24 07:56:32
SZKOŁA PODSTAWOWA IM. TADEUSZA MAZOWIECKIEGO W TYŃCU MAŁYM, SZKOLNA, 55-040, TYNIEC MAŁY,16.909195,51.0216, 67.8, 1019.16, 2.5,39.96,21.93, 2026-07-24 07:56:32
SZKOŁA PODSTAWOWA IM. ROMUALDA TRAUGUTTA W PUSTKOWIE ŻURAWSKIM, KOLEJOWA, 55-040, PUSTKÓW ŻURAWSKI,16.859465,50.958878, 99.90000000000002, 995.4333333333334, 15.1,1.7666666666666662,1.076666666666666, 2026-07-24 07:56:32
SZKOŁA PODSTAWOWA NR 1 IM. MARII KONOPNICKIEJ W ZESPOLE SZKÓŁ OGÓLNOKSZTAŁCĄCYCH NR 1 IM. MARII KONOPNICKIEJ W PRUSZCZU GDAŃSKIM, NIEMCEWICZA, 83-000, PRUSZCZ GDAŃSKI,18.650575,54.261512, 73.13333333333333, 1021.0666666666666, 18.866666666666664,0.6000000000000001,0.386666666666666, 2026-07-24 07:56:32
SZKOŁA PODSTAWOWA NR 2 IM. MIKOŁAJA KOPERNIKA W PRUSZCZU GDAŃSKIM, TYSIĄCLECIA, 83-000, PRUSZCZ GDAŃSKI,18.628278,54.260787, 84.7, 1013.0, 15.533333333333333,0.0,0.0, 2026-07-24 07:56:32
SZKOŁA PODSTAWOWA NR 3 IM. JANA MATEJKI W PRUSZCZU GDAŃSKIM, MATEJKI, 83-000, PRUSZCZ GDAŃSKI,18.636981,54.255547, 84.89999999999999, 1015.6999999999999, 19.266666666666666,1.066666666666666,0.559999999999999, 2026-07-24 07:56:32
SZKOŁA PODSTAWOWA NR 4 IM. IGNACEGO JANA PADEREWSKIEGO W PRUSZCZU GDAŃSKIM, KASPROWICZA, 83-000, PRUSZCZ GDAŃSKI,18.670231,54.263405, 75.73333333333333, 1014.9666666666667, 17.46666666666667,0.0,0.0, 2026-07-24 07:56:32
SZKOŁA PODSTAWOWA NR 13 W WIŚLE MAŁEJ, SOKOLA, 43-243, WISŁA MAŁA,18.793987,49.93368, 99.90000000000002, 994.4666666666667, 12.333333333333334,0.133333333333333,0.08, 2026-07-24 07:56:32
ZESPÓŁ SZKOLNO-PRZEDSZKOLNY W STUDZIENICACH, ŚW. JANA PAWŁA II 74, 43-215, STUDZIENICE,18.983576,50.016514, 99.90000000000002, 997.7333333333332, 13.866666666666667,6.133333333333333,3.1, 2026-07-24 07:56:32
SZKOŁA PODSTAWOWA IM. JANUSZA KORCZAKA W SUSZCU, SZKOLNA, 43-267, SUSZEC,18.79149,50.03719, 99.90000000000002, 1002.4, 14.566666666666668,5.6,2.85, 2026-07-24 07:56:32
SZKOŁA PODSTAWOWA NR 11 W PORĘBIE, SZKOLNA, 43-200, PORĘBA,18.876488,49.984417, 99.90000000000002, 1002.2333333333332, 13.1,8.6,4.766666666666668, 2026-07-24 07:56:32
SZKOŁA PODSTAWOWA IM. MIKOŁAJA KOPERNIKA W WYSOCKU MAŁYM, KOŚCIELNA, 63-421, WYSOCKO MAŁE,17.84109,51.61033, 99.90000000000002, 993.8000000000001, 13.266666666666666,3.6,1.839999999999999, 2026-07-24 07:56:32
SZKOŁA PODSTAWOWA NR 3 IM. JULIANA TUWIMA W NOWEJ SOLI, BOTANICZNA, 67-100, NOWA SÓL,15.71186,51.82115, 99.90000000000002, 1010.2999999999998, 13.733333333333334,0.766666666666666,0.399999999999999, 2026-07-24 07:56:32
ZESPÓŁ SZKÓŁ W JANKOWIE PIERWSZYM, JANKÓW PIERWSZY, 62-814, JANKÓW PIERWSZY,17.987951,51.902107, 98.0, 996.2999999999998, 12.0,2.5,1.34, 2026-07-24 07:56:32
ZESPÓŁ SZKOLNO-PRZEDSZKOLNY W MESZNIE, MESZNO, 48-385, MESZNO,17.15378,50.43684, 99.90000000000002, 986.0, 13.533333333333333,2.3666666666666663,1.356666666666666, 2026-07-24 07:56:32
SZKOŁA PODSTAWOWA IM. 16. PUŁKU UŁANÓW WIELKOPOLSKICH W GRUPIE, SZKOLNA, 86-134, GRUPA,18.643229,53.506348, 81.10000000000001, 1010.2666666666668, 16.7,2.3666666666666663,1.3, 2026-07-24 07:56:32
SZKOŁA PODSTAWOWA IM. ORŁA BIAŁEGO W KUROWICACH, SZKOLNA, 95-006, KUROWICE,19.6897942,51.6648927, 76.56666666666666, 989.2666666666668, 15.833333333333334,1.366666666666666,0.86, 2026-07-24 07:56:32
SZKOŁA PODSTAWOWA IM. POWSTAŃCÓW WIELKOPOLSKICH W BUDZYNIU, ROGOZIŃSKA, 64-840, BUDZYŃ,16.983885,52.8847, 91.16666666666667, 999.9666666666667, 13.633333333333333,2.433333333333333,1.413333333333333, 2026-07-24 07:56:32
SZKOŁA PODSTAWOWA W SWORNEGACIACH, SZKOLNA, 89-608, SWORNEGACIE,17.503073,53.86227, 76.13333333333334, 1000.7666666666668, 17.133333333333336,0.066666666666666,0.036666666666666, 2026-07-24 07:56:32
SZKOŁA PODSTAWOWA IM. ORŁA BIAŁEGO W RASZÓWCE, 1 MAJA, 59-307, RASZÓWKA,16.18346,51.30514, 99.90000000000002, 1001.4, 13.666666666666666,1.7000000000000002,0.8633333333333331, 2026-07-24 07:56:32
SZKOŁA PODSTAWOWA IM. TADEUSZA KOŚCIUSZKI W MUNINIE, 3-GO MAJA, 37-514, MUNINA,22.725977,49.997936, 56.5, 996.2999999999998, 6.8,68.4,42.61, 2026-07-24 07:56:32
SZKOŁA PODSTAWOWA IM. ALEKSANDRA FREDRY W SUROCHOWIE, SUROCHÓW, 37-500, SUROCHÓW,22.7635,50.02385, 94.89999999999999, 986.1999999999999, 15.700000000000001,5.5,3.26, 2026-07-24 07:56:32
SZKOŁA PODSTAWOWA IM. LOTNIKÓW ALIANCKICH W IŁOWEJ, PIASKOWA, 68-120, IŁOWA,15.20461,51.50227, 49.5, 993.7000000000002, 16.7,56.0,31.12, 2026-07-24 07:56:32
ZESPÓŁ SZKOLNO-PRZEDSZKOLNY W BOŻEJOWICACH, BOŻEJOWICE, 59-700, BOŻEJOWICE,15.541525,51.244331, 99.83333333333333, 993.9666666666667, 14.9,3.133333333333333,1.7633333333333332, 2026-07-24 07:56:32
ZESPÓŁ SZKOLNO-PRZEDSZKOLNY W BRZEŹNIKU, BRZEŹNIK, 59-700, BRZEŹNIK,15.467881,51.243537, 99.90000000000002, 998.1666666666666, 13.666666666666666,2.4666666666666672,1.349999999999999, 2026-07-24 07:56:32
SZKOŁA PODSTAWOWA W DĄBROWIE BOLESŁAWIECKIEJ, DĄBROWA BOLESŁAWIECKA, 59-700, DĄBROWA BOLESŁAWIECKA,15.57337,51.325929, 99.90000000000002, 994.2666666666668, 13.866666666666667,11.366666666666667,7.146666666666667, 2026-07-24 07:56:32
ZESPÓŁ SZKOLNO-PRZEDSZKOLNY W OCICACH, OCICE, 59-730, OCICE,15.492642,51.201123, 99.86666666666667, 1000.9666666666667, 12.0,5.233333333333333,2.713333333333333, 2026-07-24 07:56:32
ZESPÓŁ SZKOLNO-PRZEDSZKOLNY W TRZEBIENIU, LEŚNA, 59-700, TRZEBIEŃ,15.599295,51.390285, 97.53333333333335, 984.5666666666666, 13.366666666666667,6.633333333333333,3.816666666666666, 2026-07-24 07:56:32
ZESPÓŁ SZKOLNO-PRZEDSZKOLNY W ŻELISZOWIE, ŻELISZÓW, 59-700, ŻELISZÓW,15.636493,51.188462, 99.90000000000002, 996.3333333333334, 12.299999999999999,4.833333333333333,2.78, 2026-07-24 07:56:32
SZKOŁA PODSTAWOWA IM. MARII SKŁODOWSKIEJ-CURIE W KAWĘCZYNIE, KAWĘCZYN, 62-704, KAWĘCZYN,18.53126,51.90873, 91.88, 1014.65, 8.93,28.28,16.42, 2026-07-24 07:56:32
PUBLICZNA SZKOŁA PODSTAWOWA IM. MARII KONOPNICKIEJ W JORDANOWIE ŚLĄSKIM, WROCŁAWSKA, 55-065, JORDANÓW ŚLĄSKI,16.8656,50.8654, 99.90000000000002, 998.5, 13.666666666666666,8.066666666666668,4.42, 2026-07-24 07:56:32
SZKOŁA PODSTAWOWA IM. JANA PAWŁA II W RUDNEJ, PIASKOWA, 59-305, RUDNA,16.26114,51.51127, 99.90000000000002, 1002.3666666666667, 14.0,8.133333333333333,4.19, 2026-07-24 07:56:32
SZKOŁA PODSTAWOWA IM. BOHATERÓW WESTERPLATTE W CHOBIENI, SZKOLNA, 59-305, CHOBIENIA,16.44566,51.54124, 94.73333333333333, 1004.1666666666666, 12.733333333333334,7.966666666666666,4.763333333333333, 2026-07-24 07:56:32
SZKOŁA PODSTAWOWA NR 3 IM. WŁADYSŁAWA BRONIEWSKIEGO W ŚWIEBODZICACH, ŚWIDNICKA, 58-160, ŚWIEBODZICE,16.322191,50.859905, 99.90000000000002, 985.8333333333334, 13.166666666666666,1.633333333333333,0.919999999999999, 2026-07-24 07:56:32
PUBLICZNA SZKOŁA PODSTAWOWA NR 5 IM. WŁADYSŁAWA BRONIEWSKIEGO W NOWEJ SOLI, WALKI MŁODYCH, 67-100, NOWA SÓL,15.72476,51.78292, 99.90000000000002, 1008.5, 13.533333333333333,4.366666666666667,2.663333333333333, 2026-07-24 07:56:32
ZESPÓŁ EDUKACYJNY W KOLSKU, PIASTOWSKA, 67-415, KOLSKO,15.961961,51.960693, 88.33999999999999, 1020.57, 9.94,37.83,22.350000000000005, 2026-07-24 07:56:32
SZKOŁA PODSTAWOWA NR 3 IM. MARII KONOPNICKIEJ W KOLE, TORUŃSKA, 62-600, KOŁO,18.63092,52.201656, 99.90000000000002, 1006.2333333333332, 12.533333333333333,6.366666666666667,3.263333333333333, 2026-07-24 07:56:32
SZKOŁA PODSTAWOWA IM. JANA PAWŁA II W MIKORZYNIE, MIKORZYN, 63-600, MIKORZYN,18.026148,51.36473, 99.90000000000002, 990.1333333333333, 13.266666666666666,0.5,0.27, 2026-07-24 07:56:32
SZKOŁA PODSTAWOWA NR 1 IM. BOHATERÓW WESTERPLATTE W KĘPNIE, HENRYKA SIENKIEWICZA, 63-600, KĘPNO,17.987194,51.27619, 79.83333333333333, 1002.7000000000002, 19.266666666666666,1.166666666666666,0.669999999999999, 2026-07-24 07:56:32
SZKOŁA PODSTAWOWA IM. JANA PAWŁA II W LIPNICY WIELKIEJ, LIPNICA WIELKA, 33-323, LIPNICA WIELKA,20.86532,49.70755, 94.0, 985.0, 16.9,28.3,15.62, 2026-07-24 07:56:32
SZKOŁA PODSTAWOWA IM. PREZYDENTA GABRIELA NARUTOWICZA W CZĄSTKOWIE MAZOWIECKIM, CZĄSTKÓW MAZOWIECKI, 05-152, CZĄSTKÓW MAZOWIECKI,20.746943,52.39131, 87.63333333333333, 1002.8666666666667, 16.866666666666667,5.833333333333333,3.166666666666666, 2026-07-24 07:56:32
SZKOŁA PODSTAWOWA IM. PIERREA DE COUBERTINA W BUDACH SIENNICKICH, BUDY SIENNICKIE, 05-190, BUDY SIENNICKIE,20.787657,52.544962, 99.90000000000002, 995.3000000000001, 13.466666666666667,10.733333333333334,5.596666666666667, 2026-07-24 07:56:32
SZKOŁA PODSTAWOWA IM. JANA BRZECHWY W SZKLARACH GÓRNYCH, SZKLARY GÓRNE, 59-335, SZKLARY GÓRNE,16.08945,51.44225, 99.90000000000002, 1004.8666666666667, 11.966666666666667,3.1,1.65, 2026-07-24 07:56:32
SAMORZĄDOWA SZKOŁA PODSTAWOWA W GÓRNYCH GRĄDACH, GÓRNE GRĄDY, 62-310, GÓRNE GRĄDY,17.74012,52.11447, 99.90000000000002, 1010.2800000000001, 20.5,2.799999999999999,1.5599999999999992, 2026-07-24 07:56:32
SZKOŁA PODSTAWOWA IM. KRZYSZTOFA KAMILA BACZYŃSKIEGO W CIĄŻENIU, WOLNOŚCI, 62-404, CIĄŻEŃ,17.816093,52.21152, 99.90000000000002, 1000.2000000000002, 23.8,8.3,4.28, 2026-07-24 07:56:32
SZKOŁA PODSTAWOWA NR 1 IM. STRAJKU DZIECI KOŹMIŃSKICH 1906/1907 W KOŹMINIE WIELKOPOLSKIM, GLINKI, 63-720, KOŹMIN WIELKOPOLSKI,17.45651,51.82566, 88.5, 1007.1, 13.300000000000002,19.5,11.76, 2026-07-24 07:56:32
SZKOŁA PODSTAWOWA SPORTOWA NR 6 W EŁKU, SUWALSKA, 19-300, EŁK,22.365547,53.82862, 98.76666666666667, 996.5, 14.366666666666667,3.433333333333333,2.123333333333333, 2026-07-24 07:56:32
SZKOŁA PODSTAWOWA NR 6 IM. JANA PAWŁA II W STAROGARDZIE GDAŃSKIM, BP. DOMINIKA, 83-250, STAROGARD GDAŃSKI,18.491356,53.98333, 76.33333333333333, 1003.6333333333333, 18.400000000000002,0.466666666666666,0.226666666666666, 2026-07-24 07:56:32
PUBLICZNA SZKOLA PODSTAWOWA IM. BOHATEROW OŚWIĘCIMSKICH W RUDZICZCE, WOSZCZYCKA, 43-267, RUDZICZKA (SUSZEC),18.7549,50.03935, 99.90000000000002, 1004.6, 15.533333333333333,5.466666666666666,3.05, 2026-07-24 07:56:32
ZESPÓŁ SZKÓŁ TECHNICZNYCH W KOLE, KOLEJOWA, 62-600, KOŁO,18.62956,52.2088, 75.7, 999.5666666666666, 16.333333333333332,0.6666666666666661,0.376666666666666, 2026-07-24 07:56:32
PUBLICZNA SZKOŁA PODSTAWOWA NR 2 IM. KAZIMIERZA PUŁASKIEGO W WARCE, POLNA, 05-660, WARKA,21.188357,51.78638, 85.96666666666665, 995.6, 14.733333333333334,7.633333333333333,4.543333333333333, 2026-07-24 07:56:32
SZKOŁA PODSTAWOWA NR 2 IM. STEFANA STARZYŃSKIEGO W NASIELSKU, KOŚCIUSZKI, 05-190, NASIELSK,20.801001,52.589717, 99.90000000000002, 993.8666666666667, 13.666666666666666,11.933333333333332,6.926666666666667, 2026-07-24 07:56:32
ZESPÓŁ SZKOLNO-PRZEDSZKOLNY W KAZUNIU NOWYM, GŁÓWNA, 05-152, KAZUŃ NOWY,20.68265,52.419853, 76.86666666666666, 1010.6, 16.900000000000002,2.9666666666666672,1.6833333333333331, 2026-07-24 07:56:32
SZKOŁA PODSTAWOWA IM. MIKOŁAJA KOPERNIKA W CIEKSYNIE, MARSZ. JÓZEFA PIŁSUDSKIEGO, 05-192, CIEKSYN,20.666605,52.572132, 99.90000000000002, 999.1333333333332, 13.566666666666668,5.133333333333334,2.843333333333333, 2026-07-24 07:56:32
SZKOŁA PODSTAWOWA NR 5 IM MIKOŁAJA KOPERNIKA W CZECHOWICACH-DZIEDZICACH, KLASZTORNA, 43-502, CZECHOWICE-DZIEDZICE,19.003326,49.908154, 97.8, 999.4666666666667, 14.799999999999999,13.233333333333334,7.173333333333333, 2026-07-24 07:56:32
SZKOŁA PODSTAWOWA IM. KS. JÓZEFA LONDZINA W ZABRZEGU, KAROLA PYTLA, 43-516, ZABRZEG,18.9401,49.91564, 99.90000000000002, 1022.0333333333333, 12.299999999999999,7.666666666666667,4.056666666666667, 2026-07-24 07:56:32
GMINNE PRZEDSZKOLE W NOWEJ WSI, UL. GŁÓWNA, 05-806, NOWA WIEŚ,20.793608032839607,52.14079879793492, 97.26666666666667, 1006.4, 15.799999999999999,1.466666666666666,0.746666666666666, 2026-07-24 07:56:32
SZKOŁA PODSTAWOWA IM. JANA PAWŁA II W MICHAŁOWICACH, UL. SZKOLNA, 05-816, MICHAŁOWICE,20.8894743996203,52.16806240949327, 76.60000000000001, 1005.1666666666666, 17.433333333333334,8.799999999999999,5.033333333333333, 2026-07-24 07:56:32
SZKOŁA PODSTAWOWA IM. MARII DĄBROWSKIEJ W KOMOROWIE, UL. M. DĄBROWSKIEJ, 05-806, KOMORÓW,20.814969926602924,52.14696671968943, 99.73333333333333, 1005.0333333333333, 16.8,0.5666666666666661,0.336666666666666, 2026-07-24 07:56:32
SZKOŁA PODSTAWOWA IM. MIKOŁAJA KOPERNIKA W NOWEJ WSI, UL. GŁÓWNA, 05-806, NOWA WIEŚ,20.80065871311049,52.134787344746286, 97.26666666666667, 1006.4, 15.799999999999999,1.466666666666666,0.746666666666666, 2026-07-24 07:56:32
GMINNE PRZEDSZKOLE W MICHAŁOWICACH, UL. SZKOLNA, 05-816, MICHAŁOWICE,20.8908240883606,52.16924425690457, 76.60000000000001, 1005.1666666666666, 17.433333333333334,8.799999999999999,5.033333333333333, 2026-07-24 07:56:32
ZESPÓŁ SZKOLNO-PRZEDSZKOLNY W SMOŁDZINIE, BOHATERÓW WARSZAWY, 76-214, SMOŁDZINO,17.217509899999996,54.66198055959346, 14.466666666666667, 1014.7666666666668, 14.799999999999999,0.766666666666666,0.426666666666666, 2026-07-24 07:56:32
ZESPÓŁ SZKOLNO- PRZEDSZKOLNY W0DOBRZYKOWICACH, UL. SUKCESU, 55-002, DOBRZYKOWICE,17.185415,51.092059, 99.90000000000002, 992.8333333333334, 14.566666666666668,4.8,2.5, 2026-07-24 07:56:32
SZKOŁA PODSTAWOWA IM. PIASTÓW ŚLĄSKICH W CHRZĄSTAWIE WIELKIEJ, UL. WROCŁAWSKA, 55-003, CZERNICA,17.292154,51.092542, 71.2, 991.0, 31.0,13.8,8.700000000000001, 2026-07-24 07:56:32
ZESPÓŁ SZKOLNO-PRZEDSZKOLNY IM. PAPIEŻA JANA PAWŁA II W CZERNICY, UL. ŚW. BRATA ALBERTA ADAMA CHMIELOWSKIEGO0, 55-003, CZERNICA,17.248533,51.0473805, 85.43333333333334, 1009.1666666666666, 12.433333333333332,66.89999999999999,39.25333333333333, 2026-07-24 07:56:32
SZKOŁA PODSTAWOWA IM. JANUSZA KORCZAKA W RATOWICACH, UL. WROCŁAWSKA, 55-003, CZERNICA,17.26685,51.033897, 99.90000000000002, 989.5333333333333, 13.333333333333334,4.6,2.5733333333333333, 2026-07-24 07:56:32
SZKOŁA PODSTAWOWA IM. BOLESŁAW KRZYWOUSTEGO W KAMIEŃCU WROCŁAWSKIM, UL. KOLEJOWA, 55-002, KAMIENIEC WROCŁAWSKI,17.173628,51.077638, 99.90000000000002, 990.0666666666666, 14.266666666666666,12.066666666666668,6.956666666666667, 2026-07-24 07:56:32
SZKOŁA PODSTAWOWA NR 4 IM. JANA MEJSTERA W SŁOMCZYNIE, WILANOWSKA, 05-520, KONSTANCIN-JEZIORNA,21.15329336951058,52.060898677662806, 96.83333333333333, 993.3333333333334, 15.166666666666666,7.433333333333334,3.593333333333333, 2026-07-24 07:56:32
PUBLICZNA SZKOŁA PODSTAWOWA W TOMASZOWIE, LEŚNA, 68-114, TOMASZÓW,15.404658513741197,51.622513710796575, 83.43333333333334, 995.5333333333333, 14.700000000000001,9.1,5.663333333333334, 2026-07-24 07:56:32
SZKOŁA PODSTAWOWA NR 29 W LUBLINIE, WAJDELOTY, 20-604, LUBLIN,22.5237824136724,51.2433286093504, 39.0, 998.0, 24.2,3.0,2.0, 2026-07-24 07:56:32
SZKOŁA PODSTAWOWA W SZKODNEJ, , 39-126, SZKODNA,21.6475593266686,49.9841839576423, 79.02222222222223, 974.5777777777779, 15.600000000000001,3.3,3.3, 2026-07-24 07:56:32
SZKOŁA PODSTAWOWA IM. MARII KONOPNICKIEJ W MŁODOWIE, UL. SZKOLNA, 37-600, MŁODÓW,23.1625474248211,50.1612772043517, 61.85, 985.0, 17.916666666666668,5.583333333333333,5.0, 2026-07-24 07:56:32
SZKOŁA PODSTAWOWA W SIEDLISKACH, SIEDLISKA, 37-731, PRZEMYŚL,22.8836889838114,49.7739137681101, 72.91111111111111, 984.0, 16.233333333333334,3.0,2.777777777777777, 2026-07-24 07:56:32
SZKOŁA PODSTAWOWA NR 3 IM. JANA PAWŁA II W ROPCZYCACH, 3 MAJA, 39-100, ROPCZYCE,21.5832672438671,50.0389694490123, 83.93333333333334, 987.0, 13.966666666666667,6.833333333333333,5.75, 2026-07-24 07:56:32
SZKOŁA PODSTAWOWA NR 2 IM. BŁ. JANA PAWŁA II W LIBIĄŻU, PLAC ZWYCIĘSTWA, 32-590, LIBIĄŻ,19.3064540609702,50.0995764389139, 89.41666666666667, 982.0, 12.683333333333332,7.0,5.5, 2026-07-24 07:56:32
SZKOŁA PODSTAWOWA NR 2  IM. KAZIMIERZA BRODZIŃSKIEGO W BOCHNI, ORACKA, 32-700, BOCHNIA,20.4250867479996,49.9702658831946, 76.875, 987.0, 15.333333333333334,5.5,5.083333333333333, 2026-07-24 07:56:32
SZKOŁA PODSTAWOWA IM. KAZIMIERZA GÓRSKIEGO W ŁOZINIE, MILICKA, 55-095, ŁOZINA,17.180298682797538,51.23388117656271, 83.8, 997.9666666666667, 14.933333333333332,19.83333333333333,11.18, 2026-07-24 07:56:32
PRZEDSZKOLE W KIEŁCZOWIE, WROCŁAWSKA, 55-093, KIEŁCZÓW,17.19065006929958,51.1371047031024, 57.79999999999999, 999.9, 27.3,5.599999999999999,3.6, 2026-07-24 07:56:32
PRZEDSZKOLE W BLIZNEM JASIŃSKIEGO, UL. TADEUSZA KOŚCIUSZKI, 05-082, BLIZNE JASIŃSKIEGO,20.881159640505192,52.2438730196329, 77.06666666666668, 1005.9666666666667, 16.8,3.166666666666666,1.873333333333333, 2026-07-24 07:56:32
ZESPÓŁ SZKÓŁ W PRUDNIKU, UL. DĄBROWSKIEGO, 48-200, PRUDNIK,17.571637628835184,50.32109542835716, 99.90000000000002, 987.9, 15.6,1.133333333333333,0.543333333333333, 2026-07-24 07:56:32
PRZEDSZKOLE MIŚ USZATEK W OSTROROGU, UL. WRONIECKA, 64-560, OSTRORÓG,16.446531842328756,52.62862454862175, 99.90000000000002, 1003.6999999999999, 13.0,5.6,3.163333333333333, 2026-07-24 07:56:32
SZKOŁA PODSTAWOWA NR 2 IM. GUSTAWA MORCINKA W TOSZKU, UL. WILKOWICKA, 44-180, TOSZEK,18.527405971163624,50.45410812894893, 99.90000000000002, 989.0333333333333, 12.666666666666666,12.633333333333333,7.0, 2026-07-24 07:56:32
SZKOŁA PODSTAWOWA IM. KAWALERÓW ORDERU UŚMIECHU W CZERSKU, UL. WARSZAWSKA, 05-530, CZERSK,21.22709127438472,51.96063591615556, 80.74166666666666, 996.4166666666666, 15.525,2.775,2.775, 2026-07-24 07:56:32
PUBLICZNA SZKOŁA PODSTAWOWA IM. JANA PAWŁA II W ROSZOWICKIM LESIE, UL. SZKOLNA, 47-253, ROSZOWICKI LAS,18.21990066,50.26168468, 83.7, 992.9166666666666, 14.408333333333333,2.925,2.508333333333333, 2026-07-24 07:56:32
SZKOŁA PODSTAWOWA IM. KS. JANA TWARDOWSKIEGO W RACIMIERZU, UL. NIEPODLEGŁOŚCI, 72-111, RACIMIERZ,14.65747308,53.7423708, 79.36666666666666, 1012.3833333333333, 16.25,4.266666666666667,3.5, 2026-07-24 07:56:32
I KATOLICKIE SPOŁECZNE LICEUM OGÓLNOKSZTAŁCACE IM.ŚW.BRATA ALBERTA CHMIELOWSKIEGO W PUŁAWACH, UL. STANISŁAWA EUSTACHIEWICZA, 24-100, PUŁAWY,21.95614207,51.41935824, 90.25833333333333, 993.25, 15.583333333333334,4.75,4.75, 2026-07-24 07:56:32
TECHNIKUM NR 4 W ZESPOLE SZKÓŁ TECHNICZNYCH IM.M. SKŁODOWSKIEJ-CURIE W PUŁAWACH, UL. WOJSKA POLSKIEGO, 24-100, PUŁAWY,21.97667461,51.41823622, 91.76666666666667, 992.8083333333334, 15.508333333333333,7.85,6.308333333333334, 2026-07-24 07:56:32
SZKOŁA PODSTAWOWA NR 2 IM. KRZYSZTOFA KAMILA BACZYŃSKIEGO W PUŁAWACH, AL. MAŁA, 24-100, PUŁAWY,21.96276919,51.41579363, 86.53333333333332, 992.65, 16.233333333333334,6.7,5.433333333333334, 2026-07-24 07:56:32
SZKOŁA PODSTAWOWA NR 4 IM. PAPIEŻA JANA PAWŁA II W ŁĘCZNEJ, UL. JAŚMINOWA, 21-010, ŁĘCZNA,22.88259013,51.29206273, 93.74166666666667, 989.0666666666666, 14.841666666666667,15.791666666666666,14.2, 2026-07-24 07:56:32
SZKOŁA PODSTAWOWA IM.JOACHIMA LELEWELA W JAKUBOWICACH KONIŃSKICH, UL. SZKOLNA, 21-003, JAKUBOWICE KONIŃSKIE,22.52628594,51.31010447, 90.81666666666666, 986.875, 14.208333333333334,10.433333333333334,9.666666666666666, 2026-07-24 07:56:32
SZKOŁA PODSTAWOWA W KŁODNICY DOLNEJ, , 24-224, KŁODNICA DOLNA,22.28477957,51.06632652, 94.64166666666667, 985.4833333333332, 14.241666666666667,14.725,13.641666666666666, 2026-07-24 07:56:32
SZKOŁA PODSTAWOWA NR 6 IM. IRENY SENDLEROWEJ W CHEŁMIE, UL. POWSTAŃCÓW WARSZAWY, 22-100, CHEŁM,23.479142939944666,51.126339150220325, 83.05833333333334, 984.8416666666667, 15.183333333333332,5.658333333333334,4.658333333333333, 2026-07-24 07:56:32
SZKOŁA PODSTAWOWA NR 4 IM. KORNELA MAKUSZYŃSKIEGO W BIAŁEJ PODLASKIEJ, UL. STANISŁAWA MONIUSZKI, 21-500, BIAŁA PODLASKA,23.1240646,52.03658476, 81.55, 991.6333333333333, 15.133333333333333,6.533333333333334,5.366666666666667, 2026-07-24 07:56:32
SZKOŁA PODSTAWOWA IM.KSIĘDZA JANA TWARDOWSKIEGO W CZACHÓWKU, UL. GŁÓWNA, 05-530, CZACHÓWEK,21.0884246,51.96101922, 84.94166666666668, 997.9666666666667, 15.441666666666668,3.541666666666666,3.016666666666667, 2026-07-24 07:56:32
LICEUM OGÓLNOKSZTAŁCĄCE W LIPSKU, UL. ZWOLEŃSKA, 27-300, LIPSKO,21.65162688,51.16209825, 92.2, 990.25, 14.966666666666667,5.208333333333333,4.25, 2026-07-24 07:56:32
TECHNIKUM NR 2 W GARWOLINIE, UL. ŻOŁNIERZY II ARMII WOJSKA POLSKIEGO, 08-400, GARWOLIN,21.5953052,51.89704263, 89.91666666666667, 994.85, 15.725,6.091666666666666,4.983333333333333, 2026-07-24 07:56:32
PUBLICZNA SZKOŁA PODSTAWOWA IM. O. STANISŁAWA PAPCZYŃSKIEGO W MARIAŃSKIM PORZECZU, , 08-470, MARIAŃSKIE PORZECZE,21.33261521,51.88402213, 83.80833333333332, 998.0916666666667, 15.316666666666668,3.675,3.191666666666666, 2026-07-24 07:56:32
SZKOŁA MUZYCZNA I ST. W GARWOLINIE, UL. JANA PAWŁA II, 08-400, GARWOLIN,21.61280145,51.89874672, 85.10833333333333, 994.0583333333334, 16.2,5.808333333333334,4.741666666666666, 2026-07-24 07:56:32
SZKOŁA PODSTAWOWA NR 2 W KONSTANCINIE-JEZIORNEJ, UL. STEFANA ŻEROMSKIEGO, 05-510, KONSTANCIN-JEZIORNA,21.12317779,52.07946519, 82.30833333333334, 998.4916666666667, 15.625,2.908333333333333,2.5749999999999997, 2026-07-24 07:56:32
TECHNIKUM NR 2 IM. EMILII PLATER W PIASECZNIE, UL. ALEJA BRZÓZ, 05-501, PIASECZNO,21.02070292,52.0540252, 87.875, 999.0166666666668, 15.441666666666668,3.883333333333333,3.425, 2026-07-24 07:56:32
PUBLICZNA SZKOŁA PODSTAWOWA IM.KORNELA MAKUSZYŃSKIEGO W UGNIEWIE, UL. SZKOLNA, 07-300, UGNIEWO,21.91017286,52.8032487, 83.2, 995.45, 15.649999999999999,6.65,6.65, 2026-07-24 07:56:32
SZKOŁA PODSTAWOWA NR 2 IM. FRYDERYKA CHOPINA W MALKINI GÓRNEJ, UL. LEŚNA, 07-320, MAŁKINIA GÓRNA,22.05928062,52.6945031, 83.13333333333334, 997.5166666666668, 16.008333333333336,4.116666666666666,4.116666666666666, 2026-07-24 07:56:32
SZKOŁA PODSTAWOWA IM. BŁOGOSŁAWIONEGO OJCA STANISŁAWA PAPCZYŃSKIEGO W KĄTACH, UL. PUŁAWSKA, 05-532, KĄTY,21.17263735,52.00208981, 81.99166666666666, 996.5083333333333, 15.333333333333334,3.633333333333333,3.25, 2026-07-24 07:56:32
TECHNIKUM GASTRONOMICZNE W GDYNI, UL. MORSKA, 81-222, GDYNIA,18.51581066,54.52508818, 76.75833333333334, 1009.7583333333333, 17.458333333333332,1.7249999999999992,1.533333333333333, 2026-07-24 07:56:32
SZKOŁA PODSTAWOWA W ZŁOTOKŁOSIE, UL. TRAUGUTTA, 05-504, ZŁOTOKŁOS,20.90784407,52.00962311, 85.75833333333333, 997.375, 14.875,3.808333333333333,3.266666666666666, 2026-07-24 07:56:32
SZKOŁA PODSTAWOWA IM. FELIKSA KAPACKIEGO W CENDROWICACH, UL. SZKOLNA, 05-530, CENDROWICE,21.13239127,51.96755856, 74.75, 994.5583333333334, 17.058333333333334,3.916666666666666,3.425, 2026-07-24 07:56:32
SZKOŁA PODSTAWOWA W BIAŁUSNYM LASKU, , 07-430, BIAŁUSNY LASEK,21.30430342,53.35698702, 78.71666666666667, 995.0833333333334, 17.091666666666665,5.058333333333334,4.399999999999999, 2026-07-24 07:56:32
SZKOŁA PODSTAWOWA IM. KS. JANA TWARDOWSKIEGO W GLINIE, , 07-320, GLINA,21.95984362,52.6962338, 87.88333333333333, 995.6, 15.333333333333334,5.958333333333333,5.958333333333333, 2026-07-24 07:56:32
PUBLICZNE TECHNIKUM LEŚNE ZESPOŁU SZKÓŁ W TUŁOWICACH, UL. ZAMKOWA, 49-130, TUŁOWICE,17.65698382,50.59142765, 78.05, 995.5166666666668, 14.408333333333333,2.7416666666666663,2.358333333333333, 2026-07-24 07:56:32
SZKOŁA PODSTAWOWA NR 1 IM.KAROLA MIARKI W RYDUŁTOWACH, UL. ŚW. MAKSYMILIANA KOLBE, 44-280, RYDUŁTOWY,18.41959735,50.05843382, 83.91666666666667, 982.7916666666666, 12.941666666666668,1.216666666666666,1.108333333333333, 2026-07-24 07:56:32
TECHNIKUM W PSZOWIE, UL. ROMUALDA TRAUGUTTA, 44-370, PSZÓW,18.40378202,50.0419266, 85.38333333333333, 977.4083333333333, 12.941666666666668,3.425,3.074999999999999, 2026-07-24 07:56:32
SZKOŁA PODSTAWOWA ZESPOŁU SZKÓŁ IM. BOLESŁAWA CHROBREGO W NIEMODLINIE, UL. OPOLSKA , 49-100, NIEMODLIN,17.63285173,50.64185007, 77.70833333333333, 996.3666666666667, 14.174999999999999,2.375,2.125, 2026-07-24 07:56:32
TECHNIKUM W RYDUŁTOWACH, UL. OBYWATELSKA, 44-280, RYDUŁTOWY,18.42658537,50.07171957, 87.33333333333333, 978.8916666666665, 13.633333333333333,3.133333333333333,2.775, 2026-07-24 07:56:32
SZKOŁA PODSTAWOWA IM.KARDYNAŁA STEFANA WYSZYŃSKIEGO W TELATYNIE, UL. KARDYNAŁA STEFANA WYSZYŃSKIEGO, 22-652, TELATYN,23.8446095,50.52250671, 82.275, 982.1, 15.174999999999999,6.2,5.366666666666667, 2026-07-24 07:56:32
TECHNIKUM NR 1 W ŚWIDNIKU, UL. SZKOLNA, 21-045, ŚWIDNIK,22.69752657,51.22672919, 86.72500000000001, 983.6583333333333, 15.6,10.633333333333333,10.366666666666667, 2026-07-24 07:56:32
SZKOŁA PODSTAWOWA W OŁDAKACH, , 07-411, OŁDAKI,21.692978,53.095518, 87.75, 998.3416666666667, 15.366666666666667,2.275,2.033333333333333, 2026-07-24 07:56:32
SZKOŁA PODSTAWOWA IM.J.WYBICKIEGO W POLNICY, , 77-300, POLNICA,17.40057712,53.75198216, 86.75, 996.5083333333333, 13.183333333333332,3.358333333333333,3.016666666666667, 2026-07-24 07:56:32
SZKOŁA PODSTAWOWA W RAJKOWACH W ZESPOLE KSZTAŁCENIA I WYCHOWANIA W RAJKOWACH, UL. JESIONOWA, 83-130, RAJKOWY,18.7092112,53.9610738, 81.64166666666667, 1004.2666666666668, 15.424999999999999,2.516666666666667,2.225, 2026-07-24 07:56:32
LICEUM OGÓLNOKSZTAŁCĄCE W REDZIE, UL. ŁĄKOWA, 84-240, REDA,18.3577379,54.60185, 82.41666666666667, 1011.1416666666668, 15.666666666666666,2.449999999999999,2.191666666666667, 2026-07-24 07:56:32
SZKOŁA PODSTAWOWA IM. MARYNARKI WOJENNEJ RP W OSTASZEWIE, UL. KOŚCIUSZKI, 82-112, OSTASZEWO,18.9507202,54.2131383, 82.03333333333333, 1010.9, 17.316666666666666,2.283333333333333,1.991666666666666, 2026-07-24 07:56:32
TECHNIKUM NR 2 W BYTOWIE, UL. HIERONIMA DERDOWSKIEGO, 77-100, BYTÓW,17.48812443,54.16585829, 80.19166666666666, 997.0833333333334, 14.85,3.283333333333333,2.983333333333333, 2026-07-24 07:56:32
SZKOŁA PODSTAWOWA W ZIELINIE, UL. PRUDNICKA, 47-370, ZIELINA,17.7989291,50.4408404, 82.56666666666666, 992.25, 14.1,2.916666666666666,2.4666666666666672, 2026-07-24 07:56:32
SZKOŁA PODSTAWOWA STOWARZYSZENIA ZŁOTY POTOK W ŁĄCE PRUDNICKIEJ, UL. GŁUCHOŁASKA, 48-200, ŁĄKA PRUDNICKA,17.528406,50.313494, 72.15833333333333, 981.0749999999999, 15.275,2.458333333333333,2.15, 2026-07-24 07:56:32
SZKOŁA PODSTAWOWA W ŁUBNIE, , 77-140, ŁUBNO,17.22653098,54.15365707, 86.48333333333333, 995.8083333333334, 12.325000000000001,1.6416666666666662,1.375, 2026-07-24 07:56:32
SZKOŁA PODSTAWOWA NR 3 IM. MARII KONOPNICKIEJ W BIAŁEJ PODLASKIEJ, UL. SPORTOWA, 21-500, BIAŁA PODLASKA,23.119378,52.022177, 86.48333333333333, 990.975, 15.291666666666666,4.141666666666667,4.141666666666667, 2026-07-24 07:56:32
PUBLICZNA SZKOŁA PODSTAWOWA IM. KSIĘDZA JANA TWARDOWSKIEGO W JANUSZKOWICACH, UL. LESIAŃSKA, 47-330, JANUSZKOWICE,18.1356599,50.3898439, 83.10909090909091, 993.6, 14.181818181818182,2.199999999999999,1.9090909090909087, 2026-07-24 07:56:32
SZKOŁA PODSTAWOWA IM. MARII SKŁODOWSKIEJ-CURIE W ALWERNI, UL. MARII SKŁODOWSKIEJ-CURIE, 32-566, ALWERNIA,19.542471211821844,50.06505227372774, 84.875, 976.9083333333333, 13.966666666666667,6.899999999999999,5.95, 2026-07-24 07:56:32
SZKOŁA PODSTAWOWA IM. MIKOŁAJA KOPERNIKA W BALINIE, UL. JAWORZNICKA, 32-500, BALIN,19.373681797572548,50.17107310274746, 90.80833333333334, 976.3499999999999, 12.924999999999999,12.183333333333332,11.6, 2026-07-24 07:56:32
TECHNIKUM NR 2 IM. BOHATERÓW WESTERPLATTE W KLUCZBORKU, UL. BYCZYŃSKA, 46-200, KLUCZBORK,18.20597356,50.97669665, 82.49090909090908, 991.7545454545453, 13.681818181818182,3.345454545454545,3.345454545454545, 2026-07-24 07:56:32
PUBLICZNA SZKOŁA PODSTAWOWA IM.HALINY SEMENOWICZ W MOSZCZANCE, , 48-200, MOSZCZANKA,17.483901,50.295686, 76.5, 978.3666666666667, 14.158333333333333,1.9083333333333328,1.9083333333333328, 2026-07-24 07:56:32
BRANŻOWA SZKOŁA I STOPNIA W ŁASKARZEWIE, UL. KOLEJOWA, 08-450, ŁASKARZEW,21.599958,51.788404, 91.33333333333333, 993.0416666666666, 15.275,6.125,5.033333333333333, 2026-07-24 07:56:32
SZKOŁA PODSTAWOWA IM.ŻWIRKI I WIGURY W RADOCZY, UL. DĘBOWA, 34-100, RADOCZA,19.4703966,49.9176909, 88.7, 980.2666666666668, 14.316666666666668,8.158333333333333,6.608333333333333, 2026-07-24 07:56:32
SZKOŁA PODSTAWOWA NR 5 IM. MARII KONOPNICKIEJ W CHEŁMIE, UL. I PUŁKU SZWOLEŻERÓW, 22-100, CHEŁM,23.481093,51.134591, 82.60000000000001, 985.2833333333333, 15.408333333333333,5.2,4.391666666666668, 2026-07-24 07:56:32
LICEUM OGÓLNOKSZTAŁCĄCE IM. KS. J. ST. PASIERBA W PELPLINIE, UL. SAMBORA, 83-130, PELPLIN,18.6979422,53.9283135, 83.09166666666667, 1006.2333333333332, 15.441666666666668,2.075,1.875, 2026-07-24 07:56:32
TECHNIKUM W GŁOGÓWKU, UL. POWSTAŃCÓW, 48-250, GŁOGÓWEK,17.86435,50.35349, 82.64999999999999, 989.725, 13.858333333333334,2.5666666666666678,2.125, 2026-07-24 07:56:32
SZKOŁA PODSTAWOWA NR 2 IM. KS. STANISŁAWA STASZICA W CHEŁMIE, UL. OBŁOŃSKA, 22-100, CHEŁM,23.47575683,51.13815167, 82.60000000000001, 986.75, 15.625,6.416666666666667,5.533333333333334, 2026-07-24 07:56:32
SZKOŁA PODSTAWOWA NR 8 IM. BOLESŁAWA ZYGMUNTA WIRSKIEGO W CHEŁMIE, UL. POŁANIECKA, 22-100, CHEŁM,23.477306,51.123224, 83.24166666666666, 984.9499999999999, 15.483333333333334,7.058333333333334,6.033333333333334, 2026-07-24 07:56:32
SZKOŁA PODSTAWOWA NR 10 Z ODDZIAŁAMI INTEGRACYJNYMI IM. WALERIANA ŁUKASIŃSKIEGO W ZAMOŚCIU, UL. PEOWIAKÓW, 22-400, ZAMOŚĆ,23.25695961789249,50.72103172968299, 82.41666666666667, 982.6666666666666, 15.741666666666667,7.091666666666666,6.016666666666667, 2026-07-24 07:56:32
ZESPÓŁ SZKÓŁ GMINNYCH IM. HENRYKA SIENKIEWICZA W BOGUCICACH SZKOŁA PODSTAWOWA W BOGUCICACH, , 32-711, BOGUCICE,20.498337,50.057389, 83.375, 991.375, 14.924999999999999,1.408333333333333,1.1833333333333331, 2026-07-24 07:56:32
PUBLICZNA SZKOŁA PODSTAWOWA W NIEDZIELISKACH, , 32-820, NIEDZIELISKA,20.632091271164818,50.09115399071606, 82.64999999999999, 989.4666666666667, 15.208333333333334,4.508333333333334,4.016666666666667, 2026-07-24 07:56:32
TECHNIKUM W ZESPOLE SZKÓŁ AGROBIZNESU IM.MACIEJA RATAJA W KLEMENTOWICACH, , 24-170, KLEMENTOWICE,22.113069,51.362926, 93.48333333333333, 989.7583333333333, 14.208333333333334,4.483333333333333,3.4, 2026-07-24 07:56:32
PUBLICZNA SZKOŁA PODSTAWOWA IM. KAZIMIERZA RASŁAWSKIEGO W BORZECHOWIE , , 24-224, BORZECHÓW-KOLONIA,22.2853918,51.09246552, 85.52499999999999, 984.7333333333332, 14.924999999999999,8.375,7.183333333333334, 2026-07-24 07:56:32
SZKOŁA PODSTAWOWA NR 117 IM. KRAKOWSKIEJ KONGREGACJI KUPIECKIEJ W KRAKOWIE, UL. JANA KURCZABA, 30-868, KRAKÓW-PODGÓRZE,20.00687205767037,50.01317838097981, 80.38333333333334, 987.3416666666667, 14.725,7.708333333333333,7.708333333333333, 2026-07-24 07:56:32
VI LICEUM OGÓLNOKSZTAŁCĄCE IM. HUGONA KOŁŁĄTAJA W LUBLINIE, UL. ADAMA MICKIEWICZA, 20-466, LUBLIN,22.577994,51.216809, 99.7, 988.6750000000001, 15.691666666666668,12.916666666666666,11.991666666666667, 2026-07-24 07:56:32
SZKOŁA PODSTAWOWA W ORLE, , 07-320, ORŁO,21.989508,52.732095, 82.94166666666666, 995.5749999999999, 16.175,6.383333333333333,6.108333333333333, 2026-07-24 07:56:32
SZKOŁA PODSTAWOWA IM. WINCENTEGO WITOSA W GROMNIKU, UL. WITOSA, 33-180, GROMNIK,20.959304,49.840276, 86.30833333333334, 981.2083333333334, 14.174999999999999,4.399999999999999,3.9, 2026-07-24 07:56:32
AKADEMIA NAJMŁODSZYCH KRZYSZTOF GOŁAŚ NIEPUBLICZNA SZKOŁA PODSTAWOWA W KADZIDLE, UL. BRZOZOWA, 07-420, KADZIDŁO,21.450353,53.231522, 80.53333333333333, 995.5500000000001, 16.224999999999998,6.05,5.316666666666666, 2026-07-24 07:56:32
SZKOŁA PODSTAWOWA IM. ŚW. STANISŁAWA KOSTKI W AMELINIE, , 06-212, AMELIN,20.92818124,52.98166409, 83.58333333333333, 996.1916666666666, 15.049999999999999,6.041666666666667,5.3, 2026-07-24 07:56:32
SZKOŁA PODSTAWOWA SPECJALNA NR 44 IM. JANA BRZECHWY W KRAKOWIE, UL. ZAKĄTEK, 30-076, KRAKÓW,19.916426,50.076299, 80.30833333333334, 987.0500000000001, 14.558333333333332,4.333333333333333,3.625, 2026-07-24 07:56:32
SZKOŁA PODSTAWOWA NR 1 IM. ŚW. JADWIGI KRÓLOWEJ W PODWILKU, , 34-722, PODWILK,19.7397286,49.547978, 77.81666666666666, 934.1583333333333, 12.575000000000001,5.333333333333333,5.05, 2026-07-24 07:56:32
LICEUM OGÓLNOKSZTAŁCĄCE KADETÓW RZECZYPOSPOLITEJ POLSKIEJ W LIPINACH, , 26-425, LIPINY,20.511418,51.54591, 91.39999999999999, 993.2083333333334, 14.458333333333334,3.775,3.433333333333333, 2026-07-24 07:56:32
SZKOŁA PODSTAWOWA NR 1 W BIAŁYM BORZE, UL. DWORCOWA, 78-425, BIAŁY BÓR,16.84535152,53.89895274, 81.39166666666667, 991.4083333333333, 13.975,1.9,1.5999999999999992, 2026-07-24 07:56:32
SZKOŁA PODSTAWOWA IM.NOBLISTÓW POLSKICH W SIEMYŚLU, UL. SZKOLNA, 78-123, SIEMYŚL,15.53351351,54.02888072, 88.10833333333333, 1009.0333333333333, 14.65,3.558333333333333,3.0, 2026-07-24 07:56:32
SZKOŁA PODSTAWOWA W DASZEWIE, , 78-230, DASZEWO,15.881284,54.081214, 82.56666666666666, 1008.8166666666666, 13.891666666666666,2.15,2.016666666666666, 2026-07-24 07:56:32
SZKOŁA PODSTAWOWA NR 1 IM. ADAMA MICKIEWICZA W POŁCZYNIE-ZDROJU, UL. GRUNWALDZKA, 78-320, POŁCZYN-ZDRÓJ,16.095199000000004,53.76789333949964, 80.39999999999999, 1002.5166666666668, 14.683333333333332,4.933333333333335,4.6, 2026-07-24 07:56:32
SZKOŁA PODSTAWOWA W DARGINI, , 76-020, DARGIŃ,16.3943428,54.0157172, 83.25833333333334, 1000.9833333333332, 12.308333333333332,2.908333333333333,2.641666666666666, 2026-07-24 07:56:32
ARCHIDIECEZJALNA SZKOŁA MUZYCZNA II ST. IM. KS. KARD. FRANCISZKA MACHARSKIEGO W KRAKOWIE, UL. PROSTA, 30-814, KRAKÓW-PODGÓRZE,19.988467,50.020869, 70.35, 985.875, 16.9,6.55,5.45, 2026-07-24 07:56:32
SZKOŁA PODSTAWOWA Z ODDZIAŁAMI INTEGRACYJNYMI NR 30 IM. KAZIMIERZA PUŁASKIEGO W KRAKOWIE, UL. KONFEDERACKA, 30-306, KRAKÓW-PODGÓRZE,19.927626,50.048977, 79.61666666666666, 987.9583333333334, 14.708333333333334,5.208333333333333,4.25, 2026-07-24 07:56:32
SPOŁECZNA SZKOŁA PODSTAWOWA NR 2 SPOŁECZNEGO TOWARZYSTWA OŚWIATOWEGO W TARNOWIE, UL. JANA MATEJKI, 33-100, TARNÓW,20.98127883,50.01473267, 84.09166666666667, 996.1833333333334, 15.15,5.908333333333334,5.1, 2026-07-24 07:56:32
XII LICEUM OGÓLNOKSZTAŁCĄCE W ZESPOLE SZKÓŁ MECHANICZNO-ELEKTRYCZNYCH W TARNOWIE, UL. JÓZEFA SZUJSKIEGO, 33-100, TARNÓW,20.975575,50.015268, 87.0, 987.4499999999999, 14.674999999999999,6.116666666666667,5.291666666666667, 2026-07-24 07:56:32
TECHNIKUM NR 1 W ZESPOLE SZKÓŁ TECHNICZNYCH IM.IGNACEGO MOŚCICKIEGO W TARNOWIE, UL. EUGENIUSZA KWIATKOWSKIEGO, 33-101, TARNÓW,20.9172948,50.01387361, 83.45, 987.775, 14.858333333333334,6.3,5.491666666666667, 2026-07-24 07:56:32
SZKOŁA PODSTAWOWA W ZESPOLE SZKÓŁ IM.MĘCZENNIKÓW MARSZU ŚMIERCI KL STUTTHOF W GARCZEGORZU, , 84-351, GARCZEGORZE,17.72784195,54.59420501, 74.25833333333334, 1005.4416666666666, 17.658333333333335,2.216666666666667,1.991666666666666, 2026-07-24 07:56:32
PUBLICZNA SZKOŁA PODSTAWOWA NR 1 IM.BOHATERÓW WESTERPLATTE W PRUDNIKU, UL. PODGÓRNA, 48-200, PRUDNIK,17.595989,50.32052, 100.0, 983.975, 13.0,3.191666666666666,2.675, 2026-07-24 07:56:32
ZESPÓŁ SZKÓŁ GMINNYCH IM. MIKOŁAJA KOPERNIKA W GAWŁOWIE SZKOŁA PODSTAWOWA Z ODDZIAŁAMI SPORTOWYMI W GAWŁOWIE, , 32-711, GAWŁÓW,20.463199,50.026547, 85.39999999999999, 989.4916666666667, 14.808333333333332,1.266666666666666,1.141666666666666, 2026-07-24 07:56:32
PUBLICZNA SZKOŁA PODSTAWOWA W SUCHEJ, UL. SZLACHECKA, 26-800, SUCHA,20.953664,51.617246, 90.25833333333333, 994.9583333333334, 15.25,4.891666666666668,4.491666666666666, 2026-07-24 07:56:32
TECHNIKUM W WARCE, UL. OBWODOWA, 05-660, WARKA,21.182782,51.79066, 87.20833333333333, 995.6750000000001, 15.591666666666667,3.199999999999999,2.65, 2026-07-24 07:56:32
SZKOŁA PODSTAWOWA NR 4 W RYDUŁTOWACH, UL. STRZELCÓW BYTOMSKICH, 44-280, RYDUŁTOWY,18.417777,50.06633209, 83.73333333333333, 980.6166666666667, 13.941666666666668,1.741666666666666,1.533333333333333, 2026-07-24 07:56:32
PUBLICZNA SZKOŁA PODSTAWOWA NR 1 IM. BOLESŁAWA KRZYWOUSTEGO W KOŻUCHOWIE, UL. CHOPINA, 67-120, KOŻUCHÓW,15.5962077,51.7425702, 71.58333333333333, 1002.0666666666666, 17.9,4.633333333333334,4.05, 2026-07-24 07:56:32
PUBLICZNA SZKOŁA PODSTAWOWA NR 1 IM. KOMISJI EDUKACJI NARODOWEJ W BIAŁOBRZEGACH, UL. RZEMIEŚLNICZA, 26-800, BIAŁOBRZEGI,20.9533613,51.64505952, 93.95833333333333, 999.2916666666666, 14.299999999999999,4.274999999999999,3.991666666666666, 2026-07-24 07:56:32
TECHNIKUM IM. ZESŁAŃCÓW SYBIRU W BRODNICY, UL. KARBOWSKA, 87-300, BRODNICA,19.4065091,53.2579165, 81.61666666666666, 1002.0916666666667, 17.2,4.3,3.675, 2026-07-24 07:56:32
PUBLICZNA SZKOŁA PODSTAWOWA W GOSZCZYNIE, UL. ARMII KRAJOWEJ, 05-610, GOSZCZYN,20.85589777,51.73236675, 87.13333333333333, 991.5916666666667, 15.200000000000001,3.916666666666666,3.225, 2026-07-24 07:56:32
LICEUM OGÓLNOKSZTAŁCĄCE W TARCZYNIE, UL. KS. CZESŁAWA OSZKIELA, 05-555, TARCZYN,20.83477,51.98106, 83.14166666666667, 993.7416666666667, 15.091666666666667,3.716666666666667,3.316666666666666, 2026-07-24 07:56:32
SZKOŁA PODSTAWOWA IM. BŁOGOSŁAWIONEGO KS. JERZEGO POPIEŁUSZKI W NIECZAJNIE GÓRNEJ, , 33-205, NIECZAJNA GÓRNA,21.052364,50.180347, 84.54166666666667, 988.0500000000001, 15.133333333333333,3.983333333333333,3.324999999999999, 2026-07-24 07:56:32
SZKOŁA PODSTAWOWA NR 86 IM. POWSTAŃCÓW ŚLĄSKICH W KRAKOWIE, OS. OSIEDLE JAGIELLOŃSKIE, 31-833, KRAKÓW-NOWA HUTA,20.027067,50.084753, 84.375, 989.7083333333334, 14.433333333333332,3.15,2.9, 2026-07-24 07:56:32
SZKOŁA PODSTAWOWA IM. POWSTAŃCÓW STYCZNIOWYCH W DALIKOWIE, UL. ŁĘCZYCKA, 99-205, DALIKÓW,19.10104737,51.8835744, 86.675, 993.7583333333333, 13.883333333333333,2.225,1.866666666666666, 2026-07-24 07:56:32
BRANŻOWA SZKOŁA I STOPNIA SPECJALNA W SKAWINIE W SPECJALNYM OŚRODKU SZKOLNO-WYCHOWAWCZYM IM. POCZTY POLSKIEJ W SKAWINIE, UL. ŻWIRKI I WIGURY, 32-050, SKAWINA,19.825058,49.973327, 81.05, 987.625, 15.0625,7.4375,6.4, 2026-07-24 07:56:32
PUBLICZNA SZKOŁA PODSTAWOWA W JAWORZU GÓRNYM, , 39-223, JAWORZE GÓRNE,21.354123,49.94549, 89.01666666666667, 982.9, 14.225,4.891666666666668,4.183333333333333, 2026-07-24 07:56:32
SZKOŁA PODSTAWOWA NR 234 IM. JULIANA TUWIMA W WARSZAWIE, UL. ESPERANTO, 01-049, WARSZAWA,20.980951,52.244004, 83.68333333333334, 996.4666666666667, 15.266666666666667,2.55,2.55, 2026-07-24 07:56:32
XI LICEUM OGÓLNOKSZTAŁCĄCE IM. MIKOŁAJA REJA W WARSZAWIE, PL. PLAC STANISŁAWA MAŁACHOWSKIEGO, 00-063, WARSZAWA,21.01075177068874,52.238891020514885, 81.38333333333334, 996.4083333333333, 15.516666666666666,5.008333333333334,4.408333333333333, 2026-07-24 07:56:32
SZKOŁA PODSTAWOWA IM. ŚW. JADWIGI KRÓLOWEJ POLSKI W LISIEJ GÓRZE, UL. SZKOLNA, 33-140, LISIA GÓRA,21.04434023989556,50.08140809669519, 82.45, 981.4333333333334, 14.850000000000001,6.241666666666666,5.708333333333333, 2026-07-24 07:56:32
SZKOŁA PODSTAWOWA NR 89 IM. TADEUSZA MAZOWIECKIEGO W GDAŃSKU, UL. SZYPRÓW, 80-335, GDAŃSK,18.5764229,54.422398, 79.0, 1012.0916666666667, 16.591666666666665,0.916666666666666,0.6000000000000001, 2026-07-24 07:56:32
SZKOŁA PODSTAWOWA NR 82 IM. PROF. JANA CZOCHRALSKIEGO W GDAŃSKU, UL. RADAROWA, 80-298, GDAŃSK,18.4834117,54.3881906, 81.95833333333333, 994.0416666666666, 16.233333333333334,1.691666666666666,1.466666666666666, 2026-07-24 07:56:32
SZKOŁA TECHNICZNA BYDGOSKIEGO ZAKŁADU DOSKONALENIA ZAWODOWEGO W CHOJNICACH, UL. KOŚCIERSKA, 89-600, CHOJNICE,17.57105185,53.69729052, 85.52499999999999, 991.725, 14.149999999999999,2.05,1.858333333333333, 2026-07-24 07:56:32
PRYWATNA SZKOŁA PODSTAWOWA NAJA SZKOŁA W WEJHEROWIE, UL. PRZEMYSŁOWA, 84-200, WEJHEROWO,18.21802095,54.61295281, 90.70833333333333, 1008.6916666666667, 14.783333333333333,3.5,3.133333333333333, 2026-07-24 07:56:32
ZESPÓŁ PLACÓWEK OŚWIATOWYCH SZKOŁA PODSTAWOWA IM. JÓZEFA BEMA W WOLI FILIPOWSKIEJ, UL. SZKOLNA, 32-065, WOLA FILIPOWSKA,19.5849512,50.1324622, 85.10000000000001, 980.25, 13.583333333333334,0.0,0.0, 2026-07-24 07:56:32
SZKOŁA PODSTAWOWA W NOWYCH ŁUBKACH, , 09-454, NOWE ŁUBKI,20.0336032,52.5782308, 89.00833333333333, 1001.6416666666668, 14.875,5.649999999999999,4.958333333333333, 2026-07-24 07:56:32
SZKOŁA PODSTAWOWA NR 36 IM. JULIANA TUWIMA W ZABRZU, PL. PLAC WARSZAWSKI, 41-800, ZABRZE,18.78893235,50.30422484, 86.19166666666666, 982.8000000000001, 14.266666666666666,5.325,4.475, 2026-07-24 07:56:32
III LICEUM OGÓLNOKSZTAŁCĄCE Z ODDZIAŁAMI DWUJĘZYCZNYMI W ZABRZU, UL. HENRYKA SIENKIEWICZA, 41-800, ZABRZE,18.7957049,50.29655227, 88.64999999999999, 980.5083333333333, 13.758333333333333,6.524999999999999,5.441666666666666, 2026-07-24 07:56:32
SZKOŁA PODSTAWOWA NR 48 W ZABRZU W CENTRUM KSZTAŁCENIA OGÓLNEGO I ZAWODOWEGO W ZABRZU, UL. ZWROTNICZA, 41-807, ZABRZE,18.76624,50.343641, 89.79166666666667, 983.475, 13.775,7.308333333333334,6.1, 2026-07-24 07:56:32
BRANŻOWA SZKOŁA I STOPNIA NR 6 W ZABRZU W ZABRZAŃSKIM CENTRUM KSZTAŁCENIA OGÓLNEGO I ZAWODOWEGO W ZABRZU, UL. MARSZAŁKA JÓZEFA PIŁSUDSKIEGO, 41-800, ZABRZE,18.76296398,50.29894695, 89.425, 984.6, 14.058333333333332,7.658333333333334,6.241666666666667, 2026-07-24 07:56:32
SZKOŁA PODSTAWOWA NR 29 W ZABRZU, UL. BUDOWLANA, 41-808, ZABRZE,18.791604,50.364381, 85.51666666666667, 980.65, 13.558333333333332,7.866666666666667,6.558333333333334, 2026-07-24 07:56:32
IV LICEUM OGÓLNOKSZTAŁCĄCE IM. MIKOŁAJA REJA W ZABRZU, UL. GEN. WŁADYSŁAWA ANDERSA, 41-808, ZABRZE,18.795194,50.369265, 91.91666666666667, 980.875, 13.908333333333333,8.541666666666666,7.1, 2026-07-24 07:56:32
SZKOŁA PODSTAWOWA NR 41 IM. WŁADYSŁAWA BRONIEWSKIEGO W GLIWICACH, UL. KORMORANÓW, 44-100, GLIWICE,18.6561,50.274791, 88.84166666666665, 984.3000000000001, 13.816666666666668,5.266666666666667,4.399999999999999, 2026-07-24 07:56:32
SZKOŁA PODSTAWOWA NR 7 IM. ADAMA MICKIEWICZA W GLIWICACH, UL. TARNOGÓRSKA, 44-100, GLIWICE,18.684621,50.306626, 90.16666666666667, 983.8083333333334, 13.225,7.266666666666667,5.991666666666667, 2026-07-24 07:56:32
MIEJSKA SZKOŁA PODSTAWOWA Z ODDZIAŁAMI INTEGRACYJNYMI NR 2 IM. KAROLA MIARKI W KNUROWIE, UL. WILSONA, 44-190, KNURÓW,18.664685,50.223275, 89.81666666666666, 984.9333333333334, 14.049999999999999,9.683333333333334,8.200000000000001, 2026-07-24 07:56:32
SZKOŁA PODSTAWOWA IM. MARGARETHY KAMPRAD W JAROSTACH, UL. LEŚNA, 97-310, JAROSTY,19.68775849,51.45636536, 85.08333333333333, 987.8083333333333, 13.783333333333333,2.091666666666667,2.091666666666667, 2026-07-24 07:56:32
SZKOŁA PODSTAWOWA IM. DR HENRYKA JORDANA W KSAWEROWIE, UL. ZACHODNIA, 95-054, KSAWERÓW,19.39486431,51.68227822, 94.46666666666665, 988.4666666666667, 13.283333333333333,2.65,2.2, 2026-07-24 07:56:32
BRANŻOWA SZKOŁA I STOPNIA NR 1 W OPOCZNIE, UL. WOJCIECHA KOSSAKA, 26-300, OPOCZNO,20.27237638,51.37764127, 87.27499999999999, 988.7166666666667, 14.775,2.525,2.116666666666666, 2026-07-24 07:56:32
SZKOŁA PODSTAWOWA NR 157 IM. IGNACEGO JANA PADEREWSKIEGO W KRAKOWIE, UL. LUDWIKA RYDYGIERA, 30-695, KRAKÓW-PODGÓRZE,20.00607,50.006338, 74.75, 984.1999999999999, 16.05,5.141666666666667,4.25, 2026-07-24 07:56:32
I LICEUM OGÓLNOKSZTAŁCĄCE IM. JĘDRZEJA ŚNIADECKIEGO W PABIANICACH, UL. STANISŁAWA MONIUSZKI, 95-200, PABIANICE,19.32977177,51.65677453, 93.53333333333335, 987.875, 13.166666666666666,2.666666666666666,2.158333333333333, 2026-07-24 07:56:32
SZKOŁA PODSTAWOWA IM.MARII KONOPNICKIEJ W ROZTOCE, , 34-606, ROZTOKA,20.4571424,49.6263815, 87.20833333333333, 949.6083333333335, 12.316666666666668,9.658333333333331,8.483333333333333, 2026-07-24 07:56:32
PUBLICZNA SZKOŁA PODSTAWOWA W STOBIECKU SZLACHECKIM, , 97-561, STOBIECKO SZLACHECKIE,19.38629184,51.10621326, 76.95, 984.6666666666666, 14.1,1.741666666666666,1.741666666666666, 2026-07-24 07:56:32
SZKOŁA PODSTAWOWA IM. JANA PAWŁA II W USTKOWIE, , 98-290, USTKÓW,18.600692,51.766123, 89.97500000000001, 995.9833333333332, 13.216666666666667,2.533333333333333,2.116666666666666, 2026-07-24 07:56:32
SZKOŁA PODSTAWOWA NR 60 IM. STANISŁAWA WYSPIAŃSKIEGO W KRAKOWIE, UL. KAZIMIERZA ODNOWICIELA, 31-481, KRAKÓW-ŚRÓDMIEŚCIE,19.970521,50.088055, 77.02000000000001, 986.07, 15.23,2.14,1.81, 2026-07-24 07:56:32
SZKOŁA PODSTAWOWA IM. MARSZAŁKA JÓZEFA PIŁSUDSKIEGO W WARTKOWICACH, UL. LEGIONÓW POLSKICH, 99-220, WARTKOWICE,19.00434298,51.97577194, 84.25, 997.8499999999999, 14.275,4.416666666666667,3.725, 2026-07-24 07:56:32
SZKOŁA PODSTAWOWA NR 2 IM. KONSTYTUCJI 3-GO MAJA W MĘCINIE, , 34-654, MĘCINA,20.5404381,49.7016283, 82.325, 955.5166666666668, 12.850000000000001,3.083333333333333,2.658333333333333, 2026-07-24 07:56:32
BRANŻOWA SZKOŁA I STOPNIA NR 2 W GORLICACH, UL. JÓZEFA MICHALUSA, 38-300, GORLICE,21.173963,49.66959, 87.55833333333334, 977.8333333333334, 14.391666666666667,4.391666666666668,3.883333333333333, 2026-07-24 07:56:32
SZKOŁA PODSTAWOWA NR 2 IM HENRYKA SIENKIEWICZA W PRZYSZOWEJ, , 34-604, PRZYSZOWA,20.4806341,49.6603381, 94.99166666666667, 957.0749999999999, 11.841666666666667,32.416666666666664,29.59166666666667, 2026-07-24 07:56:32
SZKOŁA PODSTAWOWA IM. KRÓLOWEJ JADWIGI W WYSOKIEM, , 34-600, WYSOKIE,20.5394861,49.6552386, 84.25, 946.1750000000001, 12.241666666666667,5.35,4.566666666666666, 2026-07-24 07:56:32
SZKOŁA PODSTAWOWA NR 1 Z ODDZIAŁAMI INTEGRACYJNYMI W RACIBORZU, UL. CECYLII, 47-400, RACIBÓRZ,18.2321525,50.0999982, 78.13333333333334, 992.1166666666667, 14.6,2.9,2.475, 2026-07-24 07:56:32
SZKOŁA PODSTAWOWA IM. ŚW. STANISŁAWA KOSTKI W NOWEJ WSI SZLACHECKIEJ, UL. SZKOLNA, 32-060, NOWA WIEŚ SZLACHECKA,19.6970908,50.026212, 81.47500000000001, 982.4833333333332, 14.358333333333334,11.425,10.708333333333334, 2026-07-24 07:56:32
SZKOŁA PODSTAWOWA NR 3 IM. MARII DĄBROWSKIEJ W RESZLU, UL. MARII KONOPNICKIEJ, 11-440, RESZEL,21.1486175,54.052554, 87.84166666666665, 995.9583333333334, 15.1,3.858333333333333,3.5749999999999997, 2026-07-24 07:56:32
SZKOŁA PODSTAWOWA NR 1 IM. MIKOŁAJA KOPERNIKA W WĘGORZEWIE, UL. PIONIERÓW, 11-600, WĘGORZEWO,21.7379192,54.2136049, 90.93333333333334, 994.7583333333333, 14.950000000000001,4.258333333333334,3.675, 2026-07-24 07:56:32
ZESPÓŁ SZKÓŁ GMINNYCH IM. HENRYKA SIENKIEWICZA W STANISŁAWICACH SZKOŁA PODSTAWOWA W STANISŁAWICACH, , 32-015, STANISŁAWICE,20.350192,49.982029, 72.05, 987.9499999999999, 16.858333333333334,5.141666666666667,4.533333333333333, 2026-07-24 07:56:32
TECHNIKUM NR 3 W ZESPOLE SZKÓŁ NR 3 IM. KS. PROF. JÓZEFA TISCHNERA W BOCHNI, UL. KRAKOWSKA, 32-700, BOCHNIA,20.421654,49.965508, 77.10000000000001, 985.3916666666665, 15.700000000000001,2.425,2.033333333333333, 2026-07-24 07:56:32
SZKOŁA PODSTAWOWA NR 94 W ŁODZI, UL. ZACISZE, 90-228, ŁÓDŹ-ŚRÓDMIEŚCIE,19.47642378,51.77789288, 91.53333333333335, 985.2999999999998, 13.633333333333333,3.158333333333333,2.658333333333333, 2026-07-24 07:56:32
SZKOŁA PODSTAWOWA NR 1 IM. STEFANA ŻEROMSKIEGO W ŻUROMINIE, UL. WYZWOLENIA, 09-300, ŻUROMIN,19.911175,53.071036, 81.28333333333333, 994.9666666666667, 15.575000000000001,4.2,4.2, 2026-07-24 07:56:32
TECHNIKUM IM. WINCENTEGO WITOSA W STUDZIEŃCU, , 09-200, STUDZIENIEC,19.640243,52.877888, 81.03333333333333, 998.5916666666667, 16.091666666666665,2.449999999999999,2.25, 2026-07-24 07:56:32
SZKOŁA PODSTAWOWA W SYPITKACH, , 19-314, SYPITKI,22.5643375,53.7876812, 84.40833333333333, 993.7583333333333, 15.958333333333334,2.8416666666666672,2.583333333333333, 2026-07-24 07:56:32
SZKOŁA PODSTAWOWA IM. TADEUSZA KOŚCIUSZKI W ZBROSŁAWICACH, UL. WOLNOŚCI, 42-674, ZBROSŁAWICE,18.74511,50.415455, 84.95833333333333, 983.4416666666666, 13.783333333333333,10.275,8.991666666666667, 2026-07-24 07:56:32
SZKOŁA PODSTAWOWA NR 4 Z ODDZIAŁAMI SPORTOWYMI I MISTRZOSTWA SPORTOWEGO W ŻORACH, UL. BORYŃSKA, 44-240, ŻORY,18.687221,50.039349, 80.5, 980.3333333333334, 13.958333333333334,5.608333333333333,5.0, 2026-07-24 07:56:32
SZKOŁA PODSTAWOWA NR 10 IM. MARII SKŁODOWSKIEJ-CURIE W ZDUŃSKIEJ WOLI, UL. ZIELONA, 98-220, ZDUŃSKA WOLA,18.95037552,51.60020179, 88.52499999999999, 990.4083333333333, 13.466666666666667,3.041666666666666,2.5, 2026-07-24 07:56:32
SZKOŁA PODSTAWOWA NR 4 IM.FRANCISZKA STUSKA W ORZESZU JAŚKOWICACH, UL. STUSKA, 43-180, ORZESZE,18.746978,50.145788, 94.25, 980.7583333333333, 13.058333333333332,12.008333333333333,12.008333333333333, 2026-07-24 07:56:32
SZKOŁA PODSTAWOWA NR 2 IM. JANA WYPLERA W RUDZIE ŚLĄSKIEJ, UL. GWARECKA, 41-705, RUDA ŚLĄSKA,18.89349369757705,50.26771940061391, 85.575, 984.9833333333332, 13.325000000000001,15.783333333333331,15.341666666666669, 2026-07-24 07:56:32
IV LICEUM OGÓLNOKSZTAŁCĄCE IM. ORLĄT LWOWSKICH W GLIWICACH, UL. KOZIELSKA, 44-100, GLIWICE,18.654651,50.298038, 84.925, 987.0833333333334, 14.433333333333332,4.774999999999999,3.8416666666666672, 2026-07-24 07:56:32
SZKOŁA PODSTAWOWA NR 3 I. BOHATERÓW POWSTANIA WARSZAWSKIEGO Z ODDZIAŁAMI INTEGRACYJNYMI W PIASTOWIE, UL. ALEJA TYSIĄCLECIA, 05-820, PIASTÓW,20.841563186509138,52.178313490439706, 85.79166666666667, 1000.0, 14.666666666666666,3.875,3.458333333333333, 2026-07-24 07:56:32
TECHNIKUM W BIECZU, UL. KAZIMIERZA WIELKIEGO, 38-340, BIECZ,21.25576524232724,49.73291457112003, 83.3, 979.3333333333334, 14.325000000000001,4.825,4.416666666666667, 2026-07-24 07:56:32
SZKOŁA PODSTAWOWA NR 16 IM. JANUSZA KORCZAKA W RUDZIE ŚLĄSKIEJ, UL. KUKUŁCZA, 41-710, RUDA ŚLĄSKA,18.88033,50.268433, 87.25833333333333, 982.975, 14.133333333333333,8.424999999999999,6.908333333333334, 2026-07-24 07:56:32
SZKOŁA PODSTAWOWA IM.STEFANA CZARNIECKIEGO W RACŁAWICACH, , 38-323, RACŁAWICE,21.127689745801828,50.06979323518478, 75.04166666666667, 986.2666666666668, 16.508333333333333,5.016666666666667,4.616666666666666, 2026-07-24 07:56:32
SZKOŁA PODSTAWOWA IM. WŁADYSŁAWA BRONIEWSKIEGO W SZCZEJKOWICACH, UL. WIEJSKA, 44-246, SZCZEJKOWICE,18.679024,50.095496, 93.325, 981.1916666666667, 13.058333333333332,7.258333333333333,6.816666666666666, 2026-07-24 07:56:32
SZKOŁA PODSTAWOWA W PONIATOWIE, UL. SZKOLNA, 09-300, PONIATOWO,19.864252,53.041259, 84.70833333333333, 995.5916666666667, 15.950000000000001,2.508333333333333,2.074999999999999, 2026-07-24 07:56:32
SZKOŁA PODSTAWOWA IM. ZIEMI WARMIŃSKIEJ W PIENIĘŻNIE, UL. ORNECKA, 14-520, PIENIĘŻNO,20.1287545,54.2359313, 80.30833333333334, 1000.9083333333333, 16.983333333333334,3.033333333333333,2.625, 2026-07-24 07:56:32
SZKOŁA PODSTAWOWA NR 5 IM. POLSKICH OLIMPIJCZYKÓW W ŚWIECIU, UL. WOJSKA POLSKIEGO, 86-105, ŚWIECIE,18.404523109363243,53.4022885304552, 78.29166666666667, 1008.0500000000001, 16.841666666666665,2.475,2.1, 2026-07-24 07:56:32
TECHNIKUM NR 2 W KĘTRZYNIE, UL. POZNAŃSKA, 11-400, KĘTRZYN,21.3575617,54.0772049, 93.55833333333334, 1002.0666666666666, 14.591666666666667,4.883333333333334,4.45, 2026-07-24 07:56:32
I LICEUM OGÓLNOKSZTAŁCĄCE IM. WOJCIECHA KĘTRZYŃSKIEGO W KĘTRZYNIE, UL. POWSTAŃCÓW WARSZAWY, 11-400, KĘTRZYN,21.3725281,54.0774004, 88.20833333333333, 996.8666666666667, 15.066666666666668,6.266666666666667,5.149999999999999, 2026-07-24 07:56:32
SZKOŁA PODSTAWOWA NR 3 IM. HENRYKA SIENKIEWICZA W EŁKU, UL. GRODZIEŃSKA, 19-300, EŁK,22.3468805,53.832444, 84.325, 991.9583333333334, 15.408333333333333,2.391666666666666,2.158333333333333, 2026-07-24 07:56:32
SZKOŁA PODSTAWOWA NR 13 Z ODDZIAŁAMI SPORTOWYMI I MISTRZOSTWA SPORTOWEGO IM. POLSKICH OLIMPIJCZYKÓW W ŻORACH, OS. OSIEDLE PAWLIKOWSKIEGO, 44-240, ŻORY,18.68289226,50.03250482, 91.12, 980.47, 13.219999999999999,4.1,3.46, 2026-07-24 07:56:32
PRYWATNA SZKOŁA PODSTAWOWA W KRAKOWIE, UL. PODGÓRKI TYNIECKIE, 30-398, KRAKÓW-PODGÓRZE,19.84421916,50.01213341, 80.35833333333333, 986.6, 14.391666666666666,4.758333333333334,4.166666666666667, 2026-07-24 07:56:32
PUBLICZNA SZKOŁA PODSTAWOWA IM KARDYNAŁA STEFANA WYSZYŃSKIEGO W GŁOSKOWIE, , 08-412, GŁOSKÓW,21.693825,51.932915, 88.11666666666667, 991.525, 14.833333333333334,6.508333333333333,5.558333333333334, 2026-07-24 07:56:32
SZKOŁA PODSTAWOWA NR 5 IM I. J. PADEREWSKIEGO W PRUSZKOWIE, UL. JANA DŁUGOSZA, 05-804, PRUSZKÓW,20.815629142327243,52.18859558069476, 86.39166666666667, 998.9083333333333, 14.616666666666667,4.0,3.5749999999999997, 2026-07-24 07:56:32
SZKOŁA PODSTAWOWA IM. HENRYKA SIENKIEWICZA W STARYM KĘBŁOWIE, , 08-430, STARY KĘBŁÓW,21.862929,51.791451, 83.84166666666665, 989.4583333333334, 15.525,5.441666666666666,4.774999999999999, 2026-07-24 07:56:32
TECHNIKUM W ŻELECHOWIE, UL. MARSZAŁKA JÓZEFA PIŁSUDSKIEGO, 08-430, ŻELECHÓW,21.898786,51.812356, 83.90833333333333, 989.1083333333332, 15.241666666666667,5.85,4.95, 2026-07-24 07:56:32
SZKOŁA PODSTAWOWA W ZESPOLE SZKÓŁ OGÓLNOKSZTAŁCĄCYCH W MAZOWIECKIM CENTRUM NEUROPSYCHIATRII W JÓZEFOWIE , UL. 3 MAJA, 05-420, JÓZEFÓW,21.234656,52.128054, 82.49166666666666, 998.5916666666667, 15.866666666666667,4.333333333333333,3.791666666666666, 2026-07-24 07:56:32
II LICEUM OGÓLNOKSZTAŁCĄCE IM. GEN. GUSTAWA ORLICZ-DRESZERA W CHEŁMIE, UL. SZPITALNA, 22-100, CHEŁM,23.45593021,51.14267385, 82.15555555555555, 986.0111111111112, 15.744444444444447,6.322222222222222,5.255555555555555, 2026-07-24 07:56:32
SZKOŁA PODSTAWOWA IM.J.CHEŁMOŃSKIEGO W KUKLÓWCE RADZIEJOWICKIEJ, UL. SZKOLNA, 96-325, KUKLÓWKA RADZIEJOWICKA,20.59054414,52.04408065, 80.86, 998.4399999999999, 15.1,6.85,5.970000000000001, 2026-07-24 07:56:32
SALEZJAŃSKA SZKOŁA PODSTAWOWA Z ODDZIAŁAMI INTEGRACYJNYMI W SALEZJAŃSKIM OŚRODKU SZKOLNO-WYCHOWAWCZYM W TARNOWSKICH GÓRACH, UL. JANA ŚNIADECKIEGO, 42-604, TARNOWSKIE GÓRY,18.80622755,50.43256357, 89.05, 953.9166666666666, 12.908333333333333,15.758333333333333,14.7, 2026-07-24 07:56:32
SZKOŁA PODSTAWOWA NR 1 IM PIERWSZEGO MARSZAŁKA POLSKI JÓZEFA PIŁSUDSKIEGO W SULEJÓWKU, UL. IDZIKOWSKIEGO, 05-070, SULEJÓWEK,21.26694575396344,52.24433487687851, 80.56666666666666, 997.0083333333333, 16.383333333333333,5.908333333333334,5.091666666666667, 2026-07-24 07:56:32
PUBLICZNA SZKOŁA PODSTAWOWA IM. JANUSZA KORCZAKA W GOŹDZIE, UL. STAROWIEJSKA, 26-634, GÓZD,21.378914500000004,51.376315985021016, 90.84166666666665, 988.4416666666666, 15.0,7.208333333333333,6.033333333333334, 2026-07-24 07:56:32
SZKOŁA PODSTAWOWA NR 4 IM. JANA PAWŁA II Z ODDZIAŁAMI PRZEDSZKOLNYMI I ODDZIAŁAMI SPORTOWYMI W PRUSZKOWIE , UL. HUBALA, 05-800, PRUSZKÓW,20.81122021534552,52.16432045510862, 91.05, 1000.6999999999999, 14.491666666666667,6.7,6.125, 2026-07-24 07:56:32
NIEPUBLICZNA SZKOŁA PODSTAWOWA WIELICZKA MONTESSORI SCHOOL W WIELICKIEJ SZKOLE MONTESSORI, UL. JANA MIKOŁAJA DANIŁOWICZA, 32-020, WIELICZKA,20.05646002,49.98203058, 78.65833333333333, 981.6666666666666, 15.116666666666667,4.416666666666667,4.416666666666667, 2026-07-24 07:56:32
PUBLICZNA SZKOŁA PODSTAWOWA W OBRAZOWIE, , 27-641, OBRAZÓW,21.6579632,50.69068702480904, 88.08333333333333, 985.0333333333333, 14.341666666666667,5.716666666666666,4.774999999999999, 2026-07-24 07:56:32
SZKOŁA PODSTAWOWA W BRZOZOWIE, UL. MIODOWA, 86-200, BRZOZOWO,18.4238755,53.314175, 83.45833333333333, 1000.4499999999999, 15.558333333333332,1.9,1.591666666666666, 2026-07-24 07:56:32
SZKOŁA PODSTAWOWA NR 199 IM. JULIANA TUWIMA W ŁODZI, UL. JÓZEFA ELSNERA, 92-504, ŁÓDŹ-WIDZEW,19.531114643683964,51.75675184434886, 88.38333333333333, 985.5083333333333, 13.458333333333334,4.533333333333333,3.8166666666666673, 2026-07-24 07:56:32
SZKOŁA PODSTAWOWA IM. KS. KARD. STEFANA WYSZYŃSKIEGO W BORZYMINIE, , 87-500, BORZYMIN,19.3345342,53.0561291, 71.075, 995.025, 19.033333333333335,3.633333333333333,3.183333333333333, 2026-07-24 07:56:32
SZKOŁA PODSTAWOWA IM. TADEUSZA KOŚCIUSZKI W ŁĘTOWICACH, , 33-121, ŁĘTOWICE,20.845262,49.994632, 87.27499999999999, 987.7833333333333, 14.858333333333334,3.191666666666666,3.191666666666666, 2026-07-24 07:56:32
SZKOŁA PODSTAWOWA IM. PIOTRA ŚCIEGIENNEGO W BĘCZKOWIE, UL. JANA PAWŁA II, 26-008, BĘCZKÓW,20.80287618,50.87879103, 87.20833333333333, 976.4499999999999, 14.25,6.016666666666667,5.258333333333334, 2026-07-24 07:56:32
SZKOŁA PODSTAWOWA IM.KSIĘCIA KARDYNAŁA ADAMA STEFANA SAPIEHY W BYSINIE, , 32-400, BYSINA,19.8876673,49.8279242, 81.0, 971.6500000000001, 14.1,4.616666666666666,4.333333333333333, 2026-07-24 07:56:32
SZKOŁA PODSTAWOWA IM. JANA KOCHANOWSKIEGO W BĘCZARCE, , 32-444, BĘCZARKA,19.8615647,49.8750803, 82.93333333333334, 973.8416666666667, 14.141666666666666,5.158333333333333,4.616666666666666, 2026-07-24 07:56:32
TECHNIKUM W NAKLE ŚLĄSKIM, UL. GUSTAWA MORCINKA, 42-620, NAKŁO ŚLĄSKIE,18.899961,50.436198, 92.93333333333334, 979.5333333333333, 12.85,12.9,12.25, 2026-07-24 07:56:32
SZKOŁA PODSTAWOWA NR 8 IM. KRZYSZTOFA KAMILA BACZYŃSKIEGO W TARNOWIE, UL. BITWY POD STUDZIANKAMI, 33-100, TARNÓW,21.00415196,50.01968672, 84.52499999999999, 984.1750000000001, 14.424999999999999,5.458333333333333,4.741666666666666, 2026-07-24 07:56:32
SZKOŁA PODSTAWOWA IM.TADEUSZA KOŚCIUSZKI W GŁOGOCZOWIE, , 32-444, GŁOGOCZÓW,19.8764713,49.8949648, 78.01666666666667, 983.6999999999999, 14.633333333333333,6.358333333333333,5.266666666666667, 2026-07-24 07:56:32
SZKOŁA PODSTAWOWA IM. POWSTAŃCÓW STYCZNIOWYCH W DWIKOZACH, UL. SPÓŁDZIELCZA, 27-620, DWIKOZY,21.78213112698172,50.73763072488988, 85.06666666666666, 991.5500000000001, 15.508333333333333,4.25,3.633333333333333, 2026-07-24 07:56:32
SZKOŁA PODSTAWOWA IM JANA KOCHANOWSKIEGO W RACIECHOWICACH, , 32-415, RACIECHOWICE,20.1425376,49.8447436, 82.31666666666666, 976.375, 13.583333333333334,9.3,8.85, 2026-07-24 07:56:32
SZKOŁA PODSTAWOWA IM. 100-LECIA RUCHU LUDOWEGO W WIERZCHOSŁAWICACH, , 33-122, WIERZCHOSŁAWICE,20.8578193,50.02129351, 84.7, 988.1, 14.8,6.3,5.4, 2026-07-24 07:56:32
NIEPUBLICZNA SZKOŁA PODSTAWOWA MONTESSORI W WIELICZCE, UL. JASNA, 32-020, WIELICZKA,20.04131557116481,49.98142573025661, 77.05, 983.5916666666667, 15.241666666666667,6.808333333333334,5.991666666666667, 2026-07-24 07:56:32
TECHNIKUM IM. KAROLA WOJTYŁY W SUŁKOWICACH, UL. SZKOLNA, 32-440, SUŁKOWICE,19.79959,49.83879, 80.15, 980.225, 14.375,6.0,5.5, 2026-07-24 07:56:32
SZKOŁA PODSTAWOWA IM. KSIĘCIA JÓZEFA PONIATOWSKIEGO W MNIKOWIE, , 32-084, MNIKÓW,19.7203981,50.0603945, 76.33333333333333, 984.6777777777778, 15.122222222222222,4.666666666666667,4.088888888888889, 2026-07-24 07:56:32
RZEMIEŚLNICZA BRANŻOWA SZKOŁA I STOPNIA W TARNOWIE, PL. DWORCOWY, 33-100, TARNÓW,20.97230288,50.00592873, 84.23333333333333, 987.0, 15.275,15.383333333333336,13.433333333333332, 2026-07-24 07:56:32
PUBLICZNA SZKOŁA PODSTAWOWA NR4 IM. EUGENIUSZA KWIATKOWSKIEGO W STALOWEJ WOLI, UL. NIEZŁOMNYCH, 37-450, STALOWA WOLA,22.049257,50.566117, 85.86666666666667, 989.7166666666667, 15.825000000000001,3.275,2.708333333333333, 2026-07-24 07:56:32
PUBLICZNA SZKOŁA PODSTAWOWA NR 30 IM. KRÓLOWEJ JADWIGI W RADOMIU, UL. PIASTOWSKA, 26-600, RADOM,21.15801836,51.43197508, 84.73333333333333, 992.5333333333333, 15.424999999999999,3.941666666666666,3.666666666666666, 2026-07-24 07:56:32
PUBLICZNA SZKOŁA PODSTAWOWA IM. 100. ROCZNICY ODZYSKANIA NIEPODLEGŁOŚCI PRZEZ POLSKĘ W KORZECKU, , 26-060, KORZECKO,20.40868672,50.80193767, 86.325, 981.8666666666667, 13.908333333333333,2.425,2.091666666666667, 2026-07-24 07:56:32
SZKOŁA PODSTAWOWA IM. GENERAŁA STANISŁAWA MACZKA W BLIŻYNIE, UL. PIASKOWA, 26-120, BLIŻYN,20.7611656,51.10539138, 83.76666666666667, 979.0749999999999, 14.475,4.033333333333333,3.3666666666666663, 2026-07-24 07:56:32
SZKOŁA PODSTAWOWA W OKSIE, UL. PL. M. REJA, 28-363, OKSA,20.10227008,50.72821359, 76.84166666666667, 981.1, 14.924999999999999,3.258333333333333,2.8, 2026-07-24 07:56:32
III LICEUM OGÓLNOKSZTAŁCĄCE W ZESPOLE SZKÓŁ NR 1 W PSZCZYNIE , UL. KAZIMIERZA WIELKIEGO, 43-200, PSZCZYNA,18.945466,49.965741, 91.77499999999999, 982.8833333333333, 13.591666666666667,10.508333333333336,8.808333333333334, 2026-07-24 07:56:32
SZKOŁA PODSTAWOWA W JELENIOWIE, , 26-006, JELENIÓW,21.116233057672765,50.84449324956324, 88.01666666666667, 975.25, 14.241666666666667,2.65,2.3666666666666663, 2026-07-24 07:56:32
SZKOŁA PODSTAWOWA W ŁYSAKOWIE, , 28-300, ŁYSAKÓW DRUGI,20.31178517,50.59252463, 82.28333333333333, 980.3666666666667, 13.941666666666668,4.125,3.5, 2026-07-24 07:56:32
SPOŁECZNA SZKOŁA PODSTAWOWA NR 1 IM. KS.PROF. JÓZEFA TISCHNERA W TARNOWIE, UL. GUMNISKA, 33-100, TARNÓW,21.00131621,50.00814381, 84.38333333333334, 986.9166666666666, 15.058333333333332,6.266666666666667,5.475, 2026-07-24 07:56:32
SZKOŁA PODSTAWOWA IM. GEN. STANISŁAWA SKALSKIEGO W POLICHNIE, , 26-060, POLICHNO,20.3964092,50.82155974, 90.125, 981.8249999999999, 13.741666666666667,2.4666666666666672,2.191666666666667, 2026-07-24 07:56:32
TECHNIKUM W RACIĄŻU, UL. KILIŃSKIEGO, 09-140, RACIĄŻ,20.127731,52.778712, 81.24166666666666, 997.3000000000001, 15.174999999999999,3.383333333333333,2.9666666666666672, 2026-07-24 07:56:32
PUBLICZNA SZKOŁA PODSTAWOWA IM.HENRYKA SIENKIEWICZA W MYŚLISZEWICACH, , 26-630, MYŚLISZEWICE,21.2905313,51.413341302261024, 91.60833333333333, 992.3583333333332, 14.191666666666668,23.95833333333333,26.70833333333333, 2026-07-24 07:56:32
SZKOŁA PODSTAWOWA NR 6 IM. DRA WŁADYSŁAWA GĘBIKA Z ODDZIAŁAMI INTEGRACYJNYMI W KWIDZYNIE, UL. GRUNWALDZKA, 82-500, KWIDZYN,18.932667,53.723949, 88.88333333333333, 1002.8666666666667, 16.025000000000002,2.958333333333333,2.733333333333333, 2026-07-24 07:56:32
SZKOŁA PODSTAWOWA W BRZEŚCIU, , 28-400, BRZEŚCIE,20.54586641,50.5470206, 82.59166666666667, 986.6750000000001, 14.575000000000001,3.55,3.158333333333333, 2026-07-24 07:56:32
SZKOŁA PODSTAWOWA W LUBOWIDZU, UL. JANA PAWŁA II, 09-304, LUBOWIDZ,19.842984,53.120566, 88.53333333333335, 995.975, 15.058333333333332,11.75,9.758333333333336, 2026-07-24 07:56:32
SZKOŁA PODSTAWOWA NR 2 IM. JANA PAWŁA II W GORZYCACH, UL. EDUKACJI NARODOWEJ, 39-432, GORZYCE,21.83097317,50.67218435, 95.28333333333335, 993.9, 14.483333333333334,7.75,7.475, 2026-07-24 07:56:32
NIEPUBLICZNA SZKOŁA PODSTAWOWA W NIWCE, , 33-130, NIWKA,20.853454,50.056594, 90.10000000000001, 990.1, 14.336363636363636,5.172727272727273,4.909090909090909, 2026-07-24 07:56:32
TECHNIKUM NR 2 W CZĘSTOCHOWIE, UL. WARSZAWSKA, 42-200, CZĘSTOCHOWA,19.1485028,50.7931394, 74.375, 983.5749999999999, 15.391666666666667,2.716666666666667,2.266666666666666, 2026-07-24 07:56:32
SZKOŁA PODSTAWOWA IM. ORŁA BIAŁEGO W SZCZYTNEJ, UL. KOŚCIELNA, 57-330, SZCZYTNA,16.44633002,50.41610314, 80.89999999999999, 959.9272727272728, 11.045454545454545,3.090909090909091,2.563636363636363, 2026-07-24 07:56:32
PUBLICZNA SZKOŁA PODSTAWOWA IM. JANA KOCHANOWSKIEGO W WÓJCICACH, UL. GŁÓWNA, 55-220, WÓJCICE,17.2122623,50.4609086, 85.24444444444445, 997.4888888888888, 13.644444444444444,3.855555555555556,3.388888888888889, 2026-07-24 07:56:32
I LICEUM OGÓLNOKSZTAŁCĄCE IM. BOLESŁAWA CHROBREGO W KŁODZKU, UL. WOJSKA POLSKIEGO, 57-300, KŁODZKO,16.651149,50.4373, 77.58333333333333, 979.4833333333332, 12.85,4.55,3.958333333333333, 2026-07-24 07:56:32
SZKOŁA PODSTAWOWA W BIENIOWICACH, , 59-216, BIENIOWICE,16.256564,51.258614, 78.52499999999999, 1001.5166666666668, 15.216666666666667,3.416666666666666,2.941666666666666, 2026-07-24 07:56:32
SZKOŁA PODSTAWOWA IM. ŚW. JADWIGI ŚLĄSKIEJ W ŻERNIKACH WROCŁAWSKICH, UL. KOLEJOWA, 55-010, ŻERNIKI WROCŁAWSKIE,17.0609105,51.0305737, 82.175, 998.8583333333332, 14.825000000000001,3.8,3.233333333333333, 2026-07-24 07:56:32
SZKOŁA PODSTAWOWA NR 4 Z ODDZIAŁAMI INTEGRACYJNYMI W BIELAWIE, UL. LUDWIKA WARYŃSKIEGO, 58-260, BIELAWA,16.6008348,50.6662832, 72.02727272727272, 970.3181818181819, 14.836363636363636,2.390909090909091,1.936363636363636, 2026-07-24 07:56:32
SZKOŁA PODSTAWOWA IM. JANA PAWŁA II W GRODZISZCZU, , 58-112, GRODZISZCZE,16.560664,50.798212, 78.13333333333334, 986.4, 14.325000000000001,2.75,2.358333333333333, 2026-07-24 07:56:32
BRANŻOWA SZKOŁA I STOPNIA NR 6 W ZESPOLE SZKÓŁ PRZEMYSŁU SPOŻYWCZEGO IM. POWSTAŃCÓW WIELKOPOLSKICH W ŁODZI, UL. FRANCISZKAŃSKA, 91-845, ŁÓDŹ-BAŁUTY,19.421884,51.7848081, 89.68333333333334, 986.2999999999998, 13.775,3.475,2.8666666666666663, 2026-07-24 07:56:32
TECHNIKUM NR 1 W ZESPOLE SZKÓŁ NR 1 IM. STANISŁAWA STASZICA W BOCHNI, UL. EDWARDA WINDAKIEWICZA, 32-700, BOCHNIA,20.416325,49.966639, 82.39166666666667, 983.0916666666667, 14.241666666666667,3.208333333333333,2.833333333333333, 2026-07-24 07:56:32
SZKOŁA PODSTAWOWA IM. M. KOPERNIKA W KOŚCIELCU, , 32-100, KOŚCIELEC,20.3906858,50.2001419, 82.28333333333333, 988.2833333333333, 14.641666666666666,4.325,4.058333333333334, 2026-07-24 07:56:32
SZKOŁA PODSTAWOWA IM. MARII KONOPNICKIEJ W LIPINACH, , 92-701, LIPINY,19.67220915,51.80665653, 86.575, 983.4916666666667, 13.875,2.074999999999999,1.716666666666666, 2026-07-24 07:56:32
I LICEUM OGÓLNOKSZTAŁCĄCE IM. MARCINA KROMERA W GORLICACH, UL. MARCINA KROMERA, 38-300, GORLICE,21.155748,49.659518, 83.46666666666667, 975.3083333333334, 14.108333333333333,6.325,5.524999999999999, 2026-07-24 07:56:32
SZKOŁA PODSTAWOWA IM. IGNACEGO ŁUKASIEWICZA W KOBYLANCE, , 38-303, KOBYLANKA,21.222151,49.669007, 84.71666666666667, 977.1916666666666, 14.083333333333334,5.783333333333334,4.841666666666667, 2026-07-24 07:56:32
SZKOŁA PODSTAWOWA IM.ŚWIĘTEJ KINGI W KORCZYNIE, , 38-340, KORCZYNA,21.255204,49.702509, 90.72500000000001, 973.7166666666667, 13.508333333333333,5.066666666666666,4.483333333333333, 2026-07-24 07:56:32
TECHNIKUM W GOŁOTCZYŹNIE, UL. CIECHANOWSKA, 06-430, GOŁOTCZYZNA,20.68880627301113,52.79264333773238, 80.86666666666666, 996.3083333333334, 14.208333333333334,6.0,5.208333333333333, 2026-07-24 07:56:32
SZKOŁA PODSTAWOWA IM. WŁADYSŁAWA JÓŹWICKIEGO W GÓRZNIE , UL. DŁUGA, 08-404, GÓRZNO,21.7059907,51.84700102762625, 87.20833333333333, 990.4583333333334, 15.641666666666666,7.024999999999999,5.816666666666666, 2026-07-24 07:56:32
SZKOŁA PODSTAWOWA NR 2 Z ODDZIAŁAMI INTEGRACYJNYMI IM. ŻOŁNIERZY A.K. II REJONU CELKÓW W MARKACH, UL. SZKOLNA, 05-270, MARKI,21.10374427116481,52.31729535665526, 84.5, 999.2666666666668, 15.225,4.266666666666667,3.741666666666666, 2026-07-24 07:56:32
SZKOŁA PODSTAWOWA IM.KAWALERÓW ORDERU UŚMIECHU W SIEROSŁAWICACH, , 32-120, SIEROSŁAWICE,20.461954,50.141099, 78.77499999999999, 988.9666666666667, 15.208333333333334,5.516666666666668,4.875, 2026-07-24 07:56:32
SZKOŁA PODSTAWOWA IM.ŚW.JANA PAWŁA II W ZAWADACH, UL. KOŚCIUSZKI, 16-075, ZAWADY,22.66793745,53.15651651, 97.41818181818181, 998.2272727272727, 14.19090909090909,12.990909090909092,12.172727272727274, 2026-07-24 07:56:32
SZKOŁA PODSTAWOWA NR 2 IM. KRÓLOWEJ JADWIGI W CZECHOWICACH-DZIEDZICACH, UL. WĘGLOWA, 43-502, CZECHOWICE-DZIEDZICE,19.0071238,49.9283149, 91.43333333333334, 983.8916666666665, 13.941666666666668,15.075,12.491666666666667, 2026-07-24 07:56:32
PUBLICZNA SZKOŁA PODSTAWOWA NR 1 Z ODDZIAŁAMI DWUJĘZYCZNYMI W MOGIELNICY, UL. NOWOMIEJSKA, 05-640, MOGIELNICA,20.72027,51.6909326, 87.25, 992.9083333333333, 15.108333333333334,3.191666666666666,2.691666666666666, 2026-07-24 07:56:32
SZKOŁA PODSTAWOWA IM. STANISŁAWA LUBOMIRSKIEGO W NOWYM WIŚNICZU, UL. SZKOLNA, 32-720, NOWY WIŚNICZ,20.464022,49.911873, 81.56363636363636, 981.4181818181819, 14.163636363636362,4.881818181818182,4.590909090909091, 2026-07-24 07:56:32
PUBLICZNA SZKOŁA PODSTAWOWA IM.T. KOŚCIUSZKI W GŁOWACZOWIE, UL. WARECKA, 26-903, GŁOWACZÓW,21.3187284,51.6220175, 90.24166666666667, 994.4083333333333, 15.125,4.675,4.183333333333334, 2026-07-24 07:56:32
SZKOŁA PODSTAWOWA SPECJALNA NR 150 W KRAKOWIE, AL. ALEJA ADOLFA DYGASIŃSKIEGO, 30-820, KRAKÓW-PODGÓRZE,19.98983357116481,50.02147308570759, 79.19090909090909, 989.0181818181819, 13.918181818181818,17.62727272727273,13.636363636363637, 2026-07-24 07:56:32
PUBLICZNA SZKOŁA PODSTAWOWA IM. JÓZEFA BRANDTA W OROŃSKU, UL. SZKOLNA, 26-505, OROŃSKO,20.98980054,51.315665, 91.75833333333333, 987.9333333333334, 14.933333333333332,3.616666666666666,2.983333333333333, 2026-07-24 07:56:32
PUBLICZNA SZKOŁA PODSTAWOWA IM. BATALIONÓW CHŁOPSKICH W KLECZANOWIE, , 27-641, KLECZANÓW,21.57103098,50.71737244, 86.49166666666667, 980.2333333333332, 14.1,4.483333333333333,4.016666666666667, 2026-07-24 07:56:32
SZKOŁA PODSTAWOWA IM. BOHATERÓW WESTERPLATTE W ŁĘKAWICY, , 33-156, ŁĘKAWICA,19.60597,49.84172, 87.06666666666666, 981.9833333333332, 14.241666666666667,7.908333333333334,6.95, 2026-07-24 07:56:32
SZKOŁA PODSTAWOWA W STAROCHĘCINACH, , 26-060, STAROCHĘCINY,20.48081695,50.77685204, 85.76666666666667, 983.9166666666666, 14.208333333333334,2.583333333333333,2.208333333333333, 2026-07-24 07:56:32
SZKOŁA PODSTAWOWA NR 6 IM. KS. JANA TWARDOWSKIEGO W PSZCZYNIE, UL. KSIĘŻYCOWA, 43-200, PSZCZYNA,18.936162,49.965097, 88.60000000000001, 985.6833333333334, 13.6,11.808333333333332,10.625, 2026-07-24 07:56:32
SZKOŁA PODSTAWOWA IM.KAZIMIERZA PUŁASKIEGO W JADAMWOLI, , 34-606, JADAMWOLA,20.51122243,49.58092142, 83.55, 963.9583333333334, 13.683333333333332,2.5,2.216666666666667, 2026-07-24 07:56:32
SZKOŁA PODSTAWOWA NR 2 IM. MARII KONOPNICKIEJ W ŻYRARDOWIE, UL. GABRIELA NARUTOWICZA, 96-300, ŻYRARDÓW,20.43801027,52.05842119, 81.97500000000001, 997.1500000000001, 15.241666666666667,2.558333333333333,2.558333333333333, 2026-07-24 07:56:32
I LICEUM OGÓLNOKSZTAŁCĄCE IM. ZYGMUNTA KRASIŃSKIEGO W CIECHANOWIE, UL. 17 STYCZNIA, 06-400, CIECHANÓW,20.59878057,52.88501004, 82.48333333333333, 995.0916666666667, 15.233333333333334,3.733333333333333,3.358333333333333, 2026-07-24 07:56:32
SZKOŁA PODSTAWOWA W ŁUKOWEJ, , 26-060, ŁUKOWA,20.53811566,50.72732867, 83.55833333333332, 980.6750000000001, 14.075000000000001,2.883333333333333,2.45, 2026-07-24 07:56:32
SZKOŁA PODSTAWOWA W WOLI KORYCKIEJ GÓRNEJ, , 08-455, WOLA KORYCKA GÓRNA,21.754932828835187,51.73577039586474, 88.44545454545454, 990.8363636363637, 15.218181818181819,6.163636363636363,5.272727272727272, 2026-07-24 07:56:32
SZKOŁA PODSTAWOWA W WOLICY, UL. SZKOLNA, 26-060, WOLICA,20.47387736,50.75410087, 82.36666666666666, 983.3666666666667, 14.699999999999998,2.9666666666666672,2.5666666666666678, 2026-07-24 07:56:32
SZKOŁA PODSTAWOWA IM. JANA PAWŁA II W ZBUCZYNIE, UL. JANA PAWŁA II, 08-106, ZBUCZYN,22.44061361,52.08688669, 84.5, 989.3583333333332, 15.633333333333333,10.383333333333336,9.141666666666667, 2026-07-24 07:56:32
TECHNIKUM NR 2 IM. EUGENIUSZA KWIATKOWSKIEGO W STARACHOWICACH, UL. 1 MAJA, 27-200, STARACHOWICE,21.06313317,51.05452968, 84.13333333333334, 980.2583333333333, 14.491666666666667,3.4916666666666663,3.141666666666667, 2026-07-24 07:56:32
PUBLICZNA SZKOŁA PODSTAWOWA IM. JANA KOCHANOWSKIEGO W POLANACH, , 26-680, POLANY,21.114656,51.2261, 87.25833333333333, 986.8583333333332, 14.658333333333333,3.566666666666666,3.566666666666666, 2026-07-24 07:56:32
SZKOŁA PODSTAWOWA W ZBELUTCE, , 26-025, ZBELUTKA-STARA WIEŚ,21.0993345,50.7310922, 86.70833333333333, 967.9333333333334, 13.733333333333334,3.683333333333333,3.083333333333333, 2026-07-24 07:56:32
SZKOŁA PODSTAWOWA IM. STEFANA KARDYNAŁA WYSZYŃSKIEGO W PIERZCHNICY , UL. KARDYNAŁA STEFANA WYSZYŃSKIEGO, 26-015, PIERZCHNICA,20.74729757,50.6959636, 83.35000000000001, 977.2833333333333, 14.091666666666667,11.275,9.466666666666669, 2026-07-24 07:56:32
SZKOŁA PODSTWOWA IM.KSIĘDZA CZESŁAWA PRZYSTASIA W LUTORYŻU, , 36-040, LUTORYŻ,21.91921265254002,49.96511859568209, 87.10833333333333, 983.8833333333333, 14.924999999999999,2.9666666666666672,2.691666666666666, 2026-07-24 07:56:32
SZKOŁA PODSTAWOWA W BRDOWIE, UL. MICKIEWICZA, 62-620, BRDÓW,18.7293986,52.3533225, 90.54166666666667, 997.4499999999999, 14.116666666666667,2.033333333333333,1.733333333333333, 2026-07-24 07:56:32
SZKOŁA PODSTAWOWA Z ODDZIAŁAMI INTEGRACYJNYMI NR 6 IM. SZARYCH SZEREGÓW W GRODZISKU MAZOWIECKIM, UL. SPORTOWA, 05-825, GRODZISK MAZOWIECKI,20.6192335,52.0987683, 82.24166666666666, 999.3166666666666, 15.483333333333334,6.475,5.625, 2026-07-24 07:56:32
SZKOŁA PODSTAWOWA IM. 11 LISTOPADA W ŻÓŁWINIE, UL. SZKOLNA, 05-807, ŻÓŁWIN,20.7249857,52.09761779588044, 93.0, 999.7833333333333, 14.341666666666667,4.216666666666667,3.941666666666666, 2026-07-24 07:56:32
PUBLICZNA SZKOŁA PODSTAWOWA IM. JANA PAWŁA II W WOLI TACZOWSKIEJ, , 26-652, WOLA TACZOWSKA,21.04512254,51.44935931, 91.13333333333333, 988.3333333333334, 14.825000000000001,3.041666666666666,3.041666666666666, 2026-07-24 07:56:32
LICEUM OGÓLNOKSZTAŁCĄCE IM. STEFANA ŻEROMSKIEGO W ŻYRARDOWIE, UL. JANINY JADWIGI KACPERSKIEJ, 96-300, ŻYRARDÓW,20.44495564,52.0675436, 82.425, 999.6416666666668, 14.616666666666667,3.4916666666666663,3.199999999999999, 2026-07-24 07:56:32
SZKOŁA PODSTAWOWA W ŚCINAWIE POLSKIEJ, , 55-200, ŚCINAWA POLSKA,17.33660972,50.93346737, 80.325, 998.0583333333334, 14.783333333333333,0.9,0.808333333333333, 2026-07-24 07:56:32
SZKOŁA PODSTAWOWA W ŚCINAWCE DOLNEJ, , 57-410, ŚCINAWKA DOLNA,16.5360171,50.4966472, 83.22500000000001, 979.3333333333334, 11.441666666666668,4.225,3.666666666666666, 2026-07-24 07:56:32
I LICEUM OGÓLNOKSZTAŁCĄCE IM. ADAMA MICKIEWICZA W ŁAPACH, UL. BOHATERÓW WESTERPLATTE, 18-100, ŁAPY,22.87657971,52.98984475, 81.61666666666666, 993.7833333333333, 15.4,11.241666666666667,9.458333333333334, 2026-07-24 07:56:32
SZKOŁA PODSTAWOWA W WĘGRACH, UL. SZKOLNA, 55-020, WĘGRY,17.0374566,50.92746209, 83.20833333333333, 997.3833333333333, 13.858333333333334,1.8,1.583333333333333, 2026-07-24 07:56:32
PUBLICZNA SZKOŁA PODSTAWOWA IM. MIKOŁAJA KOPERNIKA W BIENIĘDZICACH, , 26-625, BIENIĘDZICE,20.92852467,51.41165831, 92.78181818181818, 989.1454545454545, 14.736363636363636,3.509090909090909,2.9454545454545453, 2026-07-24 07:56:32
SAMORZĄDOWA SZKOŁA PODSTAWOWA IM. WOJSKA POLSKIEGO W WODZISŁAWIU, UL. SZKOLNA, 28-330, WODZISŁAW,20.18925053,50.51810713, 82.925, 982.6750000000001, 14.275,2.883333333333333,2.5749999999999997, 2026-07-24 07:56:32
TECHNIKUM W JASIEŃCU, UL. CZERSKA, 05-600, JASIENIEC,20.94031755,51.82104731, 87.40833333333335, 994.9333333333334, 15.241666666666667,3.891666666666667,3.25, 2026-07-24 07:56:32
LICEUM OGÓLNOKSZTAŁCĄCE W ZESPOLE SZKÓŁ DRZEWNYCH I LEŚNYCH IM. JANA KOCHANOWSKIEGO W GARBATCE - LETNISKU, UL. HANKI LEWANDOWICZ, 26-930, GARBATKA-LETNISKO,21.62967267,51.49346798, 99.7, 991.9499999999999, 14.775,4.891666666666668,4.1, 2026-07-24 07:56:32
PUBLICZNA SZKOŁA PODSTAWOWA IM. JANA OLRYCHA SZANIECKIEGO W SZAŃCU, , 28-100, SZANIEC,20.69198509758868,50.51627384074623, 87.875, 981.0, 14.166666666666666,3.733333333333333,3.449999999999999, 2026-07-24 07:56:32
SZKOŁA PODSTAWOWA W ZBOROWIE, UL. ZWIERZYNIEC, 28-131, ZBORÓW,20.711351,50.51339044, 84.39166666666667, 987.1416666666668, 14.9,3.908333333333333,3.266666666666667, 2026-07-24 07:56:32
SZKOŁA PODSTAWOWA W SOLCU-ZDROJU, UL. 1 MAJA, 28-131, SOLEC-ZDRÓJ,20.8893586,50.37082674, 79.10000000000001, 988.2333333333332, 15.6,4.658333333333333,4.075, 2026-07-24 07:56:32
I LICEUM OGÓLNOKSZTAŁCĄCE W NOWEJ SARZYNIE, UL. KOMISJI EDUKACJI NARODOWEJ, 37-310, NOWA SARZYNA,22.34167945,50.31921557, 95.76666666666667, 990.5583333333334, 14.733333333333334,7.133333333333333,6.658333333333334, 2026-07-24 07:56:32
SZKOŁA PODSTAWOWA W SZRENIAWIE, , 32-075, SZRENIAWA,19.8690283,50.3768057, 89.375, 976.9583333333334, 13.333333333333334,1.866666666666666,1.616666666666666, 2026-07-24 07:56:32
SZKOŁA PODSTAWOWA IM. WANDY RUTKIEWICZ W JANOWICACH WIELKICH, UL. PARTYZANTÓW, 58-520, JANOWICE WIELKIE,15.925671,50.88188, 88.76666666666667, 973.6750000000001, 13.758333333333333,15.066666666666668,12.966666666666669, 2026-07-24 07:56:32
SZKOŁA PODSTAWOWA W PTASZKOWIE, , 58-400, PTASZKÓW,16.0415642,50.7927672, 83.85833333333333, 962.5, 12.733333333333334,5.524999999999999,4.708333333333333, 2026-07-24 07:56:32
SZKOŁA PODSTAWOWA IM. ŚW. WOJCIECHA WE WŁODOWICACH, , 57-400, WŁODOWICE,16.4776033,50.575772, 82.0, 971.7166666666667, 11.533333333333333,3.116666666666666,2.658333333333333, 2026-07-24 07:56:32
PUBLICZNA SZKOŁA PODSTAWOWA W LEWINIE KŁODZKIM, UL. KOŚCIELNA, 57-343, LEWIN KŁODZKI,16.2909777,50.4056168, 85.85833333333333, 961.875, 9.741666666666667,2.141666666666666,1.916666666666666, 2026-07-24 07:56:32
SZKOŁA PODSTAWOWA NR 3 IM. JANA PAWŁA II W SYCOWIE, UL. KOŚCIELNA, 56-500, SYCÓW,17.72017,51.3071, 82.90833333333333, 992.7416666666667, 13.716666666666667,3.0,2.558333333333333, 2026-07-24 07:56:32
SPOŁECZNA SZKOŁA PODSTAWOWA W ŚWIDNICY, UL. ADAMA MICKIEWICZA, 58-100, ŚWIDNICA,16.677532,51.0740481, 79.05833333333332, 990.3666666666667, 14.316666666666668,2.916666666666666,2.541666666666666, 2026-07-24 07:56:32
SZKOŁA PODSTAWOWA W KRZESZOWIE, UL. BETLEJEMSKA, 58-400, KRZESZÓW,16.0646514,50.7333391, 80.26666666666667, 960.1083333333335, 12.891666666666666,6.341666666666666,5.491666666666667, 2026-07-24 07:56:32
SZKOŁA PODSTAWOWA W MOKRZESZOWIE, , 58-160, MOKRZESZÓW,16.371249,50.8485349, 78.15833333333333, 979.8583333333332, 13.966666666666667,3.341666666666667,2.858333333333333, 2026-07-24 07:56:32
SZKOŁA PODSTAWOWA IM. ADAMA MICKIEWICZA W PĘGOWIE, UL. GŁÓWNA, 55-120, PĘGÓW,16.9325607,51.2463277, 84.69166666666668, 998.8333333333334, 13.558333333333332,3.275,2.783333333333333, 2026-07-24 07:56:32
TECHNIKUM W BOLKOWIE, UL. NIEPODLEGŁOŚCI, 59-420, BOLKÓW,16.1055099,50.92060569, 77.74166666666666, 976.1333333333333, 14.533333333333333,3.916666666666666,3.283333333333333, 2026-07-24 07:56:32
SZKOŁA PODSTAWOWA NR 4 IM.PROF. ROMANA PODOSKIEGO W OLEŚNICY, UL. IGNACEGO PADEREWSKIEGO, 56-400, OLEŚNICA,17.3883791,51.2047183, 84.15833333333333, 995.2583333333333, 13.825000000000001,3.408333333333333,3.1, 2026-07-24 07:56:32
SZKOŁA PODSTAWOWA W PÓŁWIESKU MAŁYM, , 87-337, PÓŁWIESK MAŁY,19.2209039,53.1414488, 79.22500000000001, 997.3333333333334, 17.241666666666667,2.324999999999999,1.991666666666666, 2026-07-24 07:56:32
TECHNIKUM NR 9 W TORUNIU, UL. STEFANA BATOREGO, 87-100, TORUŃ,18.6208871,53.0272793, 88.65833333333335, 1006.3249999999999, 15.283333333333333,1.858333333333333,1.541666666666666, 2026-07-24 07:56:32
SZKOŁA PODSTAWOWA W RUDNIE W ZESPOLE KSZTAŁCENIA I WYCHOWANIA W RUDNIE, UL. SZKOLNA, 83-121, RUDNO,18.762284,53.934177, 85.15833333333333, 1004.0333333333333, 15.825000000000001,2.4,2.183333333333333, 2026-07-24 07:56:32
SZKOŁA PODSTAWOWA W RACŁAWICZKACH, UL. SZKOLNA, 47-370, RACŁAWICZKI,17.7792949,50.4791824, 73.11666666666666, 991.3666666666667, 16.099999999999998,1.966666666666666,1.675, 2026-07-24 07:56:32
SZKOŁA PODSTAWOWA W KOMORNIKACH, UL. SZKOLNA, 47-364, KOMORNIKI,17.900609,50.433498, 77.54166666666667, 992.1333333333333, 14.766666666666666,3.516666666666666,3.05, 2026-07-24 07:56:32
SZKOŁA PODSTAWOWA NR 20 IM.II MORSKIEGO PUŁKU STRZELCÓW W GDYNI, UL. STARODWORCOWA, 81-575, GDYNIA,18.495846,54.464583, 82.78333333333333, 997.8499999999999, 15.775,1.258333333333333,1.108333333333333, 2026-07-24 07:56:32
SZKOŁA PODSTAWOWA IM. PRZYJACIÓŁ ZIEMI W KŁODAWIE, , 89-632, KŁODAWA,17.6377441,53.745006, 81.22500000000001, 994.1083333333335, 15.200000000000001,1.858333333333333,1.6833333333333331, 2026-07-24 07:56:32
SZKOŁA PODSTAWOWA NR 2 IM. STANISŁAWA STASZICA W OSTROŁĘCE, UL. PAPIERNICZA, 07-410, OSTROŁĘKA,21.5825833,53.0888402, 81.48333333333333, 999.25, 15.808333333333332,6.066666666666666,5.491666666666667, 2026-07-24 07:56:32
SZKOŁA PODSTAWOWA NR 67 IM. WŁADYSŁAWA ŁOKIETKA W KRAKOWIE, UL. KACZORÓWKA, 31-264, KRAKÓW-KROWODRZA,19.9056364,50.1069438, 78.10833333333333, 984.5500000000001, 14.625,3.25,2.675, 2026-07-24 07:56:32
IV LICEUM OGÓLNOKSZTAŁCĄCE IM. HENRYKA SIENKIEWICZA W CZĘSTOCHOWIE, AL. ALEJA NAJŚWIĘTSZEJ MARYI PANNY, 42-217, CZĘSTOCHOWA,19.1090584,50.8125266, 78.55833333333334, 981.6666666666666, 14.408333333333333,2.4666666666666672,2.074999999999999, 2026-07-24 07:56:32
PUBLICZNA KATOLICKA SZKOŁA PODSTAWOWA IM. ŚW. JOANNY BERETTY MOLLI W KRAKOWIE, UL. STELMACHÓW, 31-349, KRAKÓW-KROWODRZA,19.9043827,50.0953292, 83.60000000000001, 978.6833333333334, 14.075000000000001,2.708333333333333,2.441666666666667, 2026-07-24 07:56:32
SZKOŁA PODSTAWOWA NR 33 IM. M. KOWNACKIEJ W CZĘSTOCHOWIE, UL. SEWERYNA GOSZCZYŃSKIEGO, 42-217, CZĘSTOCHOWA,19.1097087,50.7990464, 81.25833333333334, 982.7083333333334, 14.700000000000001,2.208333333333333,1.8, 2026-07-24 07:56:32
SZKOŁA PODSTAWOWA IM.JANA KOCHANOWSKIEGO W CZARNYM LESIE, UL. SZKOLNA, 42-233, CZARNY LAS,19.0845102,50.8928973, 74.97500000000001, 985.1916666666667, 14.741666666666667,2.908333333333333,2.658333333333333, 2026-07-24 07:56:32
SZKOŁA PODSTAWOWA NR 49 IM. J.KUSOCIŃSKIEGO W CZĘSTOCHOWIE, UL. JESIENNA, 42-208, CZĘSTOCHOWA,19.146175,50.7703289, 86.2, 981.2333333333332, 13.116666666666667,2.449999999999999,2.091666666666667, 2026-07-24 07:56:32
SZKOŁA PODSTAWOWA IM. GEN.STANISŁAWA MACZKA W BOGUCHWALE, UL. TEODORA LUBOMIRSKIEGO, 36-040, BOGUCHWAŁA,21.9468603,49.9849727, 85.83333333333333, 983.7916666666666, 14.908333333333333,3.608333333333333,3.258333333333333, 2026-07-24 07:56:32
SZKOŁA PODSTAWOWA IM. PROF. JANA SAJDAKA W BURZYNIE, , 33-170, BURZYN,21.0614367,49.8737482, 87.00833333333333, 983.1333333333333, 14.341666666666667,4.925,4.383333333333334, 2026-07-24 07:56:32
SZKOŁA PODSTAWOWA IM. KORNELA MAKUSZYŃSKIEGO W DĄBRÓWCE TUCHOWSKIEJ, , 33-170, DĄBRÓWKA TUCHOWSKA,21.0449769,49.8733226, 88.01666666666667, 986.4416666666666, 14.299999999999999,3.958333333333333,3.691666666666666, 2026-07-24 07:56:32
PUBLICZNA SZKOŁA PODSTAWOWA W BĄKOWEJ, , 27-310, BĄKOWA,21.462254,51.209968, 99.7, 989.0, 14.85,6.208333333333333,5.1, 2026-07-24 07:56:32
LICEUM OGÓLNOKSZTAŁCĄCE W PRZASNYSZU, UL. MAZOWIECKA, 06-300, PRZASNYSZ,20.894694468872185,53.02520296443298, 85.44166666666666, 995.85, 14.533333333333333,5.741666666666667,4.95, 2026-07-24 07:56:32
BRANŻOWA SZKOŁA I STOPNIA W PRZASNYSZU, UL. MAZOWIECKA, 06-300, PRZASNYSZ,20.870424368871877,53.01786487865621, 82.60000000000001, 995.3636363636364, 14.509090909090908,4.209090909090909,3.836363636363636, 2026-07-24 07:56:32
TECHNIKUM W ZESPOLE SZKÓŁ POWIATOWYCH IM. MJRA HENRYKA SUCHARSKIEGO W PRZASNYSZU, UL. MAZOWIECKA, 06-300, PRZASNYSZ,20.87980154232724,53.01566507941117, 74.30833333333334, 995.65, 16.766666666666666,4.883333333333334,4.566666666666666, 2026-07-24 07:56:32
SZKOŁA PODSTAWOWA IM. FELIKSA NOWOWIEJSKIEGO W WYDMINACH, UL. GRUNWALDZKA, 11-510, WYDMINY,22.034963,53.9804304, 88.75, 991.8666666666667, 15.25,3.916666666666666,3.516666666666667, 2026-07-24 07:56:32
TECHIKUM IM. JANA PAWŁA II W ŻARNOWCU, UL. KRAKOWSKA, 42-439, ŻARNOWIEC,19.8627098,50.4785469, 81.09166666666667, 977.9, 14.049999999999999,1.883333333333333,1.675, 2026-07-24 07:56:32
SZKOŁA PODSTAWOWA NR 3 IM. ŚW. MAKSYMILIANA MARII KOLBEGO W CHMIELNIKU, , 36-016, CHMIELNIK,22.153376,49.967673, 90.19166666666666, 979.9499999999999, 14.716666666666667,3.891666666666667,3.358333333333333, 2026-07-24 07:56:32
SZKOŁA PODSTAWOWA Z ODDZIAŁAMI INTEGRACYJNYMI IM. JANA PAWŁA II W PANIÓWKACH, UL. ZWYCIĘSTWA, 44-177, PANIÓWKI,18.7807475,50.2326931, 92.03333333333335, 988.125, 13.483333333333334,14.108333333333334,13.083333333333334, 2026-07-24 07:56:32
SZKOŁA PODSTAWOWA IM. WITOLDA BUDRYKA W CHUDOWIE, UL. SZKOLNA, 44-177, CHUDÓW,18.7790318,50.2106591, 92.27499999999999, 984.2583333333333, 13.641666666666666,8.583333333333334,7.166666666666667, 2026-07-24 07:56:32
SZKOŁA PODSTAWOWA NR 12 IM. JÓZEFA JANIKA W MIKOŁOWIE, UL. SZKOLNA, 43-196, MIKOŁÓW,18.79996,50.1842309, 93.41666666666667, 980.4583333333334, 12.658333333333333,18.883333333333333,17.233333333333334, 2026-07-24 07:56:32
SZKOŁA PODSTAWOWA IM. ORŁA BIAŁEGO W WYKOWIE, , 18-500, WYKOWO,21.919300168509835,53.4743330561782, 100.0, 997.6333333333333, 16.383333333333333,17.941666666666666,16.366666666666667, 2026-07-24 07:56:32
SZKOŁA PODSTAWOWA IM. ŚW. JADWIGI KRÓLOWEJ W KAMIENIU PRUSINIE, , 36-053, KAMIEŃ,22.13142067,50.34420441, 88.35000000000001, 984.475, 14.816666666666668,1.258333333333333,1.041666666666666, 2026-07-24 07:56:32
SZKOŁA PODSTAWOWA W SKÓRCU, UL. SIEDLECKA, 08-114, SKÓRZEC,22.13605362,52.10761735, 84.99166666666666, 988.4416666666666, 15.383333333333333,9.208333333333334,7.783333333333334, 2026-07-24 07:56:32
SZKOŁA PODSTAWOWA NR 3 IM. MARII KONOPNICKIEJ W ŁOCHOWIE, UL. 1 MAJA, 07-130, ŁOCHÓW,21.68182,52.5307, 88.89999999999999, 999.3583333333332, 15.075000000000001,3.516666666666667,2.983333333333333, 2026-07-24 07:56:32
SZKOŁA PODSTAWOWA IM.ŻOŁNIERZY II ARMII WOJSKA POLSKIEGO W ZESPOLE OŚWIATOWO-WYCHOWAWCZYM W BIAŁKACH , UL. DIAMENTOWA, 08-110, BIAŁKI,22.292238,52.131471, 91.88333333333333, 990.3333333333334, 15.508333333333333,7.675,7.675, 2026-07-24 07:56:32
SZKOŁA PODSTAWOWA W ZESPOLE OŚWIATOWYM IM. JANA PAWŁA II W STOKU LACKIM , UL. SIEDLECKA, 08-110, STOK LACKI,22.35006721,52.16135264, 89.85454545454546, 991.8636363636364, 15.227272727272727,7.372727272727272,7.1, 2026-07-24 07:56:32
SZKOŁA PODSTAWOWA IM. 18 DYWIZJI PIECHOTY ZIEMI ŁOMŻYŃSKIEJ W ANDRZEJEWIE, UL. WARSZAWSKA, 07-305, ANDRZEJEWO,22.19398993,52.82792464, 91.64999999999999, 993.8833333333333, 15.658333333333333,5.45,5.45, 2026-07-24 07:56:32
TECHNIKUM NR 8 W RZESZOWIE, UL. WINCENTEGO POLA, 35-021, RZESZÓW,21.98647117,50.02719923, 94.21666666666665, 987.6833333333334, 14.558333333333332,3.216666666666667,2.933333333333333, 2026-07-24 07:56:32
SZKOŁA PODSTAWOWA IM.JANA KOCHANOWSKIEGO W ŚWIDNIKU, , 34-606, ŚWIDNIK,20.5329659,49.5933178, 82.41666666666667, 968.5749999999999, 14.141666666666666,3.166666666666666,2.891666666666667, 2026-07-24 07:56:32
SZKOŁA PODSTAWOWA W ULATOWIE-ADAMACH, , 06-316, ULATOWO-ADAMY,20.9328136,53.1650883, 81.05833333333334, 994.6666666666666, 15.158333333333333,7.358333333333333,6.475, 2026-07-24 07:56:32
SZKOŁA PODSTAWOWA IM. ADAMA MICKIEWICZA W JAKSICACH, , 32-200, JAKSICE,20.010296,50.322967, 76.08333333333333, 980.3583333333332, 14.608333333333334,2.6166666666666663,2.275, 2026-07-24 07:56:32
SZKOŁA PODSTAWOWA IM. ŚW. KRÓLOWEJ JADWIGI W HERMANOWEJ, , 36-020, HERMANOWA,22.0188654,49.9417235, 88.79166666666667, 979.4666666666667, 14.608333333333333,2.641666666666666,2.266666666666666, 2026-07-24 07:56:32
PUBLICZNA SZKOŁA PODSTAWOWA IM. ŚW. KINGI W ŁĄKCIE DOLNEJ , , 32-733, ŁĄKTA DOLNA,20.399763,49.8388069, 76.88333333333334, 981.8916666666665, 15.166666666666666,3.716666666666667,3.191666666666666, 2026-07-24 07:56:32
SZKOŁA PODSTAWOWA IM. S. CZESŁAWY LOREK W BICZYCACH DOLNYCH, , 33-395, BICZYCE DOLNE,20.6443899,49.6312294, 79.17272727272727, 979.2727272727273, 14.763636363636364,2.927272727272727,2.590909090909091, 2026-07-24 07:56:32
OGÓLNOKSZTAŁCĄCE LICEUM AKADEMICKIE JEZUITÓW W NOWYM SĄCZU, UL. PIOTRA SKARGI, 33-300, NOWY SĄCZ,20.69132733,49.62662433, 85.65833333333335, 979.3666666666667, 14.108333333333333,14.233333333333334,13.416666666666666, 2026-07-24 07:56:32
TECHNIKUM NR 4 W NOWYM SĄCZU, UL. ŚW. DUCHA, 33-300, NOWY SĄCZ,20.69270978,49.62622093, 82.21666666666667, 979.3166666666666, 14.4,8.633333333333335,8.108333333333333, 2026-07-24 07:56:32
SZKOŁA PODSTAWOWA IM. JANA PAWŁA II - PAPIEŻA POLAKA W STARYM LUBOTYNIU, , 07-303, STARY LUBOTYŃ,21.9359049,52.932735, 87.60833333333333, 994.775, 16.041666666666668,7.8916666666666675,6.608333333333333, 2026-07-24 07:56:32
SZKOŁA PODSTAWOWA NR 6 Z ODDZIAŁAMI INTEGRACYJNYMI IM. JANA PAWŁA II W ŁAZISKACH GÓRNYCH, UL. WYRSKA, 43-173, ŁAZISKA GÓRNE,18.8703811,50.1362116, 89.65833333333335, 978.8000000000001, 13.766666666666667,9.058333333333334,7.6416666666666675, 2026-07-24 07:56:32
TECHNIKUM DLA MŁODZIEŻY TEB EDUKACJA W NOWYM SĄCZU, UL. RYNEK, 33-300, NOWY SĄCZ,20.6900064,49.62567283, 84.01818181818182, 978.1454545454545, 14.563636363636363,4.2,3.927272727272727, 2026-07-24 07:56:32
BRANŻOWA SZKOŁA I STOPNIA NR 2 W NOWYM SĄCZU, UL. KRÓLOWEJ JADWIGI, 33-300, NOWY SĄCZ,20.707689,49.613478, 85.15833333333333, 978.25, 14.383333333333333,6.583333333333333,6.341666666666666, 2026-07-24 07:56:32
SZKOŁA PODSTAWOWA W STRZEGOCINIE, , 06-150, STRZEGOCIN,20.84085873,52.68602636, 83.85999999999999, 993.18, 14.5,6.34,5.44, 2026-07-24 07:56:32
SZKOŁA PODSTAWOWA NR 15 IM. BOHATERÓW SĄDECCZYZNY W NOWYM SĄCZU, UL. 29 LISTOPADA, 33-300, NOWY SĄCZ,20.7136659,49.6028522, 78.54166666666667, 975.3583333333332, 14.5,4.15,3.808333333333333, 2026-07-24 07:56:32
SZKOŁA PODSTAWOWA NR 1 W WOLBROMIU, UL. MARIACKA, 32-340, WOLBROM,19.7584,50.37939, 85.93333333333334, 969.3333333333334, 12.933333333333332,3.05,2.65, 2026-07-24 07:56:32
SZKOŁA PODSTAWOWA W SZCZEPANKOWIE, , 18-411, SZCZEPANKOWO,21.94948922362341,53.12016423529404, 91.85000000000001, 995.4499999999999, 15.700000000000001,8.075000000000001,6.725, 2026-07-24 07:56:32
SZKOŁA PODSTAWOWA NR 21 IM. KS. STANISŁAWA KONARSKIEGO W CZĘSTOCHOWIE, UL. SABINOWSKA, 42-202, CZĘSTOCHOWA,19.161529,50.8367999, 81.25833333333334, 983.2083333333334, 14.183333333333332,2.8416666666666672,2.35, 2026-07-24 07:56:32
SZKOŁA PODSTAWOWA IM. K. PUŁASKIGO W RĘDZINACH OSIEDLU, UL. DZIAŁKOWICZÓW, 42-242, RĘDZINY,19.2114785,50.857508, 79.3, 980.5, 14.559999999999999,2.8200000000000003,2.3, 2026-07-24 07:56:32
SZKOŁA PODSTAWOWA IM.TADEUSZA KOŚCIUSZKI W WIERZCHOWISKU, UL. DŁUGA, 42-233, WIERZCHOWISKO,19.1315281,50.87314, 75.91818181818182, 984.1272727272727, 14.618181818181819,5.054545454545454,4.163636363636363, 2026-07-24 07:56:32
SZKOŁA PODSTAWOWA NR 16 W GLIWICACH, UL. JANA KILIŃSKIEGO, 44-122, GLIWICE,18.6691473,50.2768393, 99.7, 1097.8, 14.775,5.466666666666666,4.516666666666668, 2026-07-24 07:56:32
SZKOŁA PODSTAWOWA W PIECNIKU, , 78-650, PIECNIK,16.2532907,53.3424311, 91.73333333333333, 996.8000000000001, 13.841666666666667,3.875,3.608333333333333, 2026-07-24 07:56:32
SZKOŁA PODSTAWOWA IM. JANA PAWŁA II W BIELICACH, UL. JANA PAWŁA II, 74-202, BIELICE,14.7260542,53.2035917, 83.76666666666667, 1010.6416666666668, 14.333333333333334,4.2,3.4916666666666663, 2026-07-24 07:56:32
TECHNIKUM NR 5 W PILE, UL. GEN. SIKORSKIEGO, 64-920, PIŁA,16.7382266,53.1509671, 75.61666666666666, 1005.1500000000001, 14.633333333333333,2.324999999999999,2.016666666666666, 2026-07-24 07:56:32
TECHNIKUM W BIELAWIE - ZESPÓŁ SZKÓŁ I PLACÓWEK KSZTAŁCENIA ZAWODOWEGO W BIELAWIE, UL. STEFANA ŻEROMSKIEGO, 58-260, BIELAWA,16.623803,50.691456, 73.81666666666666, 979.3916666666665, 15.016666666666666,2.183333333333333,1.8916666666666664, 2026-07-24 07:56:32
TECHNIKUM NR 1 W BOLESŁAWCU, UL. GÓRNE MŁYNY, 59-700, BOLESŁAWIEC,15.558936,51.263908, 94.05, 996.8333333333334, 13.174999999999999,9.575,8.883333333333333, 2026-07-24 07:56:32
TECHNIKUM NR 2 W BOLESŁAWCU, AL. TYSIĄCLECIA, 59-700, BOLESŁAWIEC,15.591082,51.261139, 87.29166666666667, 989.4499999999999, 13.758333333333333,3.641666666666667,3.216666666666667, 2026-07-24 07:56:32
SZKOŁA PODSTAWOWA IM.MARII KONOPNICKIEJ W KOSTOMŁOTACH, UL. WROCŁAWSKA, 55-311, KOSTOMŁOTY,16.6157528,51.0436096, 82.16666666666667, 994.6083333333332, 13.758333333333333,3.4,2.85, 2026-07-24 07:56:32
TECHNIKUM W POWIATOWYM ZESPOLE SZKÓŁ W CHOJNOWIE, UL. WINCENTEGO WITOSA, 59-225, CHOJNÓW,15.935802,51.272209, 84.35000000000001, 998.0083333333333, 14.341666666666667,4.35,3.716666666666667, 2026-07-24 07:56:32
SZKOŁA PODSTAWOWA NR 2 IM. STANISŁAWA MONIUSZKI W ORZESZU, UL. BUKOWINA, 43-180, ORZESZE,18.779395,50.14921, 92.74166666666667, 977.1916666666667, 13.6,11.816666666666668,9.825, 2026-07-24 07:56:32
SZKOŁA PODSTAWOWA IM. A.SASIMOWSKIEGO W BOROWIU, UL. ALEKSANDRA SASIMOWSKIEGO, 08-412, BOROWIE,21.7676799,51.9488003, 89.11666666666667, 991.8416666666667, 15.325000000000001,5.516666666666668,4.774999999999999, 2026-07-24 07:56:32
SZKOŁA PODSTAWOWA NR 3 IM.KPT.STANISŁAWA BETLEJA W KŁODZKU, UL. JANA PAWŁA II, 57-300, KŁODZKO,16.646804,50.437599, 83.75833333333334, 977.35, 11.508333333333333,3.341666666666667,2.925, 2026-07-24 07:56:32
SZKOŁA PODSTAWOWA IM. WŁADYSŁAWA STANISŁAWA REYMONTA W KŁODZKU, UL. ROMUALDA TRAUGUTTA, 57-300, KŁODZKO,16.65091495,50.43995998, 78.60000000000001, 980.3666666666667, 12.416666666666666,3.3,2.875, 2026-07-24 07:56:32
TECHNIKUM NR 2 W KŁODZKU, UL. SZKOLNA, 57-300, KŁODZKO,16.652629,50.433394, 74.84166666666667, 980.4083333333333, 13.549999999999999,3.291666666666666,2.766666666666667, 2026-07-24 07:56:32
SZKOŁA PODSTAWOWA IM. BOLESŁAWA CHROBREGO W NIEMCZY, UL. BOLESŁAWA CHROBREGO, 58-230, NIEMCZA,16.86538691,50.90346585, 79.05833333333334, 987.4833333333332, 13.933333333333335,2.791666666666666,2.441666666666667, 2026-07-24 07:56:32
PUBLICZNA SZKOŁA PODSTAWOWA IM. MARII KONOPNICKIEJ W ZIELENICACH, , 57-160, ZIELENICE,16.986569,50.826304, 76.93333333333334, 994.1416666666668, 14.866666666666667,2.3,1.991666666666666, 2026-07-24 07:56:32
SZKOŁA PODSTAWOWA SPECJALNA W STRZELINIE, UL. ZĄBKOWICKA, 57-100, STRZELIN,17.060713,50.777638, 81.54166666666667, 996.9499999999999, 14.358333333333334,2.308333333333333,2.016666666666666, 2026-07-24 07:56:32
SZKOŁA PODSTAWOWA IM. ORŁA BIAŁEGO W KAMIENIU WIELKIM, UL. KOŚCIELNA, 66-460, KAMIEŃ WIELKI,14.77442,52.663653, 96.15833333333335, 1010.4916666666667, 12.733333333333334,2.75,2.483333333333333, 2026-07-24 07:56:32
SZKOŁA PODSTAWOWA IM. JANA PAWŁA II W REDLE, , 78-320, REDŁO,15.96850893241895,53.77690300578236, 90.88333333333333, 1003.5, 13.158333333333333,3.133333333333333,2.283333333333333, 2026-07-24 07:56:32
SZKOŁA PODSTAWOWA W KARWINIE IMIENIA MACIEJA RATAJA W KARWINIE, , 78-230, KARWIN,15.763897,53.99116, 91.46666666666665, 1012.1333333333333, 12.508333333333333,3.441666666666666,3.208333333333333, 2026-07-24 07:56:32
SZKOŁA PODSTAWOWA IM. JANA PAWŁA II W STRĄCZNIE, , 78-642, STRĄCZNO,16.3787738,53.2408346, 77.97500000000001, 998.1583333333333, 15.841666666666667,2.4916666666666663,2.191666666666667, 2026-07-24 07:56:32
SZKOŁA PODSTAWOWA IM. MIKOŁAJA KOPERNIKA W MĘCINCE, , 59-424, MĘCINKA,16.100094,51.071955, 78.26666666666667, 989.1666666666666, 14.875,4.675,4.058333333333334, 2026-07-24 07:56:32
SZKOŁA PODSTAWOWA IM. KAROLA WOJTYŁY W OSIEKU, , 55-200, OSIEK,17.29271,50.88261, 87.58333333333333, 996.7333333333332, 13.233333333333334,2.9666666666666672,2.5666666666666678, 2026-07-24 07:56:32
LICEUM OGÓLNOKSZTAŁCĄCE IM. HENRYKA BRODATEGO W LWÓWKU ŚLĄSKIM, UL. HENRYKA BRODATEGO, 59-600, LWÓWEK ŚLĄSKI,15.584555,51.108168, 83.25, 991.8499999999999, 13.950000000000001,4.175,3.558333333333333, 2026-07-24 07:56:32
SZKOŁA PODSTAWOWA W GORZANOWIE, UL. KŁODZKA, 57-521, GORZANÓW,16.630405,50.353982, 90.16666666666667, 977.8583333333332, 11.0,4.483333333333333,4.0, 2026-07-24 07:56:32
TECHNIKUM IM. STANISŁAWA MIKOŁAJCZYKA W WĄGROWCU, UL. KCYŃSKA, 62-100, WĄGROWIEC,17.19966,52.80848, 82.44545454545454, 1003.0363636363636, 13.5,2.281818181818181,1.918181818181818, 2026-07-24 07:56:32
SZKOŁA PODSTAWOWA IM. ORLĄT LWOWSKICH I BOHATERÓW 37 PUŁKU PIECHOTY 7 DYWIZJI II ARMII WOJSKA POLSKIEGO W RUSZOWIE, UL. ZGORZELECKA, 59-950, RUSZÓW,15.1783741,51.4018245, 85.45833333333333, 997.5333333333333, 13.616666666666667,4.649999999999999,3.9499999999999993, 2026-07-24 07:56:32
SZKOŁA PODSTAWOWA IM.ADAMA MICKIEWICZA W WIERZBNIE, , 55-216, WIERZBNO,17.17937,50.93435, 83.95833333333333, 997.1750000000001, 13.708333333333334,2.625,2.35, 2026-07-24 07:56:32
TECHNIKUM NR 2 W WĄGROWCU, UL. KOŚCIUSZKI, 62-100, WĄGROWIEC,17.2161963,52.8053339, 99.7, 1003.5166666666668, 13.174999999999999,1.925,1.591666666666666, 2026-07-24 07:56:32
SZKOŁA PODSTAWOWA IM. KORNELA MAKUSZYNSKIEGO W BIELAWACH, , 67-112, BIELAWY,19.6561329,52.0617142, 76.53999999999999, 1006.26, 16.080000000000002,4.04,3.56, 2026-07-24 07:56:32
LICEUM OGÓLNOKSZTAŁCĄCE IM. JAROSŁAWA DĄBROWSKIEGO W MIĘDZYCHODZIE, UL. GENERAŁA SIKORSKIEGO, 64-400, MIĘDZYCHÓD,15.909179,52.606012, 81.71666666666667, 1009.7083333333334, 13.733333333333334,2.6,2.591666666666667, 2026-07-24 07:56:32
SZKOŁA PODSTAWOWA Z ODDZIAŁAMI DWUJĘZYCZNYMI IM. A I WŁ. NIEGOLEWSKICH W OPALENICY, UL. POZNAŃSKA, 64-330, OPALENICA,16.41751442883519,52.30940693118218, 83.16666666666667, 1004.5833333333334, 14.275,5.133333333333334,5.083333333333333, 2026-07-24 07:56:32
SZKOŁA PODSTAWOWA W DONABOROWIE, , 63-604, DONABORÓW,18.0613714,51.2706662, 78.0, 993.1500000000001, 14.1,2.558333333333333,2.55, 2026-07-24 07:56:32
PUBLICZNA SZKOŁA PODSTAWOWA NR 17 IM.MARII KONOPNICKIEJ W WAŁBRZYCHU, UL. 1 MAJA, 58-305, WAŁBRZYCH,16.248929600000004,50.76470787264967, 82.45833333333333, 963.9666666666667, 13.641666666666666,5.516666666666668,4.858333333333333, 2026-07-24 07:56:32
SZKOŁA PODSTAWOWA IM. HENRYKA SIENKIEWICZA W ROZTOCE, UL. JANA PAWŁA II, 58-170, ROZTOKA,16.227611,50.959292, 77.85833333333333, 986.8416666666667, 14.333333333333334,4.641666666666668,4.024999999999999, 2026-07-24 07:56:32
SZKOŁA PODSTAWOWA IM. ŚWIĘTEJ JADWIGI ŚLĄSKIEJ W KUNICACH, UL. STAROPOLSKA, 59-216, KUNICE,16.247988,51.223828, 82.95, 1000.4583333333334, 14.575000000000001,4.125,3.55, 2026-07-24 07:56:32
PUBLICZNA SZKOŁA PODSTAWOWA NR 30 IM. ARMII KRAJOWEJ W WAŁBRZYCHU, UL. TYTUSA CHAŁUBIŃSKIEGO, 58-302, WAŁBRZYCH,16.2785288,50.7886076, 83.68333333333334, 959.9666666666667, 12.133333333333333,11.591666666666669,9.95, 2026-07-24 07:56:32
PUBLICZNA SZKOŁA PODSTAWOWA NR 22 IM. GWARKÓW DOLNOŚLĄSKICH W WAŁBRZYCHU, UL. 11 LISTOPADA, 58-302, WAŁBRZYCH,16.2968909,50.7787007, 82.35000000000001, 965.275, 11.575000000000001,4.925,4.133333333333334, 2026-07-24 07:56:32
BRANŻOWA SZKOŁA I STOPNIA W ZŁOTORYI, UL. STANISŁAWA STASZICA, 59-500, ZŁOTORYJA,15.9213852,51.1259316, 81.11666666666666, 987.9833333333332, 14.183333333333332,4.266666666666667,3.758333333333333, 2026-07-24 07:56:32
SZKOŁA PODSTAWOWA IM. JANA BRZECHWY W DOBROMIERZU, UL. PODGÓRNA, 58-170, DOBROMIERZ,16.2329721,50.9099086, 75.43333333333334, 976.475, 15.158333333333333,3.566666666666666,3.074999999999999, 2026-07-24 07:56:32
SZKOŁA PODSTAWOWA W WITOSZYCACH, , 56-200, WITOSZYCE,16.5154353,51.7433015, 86.03333333333335, 1003.8000000000001, 13.166666666666666,3.074999999999999,2.716666666666667, 2026-07-24 07:56:32
PUBLICZNA SZKOŁA PODSTAWOWA W BIAŁYM KOŚCIELE, UL. KAMIENNA, 57-100, BIAŁY KOŚCIÓŁ,17.041226711089568,50.73048375535701, 79.16666666666667, 990.5916666666667, 13.958333333333334,1.816666666666666,1.541666666666666, 2026-07-24 07:56:32
SZKOŁA PODSTAWOWA IM.JANUSZA KORCZAKA W GNIEWKOWIE, , 58-173, GNIEWKÓW,16.223964,50.994542, 77.175, 989.6166666666667, 14.825000000000001,3.225,2.783333333333333, 2026-07-24 07:56:32
SZKOŁA PODSTAWOWA IM. ŚWIĘTEGO MIKOŁAJA W PASTUCHOWIE, UL. WYZWOLENIA, 58-115, PASTUCHÓW,16.437169,50.949092, 87.05833333333334, 992.7166666666667, 12.941666666666668,2.358333333333333,2.091666666666667, 2026-07-24 07:56:32
SZKOŁA PODSTAWOWA IM. ORŁA BIAŁEGO W MARSZOWICACH, , 32-420, MARSZOWICE,20.2362141,49.9174139, 81.47500000000001, 985.3333333333334, 14.725,5.583333333333333,5.008333333333334, 2026-07-24 07:56:32
SZKOŁA PODSTAWOWA NR 5 IM. JANA BRZECHWY Z JĘZYKIEM MNIEJSZOŚCI NIEMIECKIEJ W RACIBORZU, UL. BOJANOWSKA, 47-400, RACIBÓRZ,18.19379,50.06758, 77.39999999999999, 990.25, 14.466666666666667,3.033333333333333,2.641666666666666, 2026-07-24 07:56:32
SZKOŁA PODSTAWOWA IM.ŚW. JANA DE LA SALLE W CZĘSTOCHOWIE, UL. GEN. KAZIMIERZA PUŁASKIEGO, 42-217, CZĘSTOCHOWA,19.1029461,50.8039173, 79.325, 981.4666666666667, 14.333333333333334,2.391666666666666,2.016666666666666, 2026-07-24 07:56:32
SZKOŁA PODSTAWOWA NR 2 IM. TADEUSZA KOŚCIUSZKI W WIELICZCE, UL. STANISŁAWA MONIUSZKI, 32-020, WIELICZKA,20.059786,49.98544, 86.39166666666667, 988.2166666666667, 14.075000000000001,5.133333333333334,4.208333333333333, 2026-07-24 07:56:32
SZKOŁA PODSTAWOWA NR 28 IM. LUBUSKICH RODZIN KATYŃSKICH W ZESPOLE EDUKACYJNYM NR 8 W ZIELONEJ GÓRZE, UL. ZAWADA-SZKOLNA, 66-001, ZIELONA GÓRA,15.5568495,51.992893, 82.44166666666666, 1007.9166666666666, 14.683333333333332,5.116666666666666,4.258333333333334, 2026-07-24 07:56:32
PUBLICZNA SZKOŁA PODSTAWOWA W CISIU, UL. CISIAŃSKA, 42-290, CISIE,21.3837731,52.2123551, 72.89166666666667, 980.4666666666667, 15.65,2.458333333333333,2.324999999999999, 2026-07-24 07:56:32
SZKOŁA PODSTAWOWA SPECJALNA NR 2 W SPECJALNYM OŚRODKU SZKOLNO-WYCHOWAWCZYM IM. POLSKICH OLIMPIJCZYKÓW W WARLUBIU, UL. SZKOLNA, 86-160, WARLUBIE,18.6275983,53.5896901, 89.58333333333333, 1002.3416666666667, 14.966666666666667,3.775,3.216666666666667, 2026-07-24 07:56:32
SZKOŁA PODSTAWOWA NR 3 IM. BOHATERÓW MONTE CASSINO W ZABRZU, UL. RTM. WITOLDA PILECKIEGO, 41-800, ZABRZE,18.791714,50.296268, 87.075, 982.1666666666666, 14.225,7.941666666666666,6.591666666666666, 2026-07-24 07:56:32
LICEUM OGÓLNOKSZTAŁCĄCE Z ODDZIAŁAMI DWUJĘZYCZNYMI IM. BOLESŁAWA CHROBREGO W BIELAWIE, UL. SZKOLNA, 58-260, BIELAWA,16.612986,50.683073, 73.04166666666667, 977.1083333333335, 14.691666666666668,1.608333333333333,1.333333333333333, 2026-07-24 07:56:32
SZKOŁA PODSTAWOWA IM. LANCKOROŃSKICH W ZAKLICZYNIE, UL. JACKA MALCZEWSKIEGO, 32-840, ZAKLICZYN,20.816176,49.855242, 84.81666666666666, 985.3083333333334, 14.458333333333334,3.8416666666666672,3.358333333333333, 2026-07-24 07:56:32
LICEUM OGÓLNOKSZTAŁCĄCE IM. HENRYKA SIENKIEWICZA W NOWEJ RUDZIE, OS. PIASTOWSKIE, 57-400, NOWA RUDA,16.49718392,50.58148236, 75.50833333333334, 970.3000000000001, 12.666666666666666,3.033333333333333,2.625, 2026-07-24 07:56:32
SZKOŁA PODSTAWOWA IM.STEFANA ŻEROMSKIEGO W TRZCIŃSKU-ZDROJU, UL. 2 LUTEGO, 74-510, TRZCIŃSKO-ZDRÓJ,14.607718,52.966893, 80.95833333333333, 1007.5, 14.200000000000001,4.008333333333334,3.475, 2026-07-24 07:56:32
BRANŻOWA SZKOŁA I STOPNIA NR 4 W SZCZECINIE, UL. GEN. JÓZEFA SOWIŃSKIEGO, 70-236, SZCZECIN,14.539421,53.418348, 80.83333333333333, 1010.5833333333334, 14.9,4.833333333333333,4.1, 2026-07-24 07:56:32
SZKOŁA PODSTAWOWA IM. JANUSZA KORCZAKA W BIEDRZYCHOWICACH, , 59-830, BIEDRZYCHOWICE,15.3794474,51.0398464, 81.63333333333334, 976.1166666666667, 14.041666666666666,4.225,3.641666666666667, 2026-07-24 07:56:32
ZESPÓŁ SZKOLNO-PRZEDSZKOLNY-SZKOŁA PODSTAWOWA IM. MARSZAŁKA JÓZEFA PIŁSUDSKIEGO W ZAGÓRZU, , 32-005, ZAGÓRZE,20.189108999999995,49.99264019216482, 78.04166666666667, 985.9583333333334, 14.883333333333333,4.133333333333334,3.708333333333333, 2026-07-24 07:56:32
SZKOŁA PODSTAWOWA IM. MIKOŁAJA KOPERNIKA W PSZENNIE, UL. WROCŁAWSKA, 58-125, PSZENNO,16.5392403,50.8557823, 82.68333333333334, 989.8249999999999, 13.200000000000001,2.925,2.558333333333333, 2026-07-24 07:56:32
SZKOŁA PODSTAWOWA IM. OJCA ŚWIĘTEGO JANA PAWAŁA II W MIETKOWIE, UL. KOLEJOWA, 55-081, MIETKÓW,16.653863,50.979778, 79.88333333333334, 996.5666666666666, 13.908333333333333,2.766666666666667,2.4916666666666663, 2026-07-24 07:56:32
SZKOŁA PODSTAWOWA IM. MARII KONOPNICKIEJ W UJEŹDŹCU WIELKIM, , 55-100, UJEŹDZIEC WIELKI,17.092104,51.415639, 80.61666666666666, 1003.6, 14.375,2.958333333333333,2.508333333333333, 2026-07-24 07:56:32
SZKOŁA PODSTAWOWA IM. ŚW. JANA BOSKOW KARCZYCACH, , 55-311, KARCZYCE,16.7424417,51.102343, 82.875, 997.6333333333333, 14.191666666666668,3.358333333333333,2.9666666666666672, 2026-07-24 07:56:32
TECHNIKUM NR 5 W WAŁBRZYCHU, AL. WYZWOLENIA, 58-300, WAŁBRZYCH,16.2784203,50.770552, 80.69166666666666, 965.3583333333332, 12.799999999999999,8.424999999999999,7.175, 2026-07-24 07:56:32
LICEUM OGÓLNOKSZTAŁCĄCE Z ODDZIAŁAMI INTEGRACYJNYMI NR XXX WE WROCŁAWIU, UL. NOWODWORSKA, 54-438, WROCŁAW-FABRYCZNA,16.9556769,51.1153119, 83.24545454545455, 999.8727272727273, 13.763636363636364,5.118181818181818,4.509090909090909, 2026-07-24 07:56:32
SZKOŁA PODSTAWOWA NR 10 IM. MIKOŁAJA KOPERNIKA W GŁOGOWIE, UL. ANDROMEDY, 67-200, GŁOGÓW,16.0628868,51.6534984, 82.23333333333333, 980.8249999999999, 15.1,3.458333333333333,3.025, 2026-07-24 07:56:32
SZKOŁA PODSTAWOWA NR 2 IM. TADEUSZA KOŚCIUSZKI W PROCHOWICACH, UL. KOŚCIUSZKI, 59-230, PROCHOWICE,16.364947,51.280383, 74.71818181818182, 1002.8272727272728, 16.763636363636365,3.472727272727273,2.918181818181818, 2026-07-24 07:56:32
TECHNIKUM KSZTAŁTOWANIA ŚRODOWISKA W SZCZECINIE, UL. PORTOWA, 70-833, SZCZECIN,14.669609,53.399056, 78.48333333333333, 1013.9, 15.5,3.4666666666666672,3.016666666666667, 2026-07-24 07:56:32
SPECJALNA PRZYSZPITALNA NIEPUBLICZNA SZKOŁA PODSTAWOWA PRZY SUDECKIM CENTRUM ZDROWIA W PIESZYCACH, UL. KSIĘDZA EMILA PAGACZA, 58-250, PIESZYCE,16.58036735,50.71553783, 75.01111111111112, 978.3333333333334, 14.322222222222223,2.144444444444444,1.966666666666666, 2026-07-24 07:56:32
SZKOŁA PODSTAWOWA IM. NOBLISTÓW POLSKICH W BRZEZIEJ ŁĄCE, UL. SZKOLNA, 55-093, BRZEZIA ŁĄKA,17.2485849,51.12506, 73.61666666666666, 1001.1333333333333, 15.391666666666666,3.516666666666666,3.1, 2026-07-24 07:56:32
PUBLICZNA SZKOŁA PODSTAWOWA W LATOSZYNIE, , 39-200, LATOSZYN,21.38439,50.02607, 78.875, 984.375, 16.225,4.658333333333333,4.658333333333333, 2026-07-24 07:56:32
PUBLICZNA SZKOŁA PODSTAWOWA IM. JANA PAWŁA II W BRZEŹNICY, UL. SZKOLNA, 39-207, BRZEŹNICA,21.485064,50.103691, 86.52499999999999, 988.0333333333333, 14.716666666666667,4.825,4.066666666666666, 2026-07-24 07:56:32
SZKOŁA PODSTAWOWA W WOLI WIELKIEJ, , 39-218, WOLA WIELKA,21.342836,50.08146, 86.75, 986.5666666666666, 14.433333333333332,4.833333333333333,4.091666666666667, 2026-07-24 07:56:32
SZKOŁA PODSTAWOWA Z ODDZIAŁAMI INTEGRACYJNYMI NR 105 IM. LUDWIKI WAWRZYŃSKIEJ W KRAKOWIE, OS. OSIEDLE SŁONECZNE, 31-958, KRAKÓW-NOWA HUTA,20.042014,50.078466, 74.71666666666667, 988.25, 15.683333333333332,5.8,4.741666666666666, 2026-07-24 07:56:32
NIEPUBLICZNE LICEUM OGÓLNOKSZTAŁCĄCE W BIELAWIE, UL. WOLNOŚCI, 58-260, BIELAWA,16.6516018,50.7381464, 72.025, 979.275, 15.258333333333333,2.641666666666666,2.208333333333333, 2026-07-24 07:56:32
TECHNIKUM W MOŃKACH, UL. SZKOLNA, 19-100, MOŃKI,22.793105,53.401592, 92.60833333333333, 987.4250000000001, 14.9,12.116666666666667,10.816666666666668, 2026-07-24 07:56:32
LICEUM OGÓLNOKSZTAŁCĄCE IM. CYPRIANA KAMILA NORWIDA W MOŃKACH, UL. TYSIĄCLECIA, 19-100, MOŃKI,22.804277,53.404480516, 96.91666666666667, 990.9416666666666, 14.15,14.816666666666665,14.191666666666668, 2026-07-24 07:56:32
I LICEUM OGÓLNOKSZTAŁCĄCE IM. BARTOSZA GŁOWACKIEGO W TOMASZOWIE LUBELSKIM, UL. WYSPIAŃSKIEGO, 22-600, TOMASZÓW LUBELSKI,23.41242,50.4428399, 85.78333333333335, 974.5583333333334, 14.916666666666666,8.033333333333333,7.058333333333334, 2026-07-24 07:56:32
SZKOŁA PODSTAWOWA SPECJALNA W GRÓJCU SZKOŁA FILIALNA W NOWEJ WSI, , 05-660, NOWA WIEŚ,21.077920671164595,51.80929451943448, 89.58333333333333, 993.0749999999999, 14.975,3.441666666666666,2.8416666666666672, 2026-07-24 07:56:32
I LICEUM OGÓLNOKSZTAŁCĄCE IM. MARCINA WADOWITY W WADOWICACH, UL. MICKIEWICZA, 34-100, WADOWICE,19.48966,49.883822, 88.08333333333333, 980.7916666666666, 14.333333333333334,6.866666666666667,5.541666666666667, 2026-07-24 07:56:32
SZKOŁA PODSTAWOWA W DOBRZYNIEWIE DUŻYM, UL. SZKOLNA, 16-002, DOBRZYNIEWO DUŻE,23.0111979,53.1993434, 90.49166666666667, 991.8249999999999, 14.725,9.058333333333334,7.375, 2026-07-24 07:56:32
SZKOŁA PODSTAWOWA IM. JÓZEFA PIŁSUDSKIEGO W WOLI ZACHARIASZOWSKIEJ, UL. ŚWIĘTEGO FLORIANA, 32-087, WOLA ZACHARIASZOWSKA,19.932638999999995,50.1505174316246, 78.86666666666666, 977.975, 13.799999999999999,2.225,1.9083333333333328, 2026-07-24 07:56:32
NIEPUBLICZNA SZKOŁA PODSTAWOWA IM. LEONARDA DA VINCI W SUŁKOWICACH, SUŁKOWICE, 32-095, SUŁKOWICE,19.9266258,50.2316951, 81.96666666666667, 976.9, 13.5,2.441666666666667,2.175, 2026-07-24 07:56:32
SZKOŁA PODSTAWOWA IM. TADEUSZA KOŚCIUSZKI W RACŁAWICACH, , 32-222, RACŁAWICE,20.2357084,50.3240018, 81.26666666666667, 979.8916666666665, 14.674999999999999,3.3666666666666663,2.858333333333333, 2026-07-24 07:56:32
SZKOŁA PODSTAWOWA IM.STULECIA ODZYSKANIA NIEPODLEGŁOŚCI POLSKI W MINODZE, , 32-043, MINOGA,19.9006661,50.2420125, 75.63333333333334, 973.7583333333333, 15.0,2.258333333333333,1.9, 2026-07-24 07:56:32
SZKOŁA PODSTAWOWA NR 3 IM. FLAGI POLSKI W LIBIĄŻU, UL. ŚWIĘTEJ BARBARY, 32-590, LIBIĄŻ,19.3156774,50.1037928, 92.69166666666666, 977.8833333333333, 13.216666666666667,8.958333333333334,7.35, 2026-07-24 07:56:32
SZKOŁA PODSTAWOWA IM. ŚW.KRÓLOWEJ JADWIGI W JERZMANOWICACH, UL. SZKOLNA, 32-048, JERZMANOWICE,19.7463992,50.2118918, 87.68333333333334, 964.125, 12.208333333333334,2.641666666666666,2.358333333333333, 2026-07-24 07:56:32
SZKOŁA PODSTAWOWA W GROMCU, UL. HUSARSKA, 32-590, GROMIEC,19.2846434,50.0550119, 89.75833333333333, 990.4083333333333, 14.116666666666667,5.975,4.883333333333334, 2026-07-24 07:56:32
TECHNIKUM W GIEBUŁTOWIE W ZESPOLE SZKÓŁ PONADPODSTAWOWYCH IM. WINCENTEGO WITOSA W GIEBUŁTOWIE, OS. SZKOLNE, 32-085, GIEBUŁTÓW,19.8869657,50.1393595, 65.16666666666667, 977.6416666666668, 17.791666666666668,2.341666666666667,1.966666666666666, 2026-07-24 07:56:32
ZESPÓŁ SZKOLNO-PRZEDSZKOLNY INTEGRACYJNY NR 1 W OLKUSZU - SZKOŁA PODSTAWOWA NR 2 Z ODDZIAŁAMI INTEGRACYJNYMI IM. J.IWASZKIEWICZA W OLKUSZU, UL. JANA KOCHANOWSKIEGO, 32-305, OLKUSZ,19.5656869,50.2813157, 81.98333333333333, 966.5500000000001, 13.483333333333334,5.866666666666667,5.008333333333334, 2026-07-24 07:56:32
II LICEUM OGÓLNOKSZTAŁCĄCE IM. ZIEMI OLKUSKIEJ W OLKUSZU, UL. STEFANA ŻEROMSKIEGO, 32-305, OLKUSZ,19.5635115,50.2659999, 82.45833333333333, 964.8666666666667, 13.549999999999999,4.675,3.975, 2026-07-24 07:56:32
SZKOŁA PODSTAWOWA IM. ŚW. JADWIGI KRÓLOWEJ W PIENIĄŻKOWICACH ZE SZKOŁĄ PODSTAWOWĄ FILIALNĄ W DZIALE, , 34-408, PIENIĄŻKOWICE,19.878498,49.4941093, 78.47500000000001, 938.9916666666667, 12.391666666666667,2.1,1.858333333333333, 2026-07-24 07:56:32
SZKOŁA PODSTAWOWA W BIEDRZYCHOWICACH, , 48-250, BIEDRZYCHOWICE,17.938484,50.3371949, 81.61666666666666, 990.9, 13.841666666666667,2.625,2.433333333333333, 2026-07-24 07:56:32
I LICEUM OGÓLNOKSZTAŁCĄCE IM. SEWERYNA GOSZCZYŃSKIEGO W ZESPOLE SZKÓŁ OGÓLNOKSZTAŁCĄCYCH NR 1 W NOWYM TARGU, PL. ZYGMUNTA KRASIŃSKIEGO, 34-400, NOWY TARG,20.034732,49.4837969, 91.15833333333335, 946.8249999999999, 11.375,4.058333333333334,3.883333333333333, 2026-07-24 07:56:32
SZKOŁA PODSTAWOWA W GROMOTACH, , 14-204, GROMOTY,19.7000004,53.5982637, 83.74166666666666, 997.5749999999999, 16.175,4.899999999999999,4.233333333333333, 2026-07-24 07:56:32
SZKOŁA PODSTAWOWA IM. MICHAŁA LENGOWSKIEGO W RUDZIENICACH, UL. SZKOLNA, 14-204, RUDZIENICE,19.6657758,53.62897, 83.75833333333334, 997.3499999999999, 16.091666666666665,4.591666666666667,4.024999999999999, 2026-07-24 07:56:32
SZKOŁA PODSTAWOWA IM. TWÓRCÓW LITERATURY DZIECIĘCEJ W ZĄBROWIE, UL. SZKOLNA, 14-241, ZĄBROWO,19.4557253,53.6364963, 81.39166666666667, 999.125, 16.474999999999998,2.833333333333333,2.625, 2026-07-24 07:56:32
SZKOŁA PODSTAWOWA IM. MJR HENRYKA DOBRZAŃSKIEGO HUBALA W GAŁDOWIE, , 14-241, GAŁDOWO,19.4021385,53.6236254, 84.375, 999.3333333333334, 16.433333333333334,2.8416666666666672,2.5749999999999997, 2026-07-24 07:56:32
SZKOŁA PODSTAWOWA W LASECZNIE, , 14-202, LASECZNO,19.4356095,53.5982722, 85.11666666666666, 998.0666666666666, 16.475,2.891666666666667,2.6, 2026-07-24 07:56:32
SZKOŁA PODSTAWOWA IM. JANA PAWŁA II W WIKIELCU, , 14-200, WIKIELEC,19.5189377,53.5801618, 86.10000000000001, 999.0083333333333, 17.25,2.9499999999999997,2.6999999999999997, 2026-07-24 07:56:32
SZKOŁA PODSTAWOWA W SYBERII, , 09-303, SYBERIA,19.7116392,53.0866545, 95.27499999999999, 997.0416666666666, 15.341666666666667,1.5750000000000002,1.266666666666666, 2026-07-24 07:56:32
SZKOŁA PODSTAWOWA W BĘDZYMINIE, UL. GŁÓWNA, 09-300, BĘDZYMIN,19.8252916,53.0500375, 78.35833333333333, 994.3666666666667, 16.583333333333332,4.933333333333335,4.158333333333333, 2026-07-24 07:56:32
SZKOŁA PODSTAWOWA IM.KRZYSZTOFA KAMILA BACZYŃSKIEGO W LIPOWEJ, UL. JANA PAWŁA II, 34-324, LIPOWA,19.0737787,49.6985065, 80.79166666666667, 958.0749999999999, 13.258333333333333,2.074999999999999,2.074999999999999, 2026-07-24 07:56:32
SZKOŁA PODSTAWOWA NR 2 IM. STEFANA ŻEROMSKIEGO W BRENNEJ, UL. BUKOWA, 43-438, BRENNA,18.9436714,49.7184394, 91.5, 961.3125, 12.975,6.575,5.5, 2026-07-24 07:56:32
SZKOŁA PODSTAWOWA W RUDZICY, , 43-394, RUDZICA,18.9050456,49.849154, 90.96666666666665, 975.0500000000001, 13.866666666666667,6.616666666666667,5.466666666666666, 2026-07-24 07:56:32
SZKOŁA PODSTAWOWA NR 3 IM. ZOFII KOSSAK-SZCZUCKIEJ W LIGOCIE, UL. BORY, 43-518, LIGOTA,18.97068,49.89997, 82.65833333333333, 985.6916666666667, 13.575000000000001,9.616666666666667,9.616666666666667, 2026-07-24 07:56:32
SZKOŁA PODSTAWOWA IM. ADAMA MICKIEWICZA W KOBIELICACH, UL. TOPOLOWA, 43-262, KOBIELICE,18.8580059,50.0122572, 96.925, 982.7416666666667, 13.166666666666666,14.375,11.975, 2026-07-24 07:56:32
SZKOŁA PODSTAWOWA NR 5 W WIŚLE, UL. JAWORNIK, 43-460, WISŁA,18.8272309,49.657376, 86.15833333333335, 962.35, 12.158333333333333,3.783333333333333,3.525, 2026-07-24 07:56:32
SZKOŁA PODSTAWOWA NR 11 Z ODDZIAŁAMI INTEGRACYJNYMI IM. KORNELA MAKUSZYŃSKIEGO W BIAŁYMSTOKU, UL. POLESKA, 15-476, BIAŁYSTOK,23.1618347,53.1421672, 82.2, 993.0749999999999, 15.241666666666667,6.533333333333334,5.45, 2026-07-24 07:56:32
SZKOŁA PODSTAWOWA W BABKACH OLECKICH, , 19-400, BABKI OLECKIE,22.50398,54.086, 93.23333333333333, 990.2166666666667, 14.85,2.449999999999999,2.133333333333333, 2026-07-24 07:56:32
TECHNIKUM NR 5 W RZESZOWIE, UL. KLEMENTYNY HOFFMANOWEJ, 35-016, RZESZÓW,21.9939611,50.0340048, 91.05, 985.9166666666666, 15.166666666666666,2.716666666666667,2.716666666666667, 2026-07-24 07:56:32
SZKOŁA PODSTAWOWA NR 26 W RZESZOWIE, UL. JAROSŁAWA DĄBROWSKIEGO, 35-036, RZESZÓW,21.980829,50.0223419, 87.34166666666665, 984.1333333333333, 15.025,3.25,2.8, 2026-07-24 07:56:32
ZESPÓŁ SZKÓŁ NR4-SZKOŁA PODSTAWOWA W SOPOTNI WIELKIEJ, , 34-340, SOPOTNIA WIELKA,19.2960436,49.5925166, 100.0, 1100.0, -40.0,12.136363636363637,10.39090909090909, 2026-07-24 07:56:32
SZKOŁA PODSTAWOWA W PRZYBĘDZY, UL. 3 MAJA, 34-381, PRZYBĘDZA,19.1251165,49.6305149, 84.10833333333333, 958.875, 12.6,2.716666666666667,2.449999999999999, 2026-07-24 07:56:32
SZKOŁA PODSTAWOWA IM. KS.JANA TWARDOWSKIEGO W SIENNEJ, UL. ŚWIĘTEJ JADWIGI ŚLĄSKIEJ, 34-300, SIENNA,19.1480477,49.6766991, 87.7, 965.7166666666667, 13.258333333333333,6.25,5.3, 2026-07-24 07:56:32
SZKOŁA PODSTAWOWA IM. ŚW. JANA KANTEGO I ŚW. JANA PAWŁA II W ZRĘCINIE, UL. ŁUKASIEWICZA, 38-457, ZRĘCIN,21.6905243,49.6676748, 88.0, 976.4583333333334, 13.75,4.558333333333334,4.058333333333334, 2026-07-24 07:56:32
SZKOŁA PODSTAWOWA W ZESPOLE SZKÓŁ W NOWOTAŃCU, , 38-505, NOWOTANIEC,22.031143,49.50775, 88.81, 965.0, 13.440000000000001,1.16,0.97, 2026-07-24 07:56:32
SZKOŁA PODSTAWOWA NR 8 W RZESZOWIE, UL. ANTONIEGO KOPACZEWSKIEGO, 35-225, RZESZÓW,21.983086,50.0496703, 91.59166666666665, 982.875, 14.825000000000001,4.566666666666666,3.991666666666666, 2026-07-24 07:56:32
SZKOŁA PODSTAWOWA NR 15 Z ODDZIAŁAMI SPORTOWYMI W ŻORACH, UL. BANKOWA, 44-240, ŻORY,18.7002921,50.0287507, 88.33333333333333, 981.9250000000001, 13.875,4.433333333333334,3.716666666666667, 2026-07-24 07:56:32
SZKOŁA PODSTAWOWA IM. GUSTAWA MORCINKA W KRZYŻOWICACH, UL. SZKOLNA, 43-254, KRZYŻOWICE,18.6741042,49.9847274, 90.19166666666666, 983.3916666666665, 13.85,3.85,3.266666666666667, 2026-07-24 07:56:32
SZKOŁA PODSTAWOWA NR 13 IM. KS. FRANCISZKA BLACHNICKIEGO W JASTRZĘBIU-ZDROJU, UL. KATOWICKA, 44-335, JASTRZĘBIE-ZDRÓJ,18.6101103,49.9454207, 99.7, 983.1916666666667, 14.1,4.158333333333333,3.4, 2026-07-24 07:56:32
SZKOŁA PODSTAWOWA NR 6 IM. JANUSZA KORCZAKA W JASTRZĘBIU-ZDROJU, UL. ŚLĄSKA, 44-335, JASTRZĘBIE-ZDRÓJ,18.6101103,49.9454207, 83.875, 981.8666666666667, 13.216666666666667,3.6999999999999993,3.141666666666667, 2026-07-24 07:56:32
SZKOŁA PODSTAWOWA IM. BOHATERÓW WESTERPLATTE W KOŃCZYCACH WIELKICH, UL. KOŚCIELNA, 43-419, KOŃCZYCE WIELKIE,18.644137,49.8345649, 90.71666666666665, 983.875, 13.5,3.1,2.908333333333333, 2026-07-24 07:56:32
SZKOŁA PODSTAWOWA IM. TRZECH BRACI W HAŻLACHU, UL. KOŚCIELNA, 43-419, HAŻLACH,18.6369018,49.7967297, 91.50833333333333, 980.1833333333334, 13.241666666666667,2.9916666666666663,2.8, 2026-07-24 07:56:32
PUBLICZNA SZKOŁA PODSTAWOWA IM. MARII KONOPNICKIEJ W RZĄŚNIKU WŁOŚCIAŃSKIM, , 07-311, RZĄŚNIK WŁOŚCIAŃSKI,21.715940640027423,52.85219083050499, 82.40833333333333, 995.1833333333334, 15.541666666666666,6.966666666666666,5.733333333333333, 2026-07-24 07:56:32
SZKOŁA PODSTAWOWA IM.JANA PAWŁA WIELKIEGO W NOWYCH ŻUKOWICACH, , 33-151, NOWE ŻUKOWICE,21.1379808,50.0897784, 84.99166666666666, 982.6333333333333, 14.241666666666667,0.0,0.0, 2026-07-24 07:56:32
I LICEUM OGÓLNOKSZTAŁCĄCE W ŁAŃCUCIE, UL. ADAMA MICKIEWICZA, 37-100, ŁAŃCUT,22.229792,50.065729, 92.10833333333333, 980.5500000000001, 14.666666666666666,2.683333333333333,2.683333333333333, 2026-07-24 07:56:32
SZKOŁA PODSTAWOWA NR 9 W RZESZOWIE, UL. MIŁA, 35-314, RZESZÓW,22.0037829,49.995803, 85.20833333333333, 988.5, 15.158333333333333,2.941666666666666,2.675, 2026-07-24 07:56:32
SZKOŁA PODSTAWOWA IM. JANA PAWŁA II W STĘPINIE, , 38-125, STĘPINA,21.5731784,49.8730429, 82.88333333333334, 976.7583333333333, 14.6,3.058333333333333,2.675, 2026-07-24 07:56:32
SZKOŁA PODSTAWOWA IM. A.FREDRY W KORCZYNIE, UL. ALEKSANDRA FREDRY, 38-420, KORCZYNA,21.745109,49.741178, 87.55, 978.025, 14.533333333333333,2.591666666666667,2.25, 2026-07-24 07:56:32
SZKOŁA PODSTAWOWA NR 3 Z ODDZIAŁAMI INTEGRACYJNYMI IM. ADAMA MICKIEWICZA W CHEŁMIE, UL. REJOWIECKA, 22-100, CHEŁM,23.450305,51.144488, 81.7, 984.9250000000001, 16.008333333333333,5.683333333333334,4.833333333333333, 2026-07-24 07:56:32
SZKOŁA PODSTAWOWA SPECJALNA NR 12 W CHEŁMIE, UL. TRUBAKOWSKA, 22-100, CHEŁM,23.44590149,51.13637258, 85.69999999999999, 985.3166666666666, 15.791666666666666,5.883333333333333,5.091666666666667, 2026-07-24 07:56:32
TECHNIKUM NR 1 W CHEŁMIE, UL. STEFANA BATOREGO, 22-100, CHEŁM,23.497516599999997,51.13198101756866, 82.85000000000001, 985.2333333333332, 15.941666666666668,6.399999999999999,5.5, 2026-07-24 07:56:32
TECHNIKUM NR 3 W BOLESŁAWCU, UL. KOMUNY PARYSKIEJ, 59-700, BOLESŁAWIEC,15.563612,51.260484, 85.18333333333334, 1000.2916666666666, 13.666666666666666,4.833333333333333,4.183333333333333, 2026-07-24 07:56:32
TECHNIKUM PRZEDSIĘBIORSTWA BUDOWNICTWA PRZEMYSŁOWEGO CHEMOBUDOWA-KRAKÓW S.A., OS. OSIEDLE UROCZE, 31-953, KRAKÓW-NOWA HUTA,19.8934774,50.0764489, 76.56666666666666, 986.5500000000001, 15.441666666666668,2.983333333333333,2.55, 2026-07-24 07:56:32
CENTRUM KSZTAŁCENIA ZAWODOWEGO I USTAWICZNEGO W NIEPOŁOMICACH-BRANŻOWA SZKOŁA I STOPNIA IM. KRAKOWSKIEGO BRACTWA KURKOWEGO, UL. 3 MAJA, 32-005, NIEPOŁOMICE,20.216084,50.035891, 75.575, 988.6416666666668, 15.966666666666667,2.6166666666666663,2.266666666666666, 2026-07-24 07:56:32
PUBLICZNA SZKOŁA PODSTAWOWA IM.GEN.MARCINA KĄTSKIEGO W KĄTACH, , 32-862, KĄTY,20.601274,49.78725, 84.50833333333334, 981.9083333333333, 13.758333333333333,9.408333333333331,9.175, 2026-07-24 07:56:32
SZKOŁA PODSTAWOWA SPECJALNA NR 251, UL. BEŁSKA, 02-638, WARSZAWA,20.999099,52.191254, 84.2, 998.2333333333332, 15.533333333333333,3.625,3.266666666666667, 2026-07-24 07:56:32
PUBLICZNA SZKOŁA PODSTAWOWA IM. MACIEJA RATAJA W BOROWIE, UL. WROCŁAWSKA, 57-160, BORÓW,16.99427216,50.88586649, 82.73333333333333, 997.5916666666667, 13.741666666666667,1.666666666666666,1.666666666666666, 2026-07-24 07:56:32
SZKOŁA PODSTAWOWA NR 21 IM.JURIJA GAGARINA W ZABRZU, UL. BYTOMSKA, 41-803, ZABRZE,18.818479,50.319448, 84.73333333333333, 983.5749999999999, 14.708333333333334,6.95,5.675, 2026-07-24 07:56:32
SZKOŁA PODSTAWOWA IM.MJR. JÓZEFA WIŚNIEWSKIEGO W LUTKÓWCE, UL. SZKOLNA, 96-323, LUTKÓWKA,20.62648447,51.92519026, 85.38333333333333, 988.2833333333333, 14.174999999999999,6.491666666666667,5.691666666666666, 2026-07-24 07:56:32
SZKOŁA PODSTAWOWA IM HENRYKA POBOŻNEGO W TOMISŁAWIU, , 59-724, TOMISŁAW,15.4271019,51.2944897, 87.21666666666665, 993.9333333333334, 13.766666666666666,4.149999999999999,3.566666666666666, 2026-07-24 07:56:32
I LICEUM OGÓLNOKSZTAŁCĄCE IM. KAROLA MIARKI W ŻORACH, UL. POWSTAŃCÓW, 44-240, ŻORY,18.69650962,50.04960943, 90.81666666666666, 983.9916666666667, 13.641666666666666,4.533333333333333,3.858333333333333, 2026-07-24 07:56:32
SZKOŁA PODSTAWOWA NR 39 DLA DZIECI SŁABOSŁYSZĄCYCH NIESŁYSZĄCYCH I Z AFAZJĄ IM. MARII GÓRALÓWNY W BIELSKU-BIAŁEJ, UL. KAMIENICKA, 43-300, BIELSKO-BIAŁA,19.0369427,49.8105181, 93.35833333333333, 974.1583333333333, 12.6,15.558333333333332,14.583333333333334, 2026-07-24 07:56:32
SZKOŁA PODSTAWOWA IM. ŚW. FRANCISZKA Z ASYŻU W EGIERTOWIE, UL. KARTUSKA, 83-312, EGIERTOWO,18.20287653,54.23957358, 86.41666666666667, 982.9333333333334, 13.883333333333333,2.025,1.833333333333333, 2026-07-24 07:56:32
SZKOŁA PODSTAWOWA SPECJALNA NR 12 W TYCHACH, UL. EDUKACJI, 43-100, TYCHY,19.0031763,50.1159024, 77.83333333333333, 984.6166666666667, 14.966666666666667,9.416666666666666,8.333333333333334, 2026-07-24 07:56:32
SZKOŁA PODSTAWOWA W BARCINKU, , 58-512, BARCINEK,15.594319,50.9383351, 83.81666666666666, 974.3333333333334, 13.666666666666666,6.283333333333334,5.399999999999999, 2026-07-24 07:56:32
SZKOŁA PODSTAWOWA NR 7 IM. JANA PAWŁA II W OLEŚNICY, UL. 11 LISTOPADA, 56-400, OLEŚNICA,17.3825043,51.2056527, 66.45833333333333, 995.8166666666666, 17.641666666666666,3.283333333333333,2.858333333333333, 2026-07-24 07:56:32
SZKOŁA PODSTAWOWA NR 57 IM. GEN. WŁADYSŁAWA ANDERSA W GDAŃSKU, UL. AKSAMITNA, 80-858, GDAŃSK,18.6527195,54.3580527, 78.00833333333334, 1011.6666666666666, 16.908333333333335,1.966666666666666,1.6583333333333332, 2026-07-24 07:56:32
SZKOŁA PODSTAWOWA IM.KRÓLA KAZIMIERZA WIELKIEGO W BINAROWEJ, , 38-340, BINAROWA,21.2269249,49.7554945, 82.30833333333334, 977.8249999999999, 14.533333333333333,4.791666666666667,4.149999999999999, 2026-07-24 07:56:32
SZKOŁA PODSTAWOWA IM. MARII DĄBROWSKIEJ W GRODŹCU, , 62-580, GRODZIEC,18.0597093,52.0381615, 81.05833333333334, 999.5666666666666, 13.6,2.925,2.383333333333333, 2026-07-24 07:56:32
SZKOŁA PODSTAWOWA NR 23 SPECJALNA W PSZCZYNIE, UL. L. ZAMENHOFA, 43-200, PSZCZYNA,18.9505973,49.9729363, 87.10833333333333, 983.6916666666667, 13.733333333333334,11.666666666666666,11.383333333333333, 2026-07-24 07:56:32
TECHNIKUM NR 1 W OSTROWCU ŚWIĘTOKRZYSKIM, OS. SŁONECZNE, 27-400, OSTROWIEC ŚWIĘTOKRZYSKI,21.39347022,50.94588695, 85.19166666666666, 986.9, 15.041666666666666,4.933333333333335,4.116666666666666, 2026-07-24 07:56:32
SZKOŁA PODSTAWOWA IM. MARII KONOPNICKIEJ W TRZEBUNI, , 32-438, TRZEBUNIA,19.8527239,49.789417, 77.77499999999999, 965.625, 13.791666666666666,4.7,4.4, 2026-07-24 07:56:32
LICEUM OGÓLNOKSZTAŁCĄCE IM. J.M. OSSOLIŃSKIEGO W BRZEGU DOLNYM, UL. WILCZA, 56-120, BRZEG DOLNY,16.6980365,51.2690017, 83.72500000000001, 1000.2416666666667, 14.308333333333332,2.908333333333333,2.525, 2026-07-24 07:56:32
TECHNIKUM W WYSOKIEM MAZOWIECKIEM, UL. JAGIELLOŃSKA, 18-200, WYSOKIE MAZOWIECKIE,22.51006473,52.91943607, 93.29166666666667, 991.5666666666666, 15.116666666666667,5.591666666666666,4.7, 2026-07-24 07:56:32
PUBLICZNA SZKOŁA PODSTAWOWA NR 23 IM.WOJSK OCHRONY POGRANICZA W WAŁBRZYCHU, UL. ANDRZEJA STRUGA, 58-301, WAŁBRZYCH,16.298195,50.7669823, 81.70833333333333, 959.1416666666668, 12.450000000000001,4.508333333333334,3.958333333333333, 2026-07-24 07:56:32
SZKOŁA PODSTAWOWA IM. JANA PAWŁA II W SULIKOWIE, UL. ZGORZELECKA, 59-975, SULIKÓW,15.0710322,51.0758548, 82.35000000000001, 990.9416666666666, 14.383333333333333,5.158333333333334,4.325, 2026-07-24 07:56:32
NIEPUBLICZNA SZKOŁA PODSTAWOWA MIĘDZYNARODOWA AKADEMIA MONTESSORI W MOKRONOSIE GÓRNYM, UL. WROCŁAWSKA, 55-080, MOKRONOS GÓRNY,16.9163528,51.0752169, 78.75833333333334, 998.7833333333333, 15.225,3.533333333333333,3.066666666666666, 2026-07-24 07:56:32
SZKOŁA PODSTAWOWA IM. JANA PAWŁA II W GIERAŁTOWIE, , 59-730, GIERAŁTÓW,15.3124392,51.205073, 85.05, 989.2833333333333, 13.441666666666668,4.425,3.766666666666667, 2026-07-24 07:56:32
SZKOŁA PODSTAWOWA W BIESNEJ, , 38-324, BIESNA,21.0025132,49.7307664, 84.70833333333333, 977.5333333333333, 14.25,6.541666666666667,5.733333333333333, 2026-07-24 07:56:32
SZKOŁA PODSTAWOWA NR 3 W GŁUSZYCY, UL. KOLEJOWA, 58-340, GŁUSZYCA,16.3673149,50.6855009, 81.925, 959.6416666666668, 10.941666666666668,3.441666666666666,2.9, 2026-07-24 07:56:32
SPOŁECZNA SZKOŁA PODSTAWOWA NASZA DOBRA SZKOŁA W KATOWICACH, UL. AGNIESZKI, 40-110, KATOWICE,19.0042579,50.2786647, 85.00833333333334, 980.3666666666667, 14.125,8.125,6.825, 2026-07-24 07:56:32
UNIWERSYTECKIE I LICEUM OGÓLNOKSZTAŁCĄCE IM. JULIUSZA SŁOWACKIEGO W CHORZOWIE, UL. GEN. HENRYKA DĄBROWSKIEGO, 41-500, CHORZÓW,18.9510056,50.2930441, 85.2, 979.2166666666667, 14.125,9.116666666666667,7.7666666666666675, 2026-07-24 07:56:32
SZKOŁA PODSTAWOWA NR 2 Z ODDZIALAMI INTEGRACYJNYMI IM. JANA PAWŁA W WOLI, UL. LIPOWA, 43-225, WOLA,19.0967092,50.0162867, 91.81818181818181, 986.8636363636364, 13.109090909090908,20.327272727272728,19.2, 2026-07-24 07:56:32
SZKOŁA PODSTAWOWA Z ODDZIAŁAMI INTEGRACYJNYMI NR 148 IM. POLSKICH NOBLISTÓW W KRAKOWIE, UL. ŻABIA, 30-809, KRAKÓW-PODGÓRZE,19.9959686,50.0171518, 78.83333333333333, 985.5333333333333, 15.008333333333333,7.6416666666666675,6.8, 2026-07-24 07:56:32
SZKOŁA PODSTAWOWA IM. ZESŁAŃCÓW SYBIRU W SZAROCINIE, , 58-400, SZAROCIN,15.9235531,50.7683008, 84.77499999999999, 951.75, 12.591666666666667,6.691666666666666,5.716666666666666, 2026-07-24 07:56:32
SZKOŁA PODSTAWOWA IM. WANDY CHOTOMSKIEJ W KIEŁCZOWIE, UL. SZKOLNA, 55-093, KIEŁCZÓW,17.175736,51.1396608, 76.175, 998.375, 15.483333333333334,3.199999999999999,2.658333333333333, 2026-07-24 07:56:32
SZKOŁA PODSTAWOWA IM. LEONA FILCKA W ŚWIERCZYNKACH, , 87-148, ŚWIERCZYNKI,18.5292148,53.0982246, 84.61111111111111, 1001.3000000000001, 15.288888888888888,5.5,4.766666666666668, 2026-07-24 07:56:32
SZKOŁA PODSTAWOWA IM. MARII KONOPNICKIEJ W CZERWONCE, , 06-232, CZERWONKA WŁOŚCIAŃSKA,21.2176069,52.893054, 86.04166666666667, 995.4833333333332, 15.125,4.649999999999999,4.158333333333333, 2026-07-24 07:56:32
BRANŻOWA SZKOŁA I STOPNIA W BRNIU, , 33-210, BREŃ,21.0193426,50.1085428, 88.33333333333333, 989.6, 14.825000000000001,3.758333333333333,3.191666666666666, 2026-07-24 07:56:32
SZKOŁA PODSTAWOWA NR 3 IM. JANUSZA KORCZAKA W CZELADZI, UL. STANISŁAWA STASZICA, 41-250, CZELADŹ,19.0704415,50.317273, 87.625, 981.6999999999999, 13.991666666666667,8.733333333333333,8.258333333333333, 2026-07-24 07:56:32
SZKOŁA PODSTAWOWA NR 3 IM J.SŁOWACKIEGO W CZECHOWICACH-DZIEDZICACH, UL. LIPOWSKA, 43-502, CZECHOWICE-DZIEDZICE,19.018569,49.8807489, 85.19166666666666, 982.0916666666667, 13.583333333333334,12.033333333333331,9.875, 2026-07-24 07:56:32
TECHNIKUM NR 1 W PIASECZNIE, UL. SZPITALNA, 05-500, PIASECZNO,21.0220213,52.064158, 81.55, 996.7583333333333, 15.516666666666666,4.733333333333333,4.041666666666667, 2026-07-24 07:56:32
SZKOŁA PODSTAWOWA NR 32 IM. JANA III SOBIESKIEGO W BIELSKU-BIAŁEJ, UL. CIESZYŃSKA, 43-382, BIELSKO-BIAŁA,18.9841936,49.8072544, 85.55, 974.0500000000001, 12.883333333333333,10.05,9.316666666666666, 2026-07-24 07:56:32
SZKOŁA PODSTAWOWA NR 1 IM. ARMII KRAJOWEJ W SZYNWAŁDZIE, , 33-158, SZYNWAŁD,21.114199,49.974213, 91.88333333333333, 981.1416666666668, 13.916666666666666,8.541666666666666,7.35, 2026-07-24 07:56:32
SZKOŁA PODSTAWOWA NR 9 IM. 42 PUŁKU PIECHOTY W BIAŁYMSTOKU, UL. LEGIONOWA, 15-281, BIAŁYSTOK,23.15575350113204,53.128982181525735, 82.85833333333333, 994.625, 15.225,10.541666666666666,9.7, 2026-07-24 07:56:32
NIEPUBLICZNA SZKOŁA PODSTAWOWA NEO MONTESSORI SCHOOL W MYŚLENICACH, UL. ANDRZEJA ŚREDNIAWSKIEGO, 32-400, MYŚLENICE,19.9336544,49.8334292, 78.65833333333333, 976.5833333333334, 14.5,4.916666666666667,4.541666666666667, 2026-07-24 07:56:32
I LICEUM OGÓLNOKSZTAŁCĄCE IM. TADEUSZA KOŚCIUSZKI W MYŚLENICACH, UL. JAGIELLOŃSKA, 32-400, MYŚLENICE,19.9439101,49.8302955, 76.59166666666667, 977.8166666666666, 14.875,4.774999999999999,3.991666666666666, 2026-07-24 07:56:32
SZKOŁA PODSTAWOWA NR 2 IM. ZIEMI ŚWIECKIEJ W ŚWIECIU, UL. CHMIELNIKI, 86-100, ŚWIECIE,18.447014082382,53.41280656744466, 81.625, 1004.7666666666668, 16.208333333333332,2.041666666666666,1.708333333333333, 2026-07-24 07:56:32
II LICEUM OGÓLNOKSZTAŁCĄCE IM. KRÓLOWEJ JADWIGI W TORUNIU, UL. KOSYNIERÓW KOŚCIUSZKOWSKICH, 87-100, TORUŃ,18.6912438,53.0267445, 94.47500000000001, 1006.0749999999999, 14.516666666666666,5.05,4.366666666666666, 2026-07-24 07:56:32
SZKOŁA PODSTAWOWA IM. KS. JANA RECA W SIEDLISKACH, , 38-350, SIEDLISKA,20.9844157,49.7300798, 80.25, 971.0833333333334, 14.533333333333333,5.041666666666667,4.483333333333333, 2026-07-24 07:56:32
SZKOŁA PODSTAWOWA IM. ADAMA MICKIEWICZAW LACHOWICACH, , 34-232, LACHOWICE,19.4703353,49.7126179, 89.36666666666667, 957.0833333333334, 13.041666666666666,4.325,3.458333333333333, 2026-07-24 07:56:32
SZKOŁA PODSTAWOWA IM. KS. JANA TWARDOWSKIEGO W ŚLEMIENIU, UL. SZKOLNA, 34-323, ŚLEMIEŃ,19.3652089,49.717868, 85.26666666666667, 961.7166666666667, 13.65,4.975,4.616666666666666, 2026-07-24 07:56:32
SZKOŁA PODSTAWOWA IM. WOJSKA POLSKIEGO W WIEWIÓRCZYNIE, UL. SZKOLNA, 98-100, WIEWIÓRCZYN,19.16120757116481,51.59139253847756, 93.29166666666667, 990.9250000000001, 12.783333333333333,3.125,2.4916666666666663, 2026-07-24 07:56:32
ZESPÓŁ SZKÓŁ SZKOŁA PODSTAWOWA IM. BŁ. O. MICHAŁA TOMASZKA W ŁĘKAWICY, UL. SPORTOWA, 34-321, ŁĘKAWICA,19.263248942329625,49.72064130457127, 86.49166666666667, 969.3083333333334, 13.549999999999999,5.966666666666666,5.391666666666668, 2026-07-24 07:56:32
SZKOŁA PODSTAWOWA W SADŁOWIE, , 87-500, SADŁOWO,19.5186241,53.0875044, 89.27499999999999, 995.725, 15.041666666666666,2.0,1.716666666666666, 2026-07-24 07:56:32
ZESPÓŁ SZKOLNO-PRZEDSZKOLNY W WITANOWICACH-SZKOŁA PODSTAWOWA IM.JANA KOCHANOWSKIEGO W WITANOWICACH, UL. JANA PAWŁA II, 34-103, WITANOWICE,19.51365,49.9184852, 80.625, 979.875, 14.299999999999999,9.891666666666667,8.308333333333334, 2026-07-24 07:56:32
SZKOŁA PODSTAWOWA NR 2 IM. TADEUSZA KOŚCIUSZKI W WIELICZCE - FILIA W SUŁKOWIE, , 32-020, SUŁKÓW,20.1069823,49.9883821, 82.78333333333333, 978.5749999999999, 13.9,4.591666666666667,4.416666666666667, 2026-07-24 07:56:32
BRANŻOWA SZKOŁA I STOPNIA W CHRZANOWIE, UL. PADEREWSKIEGO, 32-500, CHRZANÓW,19.4001765,50.1345643, 90.66666666666667, 980.375, 13.408333333333333,7.475,6.3, 2026-07-24 07:56:32
I LICEUM OGÓLNOKSZTAŁCĄCE IM. STANISŁAWA STASZICA W CHRZANOWIE, UL. J. PIŁSUDSKIEGO, 32-500, CHRZANÓW,19.3974271,50.1394988, 88.05, 979.0416666666666, 14.033333333333333,0.958333333333333,0.7583333333333331, 2026-07-24 07:56:32
SZKOŁA PODSTAWOWA NR 3 IM. WŁADYSŁAWA JAGIEŁŁY W BRODNICY, UL. WIEJSKA, 87-300, BRODNICA,19.39751,53.2610089, 83.425, 1001.4916666666667, 16.599999999999998,3.125,2.6166666666666663, 2026-07-24 07:56:32
PUBLICZNA SZKOŁA PODSTAWOWA W KORCZEWIE, UL. SZKOLNA, 08-108, KORCZEW,22.613639,52.3530467, 84.71666666666667, 992.3000000000001, 15.358333333333334,9.366666666666667,8.283333333333333, 2026-07-24 07:56:32
SZKOŁA PODSTAWOWA IM.ADAMA MICKIEWICZA W TOMICACH, UL. FLORIAŃSKA, 34-100, TOMICE,19.4837812,49.8974869, 87.01666666666667, 982.525, 14.525,8.9,7.325, 2026-07-24 07:56:32
SZKOŁA PODSTAWOWA NR 2 IM. STANISŁAWA KONARSKIEGO W STAREJ WSI, , 34-600, STARA WIEŚ,20.4262381,49.6797439, 91.22500000000001, 949.6583333333333, 11.799999999999999,5.25,4.991666666666666, 2026-07-24 07:56:32
SZKOŁA PODSTAWOWA NR 4 IM. STANISŁAWA STASZICA W BĘDZINIE, UL. WISŁAWY SZYMBORSKIEJ, 42-500, BĘDZIN,19.1254121,50.3255999, 90.325, 981.4916666666667, 13.591666666666667,4.391666666666668,3.658333333333333, 2026-07-24 07:56:32
SZKOŁA PODSTAWOWA W KOBIERZYNIE, , 33-140, KOBIERZYN,20.9939935,50.104034, 81.2090909090909, 985.3, 15.072727272727274,5.045454545454546,4.572727272727272, 2026-07-24 07:56:32
SZKOŁA PODSTAWOWA NR 6 W NOWEJ SOLI, UL. KOŚCIUSZKI, 67-100, NOWA SÓL,15.7074217,51.8085526, 88.9, 1006.9799999999999, 13.830000000000002,3.8,3.34, 2026-07-24 07:56:32
SZKOŁA PODSTAWOWA IM. KRÓLA JANA III SOBIESKIEGO W KAŃCZUDZE, UL. SZKOLNA, 37-220, KAŃCZUGA,22.4116071,49.9833529, 88.90833333333335, 985.625, 14.858333333333334,3.025,2.758333333333333, 2026-07-24 07:56:32
TECHNIKUM W NIEĆKOWIE, , 19-230, NIEĆKOWO,22.351128913079865,53.55105183568498, 85.74166666666667, 992.8416666666667, 15.533333333333333,5.283333333333334,4.658333333333333, 2026-07-24 07:56:32
PRYWATNA SZKOŁA PODSTAWOWA W PISZU, UL. ADAMA MICKIEWICZA, 12-200, PISZ,21.794366,53.629361, 87.01666666666667, 994.9833333333332, 15.991666666666667,4.425,3.8416666666666672, 2026-07-24 07:56:32
SZKOŁA PODSTAWOWA NR 3 IM. JANUSZA KUSOCIŃSKIEGO W LEGIONOWIE, UL. WŁADYSŁAWA BRONIEWSKIEGO, 05-120, LEGIONOWO,20.92648791534102,52.39938577565952, 83.72500000000001, 1000.2666666666668, 15.008333333333333,3.975,3.333333333333333, 2026-07-24 07:56:32
OGÓLNOKSZTAŁCĄCA SZKOŁA MUZYCZNA II ST. W WARSZAWIE, UL. ZYGMUNTA KRASIŃSKIEGO, 01-530, WARSZAWA,21.0082717,52.2488761, 84.99166666666666, 999.0333333333333, 15.174999999999999,2.925,2.608333333333333, 2026-07-24 07:56:32
II TECHNIKUM W ŁOSICACH, UL. RADZYŃSKA, 08-200, ŁOSICE,22.7247614,52.2001584, 86.425, 990.5583333333334, 14.783333333333333,9.225,7.783333333333334, 2026-07-24 07:56:32
SZKOŁA PODSTAWOWA NR 9 IM. BERNARDA ŚWIERCZYNY W MYSŁOWICACH, UL. ARMII KRAJOWEJ, 41-400, MYSŁOWICE,19.1324669,50.239944, 78.36666666666666, 980.9666666666667, 14.633333333333333,8.183333333333334,7.491666666666667, 2026-07-24 07:56:32
SZKOŁA PODSTAWOWA NR 5 IM. HENRYKA SIENKIEWICZA W CZERWIONCE-LESZCZYNACH, UL. SZKOLNA, 44-230, CZERWIONKA-LESZCZYNY,18.6745918,50.1507066, 91.25833333333333, 983.5, 13.674999999999999,8.25,6.741666666666667, 2026-07-24 07:56:32
SZKOŁA PODSTAWOWA NR 3 IM. ZIEMI RADLIŃSKIEJ W RADLINIE, UL. JÓZEFA RYMERA, 44-310, RADLIN,18.4495211,50.0469368, 85.425, 979.025, 12.875,2.933333333333333,2.3666666666666663, 2026-07-24 07:56:32
SZKOŁA PODSTAWOWA IM.ABP.JÓZEFA BILCZEWSKIEGO W WILAMOWICACH, RYNEK RYNEK, 43-330, WILAMOWICE,19.1520875,49.9166289, 81.54166666666667, 979.8916666666665, 14.291666666666666,12.1,12.083333333333334, 2026-07-24 07:56:32
SZKOŁA PODSTAWOWA IM. TADEUSZA KOŚCIUSZKI W NEHRYBCE, , 37-733, NEHRYBKA,22.804719,49.753056, 85.63333333333333, 984.4416666666666, 15.424999999999999,0.924999999999999,0.766666666666666, 2026-07-24 07:56:32
SZKOŁA PODSTAWOWA IM.JANA PAWŁA II W DOBKOWICACH, , 37-554, DOBKOWICE,22.706004268724666,49.92367017702528, 86.97500000000001, 982.4666666666667, 15.5,2.583333333333333,2.191666666666667, 2026-07-24 07:56:32
SZKOŁA PODSTAWOWA IM. ŚW. JANA KANTEGO W ŁOPUSZCE WIELKIEJ, , 37-222, ŁOPUSZKA WIELKA,22.3907875,49.9363498, 88.78333333333335, 979.6416666666668, 14.775,2.5,2.166666666666666, 2026-07-24 07:56:32
SZKOŁA PODSTAWOWA IM. IGNACEGO SOLARZA W GACI, , 37-207, GAĆ,22.373016099999997,50.02446508943701, 86.30833333333334, 983.9166666666666, 15.108333333333333,2.75,2.441666666666667, 2026-07-24 07:56:32
SZKOŁA PODSTAWOWA W WOLI WĘGIERSKIEJ, , 37-560, WOLA WĘGIERSKA,22.5612181,49.8633435, 76.03999999999999, 978.1700000000001, 16.919999999999998,1.86,1.6, 2026-07-24 07:56:32
SZKOŁA PODSTAWOWA NR 3 IM. WŁ.BRONIEWSKIEGO W CZERWIONCE-LESZCZYNACH, UL. BRONIEWSKIEGO, 44-238, CZERWIONKA-LESZCZYNY,18.6774678,50.1489305, 90.20833333333333, 984.1750000000001, 12.416666666666666,6.3,6.383333333333333, 2026-07-24 07:56:32
III LICEUM OGÓLNOKSZTAŁCĄCE IM.MIKOŁAJA KOPERNIKA W WAŁBRZYCHU, UL. HENRYKA JORDANA, 58-305, WAŁBRZYCH,16.2416054,50.7596874, 85.71666666666665, 960.0583333333334, 12.616666666666667,3.741666666666666,3.741666666666666, 2026-07-24 07:56:32
SZKOŁA PODSTAWOWA IM. MIKOŁAJA KOPERNIKA W LUBAWIE, ul. BARBARY, 14-260, LUBAWA,19.74177,53.503983, 88.22500000000001, 995.7083333333334, 15.283333333333333,3.616666666666666,2.925, 2026-07-24 07:56:32
SZKOŁA PODSTAWOWA NR 4 SPECJALNA W GŁOGÓWKU, UL. BATOREGO, 48-250, GŁOGÓWEK,17.862977,50.3528547, 81.03333333333333, 988.8583333333332, 13.741666666666667,2.175,1.916666666666666, 2026-07-24 07:56:32
SZKOŁA PODSTAWOWA NR 1 IM. JANA PAWŁA II W SKRZYSZOWIE, , 33-156, SKRZYSZÓW,21.0570168,49.9958784, 89.39999999999999, 986.5818181818181, 13.836363636363638,6.781818181818181,5.763636363636364, 2026-07-24 07:56:32
TECHNIKUM NR 3 W GORLICACH, UL. ARIAŃSKA, 38-300, GORLICE,21.1596321,49.6546159, 85.625, 977.1333333333333, 14.149999999999999,5.358333333333333,4.633333333333334, 2026-07-24 07:56:32
SZKOŁA PODSTAWOWA NR 46 IM. BRACTWA KURKOWEGO GRODU BYTOMSKIEGO W BYTOMIU, UL. BOLESŁAWA PRUSA, 41-902, BYTOM,18.9290419,50.3532975, 88.30833333333334, 979.6750000000001, 14.0,8.866666666666667,7.475, 2026-07-24 07:56:32
SZKOŁA PODSTAWOWA IM. JANA PAWŁA II W KOWALACH OLECKICH, UL. WITOSA, 19-420, KOWALE OLECKIE,22.4147515,54.1701932, 85.97500000000001, 984.1333333333333, 14.816666666666668,11.433333333333332,9.858333333333333, 2026-07-24 07:56:32
TECHNIKUM IM. JANA PAWŁA II W PODDĘBICACH, UL. POLNA, 99-200, PODDĘBICE,18.95681689,51.8883861, 91.66666666666667, 996.0916666666667, 13.700000000000001,2.308333333333333,1.958333333333333, 2026-07-24 07:56:32
SZKOŁA PODSTAWOWA NR 1 IM. BOLESŁAWA PRUSA W GÓRZE, UL. MARII KONOPNICKIEJ, 56-200, GÓRA,16.529885235098394,51.6632922541776, 87.70833333333333, 1002.6916666666666, 13.325000000000001,3.641666666666667,3.191666666666666, 2026-07-24 07:56:32
KOLEGIUM EUROPEJSKIE - EUROPEJSKIE NIEPUBLICZNE LICEUM OGÓLNOKSZTAŁCĄCE W KRAKOWIE, UL. ŚLUSARSKA, 30-710, KRAKÓW-PODGÓRZE,19.9610702,50.0483394, 76.11666666666666, 988.4083333333333, 15.725,3.583333333333333,3.324999999999999, 2026-07-24 07:56:32
SZKOŁA PODSTAWOWA W KOPCIACH, , 36-121, KOPCIE,21.8655666,50.3401797, 86.47272727272728, 987.5636363636364, 15.19090909090909,2.981818181818181,2.554545454545454, 2026-07-24 07:56:32
SZKOŁA PODSTAWOWA IM. JANA PAWŁA II W ŁĘGAJNACH, UL. OGRODOWA, 11-010, ŁĘGAJNY,20.6357122,53.8204508, 85.53333333333335, 993.6083333333335, 15.15,1.45,1.241666666666666, 2026-07-24 07:56:32
SZKOŁA PODSTAWOWA Z ODDZIAŁAMI INTEGRACYJNYMI NR 354 IM. ADAMA ASNYKA W WARSZAWIE, UL. OTWOCKA, 03-759, WARSZAWA,21.0377168,52.2861058, 79.375, 999.7833333333333, 15.583333333333334,3.4916666666666663,3.133333333333333, 2026-07-24 07:56:32
LICEUM OGÓLNOKSZTAŁCĄCE IM.POLSKIEJ MACIERZY SZKOLNEJ W MIŃSKU MAZOWIECKIM, UL. PIĘKNA, 05-300, MIŃSK MAZOWIECKI,21.5501669,52.1774889, 83.54166666666667, 991.0583333333334, 14.841666666666667,7.166666666666667,6.225, 2026-07-24 07:56:32
SZKOŁA PODSTAWOWA NR 2 IM. WŁADYSŁAWA STANISŁAWA REYMONTA W MORĄGU, UL. ŻEROMSKIEGO, 14-300, MORĄG,19.9266354,53.9248797, 82.97500000000001, 995.475, 15.683333333333332,2.641666666666666,2.266666666666666, 2026-07-24 07:56:32
SZKOŁA PODSTAWOWA NR 5 IM. HUGONA KOŁŁĄTAJA W ŻYWCU, UL. POWSTAŃCÓW ŚLĄSKICH, 34-300, ŻYWIEC,19.1823983,49.6912999, 92.11666666666667, 974.3833333333333, 12.933333333333332,16.433333333333334,15.541666666666666, 2026-07-24 07:56:32
SZKOŁA PODSTAWOWA IM. ADAMA MICKIEWICZA W DOMINIKOWICACH, , 38-303, DOMINIKOWICE,21.2188105,49.6508596, 85.375, 974.2916666666666, 13.683333333333332,6.008333333333333,5.233333333333333, 2026-07-24 07:56:32
I LICEUM OGÓLNOKSZTAŁCĄCE IM. STANISŁAWA WYSPIAŃSKIEGO W KĘTACH, UL. STANISŁAWA WYSPIAŃSKIEGO, 32-650, KĘTY,19.215336,49.8781411, 82.675, 980.2833333333333, 14.058333333333332,10.716666666666669,9.075, 2026-07-24 07:56:32
TECHNIKUM LEŚNE W BIAŁOWIEŻY, PARK DYREKCYJNY, 17-230, BIAŁOWIEŻA,23.8739355,52.7021884, 84.51666666666667, 990.4499999999999, 14.308333333333332,3.583333333333333,3.333333333333333, 2026-07-24 07:56:32
SZKOŁA PODSTAWOWA W SPIACH, , 36-121, WILCZA WOLA,21.9142446,50.386554, 89.7, 989.3166666666666, 14.766666666666666,3.641666666666667,3.316666666666666, 2026-07-24 07:56:32
SZKOŁA PODSTAWOWA W ROŹWIENICY, , 37-565, ROŹWIENICA,22.5987701,49.9522037, 89.72500000000001, 981.525, 14.758333333333333,3.208333333333333,2.666666666666666, 2026-07-24 07:56:32
LICEUM OGÓLNOKSZTAŁCĄCE IM. ARTURA GROTTGERA W GRYBOWIE, UL. KOŚCIUSZKI, 33-330, GRYBÓW,20.9492019,49.6229909, 82.3, 971.8, 14.063636363636363,6.509090909090909,5.672727272727273, 2026-07-24 07:56:32
SZKOŁA PODSTAWOWA IMIENIA KOMISJI EDUKACJI NARODOWEJ W SUŁKOWICACH- ŁĘGU, UL. CENTRALNA, 34-120, SUŁKOWICE,19.3430192,49.8345846, 86.34166666666665, 970.0, 13.608333333333334,27.425,21.96666666666667, 2026-07-24 07:56:32
III LICEUM OGÓLNOKSZTAŁCĄCE W SIEMIANOWICACH ŚLĄSKICH, UL. KATOWICKA, 41-100, SIEMIANOWICE ŚLĄSKIE,18.9999671,50.3144126, 88.11666666666667, 980.1083333333332, 13.858333333333334,19.10833333333333,15.558333333333335, 2026-07-24 07:56:32
NIEPUBLICZNA SZKOŁA PODSTAWOWA FUNDACJI KRÓLOWEJ ŚWIĘTEJ JADWIGI W KĘTACH, UL. ŻWIRKI I WIGURY, 32-650, KĘTY,19.2228003,49.8807299, 85.78333333333335, 980.5833333333334, 14.083333333333334,11.883333333333333,9.991666666666667, 2026-07-24 07:56:32
SPOŁECZNA SZKOŁA PODSTAWOWA SPOŁECZNEGO TOWARZYSTWA OŚWIATOWEGO W KLUCZBORKU, UL. LIGONIA, 46-203, KLUCZBORK,18.208403,50.980243, 86.0, 991.2090909090911, 13.681818181818182,3.063636363636364,3.063636363636364, 2026-07-24 07:56:32
TECHNIKUM NR 1 W GLIWICACH, UL. CHORZOWSKA, 44-100, GLIWICE,18.69488447,50.298553, 83.02727272727272, 985.8090909090909, 13.872727272727273,5.1,4.563636363636363, 2026-07-24 07:56:32
SZKOŁA PODSTAWOWA NR 12 IM. MIKOŁAJA KOPERNIKA W GLIWICACH, UL. MIKOŁAJA KOPERNIKA, 44-117, GLIWICE,18.657136,50.320351, 87.94166666666666, 985.775, 13.775,4.683333333333334,3.975, 2026-07-24 07:56:32
PUBLICZNA SZKOŁA PODSTAWOWA NR 5 IM. ENERGETYKÓW W STALOWEJ WOLI, UL. ENERGETYKÓW, 37-450, STALOWA WOLA,22.0833578,50.5435751, 88.175, 993.4416666666666, 15.266666666666667,2.066666666666667,1.65, 2026-07-24 07:56:32
SZKOŁA PODSTAWOWA W DARGOSŁAWIU, , 72-304, DARGOSŁAW,15.3875086,53.9993121, 77.68333333333334, 1008.8833333333333, 17.383333333333333,2.6,2.283333333333333, 2026-07-24 07:56:32
SZKOŁA PODSTAWOWA SPECJALNA NR 9 W KŁODZKU, UL. STANISŁAWA WYSPIAŃSKIEGO, 57-300, KŁODZKO,16.66483421,50.4342639, 78.23333333333333, 980.0666666666666, 11.816666666666668,4.233333333333333,3.475, 2026-07-24 07:56:32
SZKOŁA PODSTAWOWA IM. JANA PAWŁA II W LUBOMIERZU, UL. TADEUSZA KOŚCIUSZKI, 59-623, LUBOMIERZ,15.5085272,51.0102648, 86.325, 973.0, 13.266666666666666,4.016666666666667,3.441666666666666, 2026-07-24 07:56:32
LICEUM OGÓLNOKSZTAŁCĄCE IM. MIKOŁAJA KOPERNIKA W WOŁOWIE, PL. JANA SOBIESKIEGO, 56-100, WOŁÓW,16.647069,51.3377004, 86.8, 1001.0833333333334, 13.35,3.324999999999999,2.833333333333333, 2026-07-24 07:56:32
SZKOŁA PODSTAWOWA NR 2 IM. JANA PAWŁA II W PIECHOWICACH , UL. TYSIĄCLECIA, 58-573, PIECHOWICE,15.606747,50.849283, 77.74166666666666, 971.9916666666667, 14.441666666666668,1.041666666666666,1.258333333333333, 2026-07-24 07:56:32
SZKOŁA PODSTAWOWA IM. IRENY SENDLEROWEJ W DOBROSZYCACH, UL. PARKOWA, 56-410, DOBROSZYCE,17.340778,51.2653364, 84.98333333333333, 994.6916666666667, 13.6,3.199999999999999,2.6999999999999997, 2026-07-24 07:56:32
SZKOŁA PODSTAWOWA NR 8 IM. ROMANA I ZDZISŁAWA PIETRASÓW W CZERWIONCE-LESZCZYNACH, UL. PROSTA, 44-230, CZERWIONKA-LESZCZYNY,18.6774678,50.1489305, 83.58333333333333, 980.15, 14.416666666666666,10.683333333333332,9.366666666666667, 2026-07-24 07:56:32
SZKOŁA PODSTAWOWA W LUBANICACH, , 68-200, LUBANICE,15.1026979,51.6968528, 80.26666666666667, 998.5166666666668, 14.25,4.2,3.5749999999999997, 2026-07-24 07:56:32
TECHNIKUM W ŻAGANIU, UL. POMORSKA, 68-100, ŻAGAŃ,15.3217354,51.6184885, 79.5909090909091, 1002.9090909090909, 14.872727272727273,3.727272727272727,3.172727272727272, 2026-07-24 07:56:32
SZKOŁA PODSTAWOWA W SIECIEBORZYCACH, , 67-320, SIECIEBORZYCE,15.5375655,51.6630943, 87.45833333333333, 989.9416666666666, 13.625,4.616666666666666,3.958333333333333, 2026-07-24 07:56:32
SZKOŁA PODSTAWOWA IM. JANA PAWŁA II W ZŁOTNIKU, , 68-200, ZŁOTNIK,15.1902044,51.6850821, 74.64999999999999, 999.6750000000001, 15.816666666666668,4.25,3.766666666666667, 2026-07-24 07:56:32
SZKOŁA PODSTAWOWA IM. JANUSZA KORCZAKA W LASKOWEJ, , 34-602, LASKOWA,20.4496765,49.7610405, 84.875, 972.3916666666665, 13.758333333333333,3.958333333333333,3.4666666666666672, 2026-07-24 07:56:32
SZKOŁA PODSTAWOWA NR 35 SPECJALNA W RUDZIE ŚLĄSKIEJ, UL. MAGAZYNOWA, 41-700, RUDA ŚLĄSKA,18.86383,50.307029, 84.075, 978.8249999999999, 13.708333333333334,7.466666666666666,7.191666666666666, 2026-07-24 07:56:32
SZKOŁA PODSTAWOWA IMIENIA TADEUSZA KOŚCIUSZKI W CZEMIERNIKACH, UL. KOCKA, 21-306, CZEMIERNIKI,22.626976,51.672757, 89.60833333333333, 993.7083333333334, 14.766666666666666,15.85,15.358333333333334, 2026-07-24 07:56:32
PUBLICZNA SZKOŁA PODSTAWOWA IM.POWSTAŃCÓW 1863 ROKU W NAGOSZEWIE, , 07-300, TURKA,21.82001978,52.74592765, 85.36666666666667, 998.6999999999999, 15.016666666666666,2.8,2.3, 2026-07-24 07:56:32
SZKOŁA PODSTAWOWA NR 3 IM. PODRÓŻNIKÓW I ODKRYWCÓW POLSKICH W OLEŚNICY, UL. JANA KOCHANOWSKIEGO, 56-400, OLEŚNICA,17.3900401,51.210936, 79.45, 995.8833333333333, 15.233333333333334,3.199999999999999,2.916666666666666, 2026-07-24 07:56:32
NIEPUBLICZNA OGÓLNOKSZTAŁCĄCA SZKOŁA MUZYCZNA I STOPNIA CLEVER W WAŁBRZYCHU, UL. ARMII KRAJOWEJ, 58-302, WAŁBRZYCH,16.2868599,50.8040348, 82.01666666666667, 966.4583333333334, 12.025,5.875,5.1, 2026-07-24 07:56:32
II LICEUM OGÓLNOKSZTAŁCĄCE IM. CYPRIANA KAMILA NORWIDA W JELENIEJ GÓRZE, UL. GIMNAZJALNA, 58-560, JELENIA GÓRA,15.683888637696665,50.866245288517455, 81.35000000000001, 975.5833333333334, 14.291666666666666,7.8916666666666675,6.683333333333334, 2026-07-24 07:56:32
SZKOŁA PODSTAWOWA Z ODDZIAŁAMI INTEGRACYJNYMI IM. POWSTAŃCÓW WIELKOPOLSKICH W BODZEWIE, , 63-820, BODZEWO,17.070719,51.8485949, 83.575, 999.7666666666668, 13.475,2.875,2.875, 2026-07-24 07:56:32
SZKOŁA PODSTAWOWA W MILEJCZYCACH, UL. SZKOLNA, 17-332, MILEJCZYCE,23.1365379,52.5189199, 80.65833333333333, 988.1666666666666, 15.216666666666667,6.75,5.675, 2026-07-24 07:56:32
SZKOŁA PODSTAWOWA W WĄSICACH, UL. GŁÓWNA, 46-250, WĄSICE,18.029775,50.983905, 97.13333333333333, 996.8833333333333, 14.383333333333333,3.875,3.266666666666667, 2026-07-24 07:56:32
I LICEUM OGÓLNOKSZTAŁCĄCE IM. HENRYKA SIENKIEWICZA  W MALBORKU, UL. 17 MARCA, 82-200, MALBORK,19.0379763,54.0361319, 87.94166666666666, 1009.225, 16.383333333333333,2.516666666666666,2.324999999999999, 2026-07-24 07:56:32
SZKOŁA PODSTAWOWA NR 16 W ZABRZU, UL. JÓZEFA LOMPY, 41-806, ZABRZE,18.8139578,50.2870184, 87.45833333333333, 983.6166666666667, 13.891666666666667,8.808333333333334,7.008333333333333, 2026-07-24 07:56:32
SZKOŁA PODSTAWOWA NR 4 IM. I SAMODZIELNEJ WARSZAWSKIEJ BRYGADY KAWALERII W GRYFICACH, UL. SIENKIEWICZA, 72-300, GRYFICE,15.19512694,53.9126862, 81.01666666666667, 1012.6583333333333, 16.983333333333334,4.25,3.324999999999999, 2026-07-24 07:56:32
SZKOŁA PODSTAWOWA IM. JANA PAWŁA II W RACŁAWICACH ŚLĄSKICH, UL. ZWYCIĘSTWA, 48-250, RACŁAWICE ŚLĄSKIE,17.771528,50.311402, 80.125, 989.1583333333333, 14.008333333333333,2.883333333333333,2.583333333333333, 2026-07-24 07:56:32
SPORTOWA SZKOŁA PODSTAWOWA W SŁUPSKU, UL. MARII ZABOROWSKIEJ, 76-200, SŁUPSK,17.0284824,54.464148, 83.23333333333333, 1005.2083333333334, 14.1,2.175,1.933333333333333, 2026-07-24 07:56:32
SZKOŁA PODSTAWOWA IM. TYSIĄCLECIA PAŃSTWA POLSKIEGO W DZIERZGOŃ, UL. KRZYWA, 82-440, DZIERZGOŃ,19.349508,53.92348, 84.96666666666667, 1008.9583333333334, 17.066666666666666,4.066666666666666,3.583333333333333, 2026-07-24 07:56:32
SZKOŁA PODSTAWOWA W POLANCE WIELKIEJ, UL. DŁUGA, 32-607, POLANKA WIELKA,19.326337,49.985272, 90.91666666666667, 982.7000000000002, 14.541666666666666,11.525,9.45, 2026-07-24 07:56:32
SZKOŁA PODSTAWOWA IM. KARDYNAŁA STEFANA WYSZYŃSKIEGO W GRUSZOWIE WIELKIM, , 33-200, GRUSZÓW WIELKI,21.03335443,50.19213307, 86.41666666666667, 987.6416666666668, 14.583333333333334,3.433333333333333,2.983333333333333, 2026-07-24 07:56:32
TECHNIKUM NR 3 W MALBORKU, UL. ALEJA WOJSKA POLSKIEGO, 82-200, MALBORK,19.0530892,54.0360115, 87.35833333333333, 1009.0166666666668, 16.466666666666665,1.991666666666666,1.9749999999999992, 2026-07-24 07:56:32
SZKOŁA PODSTAWOWA W LUCIENIU, , 09-500, LUCIEŃ,19.472959,52.4884269, 85.95833333333333, 1001.1166666666667, 15.85,3.008333333333333,2.516666666666666, 2026-07-24 07:56:32
SZKOŁA PODSTAWOWA NR 5 W RUDZIE ŚLĄSKIEJ, UL. PIOTRA NIEDURNEGO, 41-708, RUDA ŚLĄSKA,18.8815597,50.30117879, 83.98333333333333, 977.9833333333332, 14.775,5.1,4.233333333333333, 2026-07-24 07:56:32
NIEPUBLICZNA SZKOŁA PODSTAWOWA W BZINICY STAREJ, UL. KAROLA MIARKI, 46-380, BZINICA STARA,18.4612867,50.6892203, 0.08333333333333301, 986.4416666666666, 13.674999999999999,6.3,5.625, 2026-07-24 07:56:32
SZKOŁA PODSTAWOWA IM. PPOR. EMILII GIERCZAK W POSTOMINIE, , 76-113, POSTOMINO,16.71239247,54.48931415, 83.75, 1007.7916666666666, 13.841666666666667,1.458333333333333,1.2, 2026-07-24 07:56:32
SZKOŁA PODSTAWOWA NR 2 IM. MARII SKŁODOWSKIEJ-CURIE W KRZEPICACH, UL. SKŁODOWSKIEJ, 42-160, KRZEPICE,18.702433,50.964886, 83.81666666666666, 986.0666666666666, 14.408333333333333,2.6166666666666663,2.141666666666667, 2026-07-24 07:56:32
PUBLICZNA SZKOŁA PODSTAWOWA IM. MIKOŁAJA KOPERNIKA W TARNOWIE OPOLSKIM, UL. KOPERNIKA, 46-050, TARNÓW OPOLSKI,18.078098161771777,50.57654911811356, 84.0, 992.8249999999999, 13.658333333333333,3.233333333333333,2.75, 2026-07-24 07:56:32
SZKOŁA PODSTAWOWA NR 1 IM.POWSTANCÓW WIELKOPOLSKICH W LEGNICY, UL. KAMIENNA, 59-220, LEGNICA,16.173446,51.210851, 81.11666666666666, 1010.2333333333332, 14.516666666666666,3.891666666666667,3.383333333333333, 2026-07-24 07:56:32
III LICEUM OGÓLNOKSZTAŁCĄCE IM. KAZIMIERZA KOSIŃSKIEGO W KŁOBUCKU, UL. KS. IGNACEGO SKORUPKI, 42-100, KŁOBUCK,18.9423379,50.9004679, 82.01666666666667, 982.4916666666667, 14.475,2.608333333333333,2.1, 2026-07-24 07:56:32
SZKOŁA PODSTAWOWA NR 10 IM ZOFII KOSSAK W LEGNICY, UL. JAWORZYŃSKA, 59-220, LEGNICA,16.1588159,51.1992709, 83.71666666666667, 1000.3083333333333, 14.783333333333333,3.6,3.025, 2026-07-24 07:56:32
SZKOŁA PODSTAWOWA NR 9 W LEGNICY, UL. MARYNARSKA, 59-220, LEGNICA,16.141123,51.202816, 77.10833333333333, 999.6666666666666, 15.966666666666667,4.333333333333333,3.641666666666667, 2026-07-24 07:56:32
SZKOŁA PODSTAWOWA NR 1 IM. ŚW.JANA PAWŁA II W KŁODAWIE, UL. KOŚCIELNA, 62-650, KŁODAWA,18.9134684,52.2542661, 87.05, 996.4499999999999, 14.791666666666666,3.525,2.925, 2026-07-24 07:56:32
SZKOŁA PODSTAWOWA NR 31 IM. GEN. JÓZEFA HALLERA W TORUNIU, UL. WŁADYSŁAWA DZIEWULSKIEGO, 87-100, TORUŃ,18.6812901,53.0291419, 89.55, 1003.2833333333333, 14.858333333333334,3.375,2.958333333333333, 2026-07-24 07:56:32
SZKOŁA PODSTAWOWA IM.ORŁA BIAŁEGO W DOBRZENIU, , 56-410, DOBRZEŃ,17.2950269,51.2416989, 78.825, 995.5666666666666, 14.666666666666666,2.516666666666666,2.208333333333333, 2026-07-24 07:56:32
SZKOŁA PODSTAWOWA W DŁUGOPOLU DOLNYM, , 57-520, DŁUGOPOLE DOLNE,16.6369911,50.256696, 86.54444444444444, 972.9000000000001, 10.066666666666666,2.7,2.311111111111111, 2026-07-24 07:56:32
SZKOŁA PODSTAWOWA IM.WŁADYSŁAWA STANISŁAWA REYMONTA W ŚCIĘGNACH, , 58-535, ŚCIĘGNY,15.7770925,50.7908626, 79.39166666666667, 956.625, 13.475,5.433333333333334,4.608333333333333, 2026-07-24 07:56:32
SZKOŁA PODSTAWOWA W DROŁTOWICACH, , 56-500, DROŁTOWICE,17.59580112646376,51.33562166466934, 86.43636363636364, 989.5636363636364, 12.863636363636363,3.5,3.018181818181818, 2026-07-24 07:56:32
SZKOŁA PODSTAWOWA IM. KAROLA KURPIŃSKIEGO WE WŁOSZAKOWICACH, UL. KAROLA KURPIŃSKIEGO, 64-140, WŁOSZAKOWICE,16.3711235,51.9317237, 85.8, 1003.6833333333334, 13.416666666666666,3.141666666666667,3.141666666666667, 2026-07-24 07:56:32
SZKOŁA PODSTAWOWA IM. HENRYKA SIENKIEWICZA W KONOPISKACH, UL. SPORTOWA, 42-274, KONOPISKA,19.0078926,50.7263775, 78.75833333333334, 978.3916666666665, 13.549999999999999,2.8666666666666663,2.583333333333333, 2026-07-24 07:56:32
SPOŁECZNA SZKOŁA PODSTAWOWA IM. STANISŁAWA MONIUSZKI W KUDOWIE-ZDROJU, UL. SŁONE, 57-350, KUDOWA-ZDRÓJ,16.2426605,50.4427156, 88.45833333333333, 973.0500000000001, 9.700000000000001,1.983333333333333,1.7000000000000002, 2026-07-24 07:56:32
SZKOŁA PODSTAWOWA NR 13 W ZAWIERCIU, UL. FILARETÓW, 42-400, ZAWIERCIE,19.4911184,50.4934888, 78.35833333333333, 967.4583333333334, 14.466666666666667,2.3666666666666663,2.033333333333333, 2026-07-24 07:56:32
SZKOŁA PODSTAWOWA NR 8 W ZAWIERCIU, UL. WOJSKA POLSKIEGO, 42-400, ZAWIERCIE,19.4092199,50.486569, 81.30833333333334, 973.375, 13.191666666666668,2.441666666666667,2.066666666666667, 2026-07-24 07:56:32
SZKOŁA PODSTAWOWA NR 4 IM. MIKOŁAJA KOPERNIKA W ZAWIERCIU, UL. POWSTAŃCÓW ŚLĄSKICH, 42-400, ZAWIERCIE,19.4267169,50.4838354, 80.35, 973.0916666666667, 13.291666666666666,2.833333333333333,2.5666666666666678, 2026-07-24 07:56:32
SZKOŁA PODSTAWOWA NR 7 IM. MARII KONOPNICKIEJ W ZAWIERCIU, UL. OŚWIATOWA, 42-400, ZAWIERCIE,19.5150167,50.4773682, 80.19166666666666, 975.0333333333333, 13.783333333333333,2.083333333333333,1.775, 2026-07-24 07:56:32
SZKOŁA PODSTAWOWA NR 3 W ZAWIERCIU, UL. MARII SKŁODOWSKIEJ-CURIE, 42-400, ZAWIERCIE,19.4347172,50.4796517, 77.71666666666667, 971.7833333333333, 14.4,2.175,1.916666666666666, 2026-07-24 07:56:32
II LICEUM OGÓLNOKSZTAŁCĄCE IM. ADAMA ASNYKA W BIELSKU-BIAŁEJ, UL. JUTRZENKI, 43-300, BIELSKO-BIAŁA,19.0635478,49.8094065, 89.01666666666667, 970.875, 13.358333333333334,9.6,8.608333333333333, 2026-07-24 07:56:32
SZKOŁA PODSTAWOWA NR 2 IM. STANISŁAWA SZYMAŃSKIEGO W ZAWIERCIU, UL. MIECZYSŁAWA NIEDZIAŁKOWSKIEGO, 42-400, ZAWIERCIE,19.4166259,50.487743, 64.775, 973.0, 17.85,2.116666666666666,1.883333333333333, 2026-07-24 07:56:32
SZKOŁA PODSTAWOWA NR 1 IM.BPA MARCINA KROMERA W BIECZU, UL. GRODZKA, 38-340, BIECZ,21.252429,49.730338, 84.7, 978.6583333333333, 14.408333333333333,4.958333333333333,4.508333333333334, 2026-07-24 07:56:32
SZKOŁA PODSTAWOWA NR 2 IM. JANA PAWŁA II W PORĘBIE, UL. WIEDZY, 42-480, PORĘBA,19.361528,50.489263, 78.61666666666666, 974.4416666666666, 14.208333333333334,2.716666666666667,2.433333333333333, 2026-07-24 07:56:32
SZKOŁA PODSTAWOWA NR 4 W BIELSKU-BIAŁEJ, UL. EMILII PLATER, 43-300, BIELSKO-BIAŁA,19.0583845,49.8223768, 90.15833333333335, 969.8083333333333, 13.158333333333333,10.775,9.708333333333334, 2026-07-24 07:56:32
PUBLICZNA SZKOŁA PODSTAWOWA IM. JANA KOCHANOWSKIEGO W DOBRYSZYCACH, UL. LEŚNA, 97-505, DOBRYSZYCE,19.4126126,51.1463112, 79.94166666666666, 985.1500000000001, 14.283333333333333,2.341666666666667,1.95, 2026-07-24 07:56:32
SZKOŁA PODSTAWOWA IM. STANISŁAWA STASZICA W BOBOWEJ, UL. BOHATERÓW BOBOWEJ, 38-350, BOBOWA,20.9509659,49.7102798, 80.81666666666668, 977.6750000000001, 14.266666666666666,6.583333333333333,5.916666666666667, 2026-07-24 07:56:32
SZKOŁA PODSTAWOWA W WINOWNIE, UL. SZKOLNA, 42-350, WINOWNO,19.2179609,50.575152, 88.60833333333333, 974.9499999999999, 12.475000000000001,2.4666666666666672,2.216666666666667, 2026-07-24 07:56:32
SZKOŁA PODSTAWOWA IM. FRYDERYKA CHOPINA W WOJSZCZYCACH, , 05-180, WOJSZCZYCE,20.6139434,52.494382, 87.71666666666665, 997.8666666666667, 14.208333333333334,3.958333333333333,3.55, 2026-07-24 07:56:32
SZKOŁA PODSTAWOWA IM.MIKOŁAJA KOPERNIKA W ŁĄŻYNIE II, , 87-123, ŁĄŻYN,18.89236,53.0001, 89.10833333333333, 998.6333333333333, 14.916666666666666,3.15,2.7416666666666663, 2026-07-24 07:56:32
NIEPUBLICZNA SZKOŁA PODSTAWOWA GALILEO NR 1 W NAKONOWIE, , 87-853, NAKONOWO,19.0568663,52.5562316, 88.05833333333334, 1004.2833333333333, 14.266666666666666,1.983333333333333,1.7666666666666662, 2026-07-24 07:56:32
PUBLICZNA SZKOŁA PODSTAWOWA IM. HELENY I JÓZEFA ŚWIĄTYŃSKICH W OSSALI, , 28-221, OSSALA,21.3789417,50.4840431, 85.925, 988.125, 14.908333333333333,3.758333333333333,3.199999999999999, 2026-07-24 07:56:32
SZKOŁA PODSTAWOWA IM. MARII KONOPNICKIEJ W JAMKACH-KORZONKU, , 42-274, KORZONEK,18.9878115,50.712784, 79.675, 977.0833333333334, 13.375,2.066666666666667,1.75, 2026-07-24 07:56:32
SZKOŁA PODSTAWOWA NR 54 Z ODDZIAŁAMI INTEGRACYJNYMI W CZĘSTOCHOWIE, UL. JERZEGO KUKUCZKI, 42-224, CZĘSTOCHOWA,19.137204428836377,50.83579253024215, 77.55, 982.25, 14.525,2.35,1.925, 2026-07-24 07:56:32
TECHNIKUM W ZESPOLE SZKÓŁ PONADPODSTAWOWYCH IM. INŻ. JÓZEFA MARKA W MSZANIE DOLNEJ, UL. JÓZEFA MARKA, 34-730, MSZANA DOLNA,20.0783649,49.6670619, 77.31666666666666, 965.1833333333334, 14.183333333333332,5.858333333333333,4.991666666666666, 2026-07-24 07:56:32
SZKOŁA PODSTAWOWA IM. JANA PAWŁA II W DĄBIU, UL. 3 MAJA, 62-660, DĄBIE,18.8198211,52.0891079, 91.58333333333333, 999.1500000000001, 14.6,2.3,1.916666666666666, 2026-07-24 07:56:32
ZESPÓŁ SZKÓŁ-SZKOŁA PODSTAWOWA W ZEMBRZYCACH, , 34-210, ZEMBRZYCE,19.5620127,49.7784772, 74.30833333333334, 976.0416666666666, 15.008333333333333,2.8416666666666672,2.516666666666666, 2026-07-24 07:56:32
SZKOŁA PODSTAWOWA IM.KAZIMIERZA WIELKIEGO W HUCIE STAREJ B, UL. ADAMA MICKIEWICZA, 42-263, HUTA STARA B,19.138718,50.7370817, 81.80833333333334, 978.1083333333335, 13.924999999999999,6.491666666666667,5.166666666666667, 2026-07-24 07:56:32
III PRYWATNE LICEUM OGÓLNOKSZTAŁCĄCE SZKOŁY OTWARTEGO MYŚLENIA W SOSNOWCU, UL. RACŁAWICKA, 41-200, SOSNOWIEC,19.1040791,50.2862638, 76.13333333333334, 983.5916666666667, 15.174999999999999,7.041666666666667,6.158333333333334, 2026-07-24 07:56:32
SZKOŁA PODSTAWOWA IM.HENRYKA SIENKIEWICZA W KAMIENICY POLSKIEJ, UL. ADAMA FERENSA, 42-260, KAMIENICA POLSKA,19.1305413,50.6705877, 83.03333333333333, 978.1916666666667, 14.091666666666667,2.458333333333333,1.991666666666666, 2026-07-24 07:56:32
SZKOŁA PODSTAWOWA Z ODDZIAŁAMI INTEGRACYJNYMI NR 5 IM. HENRYKA SIENKIEWICZA W MYSZKOWIE, UL. SIKORSKIEGO, 42-300, MYSZKÓW,19.3144637,50.5706845, 79.15454545454546, 976.0727272727272, 13.9,2.9909090909090903,2.463636363636364, 2026-07-24 07:56:32
SZKOŁA PODSTAWOWA IM. JANA PAWŁA II W PISANICY, , 19-314, PISANICA,22.5789816,53.8232701, 86.80833333333334, 993.4416666666666, 15.683333333333335,3.583333333333333,3.116666666666666, 2026-07-24 07:56:32
TECHNIKUM W ZESPOLE SZKÓŁ IM. BOHATERÓW WESTERPLATTE W JABŁONCE, UL. PODHALAŃSKA, 34-480, JABŁONKA,19.69526927,49.47987225, 75.75, 940.9250000000001, 13.225,2.6166666666666663,2.341666666666667, 2026-07-24 07:56:32
SZKOŁA PODSTAWOWA W BACZYNIE, , 34-211, BACZYN,19.7182581,49.7900852, 78.15833333333333, 966.4416666666666, 13.916666666666666,6.166666666666667,5.508333333333333, 2026-07-24 07:56:32
SZKOŁA PODSTAWOWA IM. ŚW. FRANCISZKA Z ASYŻU W JELNEJ, , 37-310, JELNA,22.3518669,50.2962689, 89.60833333333333, 988.5916666666667, 14.808333333333332,9.15,8.9, 2026-07-24 07:56:32
BRANŻOWA SZKOŁA I STOPNIA NR 3 W TARNOWSKICH GÓRACH, UL. HENRYKA SIENKIEWICZA, 42-600, TARNOWSKIE GÓRY,18.8608006,50.4472968, 87.81818181818181, 980.7181818181817, 12.945454545454545,7.009090909090909,7.881818181818182, 2026-07-24 07:56:32
PUBLICZNA SZKOŁA PODSTAWOWA W KRZESZOWIE GÓRNYM, , 37-413, KRZESZÓW GÓRNY,22.384137,50.419185, 96.39166666666667, 987.4250000000001, 14.116666666666667,14.183333333333332,13.066666666666668, 2026-07-24 07:56:32
I LICEUM OGÓLNOKSZTAŁCĄCE Z ODDZIAŁAMI DWUJĘZYCZNYMI IM. POWSTAŃCÓW ŚLĄSKICH W RYBNIKU, UL. TADEUSZA KOŚCIUSZKI, 44-200, RYBNIK,18.5519661,50.097143, 78.96666666666667, 984.4250000000001, 14.225,3.408333333333333,3.091666666666667, 2026-07-24 07:56:32
SZKOŁA PODSTAWOWA Z ODDZIAŁAMI MISTRZOSTWA SPORTOWEGO NR 9 IM. ADAMA MICKIEWICZA W RYBNIKU, UL. CMENTARNA, 44-200, RYBNIK,18.541821,50.097862, 84.24, 985.74, 13.330000000000002,3.429999999999999,2.87, 2026-07-24 07:56:32
II LICEUM OGÓLNOKSZTAŁCĄCE IM. STANISŁAWA WYSPIAŃSKIEGO W BĘDZINIE, UL. TEATRALNA, 42-500, BĘDZIN,19.1387173,50.3262993, 87.075, 980.775, 14.025,5.2,4.225, 2026-07-24 07:56:32
SZKOŁA PODSTAWOWA NR 8 IM. KAWALERÓW ORDERU UŚMIECHU W ŚWIDNICY, UL. WAŁBRZYSKA, 58-100, ŚWIDNICA,16.4766735,50.8345375, 76.83333333333333, 985.2083333333334, 14.841666666666667,3.199999999999999,2.5749999999999997, 2026-07-24 07:56:32
SZKOŁA PODSTAWOWA W WIADROWIE, , 59-411, WIADRÓW,16.177058,50.978719, 80.34166666666667, 987.2916666666666, 14.141666666666666,3.6,3.6, 2026-07-24 07:56:32
SZKOŁA PODSTAWOWA NR 30 W ZABRZU, UL. LUDWIKI WAWRZYŃSKIEJ, 41-813, ZABRZE,18.8038211,50.3787192, 87.56666666666666, 978.3083333333334, 13.358333333333334,7.175,6.875, 2026-07-24 07:56:32
SZKOŁA PODSTAWOWA NR 28 IM. MIŁOŚNIKÓW ROKITNICY W ZABRZU, UL. IRENY KOSMOWSKIEJ, 41-813, ZABRZE,18.6721773,50.293402, 90.46666666666665, 979.7666666666668, 13.566666666666668,5.774999999999999,4.8, 2026-07-24 07:56:32
SZKOŁA PODSTAWOWA W BORECZNIE, , 14-230, BORECZNO,19.6819503,53.785392, 86.52499999999999, 996.7833333333333, 15.658333333333333,2.691666666666666,2.408333333333333, 2026-07-24 07:56:32
SZKOŁA PODSTAWOWA NR 3 IM. JANA KOCHANOWSKIEGO W TYCHACH, UL. WOJSKA POLSKIEGO, 43-100, TYCHY,18.967428851534244,50.13334989635492, 88.625, 982.9166666666666, 13.950000000000001,8.225,7.774999999999999, 2026-07-24 07:56:32
SZKOŁA PODSTAWOWAW IM. HENRYKA SIENKIEWICZA W KOŚCIELCU, , 59-223, KOŚCIELEC,16.13685,51.14836, 83.075, 994.875, 13.9,3.875,3.258333333333333, 2026-07-24 07:56:32
SZKOŁA PODSTAWOWA Z ODDZIAŁAMI INTEGRACYJNYMI NR 34 IM. IRENY SENDLEROWEJ W RYBNIKU, UL. WŁADYSŁAWA STANISŁAWA REYMONTA, 44-200, RYBNIK,18.52614,50.09058, 88.60000000000001, 983.3916666666665, 13.458333333333334,3.35,2.858333333333333, 2026-07-24 07:56:32
SZKOŁA PODSTAWOWA NR 1 IM. STANISŁAWY ŁAKOMIK W CZELADZI, UL. WŁADYSŁAWA REYMONTA, 41-250, CZELADŹ,19.073488,50.3091799, 86.5, 981.5416666666666, 14.275,9.575,7.958333333333333, 2026-07-24 07:56:32
SZKOŁA PODSTAWOWA NR 5 W CZELADZI, UL. LWOWSKA, 41-253, CZELADŹ,19.092371,50.3074791, 88.65833333333335, 979.1, 13.85,7.583333333333333,6.966666666666666, 2026-07-24 07:56:32
SZKOŁA PODSTAWOWA NR 2 IM. JANA PAWŁA II W ŚWIERADOWIE-ZDROJU, UL. SANATORYJNA, 59-850, ŚWIERADÓW-ZDRÓJ,15.3071925,50.9269757, 92.40833333333335, 962.0916666666667, 12.700000000000001,14.433333333333332,13.758333333333333, 2026-07-24 07:56:32
TECHNIKUM NR 2 W ZESPOLE SZKÓŁ BUDOWLANYCH IM. GENERAŁA STANISŁAWA MACZKA W BIELSKU-BIAŁEJ, UL. BUDOWLANYCH, 43-300, BIELSKO-BIAŁA,19.0578358,49.7952988, 89.075, 978.2583333333333, 13.883333333333333,10.041666666666666,8.808333333333334, 2026-07-24 07:56:32
SZKOŁA PODSTAWOWA ZGROMADZENIA CÓREK BOŻEJ MIŁOŚCI IM. FRANCISZKI LECHNER W BIELSKU-BIAŁEJ, UL. WŁADYSŁAWA BRONIEWSKIEGO, 43-300, BIELSKO-BIAŁA,19.054075,49.819524, 80.55, 977.9200000000001, 13.719999999999999,7.88,7.88, 2026-07-24 07:56:32
SZKOŁA PODSTAWOWA NR 6 SPECJALNA IM. PROF. MARII GRZEGORZEWSKIEJ W CZELADZI, UL. SZPITALNA, 41-250, CZELADŹ,19.0754521,50.3289091, 83.20833333333333, 979.5083333333333, 13.733333333333334,5.041666666666667,4.608333333333333, 2026-07-24 07:56:32
SAMORZĄDOWA SZKOŁA PODSTAWOWA IM. STEFANA BATOREGO W LIWIE , UL. KS. K. R. LESZCZYŃSKIEGO, 07-100, LIW,21.9631846,52.3725265, 90.20833333333333, 997.3166666666666, 14.966666666666667,3.158333333333333,2.591666666666667, 2026-07-24 07:56:32
SZKOŁA PODSTAWOWA IM. HELENY MARUSARZÓWNY W ZĘBIE, UL. ŚW. ANNY, 34-521, ZĄB,19.9474975,49.3379768, 85.49166666666667, 962.9583333333334, 9.441666666666666,2.9,2.625, 2026-07-24 07:56:32
LICEUM OGÓLNOKSZTAŁACĄCE IM. PROF. ZBIGNIEWA RELIGI W GILOWICACH, UL. WOJCIECHA KORFANTEGO, 43-227, GILOWICE,19.3085572,49.7122409, 95.52499999999999, 986.5083333333333, 13.091666666666667,25.9,23.7, 2026-07-24 07:56:32
SZKOŁA PODSTAWOWA W CZERNICY, , 58-521, CZERNICA,17.2449367,51.0457859, 91.4, 977.9, 12.5,2.3,1.9, 2026-07-24 07:56:32
SZKOŁA PODSTAWOWA IM.KARDYNAŁA STEFANA WYSZYŃSKIEGO W SIEDLISKACH, , 33-172, SIEDLISKA,21.0117541,49.8686222, 81.075, 982.3333333333334, 15.258333333333333,5.225,4.5, 2026-07-24 07:56:32
NIEPUBLICZNE LICEUM SZTUK PLASTYCZNYCH IM. ORLĄT LWOWSKICH W TYCHACH, UL. BUDOWLANYCH, 43-100, TYCHY,19.0200022,50.1218007, 89.03333333333335, 982.6916666666667, 13.950000000000001,6.649999999999999,5.6, 2026-07-24 07:56:32
LICEUM OGÓLNOKSZTAŁCĄCE IM. HENRYKA SIENKIEWICZA W BOBOWEJ, UL. DŁUGOSZOWSKICH, 38-350, BOBOWA,20.9509659,49.7102798, 82.71818181818182, 977.1454545454545, 14.545454545454545,5.981818181818181,5.090909090909091, 2026-07-24 07:56:32
SZKOŁA PODSTAWOWA NR 1 IM. JANA III SOBIESKIEGO W LIBIĄŻU, UL. SZKOLNA, 32-590, LIBIĄŻ,19.3286373,50.1013661, 88.25833333333334, 981.6583333333333, 12.991666666666667,72.675,66.225, 2026-07-24 07:56:32
TECHNIKUM NR 2 W ZESPOLE SZKÓŁ NR 2 IM.ŚW.JADWIGI KRÓLOWEJ W ANDRYCHOWIE , UL. STEFANA BATOREGO, 34-120, ANDRYCHÓW,19.3412842,49.8548934, 99.7, 974.7666666666668, 13.958333333333334,11.075,9.083333333333334, 2026-07-24 07:56:32
SZKOŁA PODSTAWOWA NR 7 IM. KS. STANISŁAWA STASZICA W JAROSŁAWIU, UL. DOLNOLEŻAJSKA, 37-500, JAROSŁAW,22.680698,50.044337, 76.49166666666666, 986.3666666666667, 17.891666666666666,4.266666666666667,3.791666666666666, 2026-07-24 07:56:32
SZKOŁA PODSTAWOWA W UŚCIU GORLICKIM, , 38-315, UŚCIE GORLICKIE,21.1384131,49.5218473, 93.97500000000001, 966.8333333333334, 12.758333333333333,7.8916666666666675,7.625, 2026-07-24 07:56:32
SZKOŁA PODSTAWOWA IM.MARSZAŁKA JÓZEFA PIŁSUDSKIEGO W GĄSKACH, , 19-400, GĄSKI,15.921626,54.236797, 85.39999999999999, 991.0666666666666, 15.066666666666668,2.341666666666667,2.033333333333333, 2026-07-24 07:56:32
II LICEUM OGÓLNOKSZTAŁCĄCE Z DODATKOWĄ NAUKĄ JĘZYKA BIAŁORUSKIEGO W HAJNÓWCE, UL. MARSZAŁKA JÓZEFA PIŁSUDSKIEGO, 17-200, HAJNÓWKA,23.592226,52.735871, 89.71666666666665, 990.25, 13.958333333333334,11.2,10.558333333333334, 2026-07-24 07:56:32
TECHNIKUM W KĘTACH ZAKŁADU DOSKONALENIA ZAWODOWEGO W KATOWICACH, UL. ŻWIRKI I WIGURY, 32-650, KĘTY,19.2228003,49.8807299, 81.86666666666666, 982.275, 14.083333333333334,0.0,0.0, 2026-07-24 07:56:32
SPOŁECZNA SZKOŁA PODSTAWOWA Z ODDZIAŁAMI DWUJĘZYCZNYMI IM. JERZEGO KUKUCZKI W RYBNIKU, UL. ŚW. JÓZEFA, 44-217, RYBNIK,18.53180821106009,50.10136552503232, 87.95, 986.5166666666668, 13.141666666666666,3.375,3.1, 2026-07-24 07:56:32
SZKOŁA PODSTAWOWA NR 8 IM. WŁADYSŁAWA WEBERA W ZESPOLE SZKOLNO-PRZEDSZKOLNYM Z ODDZIAŁAMI INTEGRACYJNYMI NR 1 W RYBNIKU, UL. GLIWICKA, 44-207, RYBNIK,18.55022,50.12254, 82.75, 983.8499999999999, 13.891666666666666,3.708333333333333,3.333333333333333, 2026-07-24 07:56:32
SZKOŁA PODSTAWOWA NR 32 IM. ALFREDA SZKLARSKIEGO W RYBNIKU, UL. BORKI, 44-200, RYBNIK,18.5162417,50.1108233, 86.22500000000001, 985.4416666666666, 12.875,3.541666666666666,2.983333333333333, 2026-07-24 07:56:32
TECHNIKUM NR 2 W RYBNIKU, UL. TADEUSZA KOŚCIUSZKI, 44-200, RYBNIK,18.5490429,50.0946384, 82.59166666666667, 984.8249999999999, 13.25,3.35,2.9666666666666672, 2026-07-24 07:56:32
SZKOŁA PODSTAWOWA NR 1 IM. TADEUSZA KOŚCIUSZKI W NOWEJ SOLI, UL. SZKOLNA, 67-100, NOWA SÓL,15.71707,51.80344, 80.33333333333333, 1007.1666666666666, 15.341666666666667,4.2,3.616666666666666, 2026-07-24 07:56:32
SZKOŁA PODSTAWOWA IM. ZOFII KOSSAK W PIERŚĆCU, UL. JERZEGO TOMANKA, 43-430, PIERŚCIEC,18.8202885,49.8369, 91.05, 980.4, 13.683333333333332,3.658333333333333,3.016666666666667, 2026-07-24 07:56:32
SZKOŁA PODSTAWOWA Z ODDZIAŁAMI INTEGRACYJNYMI NR 1 IM. JANUSZA KORCZAKA W RYBNIKU, UL. BOLESŁAWA CHROBREGO, 44-200, RYBNIK,18.54937,50.09286, 83.0, 984.1750000000001, 13.841666666666667,2.941666666666666,2.658333333333333, 2026-07-24 07:56:32
SZKOŁA PODSTAWOWA IM. JANA PAWŁA II W PSARACH, UL. GŁÓWNA, 42-287, PSARY,19.1137897,50.3794553, 90.39166666666667, 975.0666666666666, 13.65,4.291666666666667,3.583333333333333, 2026-07-24 07:56:32
LICEUM OGÓLNOKSZTAŁCĄCE IM. GEN. WŁADYSŁAWA ANDERSA W ŻAGANIU, UL. GIMNAZJALNA, 68-100, ŻAGAŃ,15.3248642,51.6151339, 78.325, 1002.5500000000001, 15.583333333333334,4.233333333333333,3.616666666666666, 2026-07-24 07:56:32
LICEUM OGÓLNOKSZTAŁCĄCE Z ODDZIAŁAMI DWUJĘZYCZNYMI W SZPROTAWIE, UL. NIEPODLEGŁOŚCI, 67-300, SZPROTAWA,15.5298967,51.5647296, 84.3, 999.9833333333332, 14.208333333333334,5.399999999999999,4.675, 2026-07-24 07:56:32
TECHNIKUM NR 1 IM. STANISŁAWA STASZICA W RYBNIKU, UL. TADEUSZA KOŚCIUSZKI, 44-200, RYBNIK,18.5456179,50.0967328, 86.60833333333333, 984.1333333333333, 12.75,3.608333333333333,3.2416666666666663, 2026-07-24 07:56:32
SZKOŁA PODSTAWOWA NR 6 IM. JANUSZA KORCZAKA W ZAWIERCIU, UL. WIERZBOWA, 42-400, ZAWIERCIE,19.4166259,50.487743, 78.39999999999999, 973.1500000000001, 13.575000000000001,3.183333333333333,2.641666666666666, 2026-07-24 07:56:32
SZKOŁA PODSTAWOWA SPECJALNA W DOBRODZIENIU, UL. PIASTOWSKA, 46-380, DOBRODZIEŃ,18.44702463,50.72184475, 86.49166666666667, 985.3666666666667, 13.516666666666666,5.116666666666666,4.483333333333333, 2026-07-24 07:56:32
SZKOŁA PODSTAWOWA IM. JANA PAWŁA II W JONINACH, , 33-160, JONINY,21.1750307,49.8859362, 92.80833333333334, 1097.8, 13.566666666666668,5.3,4.508333333333334, 2026-07-24 07:56:32
SZKOŁA PODSTAWOWA NR 19 W RYBNIKU, UL. WŁOŚCIAŃSKA, 44-251, RYBNIK,18.62631,50.05483, 84.2, 982.3083333333333, 13.108333333333333,4.866666666666666,4.241666666666666, 2026-07-24 07:56:32
ZESPÓŁ SZKÓŁ SAMORZĄDOWYCH W HOCZWI SZKOŁA PODSTAWOWA W HOCZWI, , 38-604, HOCZEW,22.3277466,49.4275648, 84.89166666666667, 971.0916666666667, 14.033333333333333,2.016666666666666,1.7666666666666662, 2026-07-24 07:56:32
EUROPEJSKIE LICEUM SŁUŻB MUNDUROWYCH WE WROCŁAWIU, UL. KRUSZWICKA, 53-652, WROCŁAW-STARE MIASTO,17.00897301250473,51.11399445590569, 82.30833333333334, 999.875, 14.433333333333332,3.483333333333333,3.258333333333333, 2026-07-24 07:56:32
SZKOŁA PODSTAWOWA W NIEBIESZCZANACH, , 38-504, NIEBIESZCZANY,22.1593098,49.5008701, 88.33333333333333, 966.7916666666666, 13.583333333333334,1.833333333333333,1.6833333333333331, 2026-07-24 07:56:32
SZKOŁA PODSTAWOWA IM. ŚWIĘTEGO ANDRZEJA BOBOLI W KOSTAROWCACH, , 38-507, KOSTAROWCE,22.1133372,49.5876781, 85.76666666666667, 973.4499999999999, 13.916666666666666,2.441666666666667,2.041666666666666, 2026-07-24 07:56:32
BRANŻOWA SZKOŁA I STOPNIA SPECJALNA W RYBNIKU, UL. STANISŁAWA MAŁACHOWSKIEGO, 44-251, RYBNIK,18.5866335,50.052555, 86.425, 982.8916666666665, 12.899999999999999,3.1,2.8249999999999997, 2026-07-24 07:56:32
TECHNIKUM LEŚNE W MILICZU, UL. KASZTELAŃSKA, 56-300, MILICZ,17.2664553,51.5302895, 81.18181818181819, 1001.2454545454547, 14.054545454545455,2.754545454545454,2.363636363636363, 2026-07-24 07:56:32
LICEUM OGÓLNOKSZTAŁCĄCE SPECJALNE NR XXXII DLA UCZNIÓW NIEWIDOMYCH I SŁABOWIDZĄCYCH W DOLNOŚLĄSKIM SPECJLANYM OŚRODKU SZKOLNO-WYCHOWAWCZYM NR 13 DLA NIEWIDOMYCH I SŁABOWIDZĄCYCH WE WROCŁAWIU, UL. KAMIENNOGÓRSKA, 54-034, WROCŁAW-FABRYCZNA,16.89878269,51.13928491, 83.48333333333333, 1000.975, 14.516666666666666,2.941666666666666,2.608333333333333, 2026-07-24 07:56:32
SZKOŁA PODSTAWOWA IM. WANDY KAWY I BRONISŁAWY KAWY W KOŚMIDRACH, UL. SZKOLNA, 42-772, KOŚMIDRY,18.5679671,50.6647589, 99.7, 986.2000000000002, 13.141666666666666,5.308333333333334,4.308333333333334, 2026-07-24 07:56:32
SZKOŁA PODSTAWOWA NR 4 IM 21. WARSZAWSKIEGO PUŁKU PIECHOTY DZIECI WARSZAWY W CIECHANOWIE, UL. PŁOŃSKA, 06-400, CIECHANÓW,20.630814,52.8633337, 65.05, 996.2583333333333, 19.0,5.325,4.616666666666666, 2026-07-24 07:56:32
TECHNIKUM NR 1 IM. PROF. BOLESŁAWA KRUPIŃSKIEGO W LUBINIE, UL. TADEUSZA KOŚCIUSZKI, 59-300, LUBIN,16.208145,51.4014027, 81.93333333333334, 999.35, 14.741666666666667,3.958333333333333,3.408333333333333, 2026-07-24 07:56:32
SZKOŁA PODSTAWOWA NR 1 IM. MIKOŁAJA KOPERNIKA W GUBINIE, UL. RACŁAWICKA, 66-620, GUBIN,14.7284576,51.9489824, 84.35454545454546, 1009.5545454545455, 14.209090909090907,4.509090909090909,3.854545454545454, 2026-07-24 07:56:32
IV LICEUM OGÓLNOKSZTAŁCĄCE IM. KARD. STEFANA WYSZYŃSKIEGO W ZESPOLE SZKÓŁ NR 1 IM. JÓZEFA PIŁSUDSKIEGO W LIMANOWEJ , UL. WINCENTEGO WITOSA, 34-600, LIMANOWA,20.4080007,49.7185471, 78.575, 967.7666666666668, 14.491666666666667,4.066666666666666,3.683333333333333, 2026-07-24 07:56:32
MIEJSKA SZKOŁA PODSTAWOWA NR 3 W KNUROWIE, UL. FELIKSA MICHALSKIEGO, 44-193, KNURÓW,18.6452996,50.2109434, 92.16666666666667, 985.8000000000001, 13.658333333333333,10.75,9.041666666666666, 2026-07-24 07:56:32
TECHNIKUM NR 3 W SUWAŁKACH, UL. SEJNEŃSKA, 16-400, SUWAŁKI,22.94463,54.10127, 81.25833333333334, 988.4833333333332, 15.983333333333334,3.858333333333333,3.516666666666667, 2026-07-24 07:56:32
SZKOŁA PODSTAWOWA W JUDZIKACH, , 19-400, JUDZIKI,22.5106122,54.1146732, 86.875, 988.4, 14.975,2.641666666666666,2.358333333333333, 2026-07-24 07:56:32
SZKOŁA PODSTAWOWA IM. KONSTYTUCJI 3 MAJA W JAŚWIŁACH, , 19-124, JAŚWIŁY,22.9430109,53.477615, 88.06666666666666, 988.0166666666668, 14.316666666666668,8.1,7.25, 2026-07-24 07:56:32
PUBLICZNA SZKOŁA PODSTAWOWA W KOCHCICACH, UL. PARKOWA, 42-283, KOCHCICE,18.6821575,50.7082443, 87.50833333333333, 980.5416666666666, 14.033333333333333,4.191666666666666,3.4, 2026-07-24 07:56:32
SZKOŁA PODSTAWOWA IM.JANA KOCHANOWSKIEGO W SZÓWSKU, UL. LUBELSKA, 37-522, SZÓWSKO,22.71025118407593,50.04758822852888, 77.25833333333334, 987.4583333333334, 18.058333333333334,9.033333333333331,7.808333333333334, 2026-07-24 07:56:32
ZESPÓŁ SZKÓŁ SPECJALNYCH SZKOŁA PODSTAWOWA SPECJALNA NR 6 W WADOWICACH, UL. ZEGADŁOWICZA, 34-100, WADOWICE,19.4939579,49.8827856, 80.325, 983.2916666666666, 14.258333333333333,8.025,7.741666666666666, 2026-07-24 07:56:32
SZKOŁA PODSTAWOWA Z ODDZIAŁEM PRZEDSZKOLNYM W POSKWITOWIE, POSKWITÓW, 32-095, POSKWITÓW (WIEŚ),20.0004568,50.2236024, 84.80833333333334, 980.875, 13.708333333333334,1.991666666666666,1.716666666666666, 2026-07-24 07:56:32
SZKOŁA PODSTAWOWA IM.BOHATERÓW WRZEŚNIA 1939R.W JORDANOWIE, UL. KOLEJOWA, 34-240, JORDANÓW,19.829654,49.6477513, 86.79166666666667, 957.1916666666666, 12.924999999999999,10.741666666666667,9.291666666666666, 2026-07-24 07:56:32
SZKOŁA PODSTAWOWA IM. B.CHROBREGO W RYBARZOWICACH, UL. BESKIDZKA, 43-378, RYBARZOWICE,19.1030526,49.7294784, 89.26666666666667, 964.8666666666667, 13.15,7.791666666666667,6.2, 2026-07-24 07:56:32
AKADEMICKI ZESPÓŁ PLACÓWEK OŚWIATOWYCH SZKOŁA PODSTAWOWA W FIJEWIE, , 14-260, FIJEWO,19.7542438,53.4991344, 86.95833333333333, 993.3333333333334, 15.25,5.041666666666667,4.316666666666666, 2026-07-24 07:56:32
SZKOŁA PODSTAWOWA IM. LOTNIKÓW POLSKICH W PŁOCICZNIE-TARTAK, , 16-402, PŁOCICZNO-TARTAK,22.983029328835254,54.02273741338736, 87.01666666666667, 990.0333333333333, 15.258333333333333,6.641666666666668,5.908333333333334, 2026-07-24 07:56:32
SZKOŁA PODSTAWOWA IM. JULIUSZA SŁOWACKIEGO W HERBACH, UL. KATOWICKA, 42-284, HERBY,18.880949,50.743272, 85.925, 981.0833333333334, 13.158333333333333,2.341666666666667,1.991666666666666, 2026-07-24 07:56:32
SZKOŁA PODSTAWOWA W DĄBROWIE, UL. PARKOWA, 46-112, DĄBROWA,17.799011,50.9711671, 84.50833333333334, 996.0333333333333, 13.358333333333334,2.666666666666666,2.666666666666666, 2026-07-24 07:56:32
TECHNIKUM NR 1 W TARNOWSKICH GÓRACH, UL. OPOLSKA, 42-600, TARNOWSKIE GÓRY,18.849052,50.446684, 87.95833333333333, 977.0333333333333, 13.674999999999999,7.966666666666666,6.425, 2026-07-24 07:56:32
SZKOŁA PODSTAWOWA NR 3 IM. JANA HEMPLA W WYSZKOWIE, UL. STEFANA BATOREGO, 07-201, WYSZKÓW,21.458395,52.5928523, 83.175, 998.7416666666667, 15.466666666666667,4.6,4.133333333333334, 2026-07-24 07:56:32
SZKOŁA PODSTAWOWA W KRÓLEWIE, , 09-131, KRÓLEWO,20.5648353,52.6353613, 86.92727272727274, 999.2181818181817, 14.281818181818181,3.918181818181818,3.418181818181818, 2026-07-24 07:56:32
SPOŁECZNA SZKOŁA PODSTAWOWA Z ODDZIAŁEM PRZEDSZKOLNYM W ZAŁUŻU, , 37-600, ZAŁUŻE,23.170994,50.1994769, 85.08, 981.46, 15.330000000000002,8.120000000000001,7.1, 2026-07-24 07:56:32
SZKOŁA PODSTAWOWA IM. JANA PAWŁA II W LUBATOWEJ, , 38-440, LUBATOWA,21.76125,49.5404048, 81.6, 963.0, 14.3,4.7,4.0, 2026-07-24 07:56:32
TECHNIKUM W SEJNACH, UL. KONARSKIEGO, 16-500, SEJNY,23.33861373,54.10713149, 78.86666666666666, 993.8916666666668, 16.3,4.091666666666667,3.583333333333333, 2026-07-24 07:56:32
SZKOŁA PODSTAWOWA NR 2 W ROPCZYCACH, UL. ROBOTNICZA, 39-100, ROPCZYCE,21.5863232,50.0775233, 86.04166666666667, 985.1583333333333, 14.275,3.983333333333333,3.341666666666667, 2026-07-24 07:56:32
SZKOŁA PODSTAWOWA IM. C.K. NORWIDA W DĄBRÓWCE, UL. TADEUSZA KOŚCIUSZKI, 05-252, DĄBRÓWKA,21.2966041,52.4866867, 76.60000000000001, 998.2999999999998, 16.7,7.649999999999999,6.6, 2026-07-24 07:56:32
SZKOŁA PODSTAWOWA W PILCHOWICACH, UL. SZKOLNA, 44-145, PILCHOWICE,18.55892249999911,50.21769552978952, 93.5090909090909, 988.4545454545455, 12.872727272727273,4.636363636363637,3.590909090909091, 2026-07-24 07:56:32
SZKOŁA PODSTAWOWA W ROGOWICACH, , 26-080, ROGOWICE,20.558991380964468,51.03562685582885, 95.51666666666667, 978.9833333333332, 13.033333333333333,74.02499999999999,68.40833333333333, 2026-07-24 07:56:32
SZKOŁA PODSTAWOWA W SIDRZE, UL. SZKOLNA, 16-124, SIDRA,23.4487107,53.5532039, 84.23333333333333, 991.6750000000001, 15.041666666666666,7.016666666666667,6.191666666666666, 2026-07-24 07:56:32
SZKOŁA PODSTAWOWA W KUŹNICY, UL. JAGIELLOŃSKA, 16-123, KUŹNICA,23.6492992,53.5106708, 87.5, 990.0, 15.1,4.0,3.4, 2026-07-24 07:56:32
SZKOŁA PODSTAWOWA IM. MARII KONOPNICKIEJ W OPATOWIE, UL. SZKOLNA, 42-152, OPATÓW,18.8226827,50.9545445, 85.24545454545455, 984.0, 13.936363636363637,3.290909090909091,2.627272727272727, 2026-07-24 07:56:32
SZKOŁA PODSTAWOWA IM. JÓZEFA LOMPY W LUBSZY, UL. SZKOLNA, 42-287, LUBSZA,18.9962539,50.6125221, 93.01666666666667, 973.5333333333333, 12.4,7.6416666666666675,6.933333333333335, 2026-07-24 07:56:32
ZESPÓŁ SZKÓŁ SPECJALNYCH NR 102 W WARSZAWIE, UL. DERKACZY, 04-963, WARSZAWA,21.20527549,52.16464066, 86.2, 998.5833333333334, 15.5,4.833333333333333,4.225, 2026-07-24 07:56:32
BRANŻOWA SZKOŁA I STOPNIA IM. KPT. STEFANA POGONOWSKIEGO W RADZYMINIE, UL. KOMUNALNA, 05-250, RADZYMIN,21.1891905,52.4148957, 83.88333333333334, 1000.5416666666666, 14.916666666666666,7.1,6.108333333333333, 2026-07-24 07:56:32
PUBLICZNA SZKOŁA PODSTAWOWA NR 5 IM.MARII DĄBROWSKIEJ W RADOMIU, UL. GEN. JÓZEFA SOWIŃSKIEGO, 26-600, RADOM,21.1619916,51.41283841, 89.11666666666667, 990.0333333333333, 15.225,4.766666666666668,3.958333333333333, 2026-07-24 07:56:32
SZKOŁA PODSTAWOWA W POĆKUNACH, , 16-500, POĆKUNY,23.4302158,54.0869616, 81.00833333333334, 990.5166666666668, 16.833333333333332,3.358333333333333,3.0, 2026-07-24 07:56:32
SZKOŁA PODSTAWOWA IM. ŚWIĘTEJ KRÓLOWEJ JADWIGI W DYDNI, , 36-204, DYDNIA,22.1746713,49.6854658, 89.11666666666667, 976.3083333333333, 14.424999999999999,1.483333333333333,1.266666666666666, 2026-07-24 07:56:32
LICEUM OGÓLNOKSZTAŁCĄCE IM. ROMANA CZERNECKIEGO W SZCZEKOCINACH, UL. SPACEROWA, 42-445, SZCZEKOCINY,19.823275,50.619208, 80.45833333333333, 980.4916666666667, 14.366666666666667,1.933333333333333,1.616666666666666, 2026-07-24 07:56:32
ZESPÓŁ SZKOLNO-PRZEDSZKOLNY W SIERAKOWIE ŚLĄSKIM-SZKOŁA PODSTAWOWA W SIERAKOWIE ŚLĄSKIM, UL. SZKOLNA, 42-793, SIERAKÓW ŚLĄSKI,18.577074,50.8012616, 84.15833333333333, 983.7583333333333, 14.408333333333333,3.033333333333333,2.441666666666667, 2026-07-24 07:56:32
SZKOŁA PODSTAWOWA NR 20 IM. GEN. WŁADYSŁAWA SIKORSKIEGO W BIAŁYMSTOKU, UL. LEŚNA, 15-559, BIAŁYSTOK,23.20856832883596,53.11937961459712, 83.175, 990.8583333333332, 15.883333333333333,6.541666666666667,5.708333333333333, 2026-07-24 07:56:32
TECHNIKUM NR 5 W ZABRZU W ZESPOLE SZKÓŁ SPOŻYWCZYCH IM. DR BRONISŁAWA HAGERA W ZABRZU, UL. FRANCISZKAŃSKA, 41-819, ZABRZE,18.768076,50.3132502, 89.0, 984.5666666666666, 13.991666666666667,6.541666666666667,5.458333333333333, 2026-07-24 07:56:32
SZKOŁA PODSTAWOWA W KOPIENICY, UL. 1 MAJA, 42-674, KOPIENICA,18.6504282,50.4496034, 95.2909090909091, 982.0181818181819, 12.554545454545455,17.799999999999997,16.727272727272727, 2026-07-24 07:56:32
SZKOŁA PODSTAWOWA W GROMADCE, UL. GEN. WŁ. SIKORSKIEGO, 59-706, GROMADKA,15.76266314,51.35525115, 94.0, 1001.6, 11.92,4.233333333333333,2.53, 2026-07-24 07:56:32
SZKOŁA PODSTAWOWA NR 13 IM. ORLĄT LWOWSKICH W SZCZECINIE, UL. BAŁTYCKA, 70-880, SZCZECIN,14.7642087,53.38566007, 79.675, 1012.1666666666666, 14.916666666666666,4.841666666666667,4.033333333333333, 2026-07-24 07:56:32
BRANŻOWA SZKOŁA I STOPNIA SPECJALNA NR 1 W GOLENIOWIE, UL. NIEPODLEGŁOŚCI, 72-100, GOLENIÓW,14.8193,53.570509, 81.55, 1012.1500000000001, 15.208333333333334,3.5749999999999997,3.308333333333333, 2026-07-24 07:56:32
SZKOŁA PODSTAWOWA NR 3 IM.ŻOŁNIERZA POLSKIEGO UL.CZWARTAKÓW 2 W ZŁOCIEŃCU, UL. CZWARTAKÓW, 78-524, ZŁOCIENIEC,16.048539,53.541936, 86.16666666666667, 998.6666666666666, 12.433333333333332,4.033333333333333,3.616666666666666, 2026-07-24 07:56:32
SZKOŁA PODSTAWOWA IM. KRZYSZTOFA KAMILA BACZYŃSKIEGO W IŃSKU, UL. POPRZECZNA, 73-140, IŃSKO,15.55039,53.43606, 88.40833333333335, 998.1083333333335, 15.075000000000001,4.583333333333333,4.316666666666666, 2026-07-24 07:56:32
PUBLICZNA SZKOŁA PODSTAWOWA NR 3 IM. MIKOŁAJA KOPERNIKA W BRZESKU, UL. LEGIONÓW PIŁSUDSKIEGO, 32-800, BRZESKO,20.612038,49.97275, 80.72500000000001, 985.6166666666667, 14.616666666666667,2.183333333333333,1.933333333333333, 2026-07-24 07:56:32
TECHNIKUM W KADZIDLE, UL. SŁONECZNA, 07-420, KADZIDŁO,21.464272,53.23041, 86.18333333333334, 998.7916666666666, 15.516666666666666,6.216666666666666,5.741666666666667, 2026-07-24 07:56:32
LICEUM OGÓLNOKSZTAŁCĄCE W ZESPOLE SZKÓŁ W RÓŻANIE, UL. WARSZAWSKA, 06-320, RÓŻAN,21.391333,52.88777, 82.60833333333333, 995.375, 15.458333333333334,5.225,4.483333333333333, 2026-07-24 07:56:32
III LICEUM OGÓLNOKSZTAŁCĄCE W PABIANICACH, UL. GDAŃSKA, 95-200, PABIANICE,19.36155263,51.66500025, 92.19166666666666, 989.9250000000001, 13.975,2.5749999999999997,2.158333333333333, 2026-07-24 07:56:32
SZKOŁA PODSTAWOWA IM. MIKOŁAJA KOPERNIKA W MIKOŁAJOWICACH, , 33-121, MIKOŁAJOWICE,20.869079,49.979718, 81.34166666666667, 988.5749999999999, 15.1,4.108333333333333,3.766666666666667, 2026-07-24 07:56:32
SZKOŁA PODSTAWOWA IM. FRYDERYKA CHOPINA W BUDKACH PIASECKICH, , 96-516, BUDKI PIASECKIE,20.33231767,52.19724553, 80.84166666666667, 999.1666666666666, 15.158333333333333,3.216666666666667,2.716666666666667, 2026-07-24 07:56:32
BRANŻOWA SZKOŁA I STOPNIA W SOCHACZEWIE, UL. MARSZAŁKA JÓZEFA PIŁSUDSKIEGO, 96-500, SOCHACZEW,20.24313864,52.21990386, 82.64999999999999, 1000.1166666666667, 15.191666666666668,3.599999999999999,3.225, 2026-07-24 07:56:32
SZKOŁA PODSTAWOWA W GNIECHOWICACH, UL. SZKOLNA, 55-080, GNIECHOWICE,16.832592,50.990853, 81.15454545454546, 997.3272727272728, 13.972727272727269,2.563636363636363,2.272727272727273, 2026-07-24 07:56:32
SZKOŁA PODSTAWOWA IM. POWSTAŃCÓW STYCZNIOWYCH W KRUSZYNIE, UL. POCZTOWA, 42-282, KRUSZYNA,19.27871369,50.96725877, 81.35833333333333, 983.9833333333332, 14.25,2.466666666666666,2.041666666666666, 2026-07-24 07:56:32
SZKOŁA PODSTAWOWA NR 36 IM. JOHNA BAILDONA W GLIWICACH, UL. ROBOTNICZA, 44-100, GLIWICE,18.68979652,50.28995971, 86.50833333333333, 986.7333333333332, 14.475,4.691666666666666,3.9499999999999993, 2026-07-24 07:56:32
BRANŻOWA SZKOŁA SPECJALNA I STOPNIA W ŁĘCZYCY, UL. KALISKA, 99-100, ŁĘCZYCA,19.19969,52.05959, 91.01666666666667, 998.4499999999999, 14.35,2.633333333333333,2.183333333333333, 2026-07-24 07:56:32
SZKOŁA PODSTAWOWA NR 1 IM. KRÓLOWEJ JADWIGI W KONSTANTYNOWIE ŁÓDZKIM, UL. ŁÓDZKA, 95-050, KONSTANTYNÓW ŁÓDZKI,19.354178,51.748192, 94.83333333333333, 991.5083333333333, 13.225,2.125,2.125, 2026-07-24 07:56:32
SZKOŁA PODSTAWOWA W SŁOWIKU W ZESPOLE SZKOLNO-PRZEDSZKOLNYM W SŁOWIKU, UL. PODLASKA, 42-263, SŁOWIK,19.1785632,50.7475999, 82.60833333333333, 982.0083333333333, 13.983333333333334,2.8666666666666663,2.35, 2026-07-24 07:56:32
BRANŻOWA SZKOŁA I STOPNIA NR 1 W ZESPOLE SZKÓŁ TECHNICZNYCH I PLACÓWEK IM. STANISŁAWA STASZICA W NOWYM TARGU, UL. WOJSKA POLSKIEGO, 34-400, NOWY TARG,20.025719,49.472942, 82.24166666666666, 942.8333333333334, 12.116666666666667,2.275,2.0, 2026-07-24 07:56:32
SZKOŁA PODSTAWOWA NR 7 IM. HUGONA KOŁŁĄTAJA W BIAŁYMSTOKU, UL. WIATRAKOWA, 15-827, BIAŁYSTOK,23.14176339,53.14087454, 90.26363636363637, 991.4363636363636, 14.672727272727274,6.136363636363637,5.081818181818182, 2026-07-24 07:56:32
TECHNIKUM W ZESPOLE SZKÓŁ W DOWSPUDZIE, , 16-420, DOWSPUDA,22.802537,53.978353, 85.01666666666667, 989.9166666666666, 15.741666666666667,4.475,3.9499999999999993, 2026-07-24 07:56:32
SZKOŁA PODSTAWOWA NR 85 IM. KS. KAZIMIERZA JANCARZA W KRAKOWIE, OS. OSIEDLE ZŁOTEGO WIEKU, 31-615, KRAKÓW-NOWA HUTA,20.000041997569085,50.09770523236809, 76.56666666666668, 981.125, 14.666666666666666,2.483333333333333,2.116666666666666, 2026-07-24 07:56:32
RZEMIEŚLNICZA BRANŻOWA SZKOŁA I STOPNIA MAŁOPOLSKIEJ IZBY RZEMIOSŁA I PRZEDSIĘBIORCZOŚCI W KRAKOWIE, UL. RZEŹNICZA, 31-540, KRAKÓW-ŚRÓDMIEŚCIE,20.0454464,50.0758688, 75.45833333333333, 987.6333333333333, 15.166666666666666,3.966666666666666,3.25, 2026-07-24 07:56:32
SZKOŁA PODSTAWOWA SPECJALNA NR 38 W ZABRZU, UL. KS. KONSTANTEGO DAMROTA, 41-800, ZABRZE,18.7678691,50.3004748, 99.7, 984.5083333333333, 14.458333333333334,7.183333333333334,6.041666666666667, 2026-07-24 07:56:32
SZKOŁA PODSTAWOWA W JUGOWIE, UL. GŁÓWNA, 57-430, JUGÓW,16.517636,50.6269273, 86.83636363636364, 960.2636363636364, 10.763636363636364,3.5727272727272723,3.036363636363636, 2026-07-24 07:56:32
SZKOŁA PODSTAWOWA IM. MIKOŁAJA KOPERNIKA W OSTROSZOWICACH, UL. BIELAWSKA, 58-262, OSTROSZOWICE,16.639145,50.6466927, 71.13333333333334, 970.6, 14.216666666666667,2.6,2.183333333333333, 2026-07-24 07:56:32
PAŃSTWOWA SZKOŁA MUZYCZNA I ST. W ZGORZELCU, UL. MARIANA LANGIEWICZA, 59-900, ZGORZELEC,15.0098556,51.15037275, 79.7, 989.6833333333334, 14.233333333333334,2.65,2.333333333333333, 2026-07-24 07:56:32
LICEUM OGÓLNOKSZTAŁCĄCE COGITO Z ODDZIAŁAMI DWUJĘZYCZNYMI W ZGORZELCU, UL. MARSZ. JÓZEFA PIŁSUDSKIEGO, 59-900, ZGORZELEC,15.004683,51.13437552, 80.80833333333334, 992.8916666666665, 14.525,3.725,3.324999999999999, 2026-07-24 07:56:32
BRANŻOWA SZKOŁA I STOPNIA NR 1 IM. HIPOLITA CEGIELSKIEGO W ZŁOTOWIE, UL. NORWIDA, 77-400, ZŁOTÓW,17.043408,53.358096, 81.28333333333333, 1014.7916666666666, 13.491666666666667,2.775,2.4916666666666663, 2026-07-24 07:56:32
SZKOŁA PODSTAWOWA NR 2 W MILICZU, UL. MIKOŁAJA KOPERNIKA, 56-300, MILICZ,17.2632671,51.52472079301254, 79.14166666666667, 1000.8000000000001, 15.008333333333333,3.083333333333333,2.6166666666666663, 2026-07-24 07:56:32
TECHNIKUM W ZESPOLE SZKÓŁ TECHNICZNYCH MECHANIK W JELENIEJ GÓRZE, UL. OBROŃCÓW POKOJU, 58-500, JELENIA GÓRA,15.7290772,50.9069298, 84.35833333333333, 976.7583333333333, 13.766666666666666,5.266666666666667,4.508333333333334, 2026-07-24 07:56:32
KATOLICKA SZKOŁA PODSTAWOWA IM. ŚW. JANA APOSTOŁA I EWANGELISTY W OLEŚNICY, UL. PÓŁNOCNA, 56-400, OLEŚNICA,17.3898504,51.2134346, 87.94166666666666, 997.5083333333333, 13.225,2.558333333333333,2.191666666666667, 2026-07-24 07:56:32
SZKOŁA PODSTAWOWA W PAROWEJ, , 59-724, PAROWA,15.2803958,51.36334255, 86.75, 996.2916666666666, 13.583333333333334,3.808333333333333,3.166666666666666, 2026-07-24 07:56:32
TECHNIKUM NR 5 W ZAWIERCIU, UL. PARKOWA, 42-400, ZAWIERCIE,19.4338741,50.4929809, 79.81666666666668, 972.1750000000001, 13.791666666666666,2.641666666666666,2.3666666666666663, 2026-07-24 07:56:32
PUBLICZNA SZKOŁA PODSTAWOWA STANISZCZE WIELKIE-KOLONOWSKIE 3, UL. JANA PAWŁA II, 47-113, KOLONOWSKIE,18.35300127116459,50.662892819423945, 85.48333333333333, 992.9833333333332, 13.6,6.583333333333333,6.149999999999999, 2026-07-24 07:56:32
PUBLICZNA SZKOŁA PODSTAWOWA NR 17 IM. JANA KOCHANOWSKIEGO W RADOMIU, UL. CZARNOLESKA, 26-600, RADOM,21.1308802,51.3713463, 89.23333333333333, 989.9916666666667, 15.133333333333333,4.875,3.9, 2026-07-24 07:56:32
SZKOŁA PODSTAWOWA W WIERZCHOWIE, , 78-411, WIERZCHOWO,16.0968376,53.4559625, 83.03333333333333, 994.9666666666667, 12.733333333333334,2.724999999999999,2.391666666666666, 2026-07-24 07:56:32
SZKOŁA PODSTAWOWA IM. JANA BRZECHWY W KŁODZINIE, , 74-210, KŁODZINO,15.106625,53.109389, 79.84166666666665, 1007.3666666666667, 14.458333333333334,3.641666666666667,3.216666666666667, 2026-07-24 07:56:32
SZKOŁA PODSTAWOWA IM. STANISŁAWA WYSPIAŃSKIEGO W FILIPOWICACH, , 32-065, FILIPOWICE,19.5674615,50.1510153, 82.1, 975.7916666666666, 13.533333333333333,5.766666666666668,5.475, 2026-07-24 07:56:32
II LICEUM OGÓLNOKSZTAŁCĄCE IM. JANA KASPROWICZA W KUTNIE, UL. OKRZEI, 99-300, KUTNO,19.34721901,52.23517579, 94.19166666666666, 997.4333333333334, 14.483333333333334,2.783333333333333,2.325, 2026-07-24 07:56:32
SZKOŁA PODSTAWOWA W BRUDNOWIE, , 87-731, BRUDNOWO,18.8099861,52.8109379, 87.175, 999.9916666666667, 14.649999999999999,2.716666666666667,2.324999999999999, 2026-07-24 07:56:32
SZKOŁA PODSTAWOWA IM. KOMISJI EDUKACJI NARODOWEJ W RACIĄŻKU, UL. SZKOLNA, 87-721, RACIĄŻEK,18.8133859,52.856485, 91.575, 1000.0833333333334, 14.683333333333332,2.916666666666666,2.4916666666666663, 2026-07-24 07:56:32
SZKOŁA PODSTAWOWA IM. CZESŁAWA HIŃCAW ROGOZINIE, UL. MAZOWIECKA, 09-442, ROGOZINO,19.8050343,52.5668522, 86.43333333333334, 988.6, 15.525,2.199999999999999,1.841666666666666, 2026-07-24 07:56:32
SZKOŁA PODSTAWOWA IM. TADEUSZA KOŚCIUSZKI W GASZOWICACH, UL. RYDUŁTOWSKA, 44-293, GASZOWICE,18.4281481,50.1081405, 85.33333333333333, 983.6999999999999, 12.983333333333334,2.716666666666667,2.35, 2026-07-24 07:56:32
SZKOŁA PODSTAWOWA IM. WINCENTEGO WOŹNIAKA W CZYŻOWICACH, UL. WODZISŁAWSKA, 44-352, CZYŻOWICE,18.404863,49.98451, 84.0, 984.2166666666667, 13.475,6.925000000000001,5.925, 2026-07-24 07:56:32
SZKOŁA PODSTAWOWA NR 2 W RYDUŁTOWACH, UL. RACIBORSKA, 44-280, RYDUŁTOWY,18.429921,50.0757421, 87.64166666666667, 979.775, 12.85,3.6,3.141666666666667, 2026-07-24 07:56:32
SZKOŁA PODSTAWOWA IM. KS. KONSTANTEGO DAMROTA W ZESPOLE SZKOLNO-PRZEDSZKOLNYM W ZWONOWICACH, UL. SUMIŃSKA, 44-292, ZWONOWICE,18.4378208,50.1433165, 78.46666666666667, 982.6416666666668, 14.533333333333333,2.891666666666667,2.416666666666666, 2026-07-24 07:56:32
SZKOŁA PODSTAWOWA NR 7 IM. POWSTAŃCÓW ŚLĄSKICH W TYCHACH, UL. LWA TOŁSTOJA, 43-100, TYCHY,18.99160757,50.10091564, 89.7, 982.5749999999999, 14.308333333333335,7.958333333333333,6.625, 2026-07-24 07:56:32
SPOŁECZNA SZKOŁA PODSTAWOWA SPOŁECZNEGO TOWARZYSTWA OŚWIATOWEGO W BYTOMIU, UL. SKRAJNA, 41-907, BYTOM,18.90117439,50.33890828, 87.98333333333333, 980.725, 13.983333333333334,14.383333333333333,11.85, 2026-07-24 07:56:32
SZKOŁA PODSTAWOWA IM.JANA PAWŁA II W KONARACH, UL. SZKOLNA, 42-270, KONARY,19.40616951,50.9175298, 81.01666666666667, 985.1583333333333, 14.200000000000001,2.266666666666666,1.825, 2026-07-24 07:56:32
SZKOŁA PODSTAWOWA Z ODDZIAŁAMI INTEGRACYJNYMI NR 11 IM. BOLESŁAWA CHROBREGO W PŁOCKU, UL. JANA KOCHANOWSKIEGO, 09-402, PŁOCK,19.69874,52.5520801, 85.5, 998.5, 15.825000000000001,2.558333333333333,2.191666666666667, 2026-07-24 07:56:32
LICEUM OGÓLNOKSZTAŁCĄCE Z ODDZIAŁAMI DWUJĘZYCZNYMI IM. TADEUSZA KOŚCIUSZKI W GOSTYNINIE, UL. 3 MAJA, 09-500, GOSTYNIN,19.4606299,52.4262601, 86.55833333333334, 999.7333333333332, 15.158333333333333,3.0,2.658333333333333, 2026-07-24 07:56:32
SZKOŁA PODSTAWOWA IM. JANA BRZECHWY W PAPROTNI, UL. ZIELONA, 62-513, PAPROTNIA,18.4210458,52.1744156, 82.08333333333333, 1001.0833333333334, 14.466666666666667,2.575,2.2, 2026-07-24 07:56:32
SZKOŁA PODSTAWOWA IM. 6 PUŁKU PIECHOTY W STARYM BRONISZEWIE, UL. KWIATOWA, 42-231, STARY BRONISZEW,19.16268476,50.98367124, 77.875, 985.75, 14.725,2.416666666666666,1.933333333333333, 2026-07-24 07:56:32
SZKOŁA PODSTAWOWA IM. BŁOGOSŁAWIONEJ KAROLINY KÓZKÓWNY W ROZDZIELU, , 32-731, ROZDZIELE,20.44490879,49.78856719, 88.83333333333333, 955.4666666666667, 12.241666666666667,4.916666666666667,4.358333333333333, 2026-07-24 07:56:32
SZKOŁA PODSTAWOWA IM. WOJSKA POLSKIEGO W ROBAKOWIE, , 86-212, ROBAKOWO,18.6632422,53.3593873, 86.625, 999.7666666666668, 15.233333333333333,3.275,2.8666666666666663, 2026-07-24 07:56:32
SZKOŁA PODSTAWOWA IM. MIKOŁAJA REJA W GRZECHYNI, , 34-220, GRZECHYNIA,19.637399,49.713197, 83.65833333333333, 963.1916666666666, 13.708333333333334,4.133333333333334,3.433333333333333, 2026-07-24 07:56:32
ZESPÓŁ SZKÓŁ NR 2 IM. H. KOŁŁĄTAJA TECHNIKUM NR 2 W MYSZKOWIE, UL. PUŁASKIEGO, 42-300, MYSZKÓW,19.2969718,50.5546354, 83.05833333333334, 977.8583333333332, 13.358333333333334,3.4666666666666672,2.9916666666666663, 2026-07-24 07:56:32
SZKOŁA PODSTAWOWA NR 15 W WODZISŁAWIU ŚLĄSKIM, UL. MŁODZIEŻOWA, 44-373, WODZISŁAW ŚLĄSKI,18.41000947116512,50.01082844379947, 78.85833333333333, 981.1833333333334, 14.116666666666667,3.358333333333333,2.9, 2026-07-24 07:56:32
SZKOŁA PODSTAWOWA IM. ROTMISTRZA WITOLDA PILECKIEGO W GROCHOWCACH, , 37-733, GROCHOWCE,22.7549891,49.7310954, 81.06666666666666, 978.6833333333334, 15.875,0.941666666666666,0.6583333333333331, 2026-07-24 07:56:32
PUBLICZNE TECHNIKUM ZESPOŁU SZKÓŁ W OZIMKU, UL. CZĘSTOCHOWSKA, 46-040, OZIMEK,18.22029921,50.68532728, 83.68333333333334, 991.6, 13.308333333333332,4.066666666666666,3.558333333333333, 2026-07-24 07:56:32
SZKOŁA PODSTAWOWA IM. MARII KONOPNICKIEJ W SOSNÓWCE, UL. STRAŻACKA, 58-564, SOSNÓWKA,15.7230035,50.8177069, 78.375, 970.4916666666667, 13.766666666666666,3.108333333333334,3.108333333333334, 2026-07-24 07:56:32
SZKOŁA PODSTAWOWA IM. JANA ADAMA DE GARNIER W GŁĘBOWICACH, , 56-160, GŁĘBOWICE,16.7360843,51.4489007, 83.26666666666667, 1004.2833333333333, 14.0,3.083333333333333,2.666666666666666, 2026-07-24 07:56:32
SZKOŁA PODSTAWOWA W WIŃSKU, UL. NOWA, 56-160, WIŃSKO,16.6079403,51.469753, 83.65833333333333, 994.3333333333334, 13.483333333333334,3.4,3.083333333333333, 2026-07-24 07:56:32
SZKOŁA PODSTAWOWA IM. JANA PAWŁA II W LEONCINIE, UL. ISAACA BASHEVISA SINGERA, 05-155, LEONCIN,20.5369966,52.3951342, 81.27499999999999, 1002.2166666666667, 14.950000000000001,3.266666666666667,2.775, 2026-07-24 07:56:32
SZKOŁA PODSTAWOWA IM. STEFANA ŻEROMSKIEGO W OGRODZIEŃCU, UL. KOŚCIUSZKI, 42-440, OGRODZIENIEC,19.5171628,50.4512905, 82.37142857142858, 966.2428571428571, 12.971428571428572,2.171428571428571,1.9, 2026-07-24 07:56:32
LICEUM OGÓLNOKSZTAŁCĄCE SZKOŁA MISTRZOSTWA SPORTOWEGO W KOLARSTWIE W ŚWIDNICY, UL. ROMUALDA TRAUGUTTA, 58-100, ŚWIDNICA,16.677532,51.0740481, 76.59166666666667, 985.025, 14.75,2.775,2.3, 2026-07-24 07:56:32
SZKOŁA PODSTAWOWA NR 1 IM. MIKOŁAJA KOPERNIKA W MILICZU, UL. ARMII KRAJOWEJ, 56-300, MILICZ,17.27622,51.52735, 83.39999999999999, 1002.3666666666667, 13.799999999999999,2.433333333333333,2.425, 2026-07-24 07:56:32
SZKOŁA PODSTAWOWA NR 4 IM. JANA MATEJKI W BOLESŁAWCU, UL. MIKOŁAJA BRODY, 59-700, BOLESŁAWIEC,15.5673211,51.2597212, 86.5, 991.6500000000001, 13.966666666666667,5.041666666666667,4.366666666666666, 2026-07-24 07:56:32
SZKOŁA PODSTAWOWA W PECNEJ, UL. SZKOLNA, 62-053, PECNA,16.800542699999998,52.17923244553197, 80.66666666666667, 1005.6666666666666, 14.441666666666668,4.441666666666666,3.741666666666666, 2026-07-24 07:56:32
SZKOŁA PODSTAWOWA IM. BOHATERÓW WYZWOLENIA ZIEMI WAŁECKIEJ W SKRZATUSZU, , 64-930, SKRZATUSZ,16.579039,53.2047989, 82.79166666666667, 996.1166666666667, 13.383333333333333,2.508333333333333,2.116666666666666, 2026-07-24 07:56:32
SZKOŁA PODSTAWOWA NR 1 SPECJALNA W GRĘBOWIE, UL. DOLAŃSKICH, 39-410, GRĘBÓW,21.89609263,50.5448996, 77.28999999999999, 991.6700000000001, 17.240000000000002,4.59,3.889999999999999, 2026-07-24 07:56:32
VII LICEUM OGÓLNOKSZTAŁCĄCE W ZABRZU W ZESPOLE SZKÓŁ NR 10 IM. PROF. JANUSZA GROSZKOWSKIEGO W ZABRZU, UL. FRYDERYKA CHOPINA, 41-807, ZABRZE,18.7812902,50.3344451, 89.94166666666666, 982.7666666666668, 13.924999999999999,12.266666666666666,10.083333333333334, 2026-07-24 07:56:32
SZKOŁA PODSTAWOWA IM. JÓZEFY JABCZYŃSKIEJ W WYSOKIEJ, UL. ADAMA MICKIEWICZA, 42-450, WYSOKA,19.355767,50.4243729, 84.25833333333334, 971.6666666666666, 12.766666666666666,3.266666666666667,2.658333333333333, 2026-07-24 07:56:32
PUBLICZNA SZKOŁA PODSTAWOWA IM.MARII DĄBROWSKIEJ W DUDACH, , 07-300, DUDY,21.88516495,52.75442246, 82.74166666666666, 995.5666666666666, 15.833333333333334,6.05,5.308333333333334, 2026-07-24 07:56:32
SZKOŁA PODSTAWOWA NR 1 IM. ANDRZEJA KNAPCZYKA-DUCHA W CZERWIENNEM, , 34-407, CZERWIENNE,19.92160664,49.39404087, 82.08333333333333, 986.8916666666665, 11.575000000000001,1.958333333333333,1.6416666666666662, 2026-07-24 07:56:32
I LICEUM OGÓLNOKSZTAŁCĄCE IM. HENRYKA SIENKIEWICZA W KĘDZIERZYNIE-KOŹLU, UL. GRZEGORZA PIRAMOWICZA, 47-200, KĘDZIERZYN-KOŹLE,18.14262081,50.33790531, 83.75, 994.6666666666666, 14.391666666666666,3.433333333333333,2.941666666666666, 2026-07-24 07:56:32
VII LICEUM OGÓLNOKSZTAŁCACE W RZESZOWIE, AL. TADEUSZA REJTANA, 35-326, RZESZÓW,22.0170526,50.0348962, 99.7, 985.8583333333332, 14.808333333333335,3.275,3.216666666666667, 2026-07-24 07:56:32
TECHNIKUM NR 3 W DZIERŻONIOWIE - ZESPÓŁ SZKÓŁ NR 3 IM. KOMBATANTÓW RZECZYPOSPOLITEJ POLSKIEJ W DZIERŻONIOWIE, UL. SŁOWIAŃSKA, 58-200, DZIERŻONIÓW,16.65669399,50.72557241, 86.20833333333333, 987.4666666666667, 13.566666666666668,2.175,1.9, 2026-07-24 07:56:32
SZKOŁA PODSTAWOWA NR 9 IM. MIKOŁAJA KOPERNIKA W DZIERŻONIOWIE, UL. MIKOŁAJA KOPERNIKA, 58-200, DZIERŻONIÓW,16.649692,50.724446, 78.41666666666667, 986.2666666666668, 14.075000000000001,2.275,1.991666666666666, 2026-07-24 07:56:32
SAMORZĄDOWA SZKOŁA PODSTAWOWA W MIĘDZYLESIU, UL. BOLESŁAWA CHROBREGO, 57-530, MIĘDZYLESIE,16.6670843,50.1477491, 89.8, 962.2, 11.440000000000001,6.32,5.42, 2026-07-24 07:56:32
SZKOŁA PODSTAWOWA NR 10 Z ODDZIAŁAMI SPORTOWYMI W BIELAWIE, UL. GEN. GROTA ROWECKIEGO, 58-260, BIELAWA,16.61694446,50.68265975, 73.21666666666667, 977.3833333333333, 14.766666666666666,2.35,2.058333333333333, 2026-07-24 07:56:32
SZKOŁA PODSTAWOWA  IM.KS.JANA TWARDOWSKIEGO  W STARYM BOSEWIE, UL. ROZWOJOWA, 07-210, STARE BOSEWO,21.540101744931388,52.76931002081105, 83.15833333333333, 998.4416666666666, 15.35,4.266666666666667,3.6999999999999993, 2026-07-24 07:56:32
SZKOŁA PODSTAWOWA W MIĄSOWEJ, , 28-305, MIĄSOWA,20.3810297,50.7122903, 85.14166666666667, 980.8000000000001, 14.091666666666667,2.416666666666666,2.1, 2026-07-24 07:56:32
PUBLICZNA SZKOŁA PODSTAWOWA JANKOWICE WIELKIE, , 49-332, JANKOWICE WIELKIE,17.442356,50.7669935, 81.15833333333333, 1003.0749999999999, 13.866666666666667,2.608333333333333,2.324999999999999, 2026-07-24 07:56:32
SZKOŁA PODSTAWOWA IM. MJR. HENRYKA DOBRZAŃSKIEGO HUBALA W ZABRAŃCU, UL. KS. WŁ. SKONIECKIEGO, 05-079, ZABRANIEC,21.3365645,52.2989045, 83.49166666666666, 996.5833333333334, 15.108333333333334,4.75,4.149999999999999, 2026-07-24 07:56:32
SZKOŁA PODSTAWOWA NR 9 W TYCHACH, UL. LEŚNA, 43-100, TYCHY,18.950379138440248,50.14288714394058, 90.30833333333334, 981.2333333333332, 14.075000000000001,5.433333333333334,5.433333333333334, 2026-07-24 07:56:32
BRANŻOWA SZKOŁA I STOPNIA W GORZYCACH, UL. ŻWIRKI I WIGURY, 39-432, GORZYCE,21.84007287,50.65740322, 84.675, 992.6, 15.458333333333334,7.008333333333333,6.716666666666666, 2026-07-24 07:56:32
SZKOŁA PODSTAWOWA IM. TADEUSZA KOŚCIUSZKI W PAWONKOWIE, UL. SZKOLNA, 42-772, PAWONKÓW,18.5817496,50.6943842, 91.06666666666666, 983.5, 12.875,6.441666666666666,5.183333333333334, 2026-07-24 07:56:32
PUBLICZNA SZKOŁA PODSTAWOWA IM. OJCA ŚWIĘTEGO JANA PAWŁA II W STAREJ BŁOTNICY, , 26-806, STARA BŁOTNICA,19.9410935,52.3679201, 89.5, 991.1833333333334, 15.141666666666666,3.8416666666666672,3.208333333333333, 2026-07-24 07:56:32
SZKOŁA PODSTAWOWA IM. ZOFII SOLARZOWEJ W MIĄSEM, UL. KARDYNAŁA WYSZYŃSKIEGO, 05-240, MIĄSE,21.4381993,52.3967302, 81.74166666666666, 996.6083333333335, 15.225,7.266666666666667,6.375, 2026-07-24 07:56:32
TECHNIKUM W ZESPOLE SZKÓŁ PRZYRODNICZO-USŁUGOWYCH I BURSY SZKOLNEJ W JELENIEJ GÓRZE, UL. LEŚNA, 58-560, JELENIA GÓRA,15.7000735,50.8669637, 81.96666666666667, 971.8916666666665, 13.525,5.383333333333333,4.633333333333334, 2026-07-24 07:56:32
V LICEUM OGÓLNOKSZTAŁCĄCE W RYBNIKU, UL. ORZEPOWICKA, 44-217, RYBNIK,18.51736,50.0994589, 87.67500000000001, 984.75, 12.766666666666666,2.858333333333333,2.625, 2026-07-24 07:56:32
SZKOŁA PODSTAWOWA W DUBINIE, , 63-930, DUBIN,17.1480027,51.6249813, 82.46666666666667, 1001.1416666666668, 14.299999999999999,2.6,2.6, 2026-07-24 07:56:32
SZKOŁA PODSTAWOWA IM. KAROLA MARCINKOWSKIEGO W LUDOMACH, , 64-603, LUDOMY,16.8230475,52.7545231, 78.85000000000001, 1005.5666666666666, 13.325000000000001,3.975,3.425, 2026-07-24 07:56:32
LICEUM OGÓLNOKSZTAŁCĄCE IM.TADEUSZA KOŚCIUSZKI W ŁOBŻENICY, UL. ZŁOTOWSKA, 89-310, ŁOBŻENICA,17.2547677,53.2625013, 83.0, 1000.6416666666668, 13.283333333333333,3.35,2.908333333333333, 2026-07-24 07:56:32
LICEUM OGÓLNOKSZTAŁCĄCE IM. OLIMPIJCZYKÓW POLSKICH W DŁUGOŁĘCE, UL. SZKOLNA, 55-095, DŁUGOŁĘKA,17.1889302,51.1751006, 83.47500000000001, 998.7416666666667, 14.141666666666666,3.291666666666666,2.833333333333333, 2026-07-24 07:56:32
SZKOŁA PODSTAWOWA IM.KS.JANA TWARDOWSKIEGO W KOLNICZKACH, , 63-040, KOLNICZKI,17.3618409,52.045122, 78.59166666666667, 1001.4416666666666, 14.366666666666667,3.508333333333333,3.066666666666666, 2026-07-24 07:56:32
ZESPÓŁ SZKÓŁ SZKOŁA PODSTAWOWA W PISARZOWICACH, , 58-400, PISARZOWICE,15.954357,50.78687017996712, 82.89166666666667, 954.8916666666665, 12.866666666666667,6.433333333333334,5.575, 2026-07-24 07:56:32
TECHNIKUM W ZESPOLE SZKÓŁ IM. GEN. SYLWESTRA KALISKIEGO W GÓRZE, UL. ARMII POLSKIEJ, 56-200, GÓRA,16.537487,51.663379, 85.56666666666666, 1004.1916666666666, 13.291666666666666,3.483333333333333,3.05, 2026-07-24 07:56:32
SZKOŁA PODSTAWOWA SPECJALNA W ZESPOLE SZKÓŁ SPECJALNYCH W ŻMIGRODZIE, UL. RYBACKA, 55-140, ŻMIGRÓD,16.905825,51.4721651, 79.27499999999999, 1003.2916666666666, 14.866666666666667,2.833333333333333,2.441666666666667, 2026-07-24 07:56:32
SZKOŁA PODSTAWOWA W MIĘKINI, UL. SZKOLNA, 55-330, MIĘKINIA,16.7422437,51.1929907, 85.24166666666666, 1002.5083333333333, 14.233333333333334,2.691666666666666,2.3666666666666663, 2026-07-24 07:56:32
SZKOŁA PODSTAWOWA W ZESPOLE SZKOLNO-PRZEDSZKOLNYM W MOŚCISKU, UL. SZKOLNA, 58-116, MOŚCISKO,16.5883176,50.7808876, 78.10000000000001, 985.5, 13.475,2.9666666666666672,2.425, 2026-07-24 07:56:32
SZKOŁA PODSTAWOWA W SOKOŁOWIE, , 26-333, GRZYMAŁÓW,20.1653269,51.318281, 84.61428571428571, 991.4800000000001, 14.294285714285715,4.665714285714286,4.319999999999999, 2026-07-24 07:56:32
NIEPUBLICZNA SZKOŁA PODSTAWOWA STOWARZYSZENIA NA RZECZ ROZWOJU I PROMOCJI WSI LUBNÓW I OKOLIC W LUBANOWIE, , 57-220, LUBNÓW,17.016813,50.512531, 78.3, 982.1583333333333, 13.975,3.316666666666666,2.808333333333333, 2026-07-24 07:56:32
I ZESPÓŁ SZKÓŁ IM. STANISŁAWA STASZICA WE WSCHOWIE BRANŻOWA SZKOŁA I STOPNIA NR 2 WE WSCHOWIE, UL. KOŚCIUSZKI, 67-400, WSCHOWA,16.3113985,51.8077413, 87.575, 1002.475, 13.275,2.8249999999999997,2.558333333333333, 2026-07-24 07:56:32
SZKOŁA PODSTAWOWA W DUNKOWEJ, , 56-300, DUNKOWA,17.1682893,51.535732, 79.52499999999999, 1000.1750000000001, 14.891666666666666,2.783333333333333,2.383333333333333, 2026-07-24 07:56:32
SZKOŁA PODSTAWOWA NR 24 IM. WISŁAWY SZYMBORSKIEJ W ZESPOLE SZKOLNO-PRZEDSZKOLNYM NR 14 W RYBNIKU, UL. LEOPOLDA STAFFA, 44-274, RYBNIK,18.540553,50.143783, 83.575, 982.0333333333333, 13.283333333333333,3.074999999999999,2.808333333333333, 2026-07-24 07:56:32
PUBLICZNA SZKOŁA PODSTAWOWA NR 3 IM. WŁADYSŁAWA SIKORSKIEGO W ZDZIESZOWICACH, UL. NOWA, 47-330, ZDZIESZOWICE,18.12477,50.42422, 80.39999999999999, 991.1166666666667, 14.483333333333334,2.525,2.125, 2026-07-24 07:56:32
SZKOŁA PODSTAWOWA IM. WINCENTEGO WITOSA W NOSÓWCE, , 36-046, NOSÓWKA,21.882434839892888,50.0231517918952, 92.33333333333333, 985.0916666666667, 14.225,2.8,2.525, 2026-07-24 07:56:32
PUBLICZNA SZKOŁA PODSTAWOWA W JAŹWINACH, , 39-215, JAŹWINY,21.4809252,51.9701122, 89.13333333333333, 983.4083333333333, 14.358333333333334,5.875,4.85, 2026-07-24 07:56:32
SZKOŁA PODSTAWOWA IM.STANISŁAWA DĄMBSKIEGO W RUDNEJ WIELKIEJ, , 36-054, RUDNA WIELKA,21.954377626405005,50.08747932340838, 99.7, 985.0333333333333, 14.933333333333332,3.55,3.433333333333333, 2026-07-24 07:56:32
NIEPUBLICZNA NIEPŁATNA SZKOŁA PODSTAWOWA STOWARZYSZENIA SIÓDEMKA W TARNOWIE, UL. JÓZEFA PONIATOWSKIEGO, 33-100, TARNÓW,20.99013999756542,50.01871682796816, 85.22727272727273, 985.6727272727272, 14.554545454545455,5.836363636363637,5.009090909090909, 2026-07-24 07:56:32
SZKOŁA PODSTAWOWA W ŚMIGNIE, , 33-140, ŚMIGNO,20.99488313989564,50.08187231039279, 88.27499999999999, 984.8333333333334, 14.383333333333333,4.375,4.1, 2026-07-24 07:56:32
SZKOŁA PODSTAWOWA NR 11 Z ODDZIAŁAMI INTEGRACYJNYMI IM. ADAMA MICKIEWICZA W JAROSŁAWIU, UL. IGNACEGO KRASZEWSKIEGO, 37-500, JAROSŁAW,22.675128228256558,50.02138853881869, 85.325, 983.4, 15.733333333333333,4.333333333333333,3.766666666666667, 2026-07-24 07:56:32
LICEUM OGÓLNOKSZTAŁCĄCE IM. TADEUSZA KOŚCIUSZKI W SYCOWIE, UL. KOŚCIELNA, 56-500, SYCÓW,17.72016,51.30787, 80.30833333333334, 993.5, 13.733333333333334,3.358333333333333,2.916666666666666, 2026-07-24 07:56:32
SZKOŁA PODSTAWOWA IM. ŚWIĘTEGO JÓZEFA W KROSNEJ, , 34-603, KROSNA,20.528512,49.7714131, 84.60833333333333, 977.4583333333334, 13.541666666666666,11.008333333333333,10.25, 2026-07-24 07:56:32
SZKOŁA PODSTAWOWA NR 35 Z ODDZIAŁAMI INTEGRACYJNYMI IM. MATKI TERESY Z KALKUTY W TYCHACH, AL. MARSZAŁKA PIŁSUDSKIEGO, 43-100, TYCHY,18.9864571,50.1087174, 86.99, 981.0, 14.059999999999999,6.979999999999999,5.89, 2026-07-24 07:56:32
SZKOŁA PODSTAWOWA NR 5 Z ODDZIAŁAMI INTEGRACYJNYMI W TYCHACH, UL. STEFANA CZARNIECKIEGO, 43-100, TYCHY,18.9817917,50.1201912, 84.4, 981.4, 13.833333333333334,5.791666666666667,5.291666666666667, 2026-07-24 07:56:32
SZKOŁA PODSTAWOWA IM. GENERAŁA STANISŁAWA MACZKA W OLSZYNACH, , 32-831, OLSZYNY,20.7611656,51.1053173, 81.25833333333334, 984.3416666666667, 14.674999999999999,3.416666666666666,3.166666666666666, 2026-07-24 07:56:32
SZKOŁA PODSTAWOWA IM. STEFANA CZARNIECKIEGO W TYKOCINIE, UL. JANA KOCHANOWSKIEGO, 16-080, TYKOCIN,22.7740605,53.2062669, 93.94166666666666, 995.1999999999999, 14.641666666666666,9.283333333333331,7.774999999999999, 2026-07-24 07:56:32
SZKOŁA PODSTAWOWA W HUTKACH, , 42-274, HUTKI,19.0062626,50.6813486, 88.39166666666667, 979.6083333333335, 12.658333333333333,2.708333333333333,2.475, 2026-07-24 07:56:32
TECHNIKUM NR 1 W BRZEGU, UL. SŁOWIAŃSKA, 49-300, BRZEG,17.4633865,50.858939, 85.7, 996.9416666666666, 13.833333333333334,2.308333333333333,2.308333333333333, 2026-07-24 07:56:32
PUBLICZNA SZKOŁA PODSTAWOWA IM. BOHATERÓW WALKI Z FASZYZMEM W ŁAMBINOWICACH, UL. OBOZOWA, 48-316, ŁAMBINOWICE,17.5596274,50.538452, 78.15833333333333, 989.8833333333333, 14.5,2.933333333333333,2.4916666666666663, 2026-07-24 07:56:32
SZKOŁA PODSTAWOWA W SILNIE, UL. GŁÓWNA, 89-620, SILNO,17.6993,53.65103, 81.66666666666667, 996.775, 15.016666666666666,1.758333333333333,1.533333333333333, 2026-07-24 07:56:32
SZKOŁA PODSTAWOWA W PRZEŁĘKU, , 48-303, PRZEŁĘK,17.333027,50.4109082, 72.13333333333334, 989.525, 14.625,2.933333333333333,2.625, 2026-07-24 07:56:32
SZKOŁA PODSTAWOWA IM. WOJSKA POLSKIEGO W KAMIENNEJ, , 46-100, KAMIENNA,17.769607,51.07871, 85.925, 995.4666666666667, 13.266666666666666,7.541666666666667,6.141666666666667, 2026-07-24 07:56:32
SZKOŁA PODSTAWOWA SPECJALNA NR 7 IM. MARII KONOPNICKIEJ W ŚWIDNICY, UL. ROTMISTRZA WITOLDA PILECKIEGO, 58-100, ŚWIDNICA,16.49738157,50.8520284, 79.19166666666666, 987.8333333333334, 13.958333333333334,6.375,5.316666666666666, 2026-07-24 07:56:32
SZKOŁA PODSTAWOWA IM. 10 BRYGADY KAWALERII PANCERNEJ W KRZYWEJ , , 59-225, KRZYWA,15.81206583,51.28056359, 79.14166666666667, 993.9, 15.108333333333334,4.558333333333334,3.908333333333333, 2026-07-24 07:56:32
SZKOŁA PODSTAWOWA IM. JANA PAWŁA II W GOSTYCYNIE, UL. SĘPOLEŃSKA, 89-520, GOSTYCYN,17.8086931,53.4899486, 80.78, 998.0200000000001, 15.440000000000001,2.18,1.89, 2026-07-24 07:56:32
SZKOŁA PODSTAWOWA NR 3 IM. MIKOŁAJA KOPERNIKA W WĄGROWCU, UL. KLASZTORNA, 62-100, WĄGROWIEC,17.2156193,52.8174847, 83.58333333333333, 1002.2833333333333, 12.75,3.091666666666667,3.091666666666667, 2026-07-24 07:56:32
I LICEUM OGÓLNOKSZTAŁCĄCE IM. TADEUSZA KOŚCIUSZKI W DĄBROWIE TARNOWSKIEJ, UL. MARSZAŁKA JÓZEFA PIŁSUDSKIEGO, 33-200, DĄBROWA TARNOWSKA,20.9830385,50.16866618, 87.63333333333333, 987.5666666666666, 14.616666666666667,6.149999999999999,5.433333333333334, 2026-07-24 07:56:32
LICEUM OGÓLNOKSZTAŁCĄCE IM. TOMASZA ZANA W PRUSZKOWIE, UL. IGNACEGO DASZYŃSKIEGO, 05-800, PRUSZKÓW,20.80021723,52.16766803, 82.44, 999.0, 15.02,4.58,3.96, 2026-07-24 07:56:32
SZKOŁA PODSTAWOWA NR 1 IM. KSIĄŻĄT PSZCZYŃSKICH W PSZCZYNIE, UL. KS. BP. BOGEDAINA, 43-200, PSZCZYNA,18.9477092,49.9857805, 93.175, 983.5666666666666, 13.758333333333333,12.866666666666667,10.7, 2026-07-24 07:56:32
SZKOŁA PODSTAWOWA IM. HENRYKA SIENKIEWICZA W BRZYSKACH, , 38-212, BRZYSKA,21.3890225,49.8193288, 67.7, 981.3083333333334, 18.275000000000002,9.975,8.483333333333333, 2026-07-24 07:56:32
PUBLICZNA SZKOŁA PODSTAWOWA Z ODDZIAŁAMI INTEGRACYJNYMI NR 26 IM. KOMISJI EDUKACJI NARODOWEJ W WAŁBRZYCHU, UL. PALISADOWA, 58-314, WAŁBRZYCH,16.2800376,50.8261104, 82.15833333333333, 968.6416666666668, 13.091666666666667,3.449999999999999,2.941666666666666, 2026-07-24 07:56:32
SZKOŁA PODSTAWOWA NR 19 IM. KS. PIOTRA SKARGI W RZESZOWIE, UL. PIOTRA SKARGI, 35-202, RZESZÓW,22.0102447,50.0455103, 90.94166666666666, 984.6166666666667, 14.891666666666667,3.475,3.158333333333333, 2026-07-24 07:56:32
MAŁA SZKOŁA NIEPUBLICZNA SZKOŁA PODSTAWOWA W KONINIE ŻAGAŃSKIM, , 68-120, KONIN ŻAGAŃSKI,15.193599,51.545944, 83.78333333333333, 999.6833333333334, 13.733333333333334,4.275,3.625, 2026-07-24 07:56:32
PUBLICZNA SZKOŁA PODSTAWOWA W GRABINACH, , 39-217, GRABINY,21.796093,52.6229809, 88.24166666666667, 988.6833333333334, 14.466666666666667,3.608333333333333,3.058333333333333, 2026-07-24 07:56:32
SZKOŁA PODSTAWOWA NR 4 W OSTROŁĘCE, UL. LEGIONOWA, 07-401, OSTROŁĘKA,21.62082944,53.09947804, 81.73636363636363, 996.7909090909092, 15.663636363636364,5.872727272727272,5.163636363636363, 2026-07-24 07:56:32
PUBLICZNA SZKOŁA PODSTAWOWA NR 2 Z ODDZIAŁAMI INTEGRACYJNYMI IM. MJP. HENRYKA SUCHARSKIEGO W PUŁTUSKU, UL. POLNA, 06-100, PUŁTUSK,21.10934,52.691192, 83.78333333333333, 1001.475, 14.908333333333333,6.225,5.566666666666666, 2026-07-24 07:56:32
SZKOŁA PODSTAWOWA IM. MIKOŁAJA KOPERNIKA W ROGOWIE, UL. SZKOLNA, 88-420, ROGOWO,17.6514186,52.7279476, 78.04166666666667, 1000.225, 14.966666666666667,2.833333333333333,2.425, 2026-07-24 07:56:32
SZKOŁA PODSTAWOWA NR 16 IM. SZCZECIŃSKICH OLIMPIJCZYKÓW W SZCZECINIE, UL. CHOBOLAŃSKA, 71-023, SZCZECIN,14.4995518,53.4109284, 76.89999999999999, 1010.6083333333335, 15.541666666666666,3.883333333333333,3.475, 2026-07-24 07:56:32
SZKOŁA PODSTAWOWA IM. MARII KONOPNICKIEJ W JAWORZYNIE ŚLĄSKIEJ, UL. ADAMA MICKIEWICZA, 58-140, JAWORZYNA ŚLĄSKA,16.431974,50.910576, 81.89166666666667, 986.1833333333334, 13.799999999999999,2.633333333333333,2.183333333333333, 2026-07-24 07:56:32
SZKOŁA PODSTAWOWA W PIESZCZU, , 76-113, PIESZCZ,16.77799479,54.45917898, 86.14999999999999, 1010.7083333333334, 12.924999999999999,1.866666666666666,1.608333333333333, 2026-07-24 07:56:32
SZKOŁA PODSTAWOWA IM.MARII SKŁODOWSKIEJ -CURIE W ŁUKOWICY, , 34-606, ŁUKOWICA,20.492789,49.60466781, 80.31666666666666, 960.3916666666665, 13.358333333333334,3.25,3.125, 2026-07-24 07:56:32
NO BELL SZKOŁA PODSTAWOWA MONTESSORI W KONSTANCINIE-JEZIORNEJ, UL. MIRKOWSKA, 05-520, KONSTANCIN-JEZIORNA,21.1306692,52.1016192, 82.55, 999.1666666666666, 15.666666666666666,3.216666666666667,2.958333333333333, 2026-07-24 07:56:32
SZKOŁA PODSTAWOWA NR 173 IM. GÓRNIKÓW POLSKICH W WARSZAWIE, INNE TRAKT BRZESKI, 05-077, WARSZAWA,21.2213906,52.2233683, 83.075, 997.3833333333333, 15.341666666666667,3.833333333333333,3.3, 2026-07-24 07:56:32
SZKOŁA PODSTAWOWA NR 50 IM. WŁODZIMIERZA TETMAJERA W KRAKOWIE, UL. KATOWICKA, 31-351, KRAKÓW-KROWODRZA,19.88192366,50.08454303, 79.18333333333334, 985.0583333333334, 14.441666666666668,3.108333333333333,2.5, 2026-07-24 07:56:32
DWUJĘZYCZNA PRYWATNA SZKOŁA PODSTAWOWA IM. ANTONIEGO BUĆKO, UL. ANTONIEGO BUĆKI, 16-010, WASILKÓW,23.20824714,53.20575663, 86.72, 991.64, 14.76,4.86,3.9, 2026-07-24 07:56:32
BRANŻOWA SZKOŁA I STOPNIA W ZESPOLE SZKÓŁ NR 2 IM. JANA DŁUGOSZA W WIELUNIU, UL. ROMUALDA TRAUGUTTA, 98-300, WIELUŃ,18.55921428,51.2272899, 82.53333333333333, 991.2416666666667, 14.241666666666667,3.25,2.641666666666666, 2026-07-24 07:56:32
SZKOŁA PODSTAWOWA NR 3 W PSZOWIE, UL. ARMII KRAJOWEJ, 44-370, PSZÓW,18.3868154,50.0548434, 84.98333333333333, 978.6416666666668, 13.1,2.191666666666667,1.916666666666666, 2026-07-24 07:56:32
LICEUM OGÓLNOKSZTAŁCĄCE W ORZYSZU W ZESPOLE SZKÓŁ OGÓLNOKSZTAŁCĄCYCH W ORZYSZU, UL. WOJSKA POLSKIEGO, 12-250, ORZYSZ,21.94493203,53.80638148, 87.15454545454546, 993.8181818181819, 15.909090909090908,4.790909090909091,4.081818181818182, 2026-07-24 07:56:32
PUBLICZNA SZKOŁA PODSTAWOWA NR 2 IM.JULIUSZA LIGONIA W ZESPOLE PLACÓWEK OŚWIATOWYCH W KALETACH MIOTKU, UL. ELIZY ORZESZKOWEJ, 42-660, KALETY,18.9537573,50.5518933, 92.06666666666666, 979.7083333333334, 13.216666666666667,5.075,4.283333333333333, 2026-07-24 07:56:32
SZKOŁA PODSTAWOWA IM. ORŁA BIAŁEGO W OSTRÓWKU, UL. SZKOLNA, 07-132, OSTRÓWEK,21.68182,52.5307, 82.35833333333333, 996.2083333333334, 15.475,4.408333333333333,3.808333333333333, 2026-07-24 07:56:32
PUBLICZNA SZKOŁA PODSTAWOWA W KADŁUBIE, UL. POWSTAŃCÓW ŚLĄSKICH, 47-175, KADŁUB,18.26324,50.612797181770425, 82.06666666666666, 991.5833333333334, 13.841666666666667,7.35,6.274999999999999, 2026-07-24 07:56:32
SZKOŁA PODSTAWOWA W KOKANINIE, , 62-817, KOKANIN,18.0903799,51.8135676, 82.825, 998.6750000000001, 13.216666666666667,3.316666666666666,3.074999999999999, 2026-07-24 07:56:32
SZKOŁA PODSTAWOWA NR 5 IM. KSIĘCIA MAZOWIECKIEGO SIEMOWITA IV W GOSTYNINIE, UL. POLNA, 09-500, GOSTYNIN,19.46185866,52.42027883, 87.96666666666665, 1000.0666666666666, 14.766666666666666,3.408333333333333,3.125, 2026-07-24 07:56:32
PUBLICZNA SZKOŁA PODSTAWOWA IM. JULIANA TUWIMA W INOWŁODZU, UL. SPALSKA, 97-215, INOWŁÓDZ,20.2235462,51.5270197, 82.6, 992.2999999999998, 15.225,2.3666666666666663,1.925, 2026-07-24 07:56:32
PUBLICZNA SZKOŁA PODSTAWOWA IM. JANA PAWŁA II W BRZUSTOWIE, , 97-215, BRZUSTÓW,20.1427601,51.4943863, 80.53333333333333, 977.9, 15.025,2.141666666666666,1.8, 2026-07-24 07:56:32
SZKOŁA PODSTAWOWA IM. JANA PAWŁA II W LINDOWIE, , 42-165, LINDÓW,18.8664105,51.0511057, 78.95, 987.025, 14.200000000000001,2.416666666666666,1.983333333333333, 2026-07-24 07:56:32
SZKOŁA PODSTAWOWA W POGORZAŁKACH, , 16-002, POGORZAŁKI,22.9606466,53.2263495, 90.36666666666667, 996.5666666666666, 14.141666666666666,11.766666666666666,11.1, 2026-07-24 07:56:32
SZKOŁA PODSTAWOWA W KROCZYCACH, UL. SIENKIEWICZA, 42-425, KROCZYCE,19.587505,50.6061776, 82.2, 973.2833333333333, 13.291666666666666,3.3,2.916666666666666, 2026-07-24 07:56:32
I LICEUM OGÓLNOKSZTAŁCĄCE IM. JANA ŚNIADECKIEGO W SIEMIANOWICACH ŚLĄSKICH, UL. STANISŁAWA WYSPIAŃSKIEGO, 41-100, SIEMIANOWICE ŚLĄSKIE,19.0287014,50.3027423, 84.86666666666666, 980.6916666666666, 14.141666666666666,8.216666666666667,6.899999999999999, 2026-07-24 07:56:32
SZKOŁA PODSTAWOWA NR 13 IM. ŚW. BARBARY W KATOWICACH, UL. WALEREGO WRÓBLEWSKIEGO, 40-214, KATOWICE,19.0452743,50.1158117, 83.58333333333333, 980.3249999999999, 14.091666666666667,8.616666666666667,7.208333333333333, 2026-07-24 07:56:32
SZKOŁA PODSTAWOWA NR 9 W CHRZANOWIE, UL. PADEREWSKIEGO, 32-500, CHRZANÓW,19.4001765,50.1345643, 85.63636363636364, 979.5363636363636, 14.054545454545455,6.036363636363637,5.263636363636364, 2026-07-24 07:56:32
TECHNIKUM AKADEMICKIE PRZY MIĘDZYNARODOWEJ WYŻSZEJ SZKOLE LOGISTYKI I TRANSPORTU WE WROCŁAWIU, UL. SOŁTYSOWICKA, 51-168, WROCŁAW-PSIE POLE,17.0717259,51.1405059, 79.75833333333334, 1000.0833333333334, 14.541666666666666,2.35,2.35, 2026-07-24 07:56:32
SZKOŁA PODSTAWOWA IM.HENRYKA SIENKIEWICZA W JASIENIU, UL. KONOPNICKIEJ, 68-320, JASIEŃ,15.0086995,51.7536042, 86.35000000000001, 1007.225, 13.516666666666666,4.583333333333333,4.075, 2026-07-24 07:56:32
SZKOŁA PODSTAWOWA IM. JANINY JÓŹWIAK W CIEŚLACH, , 09-470, CIEŚLE,19.993422,52.4660378, 90.35833333333333, 999.35, 14.75,2.516666666666666,2.199999999999999, 2026-07-24 07:56:32
SZKOŁA PODSTAWOWA IM. ŚW. MAKSYMILIANA MARII KOLBEGO W ZALASOWEJ, UL. KARPACKA, 33-159, ZALASOWA,21.1412067,49.9305584, 90.16363636363636, 969.5, 13.618181818181817,8.19090909090909,6.954545454545454, 2026-07-24 07:56:32
SZKOŁA PODSTAWOWA IM. JADWIGI ŚLĄSKIEJ W SOKOŁOWCU, , 59-540, SOKOŁOWIEC,15.827769997613172,51.03622840504036, 82.78181818181818, 981.0, 14.3,3.818181818181818,3.545454545454545, 2026-07-24 07:56:32
SZKOŁA PODSTAWOWA IM. LUDWIKI WAWRZYŃSKIEJ W WITOSZOWIE DOLNYM, , 58-100, WITOSZÓW DOLNY,16.4285465,50.8241697, 76.925, 982.8083333333333, 14.625,3.35,2.85, 2026-07-24 07:56:32
SZKOŁA PODSTAWOWA IM. KARDYNAŁA STEFANA WYSZYŃSKIEGO W LUBCZYNIE, UL. LIPOWA, 72-105, LUBCZYNA,14.70558,53.50303, 74.50833333333334, 1013.9916666666667, 16.775000000000002,2.725,2.716666666666667, 2026-07-24 07:56:32
SZKOŁA PODSTAWOWA W LIPIE, , 59-420, LIPA,16.018181,50.971763, 78.575, 972.4499999999999, 14.158333333333333,4.524999999999999,3.933333333333333, 2026-07-24 07:56:32
VIII LICEUM OGÓLNOKSZTAŁCĄCE SAMORZĄDOWE W CZĘSTOCHOWIE, UL. STANISŁAWA WORCELLA, 42-202, CZĘSTOCHOWA,19.12187934232724,50.82164897849296, 79.08333333333333, 982.2083333333334, 14.174999999999999,17.4,14.0, 2026-07-24 07:56:32
PUBLICZNA SZKOŁA PODSTAWOWA W RZECZNIOWIE, , 27-353, RZECZNIÓW,21.4279614,51.1269697, 83.77499999999999, 986.9083333333333, 15.316666666666668,5.816666666666666,5.2, 2026-07-24 07:56:32
II LICEUM OGÓLNOKSZTAŁCĄCE IM. ROMUALDA TRAUGUTTA W CZĘSTOCHOWIE, UL. JANA KILIŃSKIEGO, 42-218, CZĘSTOCHOWA,19.1146093,50.8186865, 78.33333333333333, 982.5666666666666, 14.416666666666666,2.666666666666666,2.116666666666666, 2026-07-24 07:56:32
SZKOŁA PODSTAWOWA IM. TADEUSZA KOŚCIUSZKI W STRÓŻACH, , 32-840, STRÓŻE,20.76877001104793,49.83779635014003, 88.72500000000001, 983.9250000000001, 13.533333333333333,6.566666666666666,6.175, 2026-07-24 07:56:32
I LICEUM OGÓLNOKSZTAŁCĄCE IM.GEN. JÓZEFA BEMA W OSTROŁĘCE, UL. ROMUALDA TRAUGUTTA, 07-410, OSTROŁĘKA,21.57398661,53.08885042, 80.28333333333333, 997.4083333333333, 16.166666666666668,5.825,5.233333333333333, 2026-07-24 07:56:32
SZKOŁA PODSTAWOWA KOLUMBUS Z ODDZIAŁAMI DWUJĘZYCZNYMI W BŁONIU, UL. TRAUGUTTA, 05-870, BŁONIE,20.6132282,52.1959064, 85.94166666666666, 999.4333333333334, 14.75,4.758333333333334,4.241666666666666, 2026-07-24 07:56:32
ZESPÓŁ PLACÓWEK OŚWIATOWYCH - PUBLICZNA SZKOŁA PODSTAWOWA IM. ODDZIAŁU PARTYZANCKIEGO AK JĘDRUSIE I PRZEDSZKOLE W SMERDYNIE, , 28-200, SMERDYNA 100 LOK. -,21.31890673,50.59216633, 82.52499999999999, 982.2833333333333, 15.575000000000001,3.3,2.883333333333333, 2026-07-24 07:56:32
SZKOŁA PODSTAWOWA IM. POLSKICH OLIMPIJCZYKÓW W KWAKOWIE, UL. SŁUPSKA, 76-251, KWAKOWO,17.02297907,54.3656514, 86.95833333333333, 1008.125, 11.75,2.133333333333333,1.9749999999999992, 2026-07-24 07:56:32
SZKOŁA PODSTAWOWA NR 38 W GLIWICACH, UL. PARTYZANTÓW, 44-113, GLIWICE,18.63271084,50.33941742, 87.55, 986.6333333333333, 13.766666666666666,5.358333333333333,4.3, 2026-07-24 07:56:32
SZKOŁA PODSTAWOWA W STANIEWICACH, , 76-113, STANIEWICE,16.73267224,54.43475515, 76.14166666666667, 1009.4499999999999, 15.65,2.725,2.4666666666666672, 2026-07-24 07:56:32
SZKOŁA PODSTAWOWA IM. ŚW. FRANCISZKA Z ASYŻU W LUDWIKOWICACH KŁODZKICH, UL. WIEJSKA, 57-450, LUDWIKOWICE KŁODZKIE,16.478333,50.617778, 78.64166666666667, 963.6916666666666, 12.275,2.8666666666666663,2.525, 2026-07-24 07:56:32
SZKOŁA PODSTAWOWA NR 3 IM. MARII KONOPNICKIEJ W TARNOWIE, UL. MIKOŁAJA KOPERNIKA, 33-100, TARNÓW,20.98352173,50.01326099, 77.35833333333333, 987.2166666666667, 16.608333333333334,4.325,3.908333333333333, 2026-07-24 07:56:32
SZKOŁA PODSTAWOWA IM. OSADNIKÓW WOJSKOWYCH W TRÓJCY, , 59-900, TRÓJCA,15.10845647,51.15999072, 78.80833333333334, 990.5, 14.333333333333334,3.4,3.4, 2026-07-24 07:56:32
SZKOŁA PODSTAWOWA IM. PIOTRA BARYLAKA W KSIĄŻNICACH WIELKICH, , 32-130, KSIĄŻNICE WIELKIE,20.500547,50.1699187, 82.40833333333333, 989.2166666666667, 15.233333333333334,6.091666666666666,5.391666666666668, 2026-07-24 07:56:32
TECHNIKUM IM. PROF. TADEUSZA KONOPIŃSKIEGO W CENTRUM KSZTAŁCENIA ZAWODOWEGO I USTAWICZNEGO W LUDOWIE POLSKIM, , 57-100, LUDÓW POLSKI,17.06087,50.830149, 78.21666666666667, 996.0, 14.441666666666668,2.199999999999999,1.9083333333333328, 2026-07-24 07:56:32
PUBLICZNA SZKOŁA PODSTAWOWA IM. ALEKSANDRA KAMIŃSKIEGO W LUBRAŃCU, UL. NOWA, 87-890, LUBRANIEC,18.8315208,52.5413225, 85.96666666666665, 1000.1666666666666, 15.016666666666666,2.533333333333333,2.166666666666666, 2026-07-24 07:56:32
LXXVIII LICEUM OGÓLNOKSZTAŁCĄCE IM. MARII PAWLIKOWSKIEJ-JASNORZEWSKIEJ W WARSZAWIE, UL. ANIELI KRZYWOŃ, 01-391, WARSZAWA,20.91798648,52.22885819, 83.53333333333333, 996.3833333333333, 14.75,4.925,4.283333333333333, 2026-07-24 07:56:32
SZKOŁA PODSTAWOWA NR 1 SPECJALNA W DĘBLINIE, UL. NIEPODLEGŁOŚCI, 08-530, DĘBLIN,21.86936804,51.5632153, 89.25, 995.8416666666667, 15.475,5.941666666666666,4.833333333333333, 2026-07-24 07:56:32
SZKOŁA PODSTAWOWA IM. LUDWIKA KUPCZYKA W SEREDZICACH, , 27-100, SEREDZICE,21.18481407,51.15171865, 84.58333333333333, 987.3083333333334, 14.666666666666666,4.583333333333333,4.033333333333333, 2026-07-24 07:56:32
BRANŻOWA SZKOŁA I STOPNIA IM. STANISŁAWA STASZICA W NOWEJ RUDZIE, UL. STARA DROGA, 57-401, NOWA RUDA,16.51301915,50.59158766, 80.20833333333333, 969.5500000000001, 10.516666666666667,2.258333333333333,1.991666666666666, 2026-07-24 07:56:32
SZKOŁA PODSTAWOWA IM. EDMUNDA BOJANOWSKIEGO W KUNOWIE, UL. SZKOLNA, 63-800, KUNOWO,17.0138959,51.9366947, 80.7, 1002.9166666666666, 14.075000000000001,4.516666666666668,4.508333333333334, 2026-07-24 07:56:32
SZKOŁA PODSTAWOWA NR 1 IM. ADAMA BORYSA W WITKOWIE, UL. POZNAŃSKA, 62-230, WITKOWO,17.774261982334572,52.436646831271645, 78.21111111111111, 998.6666666666666, 14.41111111111111,3.411111111111111,2.9666666666666672, 2026-07-24 07:56:32
SZKOŁA PODSTAWOWA NR 3 IM. OJCA ŚWIĘTEGO JANA PAWŁA II W SPYTKOWICACH, , 34-745, SPYTKOWICE,19.78210166,49.56854069, 80.03333333333333, 943.8000000000001, 12.583333333333334,2.6,2.341666666666667, 2026-07-24 07:56:32
SZKOŁA PODSTAWOWA Z ODDZIAŁAMI INTEGRACYJNYMI W STARYM JANOWIE, , 58-140, STARY JAWORÓW,16.4295453,50.8905688, 81.475, 984.9333333333334, 14.266666666666666,2.775,2.391666666666666, 2026-07-24 07:56:32
ZESPÓŁ PLACÓWEK SZKOLNO-WYCHOWAWCZO-OPIEKUŃCZYCH W NOWYM TARGU, UL. JANA PAWŁA II, 34-400, NOWY TARG,20.050842626471432,49.47840731021351, 80.50833333333334, 943.4166666666666, 11.933333333333332,2.166666666666666,1.966666666666666, 2026-07-24 07:56:32
ZESPÓŁ SZKÓŁ OGÓLNOKSZTAŁCĄCYCH I ZAWODOWYCH IM. MJRA H. SUCHARSKIEGO W BOLESŁAWCU, Komuny Paryskiej, 59-700, BOLESŁAWIEC,15.563553,51.259736, , , ,6.866666666666667,3.666666666666666, 2026-07-24 07:56:32
TECHNIKUM INFORMATYCZNE PRZY NOWORUDZKIEJ SZKOLE TECHNICZNEJ W NOWEJ RUDZIE, Stara Droga, 57-401, NOWA RUDA,16.51259,50.59164898, , , ,29.399999999999995,6.266666666666667, 2026-07-24 07:56:32
SZKOŁA PODSTAWOWA IM. KARDYNAŁA STEFANA WYSZYŃSKIEGO W STOBNIE, , 62-872, STOBNO SIÓDME,18.147820841825457,51.67631251814208, 81.125, 999.3249999999999, 13.299999999999999,6.866666666666667,6.25, 2026-07-24 07:56:32
I LICEUM OGÓLNOKSZTAŁCĄCE IM. PROF. ZBIGNIEWA RELIGI W ZABRZU, UL. WOLNOŚCI, 41-800, ZABRZE,18.79133707116482,50.302459290066544, 85.81666666666666, 982.4916666666667, 14.241666666666667,7.05,5.75, 2026-07-24 07:56:32
SZKOŁA PODSTAWOWA NR 3 IM. KRZYSZTOFA KAMILA BACZYŃSKIEGO W RACIBORZU, UL. KAPITANA SERAFINA MYŚLIWCA, 47-400, RACIBÓRZ,18.26407573,50.07454437, 81.925, 991.8333333333334, 13.716666666666667,3.8,3.5, 2026-07-24 07:56:32
SZKOŁA PODSTAWOWA IM SYBIRAKÓW W JERZMANKACH, , 59-900, JERZMANKI,15.06098458,51.13624505, 78.56666666666666, 991.4111111111112, 14.41111111111111,3.222222222222222,3.222222222222222, 2026-07-24 07:56:32
SZKOŁA PODSTAWOWA IM. JANA KOCHANOWSKIEGO W CHĘCINACH, KIELECKA, 26-260, CHĘCINY,20.466774779539023,50.80116921655686, 83.99166666666666, 980.1, 14.208333333333334,3.058333333333333,2.6, 2026-07-24 07:56:32
SZKOŁA PODSTAWOWA IM. M. KONOPNICKIEJ W STAREJ SOBÓTCE, , 99-150, STARA SOBÓTKA,19.03167003,52.18487542, 87.90833333333335, 995.6500000000001, 14.441666666666668,1.9,1.9, 2026-07-24 07:56:32
ZESPÓŁ SZKOLNO - PRZEDSZKOLNY IM. JANA PAWŁA II W GÓRKACH ŚLĄSKICH - SZKOŁA PODSTAWOWA, UL. OFIAR OŚWIĘCIMSKICH, 47-440, GÓRKI ŚLĄSKIE,18.38847178,50.14082465, 81.69166666666666, 999.9499999999999, 13.658333333333333,3.091666666666667,2.525, 2026-07-24 07:56:32
EKOLOGICZNA SZKOŁA PODSTAWOWA NR 7 IM. JULIANA TUWIMA W BIELAWIE, OS. OSIEDLE WŁÓKNIARZY, 58-260, BIELAWA,16.619114371164812,50.69033383228732, 73.45833333333333, 978.9333333333334, 14.383333333333333,2.891666666666667,2.449999999999999, 2026-07-24 07:56:32
SZKOŁA PODSTAWOWA Z ODDZIAŁAMI INTEGRACYJNYMI IM. KORNELA MAKUSZYŃSKIEGO W BOŻKOWIE, , 57-441, BOŻKÓW,16.5775574,50.51426595, 82.16666666666667, 975.75, 13.733333333333334,7.216666666666666,6.8, 2026-07-24 07:56:32
SZKOŁA PODSTAWOWA NR 4 IM. MARII KONOPNICKIEJ W SIERADZU, LEŚNIEWSKIEGO, 98-200, SIERADZ,18.7355592274991,51.5890109934242, 83.43333333333334, 996.525, 12.799999999999999,4.483333333333333,3.816666666666666, 2026-07-24 07:56:32
SZKOŁA PODSTAWOWA NR 31 Z ODDZIAŁAMI INTEGRACYJNYMI IM. HENRYKA SIENKIEWICZA W KIELCACH, ul. Krzemionkowa, 25-750, KIELCE,20.585992097604983,50.86314770232769, 86.63333333333333, 980.1666666666666, 13.725,3.3666666666666663,2.816666666666666, 2026-07-24 07:56:32
SZKOŁA PODSTAWOWA IM. JANUSZA KORCZAKA W ŚWIERZAWIE, UL. DWORCOWA, 59-540, ŚWIERZAWA,15.88709825767037,51.01898320441042, 82.73333333333333, 979.8166666666666, 13.758333333333333,4.258333333333334,3.691666666666666, 2026-07-24 07:56:32
SZKOŁA PODSTAWOWA IM. ODKRYWCÓW POLSKIEJ MIEDZI W CHOCIANOWIE, UL. WESOŁA, 59-140, CHOCIANÓW,15.909826399999998,51.41291795313292, 82.075, 999.0749999999999, 13.766666666666666,2.8,2.8, 2026-07-24 07:56:32
PUBLICZNA SZKOŁA PODSTAWOWA IM. MARII KOWNACKIEJ W PŁOSKACH, , 56-210, PŁOSKI,16.69230886,51.5269786, 79.26666666666667, 1001.975, 14.908333333333333,2.625,2.625, 2026-07-24 07:56:32
SAMORZĄDOWY ZESPÓŁ SZKÓŁ IM. MARII KONOPNICKIEJ W GORZOWIE, ul. Szkolna, 32-660, CHEŁMEK,19.22562401,50.07910829, 91.80833333333334, 987.4083333333333, 14.183333333333332,13.325,12.358333333333334, 2026-07-24 07:56:32
SZKOŁA PODSTAWOWA IM. KARDYNAŁA STEFANA WYSZYŃSKIEGO W SZULBORZU WIELKIM, UL. SZARYCH SZEREGÓW, 07-324, SZULBORZE WIELKIE,22.21318,52.76146, 84.08181818181818, 993.6636363636363, 15.827272727272726,9.427272727272728,8.227272727272727, 2026-07-24 07:56:32
SZKOŁA PODSTAWOWA NR 7 IM. ŚW. JANA PAWŁA II W SUWAŁKACH, UL. ROMUALDA MINKIEWICZA, 16-400, SUWAŁKI,22.9350803,54.12461641, 82.39166666666667, 987.4499999999999, 15.741666666666667,2.266666666666666,2.266666666666666, 2026-07-24 07:56:32
SZKOŁA PODSTAWOWA IM. JANA MARKA W POGÓRZU, UL. ZAMEK, 43-430, POGÓRZE,18.81904624,49.8012116, 88.36666666666667, 978.4083333333333, 14.066666666666668,4.466666666666667,3.616666666666666, 2026-07-24 07:56:32
SZKOŁA PODSTAWOWA IM. JANA PAWŁA II W ZESPOLE SZKOLNO-PRZEDSZKOLNYM W PIETRZYKOWICACH, UL. KOŚCIUSZKI, 34-326, PIETRZYKOWICE,19.15915626,49.70056214, 75.26666666666667, 971.7166666666667, 15.233333333333333,6.333333333333333,6.333333333333333, 2026-07-24 07:56:32
TECHNIKUM NR 2 IM. KOMISJI EDUKACJI NARODOWEJ W WODZISŁAWIU ŚLĄSKIM, UL. SZKOLNA, 44-300, WODZISŁAW ŚLĄSKI,18.45995308,50.00487818, 83.40833333333333, 982.5166666666668, 13.291666666666666,3.15,2.775, 2026-07-24 07:56:32
PUBLICZNA SZKOŁA PODSTAWOWA IM. KRÓLOWEJ JADWIGI W SŁAWNIE, , 26-625, SŁAWNO,21.02626351,51.39080308, 89.01666666666667, 986.8499999999999, 15.216666666666667,3.808333333333333,3.158333333333333, 2026-07-24 07:56:32
SPOŁECZNA SZKOŁA PODSTAWOWA IM. JULIUSZA SŁOWACKIEGO W TORUNIU, UL. WŁADYSŁAWA DZIEWULSKIEGO, 87-100, TORUŃ,18.6761593,53.02777363684514, 87.50833333333333, 1003.8416666666667, 15.341666666666667,2.15,2.15, 2026-07-24 07:56:32
I LICEUM OGÓLNOKSZTAŁCĄCE IM. STEFANA ŻEROMSKIEGO W OPOCZNIE, UL. ŻEROMSKIEGO, 26-300, OPOCZNO,20.28510977,51.3778952, 84.58333333333333, 991.0166666666668, 14.283333333333333,14.25,13.116666666666667, 2026-07-24 07:56:32
SZKOŁA PODSTAWOWA IM. MARII KONOPNICKIEJ W KRZYKOSACH, UL. GŁÓWNA, 63-024, KRZYKOSY,17.37239934,52.11001162, 78.10000000000001, 1004.2916666666666, 14.233333333333334,2.691666666666666,2.691666666666666, 2026-07-24 07:56:32
SZKOŁA PODSTAWOWA Z ODDZIAŁAMI INTEGRACYJNYMI IM. JANA PAWŁA II W GOŚCIESZYNIE, , 88-420, GOŚCIESZYN,17.72638887,52.65758768, 82.23333333333333, 997.1750000000001, 14.025,2.175,2.175, 2026-07-24 07:56:32
SZKOŁA PODSTAWOWA IM. TADEUSZA KOŚCIUSZKI W KWILCZU, ul. Kardynała Stefana Wyszyńskiego, 64-420, KWILCZ,16.084433353503734,52.55226145071493, 83.5, 1001.9, 14.091666666666667,2.733333333333333,2.733333333333333, 2026-07-24 07:56:32
SZKOŁA PODSTAWOWA IM. JANUSZA KORCZAKA W GOSTOMI, , 78-600, GOSTOMIA,16.42614537,53.18950826, 83.875, 995.375, 13.775,2.408333333333333,2.408333333333333, 2026-07-24 07:56:32
NIEPUBLICZNA SZKOŁA PRZYSPOSABIAJĄCA DO PRACY W NOWIELINIE, , 74-320, NOWIELIN,14.87625648,53.10548122, 78.90833333333333, 1006.0500000000001, 14.700000000000001,4.266666666666667,3.6, 2026-07-24 07:56:32
ZESPÓŁ SZKÓŁ OGÓLNOKSZTAŁCĄCYCH NR 14 W ZABRZU, UL. KS. DOKTORA ANTONIEGO KORCZOKA, 41-840, ZABRZE,18.83904135,50.30036453, 89.425, 979.0166666666668, 13.5,8.433333333333334,7.0, 2026-07-24 07:56:32
SZKOŁA PODSTAWOWA IM. TADEUSZA KOŚCIUSZKI W ROŻNOWICACH, , 38-323, ROŻNOWICE,21.16105055,49.75986859, 81.925, 976.275, 14.299999999999999,18.191666666666663,15.766666666666667, 2026-07-24 07:56:32
SZKOŁA PODSTAWOWA IM. ADAMA MICKIEWICZA W SOKOŁACH, UL. KOŚCIELNA, 18-218, SOKOŁY,22.69770204,52.99167725, 83.05, 990.2083333333334, 15.441666666666668,5.866666666666667,4.758333333333334, 2026-07-24 07:56:32
SZKOŁA PODSTAWOWA IM. BOHATERÓW TAJNEGO NAUCZANIA W DZIEKANOWICACH, , 32-410, DZIEKANOWICE,20.09609736,49.90728886, 87.64999999999999, 975.1833333333334, 13.549999999999999,5.916666666666667,5.633333333333333, 2026-07-24 07:56:32
ZESPÓŁ SZKÓŁ W GRÓDKU NAD DUNAJCEM, Gródek nad Dunajcem, 33-318, GRÓDEK NAD DUNAJCEM,20.73281971,49.747291, 80.27499999999999, 979.5166666666668, 14.641666666666666,3.316666666666666,3.316666666666666, 2026-07-24 07:56:32
SZKOŁA PODSTAWOWA IM. JANUSZA KUSOCIŃSKIEGO W DALESZYNIE, Daleszyn, 63-800, DALESZYN,16.97119494,51.91850934, 81.075, 1000.9250000000001, 14.283333333333333,3.441666666666666,3.025, 2026-07-24 07:56:32
SZKOŁA PODSTAWOWA IM. HENRYKA SIENKIEWICZA W DĄBIU W ZESPOLE SZKOLNO - PRZEDSZKOLNYM W DĄBIU, ul. Strażacka, 66-615, DĄBIE,15.14514209,52.0078805, 84.51666666666667, 1006.6500000000001, 15.049999999999999,4.516666666666668,4.066666666666666, 2026-07-24 07:56:32
NIEPUBLICZNA SZKOŁA PODSTAWOWA IM. JANUSZA KORCZAKA W SZYDŁÓWCE, , 08-207, SZYDŁÓWKA,22.62314895,52.13664373, 85.72727272727273, 989.1363636363636, 14.918181818181818,9.090909090909092,7.663636363636363, 2026-07-24 07:56:32
SZKOŁA PODSTAWOWA NR 1 IM. STANISŁAWA STASZICA W CHODZIEŻY, ul. Stanisława Staszica, 64-800, CHODZIEŻ,16.92059412,52.99112838, 79.51666666666667, 1005.375, 13.416666666666666,1.925,1.925, 2026-07-24 07:56:32
II LICEUM OGÓLNOKSZTAŁCĄCE W PISZU, ul. Młodzieżowa, 12-200, PISZ,21.81385222,53.62587521, 89.55, 996.6999999999999, 15.691666666666668,4.541666666666667,4.258333333333333, 2026-07-24 07:56:32
SZKOŁA PODSTAWOWA 14 IM. MARII KONOPNICKIEJ W OLSZTYNIE, ul. Marii Konopnickiej, 10-168, OLSZTYN,20.46933458,53.77759119, 89.875, 998.0916666666667, 14.525,6.383333333333333,5.899999999999999, 2026-07-24 07:56:32
XXIII LICEUM OGÓLNOKSZTAŁCĄCE IM. KS. PROF. JÓZEFA TISCHNERA, AL. MARSZ. JÓZEFA PIŁSUDSKIEGO, 92-301, ŁÓDŹ,19.50952146,51.76322604, 80.20833333333333, 984.6833333333334, 14.475,2.516666666666666,2.516666666666666, 2026-07-24 07:56:32
SZKOŁAPODSTAWOWA W LNIŚNIE, , 96-126, LNISNO,20.08905951,51.86229404, 83.27499999999999, 992.0416666666666, 14.316666666666668,2.891666666666667,2.45, 2026-07-24 07:56:32
SZKOŁA PODSTAWOWA IM. JÓZEFA GORLACHA W RUDZIE, , 39-310, RUDA,21.34772564,50.20129096, 83.825, 987.7583333333333, 14.866666666666667,3.55,3.091666666666667, 2026-07-24 07:56:32
SZKOŁA PODSTAWOWA IM. POWSTAŃCÓW WIELKOPOLSKICH W MIAŁACH, UL. POWSTAŃCÓW WIELKOPOLSKICH, 64-730, MIAŁY,16.17018436,52.80629113, 87.94, 1007.7, 12.2,2.8600000000000003,2.8600000000000003, 2026-07-24 07:56:32
II LICEUM OGÓLNOKSZTAŁCĄCE IM. TADEUSZA STANIEWSKIEGO W SWARZĘDZU, UL. PODGÓRNA, 62-020, SWARZĘDZ,17.073424184659224,52.41061520852974, 79.01666666666667, 1002.5500000000001, 13.225,2.85,2.85, 2026-07-24 07:56:32
SZKOŁA PODSTAWOWA IM. JANA PAWŁA II W ŻYDOWIE, ul. Tadeusza Kościuszki, 62-241, ŻYDOWO,17.58411609,52.45371137, 76.47500000000001, 1000.7333333333332, 14.183333333333332,1.9749999999999992,1.9749999999999992, 2026-07-24 07:56:32
SZKOŁA PODSTAWOWA IM. PODRÓŻNIKÓW I ODKRYWCÓW W KACZOROWIE, pl. Pollaka, 59-420, KACZORÓW,15.9569773,50.90923949, 94.28333333333335, 966.7083333333334, 11.791666666666666,7.791666666666667,7.383333333333333, 2026-07-24 07:56:32
SZKOŁA PODSTAWOWA W ZESPOLE SZKOLNO-PRZEDSZKOLNYM W NOWYM ALEKSANDROWIE, ul. Pogodna, 16-002, NOWE ALEKSANDROWO,23.06659155,53.19379559, 85.13333333333334, 992.7916666666666, 14.841666666666667,6.366666666666667,5.508333333333333, 2026-07-24 07:56:32
SZKOŁA PODSTAWOWA IM JANUSZA KORCZAKA W MOKREJ LEWEJ, , 96-100, MOKRA LEWA,20.08917,51.97194, 84.24166666666666, 996.1833333333334, 14.6,2.416666666666666,2.033333333333333, 2026-07-24 07:56:32
SZKOŁA PODSTAWOWA W ZAGORZYNIE, , 33-390, ZAGORZYN,20.39185647,49.58145382, 82.81666666666666, 957.2333333333332, 13.091666666666667,3.016666666666667,2.683333333333333, 2026-07-24 07:56:32
SZKOŁA PODSTAWOWA NR 22 WE WROCŁAWIU, ul. Karpnicka, 54-061, WROCŁAW,16.9062321,51.16255379, 85.14999999999999, 1000.1999999999999, 13.691666666666668,3.133333333333333,2.733333333333333, 2026-07-24 07:56:32
SZKOŁA PODSTAWOWA IM. ARKADEGO FIEDLERA Z ZBĄSZYNIU, MOSTOWA, 64-360, ZBĄSZYŃ,15.91756,52.25404, 85.55833333333334, 1009.2416666666667, 12.85,2.475,2.158333333333333, 2026-07-24 07:56:32
ZESPÓŁ SZKÓŁ SPECJALNYCH W MAZOWIECKIM CENTRUM NEUROPSYCHATRII W ZAGÓRZU - SZKOŁA PODSTAWOWA, , 05-462, ZAGÓRZE,21.25128843,52.19825059, 84.95833333333333, 1009.2166666666667, 14.799999999999999,5.558333333333334,5.308333333333333, 2026-07-24 07:56:32
SPECJALNY OŚRODEK SZKOLNO-WYCHOWAWCZY CARITAS ARCHIDIECEZJI WROCŁAWSKIEJ - SZKOŁA PODSTAWOWA SPECJALNA DLA DZIECI Z NIEPEŁNOSPRAWNOŚCIĄ INTELEKTUALNĄ W STOPNIU LEKKIM, ul. Stawowa, 56-410, DOBROSZYCE,17.33183649513806,51.263296148948506, 91.13333333333333, 996.7083333333334, 12.933333333333332,3.391666666666667,2.65, 2026-07-24 07:56:32
SZKOŁA PODSTAWOWA IM. MIECZYSŁAWA WIECZORKA W OLSZANIE, Olszana, 33-386, OLSZANA,20.51949856,49.5709649, 81.5, 968.8000000000001, 13.777777777777779,3.122222222222222,3.055555555555555, 2026-07-24 07:56:32
ZESPÓŁ SZKÓŁ ZAWODOWYCH IM. STEFANA BOBROWSKIEGO W RAWICZU, ul. gen. Józefa Hallera, 63-900, RAWICZ,16.84475255,51.61027899, 81.575, 1004.1666666666666, 14.766666666666666,2.233333333333333,2.233333333333333, 2026-07-24 07:56:32
MIEJSKA SZKOŁA PODSTAWOWA NR 6 IM. KRÓLOWEJ JADWIGI W KNUROWIE, UL. STEFANA BATOREGO, 44-194, KNURÓW,18.65858,50.22955, 89.65833333333335, 986.8666666666667, 13.233333333333334,19.83333333333333,18.175, 2026-07-24 07:56:32
ZESPÓŁ SZKOLNO-PRZEDSZKOLNY W GODOWIE, UL. SZKOLNA, 44-340, GODÓW,18.48504,49.91916, 87.60833333333333, 988.0916666666667, 12.525,2.108333333333333,1.9083333333333328, 2026-07-24 07:56:32
SZKOŁA PODSTAWOWA NR 2 IM. MARII KONOPNICKIEJ W RAWIE MAZOWIECKIEJ, UL. MIŁA, 96-200, RAWA MAZOWIECKA,20.2572,51.7651, 83.64166666666667, 989.3249999999999, 14.066666666666668,5.983333333333333,5.591666666666666, 2026-07-24 07:56:32
SZKOŁA PODSTAWOWA IM. POLSKICH OLIMPIJCZYKÓW W MIŁOCINIE, , 24-150, MIŁOCIN,22.31362,51.25966, 84.61666666666666, 986.5, 15.575000000000001,11.816666666666668,11.466666666666669, 2026-07-24 07:56:32
SZKOŁA PODSTAWOWA SPECJALNA W SKOROSZOWICACH, , 57-100, SKOROSZOWICE,16.97173575,50.69677537, 78.43333333333334, 984.1166666666667, 13.958333333333334,2.225,1.883333333333333, 2026-07-24 07:56:32
SZKOŁA PODSTAWOWA STOWARYSZENIA PRZYJACIÓŁ SZKÓŁ KATOLICKICH W STANISŁAWIU GÓRNYM, , 34-105, STANISŁAW GÓRNY,19.62936,49.91034, 85.55, 970.9916666666667, 13.516666666666666,9.241666666666667,7.858333333333333, 2026-07-24 07:56:32
SZKOŁA PODSTAWOWA IM. JÓZEFA WIERZBICKIEGO W POŁCHOWIE, UL. DWORCOWA, 84-123, POŁCHOWO,18.42774,54.6524, 84.675, 1005.9, 15.5,1.158333333333333,1.158333333333333, 2026-07-24 07:56:32
SZKOŁA PODSTAWOWA IM. PŁK. STANISŁAWA DĄBKA W SYCHOWIE, UL. SZKOLNA, 84-242, SYCHOWO,18.15007,54.54575, 77.29166666666667, 997.8166666666666, 16.533333333333335,2.449999999999999,2.233333333333333, 2026-07-24 07:56:32
SZKOŁA PODSTAWOWA IM. KORNELA MAKUSZYŃSKIEGO W PIŁAWIE DOLNEJ, ul. Główna, 58-241, PIŁAWA DOLNA,16.68731628,50.70323119, 85.38333333333333, 983.0666666666666, 12.433333333333332,2.708333333333333,2.291666666666666, 2026-07-24 07:56:32
SZKOŁA PODSTAWOWA IM. KSIĄŻĄT POMORSKICH W SŁONOWICACH, , 76-251, SŁONOWICE,16.90478,54.38981, 73.34166666666667, 1006.1999999999999, 16.375,1.216666666666666,1.125, 2026-07-24 07:56:32
PUBLICZNA SZKOŁA PODSTAWOWA IM. ODDZIAŁU PARTYZANCKIEGO „JĘDRUSIE” W SULISŁAWICACH, , 27-670, SULISŁAWICE,21.47234,50.58803, 86.56666666666666, 987.125, 14.683333333333332,4.241666666666666,3.558333333333333, 2026-07-24 07:56:32
SZKOŁA PODSTAWOWA IM. ŚW. KINGI W ŻEGOCINIE, , 32-731, ŻEGOCINA,20.41987,49.81307, 80.80833333333334, 975.9, 14.016666666666666,7.966666666666666,6.691666666666666, 2026-07-24 07:56:32
SZKOŁA PODSTAWOWA IM. JANA PAWŁA II W MAŁEJ NIESZAWCE, UL. TORUŃSKA, 87-103, MAŁA NIESZAWKA,18.54804,52.99028, 86.60000000000001, 1006.775, 15.575000000000001,1.3083333333333331,1.3083333333333331, 2026-07-24 07:56:32
SZKOŁA PODSTAWOWA IM. BŁ. KS. JERZEGO POPIEŁUSZKI W WOLI ZGŁOBIEŃSKIEJ, , 36-046, WOLA ZGŁOBIEŃSKA,21.80922,49.99599, 89.575, 980.0666666666666, 14.591666666666667,3.416666666666666,2.883333333333333, 2026-07-24 07:56:32
SZKOŁA PODSTAWOWA IM. MIKOŁAJA KOPERNIKA W LUBAWIE, UL. RZEPNIKOWSKIEGO, 14-260, LUBAWA,19.7510984,53.50147754, 90.69166666666666, 995.8166666666666, 14.616666666666667,4.091666666666667,3.833333333333333, 2026-07-24 07:56:32
SZKOŁA PODSTAWOWA NR 21 IM. FRYDERYKA CHOPINA W PŁOCKU, FRYDERYKA CHOPINA, 09-409, PŁOCK,19.7127,52.54894, 86.35833333333333, 1000.475, 14.725,2.025,1.75, 2026-07-24 07:56:32
TECHNIKUM NR 1 W ZESPOLE SZKÓŁ PONADGIMNAZJALNYCH NR 1 W SIERADZU, ul. Marszałka Józefa Piłsudskiego, 98-200, SIERADZ,18.7318492,51.5922492, 88.79166666666667, 998.025, 13.108333333333334,3.483333333333333,3.2416666666666663, 2026-07-24 07:56:32
SZKOŁA PODSTAWOWA NR 1 W PIECHOWICACH, UL. SZKOLNA, 58-573, PIECHOWICE,15.595824523278806,50.851284254319424, 100.0, 973.6666666666666, 13.041666666666666,21.25,20.275, 2026-07-24 07:56:32
PUBLICZNA SZKOŁA PODSTAWOWA IM.MARII KONOPNICKIEJ W STARYM LUBIEJEWIE, UL. SZKOLNA, 07-300, STARE LUBIEJEWO,21.878069,52.837826, 94.21666666666665, 996.6999999999999, 14.683333333333332,10.883333333333333,9.808333333333334, 2026-07-24 07:56:32
SPOŁECZNA SZKOŁA PODSTAWOWA IM. ASTRID LINDGREN W MILICZU, UL. JAROSŁAWA DĄBROWSKIEGO, 56-300, MILICZ,17.280157424719235,51.5212767734148, 84.23333333333333, 1028.05, 13.208333333333334,2.541666666666666,2.541666666666666, 2026-07-24 07:56:32
SZKOŁA PODSTAWOWA W KĄTACH, UL. KRÓLEWSKA, 05-340, KĄTY,21.476034997760348,52.01800806036134, 92.14999999999999, 995.8000000000001, 14.525,8.5,7.808333333333334, 2026-07-24 07:56:32
SZKOŁA PODSTAWOWA W ZESPOLE SZKÓŁ W BRZEZINACH, UL.WROCŁAWSKA, 62-874, BRZEZINY,18.252941,51.593363, 89.33333333333333, 999.9333333333334, 13.283333333333333,4.141666666666667,4.016666666666667, 2026-07-24 07:56:32
SZKOŁA PODSTAWOWA NR 2 IM. KAZIMIERZA WIELKIEGO W OPOCZNIE, UL. INOWŁODZKA, 26-300, OPOCZNO,20.28735,51.377793, 82.2, 990.3, 14.7,14.9,14.2, 2026-07-24 07:56:32
ZESPÓŁ SZKÓŁ SAMORZĄDOWYCH NR 1 W OPOCZNIE, UL. SKŁODOWSKIEJ, 26-300, OPOCZNO,20.28288,51.37976, 83.21666666666667, 991.3499999999999, 14.9,13.325,12.391666666666666, 2026-07-24 07:56:32
SZKOŁA PODSTAWOWA IM. 15.PUŁKU UŁANÓW POZNAŃSKICH W KROŚNIE, Plac 20 Października, 62-050, KROSNO,16.83284,52.22305, 93.87755102040816, 1008.2081632653061, 13.110408163265305,13.040816326530612,4.204081632653061, 2026-07-24 07:56:32
SZKOŁA PODSTAWOWA NR 2 IM. KRÓLOWEJ JADWIGI W SWARZĘDZU, POLNA, 62-020, SWARZĘDZ,17.083499,52.406187, 100.0, 1003.7834615384616, 12.167692307692308,12.038461538461538,11.615384615384617, 2026-07-24 07:56:32
SZKOŁA PODSTAWOWA NR 27 IM. STEFANA CZARNIECKIEGO W POZNANIU, OS. WINIARY, 60-665, POZNAŃ,16.908246,52.433167, 76.9573076923077, 1005.0734615384615, 14.968846153846155,6.269230769230769,5.923076923076923, 2026-07-24 07:56:32
SZKOŁA PODSTAWOWA NR 66 IM. MARII SKŁODOWSKIEJ-CURIE W POZNANIU, OS. PRZYJAŻNI, 61-684, POZNAŃ,16.925802,52.431945, 93.00925925925925, 1005.4485185185185, 12.65111111111111,8.925925925925926,7.185185185185185, 2026-07-24 07:56:32
SZKOŁA PODSTAWOWA NR 88 IM. POZNAŃSKICH KOZIOŁKÓW W POZNANIU, SWOBODA, 60-389, POZNAŃ,16.872327,52.405748, 100.0, 1006.2244444444445, 13.865555555555554,9.263157894736842,8.947368421052632, 2026-07-24 07:56:32
SZKOŁA PODSTAWOWA NR 70 IM. MIKOŁAJA KOPERNIKA W POZNANIU, PIĘKNA, 60-591, POZNAŃ,16.875225,52.415923, 98.5068, 1005.8836, 13.014000000000001,38.524,35.964, 2026-07-24 07:56:32
SZKOŁA PODSTAWOWA NR 71 IM. JANUSZA KUSOCIŃSKIEGO W POZNANIU, PRZYBYSZEWSKIEGO, 60-356, POZNAŃ,16.889354,52.41006, 88.0, 1008.3332, 12.8816,23.84,6.52, 2026-07-24 07:56:32
SZKOŁA PODSTAWOWA NR 61 IM. KOMISJI EDUKACJI NARODOWEJ W POZNANIU, UL. SZCZEPANKOWO, 61-306, POZNAŃ,17.008445,52.364646, 100.0, 1005.3492, 13.300799999999999,14.08,7.76, 2026-07-24 07:56:32
SZKOŁA PODSTAWOWA NR 53 IM. PAWŁA EDMUNDA STRZELECKIEGO W POZNANIU, UL. GŁUSZYNA, 61-329, POZNAŃ,16.962512,52.315212, 75.57692307692308, 1007.01, 15.251923076923077,7.576923076923077,7.384615384615385, 2026-07-24 07:56:32
SZKOŁA PODSTAWOWA NR 101 IM. JANA BRZECHWY W POZNANIU, SWOBODA, 60-389, POZNAŃ,16.87273,52.40789, 88.95, 1004.0668, 13.118,14.64,7.92, 2026-07-24 07:56:32
SZKOŁA PODSTAWOWA NR 48 IM. GEN. OSWALDA FRANKA W POZNANIU, UL. SARMACKA, 61-616, POZNAŃ,16.930133,52.446266, 98.42999999999999, 1004.4676923076923, 14.535,9.884615384615383,9.576923076923077, 2026-07-24 07:56:32
SZKOŁA PODSTAWOWA NR 18 IM. ZOFII NAŁKOWSKIEJ W POZNANIU, OS. ARMII KRAJOWEJ, 61-381, POZNAŃ,16.952914,52.379399, 87.765, 1007.72, 13.474230769230768,9.038461538461538,8.653846153846153, 2026-07-24 07:56:32
SZKOŁA PODSTAWOWA NR 17 IM. JÓZEFA IGNACEGO KRASZEWSKIEGO W POZNANIU, OS. BOLESŁAWA CHROBREGO, 60-681, POZNAŃ,16.913989,52.456722, 89.1826923076923, 1005.0846153846154, 12.758461538461539,8.76923076923077,8.73076923076923, 2026-07-24 07:56:32
SZKOŁA PODSTAWOWA NR 36 W POZNANIU, SŁOWACKIEGO, 60-842, POZNAŃ,16.90252,52.41191, 84.61961538461539, 1006.5450000000001, 13.723461538461539,16.0,8.153846153846153, 2026-07-24 07:56:32
SZKOŁA PODSTAWOWA NR 54 IM. JANA KASPROWICZA W POZNANIU, UL. MAŁOSZYŃSKA, 60-176, POZNAŃ,16.83909,52.389231, 100.0, 1006.0568, 12.974,8.88,8.4, 2026-07-24 07:56:32
SZKOŁA PODSTAWOWA NR 74 IM. MIKOŁAJA KOPERNIKA W POZNANIU, TRYBUNALSKA, 60-325, POZNAŃ,16.86372,52.398771, 88.0, 1008.3332, 12.8816,23.84,6.52, 2026-07-24 07:56:32
SZKOŁA PODSTAWOWA NR 5 IM. ROMUALDA TRAUGUTTA W POZNANIU, TRAUGUTTA, 60-101, POZNAŃ,16.91923,52.38505, 88.0, 1008.3332, 12.8816,23.84,6.52, 2026-07-24 07:56:32
SZKOŁA PODSTAWOWA SPECJALNA NR 102 IM. MARII MONTESSORI, Przełajowa, 61-622, POZNAŃ,16.94645,52.42644, 0.0, 1006.3476923076923, 0.0,8.0,8.115384615384615, 2026-07-24 07:56:32
ZESPÓŁ SZKOLNO-PRZEDSZKOLNY W ZIMINIE, Zimin, 63-006, ZIMIN,17.15106,52.29489, 88.0, 1008.3332, 12.8816,23.84,6.52, 2026-07-24 07:56:32
SZKOŁA PODSTAWOWA W OTOROWIE, UL. ŁĄKOWA, 64-551, OTOROWO,16.433729,52.563226, 99.76, 1003.3739999999999, 14.4672,10.88,8.64, 2026-07-24 07:56:32
SZKOŁA PODSTAWOWA IM. JÓZEFA WYBICKIEGO W CZERWONAKU, UL. ROLNA, 62-004, CZERWONAK,16.98489,52.470601, 95.3616, 1004.0491999999999, 12.424000000000001,7.6,7.32, 2026-07-24 07:56:32
SZKOŁA PODSTAWOWA IM. ARKADEGO FIDLERA W GUŁTOWACH, UL. ŚREDZKA, 62-025, GUŁTOWY,17.330809,52.350884, 100.0, 1002.65625, 13.36875,13.166666666666666,10.5, 2026-07-24 07:56:32
SZKOŁA PODSTAWOWA IM. KRÓLOWEJ JADWIGI W JERZYKOWIE, UL. SPOKOJNA, 62-007, JERZYKOWO,17.17171,52.47082, 1.0, 1004.4344, 12.5776,3.092,2.7319999999999998, 2026-07-24 07:56:32
ZESPÓŁ SZKOLNO-PRZEDSZKOLNY W MANIEWIE, Maniewo, 64-605, MANIEWO,16.86412,52.59366, 87.88461538461539, 1004.6215384615384, 13.772692307692306,10.384615384615383,8.384615384615385, 2026-07-24 07:56:32
SZKOŁA PODSTAWOWA IM. PPŁK. MAKSYMILIANA CIĘŻKIEGO W BABOROWIE, , 64-500, BABOROWO,16.64615,52.59288, 99.32, 1006.3924000000001, 12.472000000000001,143.08,142.28, 2026-07-24 07:56:32
SZKOŁA PODSTAWOWA IM. POWSTAŃCÓW WIELKOPOLSKICH W PYSZĄCEJ, UL. ŚREMSKA, 63-100, PYSZĄCA,17.06089,52.0661, 95.75, 1006.0526086956521, 14.482608695652175,12.958333333333334,9.083333333333334, 2026-07-24 07:56:32
SZKOŁA PODSTAWOWA IM. HENRYKA SIENKIEWICZA W KONARZEWIE, UL. SZKOLNA, 62-070, KONARZEWO,16.719107,52.336576, 94.11764705882354, 1006.5082352941176, 13.21,19.137254901960784,9.098039215686274, 2026-07-24 07:56:32
SZKOŁA PODSTAWOWA IM. ŚW. JANA PAWŁA II W PACZKOWIE, UL. SZKOLNA, 62-021, PACZKOWO,17.16127,52.401655, 91.31, 1006.1483999999999, 12.915,18.96,8.82, 2026-07-24 07:56:32
SZKOŁA PODSTAWOWA NR 1 IM. FRYDERYKA CHOPINA W SKÓRZEWIE, UL. POZNAŃSKA, 60-185, SKÓRZEWO,16.794147,52.392365, 88.0, 1008.3332, 12.8816,23.84,6.52, 2026-07-24 07:56:32
SZKOŁA PODSTAWOWA W KAMIONKACH, UL. MIECZEWSKA, 62-023, KAMIONKI,16.99147,52.27884, 81.36057692307692, 1007.035, 15.154615384615385,18.442307692307693,8.75, 2026-07-24 07:56:32
SZKOŁA PODSTAWOWA NR 79 W POZNANIU, JESIONOWA, 61-432, POZNAŃ,16.89422,52.36778, 99.90368421052632, 1007.3473684210526, 12.566842105263158,5.1,7.3, 2026-07-24 07:56:32
SZKOŁA PODSTAWOWA NR 51 IM. BRONISŁAWA SZWARCA W POZNANIU, OS. LECHA, 61-294, POZNAŃ,16.971734,52.390469, 86.845, 1006.6854999999999, 13.495500000000002,6.727272727272727,5.545454545454546, 2026-07-24 07:56:32
SZKOŁA PODSTAWOWA NR 63 IM. KSAWEREGO ZAKRZEWSKIEGO W POZNANIU, UL. STAROŁĘCKA, 61-341, POZNAŃ,16.921536,52.35338, 88.0, 1008.3332, 12.8816,23.84,6.52, 2026-07-24 07:56:32
SZKOŁA PODSTAWOWA NR 20 IM. STEFANA BATOREGO W POZNANIU, OS. RZECZYPOSPOLITEJ, 61-395, POZNAŃ,16.951088,52.387907, 88.0, 1008.3332, 12.8816,23.84,6.52, 2026-07-24 07:56:32
SZKOŁA PODSTAWOWA NR 87 W POZNANIU, UL. LESZKA, 61-062, POZNAŃ,17.01931,52.40721, 99.6364, 1006.31, 13.304,13.56,8.68, 2026-07-24 07:56:32
SZKOŁA PODSTAWOWA NR 91 W POZNANIU, PROMYK, 60-393, POZNAŃ,16.870474,52.409934, 90.28192307692308, 1006.1088461538462, 13.163461538461538,6.5,6.115384615384615, 2026-07-24 07:56:32
SZKOŁA PODSTAWOWA NR 72 IM. MIKOŁAJA KOPERNIKA W POZNANIU, UL. NEWTONA, 60-161, POZNAŃ,16.867393,52.383159, 100.0, 1005.5488, 14.417200000000001,17.16,8.24, 2026-07-24 07:56:32
SZKOŁA PODSTAWOWA IM. GEN. STEFANA ROWECKIEGO „GROTA” W KOZIEGŁOWACH, UL. POZNAŃSKA, 62-028, KOZIEGŁOWY,16.990947,52.445023, 98.48076923076923, 1005.5334615384616, 13.473076923076924,11.653846153846152,11.653846153846152, 2026-07-24 07:56:32
SZKOŁA PODSTAWOWA NR 2 IM. TEOFILI Z DZIAŁYŃSKICH SZOŁDRSKIEJ-POTULICKIEJ W KÓRNIKU, UL. ARMII KRAJOWEJ, 62-035, KÓRNIK,17.0953,52.23251, 100.0, 1007.3911538461539, 14.209615384615384,13.346153846153848,7.423076923076923, 2026-07-24 07:56:32
SZKOŁA PODSTAWOWA NR 1 IM. JANA PAWŁA II W TARNOWIE PODGÓRNYM, UL. SZKOLNA, 62-080, TARNOWO PODGÓRNE,16.662828,52.467372, 100.0, 1003.9607692307692, 12.5,8.23076923076923,8.076923076923077, 2026-07-24 07:56:32
SZKOŁA PODSTAWOWA NR 2 IM. KS. PIOTRA WAWRZYNIAKA W ŚREMIE, UL. SZKOLNA, 63-100, ŚREM,17.02436,52.09399, 81.99038461538461, 1007.2326923076923, 14.183461538461538,10.538461538461538,8.461538461538462, 2026-07-24 07:56:32
SZKOŁA PODSTAWOWA IM. ARKADEGO FIEDLERA W PRZYBOROWIE, UL. BAJKOWA, 64-500, PRZYBOROWO,16.57542,52.55638, 100.0, 1006.4823076923077, 14.206538461538461,15.961538461538462,12.73076923076923, 2026-07-24 07:56:32
SZKOŁA PODSTAWOWA NR 1 IM. STANISŁAWA STASZICA W SZAMOTUŁACH, UL. STASZICA, 64-500, SZAMOTUŁY,16.586295,52.607202, 100.0, 1006.9928, 12.8444,7.4,7.04, 2026-07-24 07:56:32
SZKOŁA PODSTAWOWA NR 2 IM. MARII KONOPNICKIEJ W SZAMOTUŁACH, UL. KAPŁAŃSKA, 64-500, SZAMOTUŁY,16.577349,52.611083, 100.0, 1007.3736, 13.1688,9.0,8.84, 2026-07-24 07:56:32
SZKOŁA PODSTAWOWA IM. BOHATERÓW BUKOWSKICH W BUKU, UL. SZKOLNA, 64-320, BUK,16.522668,52.35663, 100.0, 1004.843076923077, 13.526153846153846,14.384615384615383,11.538461538461538, 2026-07-24 07:56:32
PRZEDSZKOLE BAJECZKA W ROKIETNICY, UL. NOBLISTÓW, 62-090, ROKIETNICA,16.738427,52.510745, 88.0, 1008.3332, 12.8816,23.84,6.52, 2026-07-24 07:56:32
PRZEDSZKOLE ZACZAROWANA ŁĄKA W MROWINIE, ul. Szkolna, 62-090, MROWINO,16.69876,52.51423, 100.0, 1006.4031578947369, 13.015263157894736,15.15,12.1, 2026-07-24 07:56:32
SZKOŁA PODSTAWOWA IM. POWSTAŃCÓW WIELKOPOLSKICH W KISZEWIE, , 64-607, KISZEWO,16.67316,52.68016, 100.0, 1009.3673076923077, 11.588846153846154,9.461538461538462,7.730769230769231, 2026-07-24 07:56:32
SZKOŁA PODSTAWOWA IM. ASTRID LINDGREN W DĄBROWIE, UL. SZKOLNA, 62-069, DĄBROWA,16.73993,52.403575, 88.0, 1008.3332, 12.8816,23.84,6.52, 2026-07-24 07:56:32
SZKOŁA PODSTAWOWA IM. JANUSZA KORCZAKA W CERADZU KOŚCIELNYM, UL. JANKOWICKA, 62-080, CERADZ KOŚCIELNY,16.592828,52.438889, 100.0, 1004.7575999999999, 13.585999999999999,13.68,7.48, 2026-07-24 07:56:32
SZKOŁA PODSTAWOWA NR 2 W MOSINIE, UL. SOWINIECKA, 62-050, MOSINA,16.85712,52.24318, 99.70266666666666, 1007.684, 13.742666666666667,11.61111111111111,9.22222222222222, 2026-07-24 07:56:32
SZKOŁA PODSTAWOWA IM. HRABIEGO WŁADYSŁAWA ZAMOYSKIEGO W NOCHOWIE, UL. SZKOLNA, 63-100, NOCHOWO,16.978622359922714,52.07206190376306, 100.0, 1005.4588, 13.118799999999998,12.64,10.2, 2026-07-24 07:56:32
SZKOŁA PODSTAWOWA IM. AUGUSTA CIESZKOWSKIEGO W KICINIE, UL. GWARNA, 62-004, KICIN,17.02037,52.46266, 96.11538461538461, 1004.9403846153847, 12.550384615384615,10.192307692307692,8.192307692307692, 2026-07-24 07:56:32
SZKOŁA PODSTAWOWA NR 1 IM. JANUSZA KORCZAKA W KOMORNIKACH, STASZICA, 62-052, KOMORNIKI,16.8105,52.33881, 88.0, 1008.3332, 12.8816,23.84,6.52, 2026-07-24 07:56:32
SZKOŁA PODSTAWOWA NR 2 IM. RADY EUROPY W KOSTRZYNIE, UL. POWSTAŃCÓW WIELKOPOLSKICH, 62-025, KOSTRZYN,17.23588,52.39434, 100.0, 1003.7503846153845, 13.048461538461538,12.923076923076923,10.538461538461538, 2026-07-24 07:56:32
SZKOŁA PODSTAWOWA NR 2 W PLEWISKACH, PROF. WACŁAWA STRAŻEWICZA, 62-064, PLEWISKA,16.807346,52.372825, 88.0, 1008.3332, 12.8816,23.84,6.52, 2026-07-24 07:56:32
SZKOŁA PODSTAWOWA W BISKUPICACH, UL. SZKOLNA, 62-007, BISKUPICE,17.17261,52.46002, 1.0, 1003.8652000000001, 13.3688,22.56,9.04, 2026-07-24 07:56:32
ZESPÓŁ SZKOLNO-PRZEDSZKOLNY W MODRZU, UL. KOŚCIUSZKI, 62-060, MODRZE,16.6324,52.21468, 100.0, 1007.5180769230769, 14.10153846153846,7.384615384615385,6.230769230769231, 2026-07-24 07:56:32
SZKOŁA PODSTAWOWA NR 5 IM. JANUSZA KORCZAKA, ul. Chramcówki, 34-500, ZAKOPANE,19.9618010711644,49.30218537164973, 81.7, 980.7916666666666, 11.299999999999999,2.9,2.65, 2026-07-24 07:56:32
TECHNIKUM NR 2 W WAŁBRZYCHU, UL. OGRODOWA, 58-306, WAŁBRZYCH,16.2843553,50.7840092, 80.72727272727273, 969.2272727272727, 13.318181818181818,3.9,3.9, 2026-07-24 07:56:32
I LICEUM OGÓLNOKSZTAŁCĄCE IM. TADEUSZA KOŚCIUSZKI W LEGNICY, PL. KLASZTORNY, 59-220, LEGNICA,16.16627117,51.21034014, 87.39999999999999, 1003.7083333333334, 14.266666666666666,4.625,4.258333333333334, 2026-07-24 07:56:32
SZKOŁA PODSTAWOWA NR 7 IM. KORNELA MAKUSZYŃSKIEGO W SKIERNIEWICACH, UL. ŚW. MAKSYMILIANA KOLBE, 96-100, SKIERNIEWICE,20.21964301,51.9792264, 78.73636363636363, 997.0909090909091, 16.33636363636364,3.309090909090909,2.772727272727273, 2026-07-24 07:56:32
SZKOŁA PODSTAWOWA IM. FRANCISZKA KUJAWIŃSKIEGO W GÓRKACH DUŻYCH, UL. JUTROSZEWSKA, 95-080, GÓRKI DUŻE,19.50526554,51.56553408, 94.64999999999999, 983.2416666666667, 12.433333333333332,2.791666666666666,2.533333333333333, 2026-07-24 07:56:32
ZESPÓŁ SZKÓŁ CENTRUM KSZTAŁCENIA ROLNICZEGO IM. MICHAŁA DRZYMAŁY W BRZOSTOWIE, ul. Popiela, 89-350, BRZOSTOWO,17.02117714,53.10320061, 79.99166666666666, 1000.3249999999999, 13.783333333333333,2.541666666666666,2.541666666666666, 2026-07-24 07:56:32
SZKOŁA PODSTAWOWA W RUDNIKACH IM. POWSTAŃCÓW STYCZNIOWYCH, , 42-230, RUDNIKI,19.79088652,50.82569402, 84.4, 986.9, 13.5,0.6000000000000001,0.6000000000000001, 2026-07-24 07:56:32
SZKOŁA PODSTAWOWA NR 2 IM. JANA PAWŁA II W PRZECISZOWIE, UL. PODLESIE, 32-641, PRZECISZÓW,19.3738442,50.0088626, 78.69166666666666, 987.2083333333334, 15.766666666666666,5.566666666666666,4.541666666666667, 2026-07-24 07:56:32
SZKOŁA PODSTAWOWA NR 5 W PYSKOWICACH, UL. SZKOLNA, 44-120, PYSKOWICE,18.627695,50.391498, 89.19166666666666, 987.2416666666667, 14.041666666666666,6.641666666666668,5.491666666666667, 2026-07-24 07:56:32
ZESPÓŁ PLACÓWEK OŚWIATOWYCH IM. PROF. KAROLINY LANCKOROŃSKIEJ W JASIENICY, , 32-400, JASIENICA,19.84190401,49.82371084, 79.43333333333334, 969.4333333333334, 13.808333333333332,7.466666666666666,6.649999999999999, 2026-07-24 07:56:32
SZKOŁA PODSTAWOWA SPECJALNA NR 10 IM. JANUSZA KORCZAKA W ŚWIĘTOCHŁOWICACH, UL. ŁAGIEWNICKA, 41-608, ŚWIĘTOCHŁOWICE,18.91285,50.310584, 87.68333333333334, 976.1, 13.308333333333332,0.441666666666666,0.391666666666666, 2026-07-24 07:56:32
SZKOŁA PODSTAWOWA IM. KAPITAN AK JADWIGI BEAUPRE W SYGNECZOWIE, , 32-020, SYGNECZÓW,20.01655459,49.97577128, 83.92727272727274, 970.7, 13.554545454545455,5.790909090909091,5.045454545454546, 2026-07-24 07:56:32
PUBLICZNA SZKOŁA PODSTAWOWA  IM. KORNELA MAKUSZYŃSKIEGO WE WRZESZCZOWIE, , 26-650, WRZESZCZÓW,20.827514,51.4984472, 86.73333333333333, 993.4499999999999, 14.741666666666667,2.658333333333333,2.666666666666666, 2026-07-24 07:56:32
SZKOŁA PODSTAWOWA NR 42 IM. KONSTANTEGO ILDEFONSA GAŁCZYŃSKIEGO W LUBLINIE, UL. RYCERSKA, 20-552, LUBLIN,22.51737314,51.28129644, 87.55, 981.7666666666668, 15.208333333333334,6.8,6.516666666666668, 2026-07-24 07:56:32
SPECJALNY OŚRODEK SZKOLNO-WYCHOWAWCZY IM. JANUSZA KORCZAKA W WĄSOSZU SZKOŁA PODSTAWOWA SPECJALNA W WĄSOSZU, UL. KORCZAKA, 56-210, WĄSOSZ,16.6888619,51.5612083, 87.80909090909091, 1005.7636363636364, 13.390909090909092,3.027272727272727,2.609090909090909, 2026-07-24 07:56:32
V LICEUM OGÓLNOKSZTAŁCĄCE IM. MARII SKŁODOWSKIEJ-CURIE W LUBLINIE, UL. LIPOWA, 20-020, LUBLIN,22.5515879,51.2462049, 99.7, 987.3333333333334, 16.083333333333332,13.125,11.991666666666667, 2026-07-24 07:56:32
XXXII LICEUM OGÓLNOKSZTAŁCĄCE IM. HALINY POŚWIATOWSKIEJ W ZESPOLE SZKÓŁ OGÓLNOKSZTAŁCĄCYCH NR 1 W ŁODZI, UL. PIOTRA CZAJKOWSKIEGO, 92-511, ŁÓDŹ-WIDZEW,19.54161351,51.75532332, 86.18333333333334, 983.75, 13.933333333333332,2.4916666666666663,2.058333333333333, 2026-07-24 07:56:32
ZESPÓŁ SZKÓŁ IM.T.KOŚCIUSZKI TECHNIKUM W ŻARKACH, UL. MYSZKOWSKA, 42-310, ŻARKI,19.361968,50.6212895, 90.64166666666667, 975.7166666666667, 12.508333333333333,2.025,1.8, 2026-07-24 07:56:32
SZKOŁA PODSTAWOWA NR 14 IM. KARPACKIEGO ODDZIAŁU STRAŻY GRANICZNEJ W NOWYM SĄCZU, UL. TOWAROWA, 33-300, NOWY SĄCZ,20.66566532,49.57927032, 86.27499999999999, 978.5749999999999, 13.991666666666667,2.175,1.316666666666666, 2026-07-24 07:56:32
SZKOŁA PODSTAWOWA IM. JANA PAWŁA II W BAŻYNACH, , 11-130, BAŻYNY,20.04206066,54.13202111, 91.5, 1006.525, 14.491666666666667,3.291666666666666,2.808333333333333, 2026-07-24 07:56:32
SZKOŁA PODSTAWOWA NR 6 IM. JÓZEFA RAJSKIEGO BURMISTRZA NOWEGO TARGU W NOWYM TARGU, OS. NA SKARPIE, 34-400, NOWY TARG,20.0048339,49.4720351, 74.675, 942.9916666666667, 13.783333333333333,2.3,2.008333333333333, 2026-07-24 07:56:32
SZKOŁA PODSTAWOWA IM. WŁ.ST. REYMONTA W RĘBIELICACH KRÓLEWSKICH, UL. SZKOLNA, 42-110, RĘBIELICE KRÓLEWSKIE,18.8604488,50.9958114, 84.175, 990.3000000000001, 13.608333333333334,4.524999999999999,4.3, 2026-07-24 07:56:32
SZKOŁA PODSTAWOWA 8 IM. JANA PAWŁA II W TRZEBINI, os. OSIEDLE WIDOKOWE, 32-540, TRZEBINIA,19.47774417,50.16051239, 81.15833333333333, 971.0500000000001, 13.433333333333332,5.725,4.841666666666667, 2026-07-24 07:56:32
ZESPÓŁ SZKOLNO-PRZEDSZKOLNY NR 21 W KRAKOWIE, ul. Golikówka, 30-723, KRAKÓW,20.03407325,50.04592292, 75.93333333333334, 988.3583333333332, 15.458333333333334,3.858333333333333,3.175, 2026-07-24 07:56:32
SZKOŁA PODSTAWOWA NR 3 IM.KSIĘDZA PUŁKOWNIKA JÓZEFA JOŃCA W LIMANOWEJ, UL. STANISŁAWA JORDANA, 34-600, LIMANOWA,20.41776042,49.70246023, 85.8, 966.5166666666668, 12.841666666666667,5.45,4.808333333333334, 2026-07-24 07:56:32
SZKOŁA PODSTAWOWA IM. ŚW. JANA PAWŁA II W CIĘŻKOWICACH, UL. TYSIĄCLECIA, 33-190, CIĘŻKOWICE,20.97328669,49.78379261, 83.38333333333334, 977.0749999999999, 14.616666666666667,5.741666666666667,5.024999999999999, 2026-07-24 07:56:32
SZKOŁA PODSTAWOWA NR 1 IM. BOHATERÓW WESTERPLATTE W STAREJ WSI., , 34-600, STARA WIEŚ,20.39643761,49.67579946, 81.97500000000001, 955.5500000000001, 12.883333333333333,5.766666666666668,4.966666666666667, 2026-07-24 07:56:32
SZKOŁA PODSTAWOWA IM. FRANCISZKA ŚWIEBOCKIEGO W BARCICACH, , 33-342, BARCICE,20.652878,49.5256828, 81.125, 973.3375, 14.475,4.0625,3.5875, 2026-07-24 07:56:32
SZKOŁA PODSTAWOWA IM. LEOPOLDA WĘGRZYNOWICZA W DOBREJ, , 34-642, DOBRA,20.24427874,49.71571898, 81.59166666666667, 957.5500000000001, 13.116666666666667,3.991666666666666,3.991666666666666, 2026-07-24 07:56:32
SZKOŁA PODSTAWOWA IM. ŚW. JANA KANTEGO W ŁAPANOWIE, , 32-740, ŁAPANÓW,20.28812671,49.86672284, 79.30833333333332, 984.625, 14.475,3.858333333333333,3.5749999999999997, 2026-07-24 07:56:32
SZKOŁA PODSTAWOWA IM. KS. KARD. STEFANA WYSZYŃSKIEGO W KADCZY, , 33-389, KADCZA,20.54374173,49.53487392, 85.72500000000001, 972.6916666666666, 14.125,4.308333333333334,3.908333333333333, 2026-07-24 07:56:32
PUBLICZNA SZKOŁA PODSTAWOWA IM. KAZIMIERZA BRODZIŃSKIEGO W LIPNICY MUROWANEJ, , 32-724, LIPNICA MUROWANA,20.52481697,49.85975952, 84.52499999999999, 978.3416666666667, 14.083333333333334,4.6,4.341666666666667, 2026-07-24 07:56:32
ZESPÓŁ SZKÓŁ W BRUNARACH, Brunary, 38-315, UŚCIE GORLICKIE,21.03494141,49.53210004, 83.23333333333333, 961.375, 13.441666666666668,7.658333333333334,6.35, 2026-07-24 07:56:32
SZKOŁA PODSTAWOWA NR 2 IM. ŚWIĘTEJ JADWIGI KRÓLOWEJ POLSKI, UL. MIŁOŚNIKÓW PODHALA, 34-425, BIAŁY DUNAJEC,20.00539035,49.35921481, 77.11666666666666, 992.5833333333334, 12.141666666666666,1.5,1.233333333333333, 2026-07-24 07:56:32
SZKOŁA PODSTAWOWA IM. ST. LESZCZYC-PRZYWARY W KĄCLOWEJ, , 33-330, KĄCLOWA,20.96481091,49.58920601, 83.10000000000001, 968.6636363636363, 13.536363636363637,7.654545454545455,6.672727272727273, 2026-07-24 07:56:32
SZKOŁA PODSTAWOWA IM. OJCA ŚWIĘTEGO JANA PAWŁA II W ŁĘGU TARNOWSKIM, UL. WITOSA, 33-131, ŁĘG TARNOWSKI,20.92801249,50.09203019, 100.0, 999.5916666666667, 10.0,7.266666666666667,7.683333333333334, 2026-07-24 07:56:32
SZKOŁA PODSTAWOWA W KŁAJU, , 32-015, KŁAJ,20.30859627,49.99014026, 83.68333333333334, 988.8166666666666, 14.291666666666666,3.541666666666666,3.275, 2026-07-24 07:56:32
SZKOŁA PODSTAWOWA IM. ŚWIĘTEGO JANA PAWŁA II W LUBNIU, , 32-433, LUBIEŃ,19.97797646,49.71552326, 72.875, 970.475, 14.866666666666667,4.05,3.658333333333333, 2026-07-24 07:56:32
SZKOŁA PODSTAWOWA W JAWORZNEJ, , 34-602, JAWORZNA,20.49293011,49.74829091, 82.05, 964.2333333333332, 13.408333333333333,4.116666666666666,3.375, 2026-07-24 07:56:32
SZKOŁA PODSTAWOWA IM. ŚW. JANA KANTEGO W LUDŹMIERZU, ul. Kazimierza Przerwy-Tetmajera, 34-471, LUDŹMIERZ,19.969404,49.47236233, 89.97500000000001, 998.8000000000001, 14.333333333333334,3.633333333333333,3.35, 2026-07-24 07:56:32
SZKOŁA PODSTAWOWA IM. ŚW. KAZIMIERZA JAGIELLOŃCZYKA W BAŃSKIEJ NIŻNEJ, UL. PAPIESKA, 34-424, BAŃSKA NIŻNA,20.01057106,49.40405611, 82.25, 992.1416666666668, 11.391666666666666,2.091666666666667,1.825, 2026-07-24 07:56:32
SZKOŁA PODSTAWOWA IM. KORNELA MAKUSZYŃSKIEGO W ŁADNEJ, , 33-156, ŁADNA,21.094243,50.013466, 88.00909090909092, 981.5909090909091, 14.118181818181817,4.136363636363637,3.581818181818181, 2026-07-24 07:56:32
SZKOŁA PODSTAWOWA IM. HENRYKA SIENKIEWICZA W ZRĘCZYCACH, ZRĘCZYCE, 32-420, ZRĘCZYCE,20.22211,49.89188, 80.45, 980.2083333333334, 15.008333333333333,4.75,4.316666666666666, 2026-07-24 07:56:32
SZKOŁA PODSTAWOWA NR 2 IM. BOHATERÓW WESTERPLATTE W MYŚLENICACH, UL. STEFANA ŻEROMSKIEGO, 32-400, MYŚLENICE,19.94495616,49.83418288, 76.925, 977.6083333333335, 14.525,4.816666666666666,4.175, 2026-07-24 07:56:32
SZKOŁA PODSTAWOWA NR 11 IM. ŻOŁNIERZY ARMII KRAJOWEJ W NOWYM TARGU, PL. EVRY, 34-400, NOWY TARG,20.03357858,49.47217767, 75.48181818181818, 943.6272727272727, 13.954545454545455,1.572727272727272,1.39090909090909, 2026-07-24 07:56:32
SZKOŁA PODSTAWOWA NR 2 IMIENIA MARII KONOPNICKIEJ W ANDRYCHOWIE, UL. IGNACEGO DASZYŃSKIEGO, 34-120, ANDRYCHÓW,19.34475154,49.84947622, 83.8, 973.5916666666667, 14.208333333333334,10.583333333333334,9.191666666666666, 2026-07-24 07:56:32
SZKOŁA PODSTAWOWA IM. WINCENTEGO WITOSA W RUDCE, , 33-122, RUDKA,20.8875344,50.04900702, 83.14999999999999, 988.5833333333334, 15.108333333333334,5.791666666666667,4.899999999999999, 2026-07-24 07:56:32
SZKOŁA PODSTAWOWA IM.TADEUSZA KOŚCIUSZKI W KONIUSZY, , 32-104, KONIUSZA,20.21421526,50.18825826, 86.95, 976.5583333333334, 13.483333333333334,2.891666666666667,2.658333333333333, 2026-07-24 07:56:32
SZKOŁA PODSTAWOWA NR 3 IM. KOMISJI EDUKACJI NARODOWEJ 32-050 SKAWINA UL. ADAMA MICKIEWICZA 11 A, UL. ADAMA MICKIEWICZA, 32-050, SKAWINA,19.82265223,49.97521231, 82.425, 988.1666666666666, 14.666666666666666,5.183333333333334,4.216666666666667, 2026-07-24 07:56:32
SZKOŁA PODSTAWOWA W ZESPOLE SZKÓŁ OGÓLNOKSZTAŁCĄCYCH IM. KAZIMIERZA WIELKIEGO W SŁOMNIKACH, UL. ŚW. JANA PAWŁA II, 32-090, SŁOMNIKI,20.0858955,50.24468645, 77.0, 980.5749999999999, 14.450000000000001,2.4,1.958333333333333, 2026-07-24 07:56:32
SZKOŁA PODSTAWOWA NR 1 IM. HENRYKA SIENKIEWICZA, UL. HENRYKA SIENKIEWICZA, 34-730, MSZANA DOLNA,20.06982247,49.67621722, 77.10833333333333, 965.5166666666668, 14.191666666666665,4.833333333333333,4.475, 2026-07-24 07:56:32
SZKOŁA PODSTAWOWA NR 2 IM. WŁADYSŁAWA ORKANA W RABCE-ZDROJU, UL. SĄDECKA, 34-700, RABKA-ZDRÓJ,19.94603163,49.61151453, 80.7, 957.2833333333333, 13.066666666666668,5.524999999999999,5.024999999999999, 2026-07-24 07:56:32
SZKOŁA PODSTAWOWA IM. JANA PAWŁA II W GOŁCZY, , 32-075, GOŁCZA,19.92773436,50.3372467, 76.38333333333334, 976.2999999999998, 14.583333333333334,2.375,2.091666666666667, 2026-07-24 07:56:32
SZKOŁA PODSTAWOWA IM. KPT. PIL. MIECZYSŁAWA MEDWECKIEGO, , 32-084, MORAWICA,19.75549535,50.08126882, 90.02499999999999, 1014.5166666666668, 14.716666666666667,16.591666666666665,16.516666666666666, 2026-07-24 07:56:32
SZKOŁA PODSTAWOWA NR 1 W KOZŁOWIE, , 32-241, KOZŁÓW,20.02161231,50.48113008, 83.0, 976.0500000000001, 13.633333333333333,2.35,1.9749999999999992, 2026-07-24 07:56:32
SZKOŁA PODSTAWOWA IM. KRÓLA KAZIMIERZA III WIELKIEGO W RUDNIKU, UL. SZKOLNA, 32-440, RUDNIK,19.83265837,49.85476119, 73.69166666666666, 973.5583333333334, 15.983333333333334,6.066666666666666,5.408333333333334, 2026-07-24 07:56:32
PUBLICZNA SZKOŁA PODSTAWOWA W WOJAKOWEJ, , 32-862, WOJAKOWA,20.56161481,49.8026459, 93.3, 978.5666666666666, 12.908333333333333,5.158333333333333,4.883333333333334, 2026-07-24 07:56:32
SZKOŁA PODSTAWOWA NR 1 IM.MARII KONOPNICKIEJ W PRZYSZOWEJ, , 34-604, PRZYSZOWA,20.50552913,49.63812628, 77.00833333333334, 961.6666666666666, 13.149999999999999,4.774999999999999,4.333333333333333, 2026-07-24 07:56:32
SZKOŁA PODSTAWOWA IM. TADEUSZA KOŚCIUSZKI W STRONIU, , 34-145, STRONIE,19.67411334,49.83221959, 84.49166666666666, 965.3333333333334, 13.266666666666666,9.108333333333333,7.475, 2026-07-24 07:56:32
SZKOŁA PODSTAWOWA IM. WŁADYSŁAWA ORKANA W MANIOWACH, UL. SZKOLNA, 34-436, MANIOWY,20.26889513,49.46175645, 85.03333333333335, 952.4916666666667, 12.083333333333334,2.9666666666666672,2.633333333333333, 2026-07-24 07:56:32
SZKOŁA PODSTAWOWA NR 3 IM. ADAMA MICKIEWICZA W STRÓŻY, , 32-431, STRÓŻA,19.94669482,49.78446923, 77.60833333333333, 976.0166666666668, 14.816666666666668,5.7,5.208333333333333, 2026-07-24 07:56:32
SZKOŁA PODSTAWOWA NR 1 IM. KARPACKIEGO ODDZIAŁU STRAŻY GRANICZNEJ, , 38-312, ROPA,21.04369192,49.60148893, 82.23333333333333, 971.3583333333332, 14.241666666666667,5.375,4.491666666666666, 2026-07-24 07:56:32
ZESPÓŁ SZKOLNO-PRZEDSZKOLNY IM.MAJORA HENRYKA SUCHARSKIEGO W SPYTKOWICACH, ul. Szkolna, 34-116, SPYTKOWICE,19.50690621,49.99665238, 92.575, 987.1083333333335, 13.424999999999999,11.425,10.966666666666669, 2026-07-24 07:56:32
SZKOŁA PODSTAWOWA W CZUBROWICACH, , 32-049, CZUBROWICE,19.6875125,50.21345386, 81.85000000000001, 966.7999999999998, 13.233333333333334,4.791666666666667,4.1, 2026-07-24 07:56:32
SZKOŁA PODSTAWOWA IM. BRONISŁAWA WANATA W MOSZCZENICY, UL. LEŚNA, 38-321, MOSZCZENICA,21.10323283,49.72453224, 88.56666666666666, 975.4083333333333, 13.833333333333334,4.291666666666667,3.708333333333333, 2026-07-24 07:56:32
SZKOŁA PODSTAWOWA IM. JANA PAWŁA II W PODSZKLU, , 34-472, PODSZKLE,19.80198906,49.51218847, 80.25833333333334, 985.3416666666667, 11.058333333333332,2.158333333333333,1.883333333333333, 2026-07-24 07:56:32
SZKOŁA PODSTAWOWA NR 1 IM. ANNY LEŚKIEWICZ W ŁUŻNEJ, , 38-322, ŁUŻNA,21.05479856,49.7099261, 86.175, 974.2666666666668, 14.225,5.091666666666667,4.366666666666666, 2026-07-24 07:56:32
SZKOŁA PODSTAWOWA IMIENIA MIKOŁAJA KOPERNIKA W JASIENNEJ, Jasienna, 33-322, KORZENNA,20.82251961,49.71797638, 86.26666666666667, 963.3499999999999, 13.199999999999998,5.3,4.641666666666668, 2026-07-24 07:56:32
SZKOŁA PODSTAWOWA IM. ŻOŁNIERZY NIEZŁOMNYCH W BĄCZEJ-KUNINIE, , 33-335, BĄCZA-KUNINA,20.74304314,49.5362399, 95.46666666666665, 951.4499999999999, 11.533333333333333,9.441666666666666,9.091666666666669, 2026-07-24 07:56:32
SZKOŁA PODSTAWOWA IM. ŚW. JANA PAWŁA II W DZIADUSZYCACH, , 32-218, DZIADUSZYCE,20.26778753,50.38395929, 79.21666666666667, 983.8333333333334, 14.683333333333332,2.666666666666666,2.3, 2026-07-24 07:56:32
SZKOŁA PODSTAWOWA IM. JANA PAWŁA II W IWANOWICACH, ul. Jana Pawła II, 32-095, IWANOWICE WŁOŚCIAŃSKIE,19.97832221,50.22302756, 81.51666666666667, 979.9, 14.15,0.116666666666666,0.1, 2026-07-24 07:56:32
SZKOŁA PODSTAWOWA IM. M. STASIUKOWEJ W OCHOJNIE, UL. PODHALAŃSKA, 30-040, OCHOJNO,19.97311651,49.95071467, 89.55, 967.6833333333334, 12.683333333333332,12.308333333333332,10.375, 2026-07-24 07:56:32
SZKOŁA PODSTAWOWA NR 2 W WIEPRZU, UL. BESKIDZKA, 34-122, WIEPRZ,19.37250408,49.90710861, 87.95833333333333, 980.5, 14.0,10.466666666666669,9.075, 2026-07-24 07:56:32
SZKOŁA PODSTAWOWA NR 2 W STRYSZAWIE, , 34-205, STRYSZAWA,19.52672362,49.73285017, 73.775, 967.1583333333333, 14.941666666666668,4.358333333333333,3.975, 2026-07-24 07:56:32
SZKOŁA PODSTAWOWA NR 1 IM. JANA PAWŁA II W SUŁOSZOWEJ, UL. SZKOLNA, 32-045, SUŁOSZOWA,19.74205039,50.25958903, 89.36666666666667, 961.9416666666666, 12.166666666666666,2.716666666666667,2.508333333333333, 2026-07-24 07:56:32
SZKOŁA PODSTAWOWA INTEGRACYJNA NR 11 IM.MARII DĄBROWSKIEJ W TARNOWIE, UL. IGNACEGO MOŚCICKIEGO, 33-100, TARNÓW,20.95102273,50.01747959, 83.63333333333334, 987.9833333333332, 15.366666666666667,9.25,7.899999999999999, 2026-07-24 07:56:32
SZKOŁA PODSTAWOWA IM. ŚW. JANA KANTEGO W WOJNICZU, UL. SZKOLNA, 32-830, WOJNICZ,20.83758269,49.96104448, 84.075, 987.3916666666665, 14.783333333333333,3.0,3.0, 2026-07-24 07:56:32
SZKOŁA PODSTAWOWA NR 1 IM. KSIĘDZA KARDYNAŁA STEFANA WYSZYŃSKIEGO PRYMASA TYSIĄCLECIA W TOKARNI, , 32-436, TOKARNIA,19.87967275,49.73364856, 75.89999999999999, 964.9499999999999, 13.933333333333332,4.508333333333334,4.066666666666666, 2026-07-24 07:56:32
SZKOŁA PODSTAWOWA IM.NASZEJ PRZYRODY W WOŹNIKACH, UL. WADOWICKA, 34-103, WOŹNIKI,19.4909051,49.93959752, 80.7, 982.5333333333333, 14.966666666666667,7.433333333333334,6.399999999999999, 2026-07-24 07:56:32
PUBLICZNA SZKOŁA PODSTAWOWA IM. KS. KARD. STEFANA WYSZYŃSKIEGO W SZERZYNACH, , 38-246, SZERZYNY,21.24578398,49.80934435, 83.75, 978.9333333333334, 14.758333333333333,4.908333333333333,4.183333333333334, 2026-07-24 07:56:32
SZKOŁA PODSTAWOWA IM. TADEUSZA KOŚCIUSZKI W PRZEBIECZANACH, , 32-020, TOMASZKOWICE,20.10401518,49.97594973, 81.4, 979.0, 14.180000000000001,4.95,4.08, 2026-07-24 07:56:32
SZKOŁA PODSTAWOWA IM. MJR PIL. JERZEGO ISZKOWSKIEGO W TĘGOBORZY, ul. św. Floriana, 33-312, TĘGOBORZE,20.64046414,49.70908415, 80.59166666666667, 979.0500000000001, 14.608333333333334,4.516666666666668,4.216666666666667, 2026-07-24 07:56:32
SZKOŁA PODSTAWOWA IM. JANUSZA KORCZAKA W ZABIERZOWIE, UL. KOLEJOWA, 32-080, ZABIERZÓW,19.79921223,50.11711432, 79.97500000000001, 984.5666666666666, 14.591666666666667,4.208333333333333,3.566666666666666, 2026-07-24 07:56:32
SZKOŁA PODSTAWOWA IM. 600-LECIA UNIWERSYTETU JAGIELLOŃSKIEGO, , 32-010, WYSIOŁEK LUBORZYCKI,20.10930681,50.14467797, 79.825, 981.025, 14.350000000000001,2.675,2.25, 2026-07-24 07:56:32
SZKOŁA PODSTAWOWA NR 4 IM. FRANCESCO NULLO W OLKUSZU, UL. FRANCESCO NULLO, 32-300, OLKUSZ,19.56869547,50.2776362, 79.88333333333334, 968.9250000000001, 13.491666666666667,3.666666666666666,3.058333333333333, 2026-07-24 07:56:32
SZKOŁA PODSTAWOWA NR 3 IM. JANA PAWŁA II W MYŚLENICACH, UL. STANISŁAWA PARDYAKA, 32-400, MYŚLENICE,19.92808527,49.83246931, 77.89166666666667, 976.0083333333333, 14.424999999999999,5.991666666666667,5.225, 2026-07-24 07:56:32
PRZEDSZKOLE PUBLICZNE NR 8 POD STOKROTKĄ W TARNOWIE, ul. Marii Dąbrowskiej, 33-100, TARNÓW,21.01563158,50.01721574, 93.39166666666667, 989.6750000000001, 14.208333333333334,4.425,4.125, 2026-07-24 07:56:32
SZKOŁA PODSTAWOWA NR 5 IM. ORŁA BIAŁEGO W OŚWIĘCIMIU, UL. EUGENIUSZA KALICIŃSKIEGO, 32-600, OŚWIĘCIM,19.20401547,50.03682151, 82.325, 987.5666666666666, 14.1,9.025,7.475, 2026-07-24 07:56:32
SZKOŁA PODSTAWOWA NR 2 IM. MIKOŁAJA KOPERNIKA W DĄBROWIE TARNOWSKIEJ, UL. ZARĘBY, 33-200, DĄBROWA TARNOWSKA,20.98438323,50.17621862, 85.25, 986.8916666666665, 14.525,5.408333333333334,4.625, 2026-07-24 07:56:32
SZKOŁA PODSTAWOWA IM. ADAMA MICKIEWICZA W SZCZUCINIE, UL. KOŚCIUSZKI, 33-230, SZCZUCIN,21.07654652,50.3138434, 83.825, 991.0500000000001, 15.15,3.8416666666666672,3.4, 2026-07-24 07:56:32
SZKOŁA PODSTAWOWA IM.A MICKIEWICZA W SZCZUROWEJ, UL. RYNEK, 32-820, SZCZUROWA,20.63632311,50.11814123, 79.275, 989.775, 14.941666666666668,8.141666666666667,6.925, 2026-07-24 07:56:32
SZKOŁA PODSTAWOWA IM. WŁADYSŁAWA ORKANA W WIŚNIOWEJ, , 32-412, WIŚNIOWA,20.12059796,49.78770432, 86.64999999999999, 972.8000000000001, 13.616666666666667,5.108333333333333,4.841666666666667, 2026-07-24 07:56:32
SZKOŁA PODSTAWOWA W SKAWINKACH, , 34-143, SKAWINKI,19.71387992,49.82536432, 81.29166666666667, 971.1083333333335, 13.9,8.725,7.6416666666666675, 2026-07-24 07:56:32
SZKOŁA PODSTAWOWA W ZARZECZU DUŻYM, UL. ADAMA MICKIEWICZA, 33-207, RADGOSZCZ,21.09949127,50.28754905, 92.15833333333335, 989.6166666666667, 14.841666666666667,5.366666666666667,4.733333333333333, 2026-07-24 07:56:32
SZKOŁA PODSTAWOWA IM. ŚW. JANA PAWŁA II W RADZISZOWIE 32-052 RADZISZÓW UL. SZKOLNA 7, UL. SZKOLNA, 32-052, RADZISZÓW,19.8127236,49.93885997, 77.76666666666667, 988.6333333333333, 14.816666666666668,4.833333333333333,4.833333333333333, 2026-07-24 07:56:32
SZKOŁA PODSTAWOWA Z ODDZIAŁAMI SPECJALNYMI IM. MIKOŁAJA KOPERNIKA W CHEŁMCU, UL. MARCINKOWICKA, 33-395, CHEŁMIEC,20.66577368,49.632154, 81.49166666666666, 980.6, 14.983333333333334,5.433333333333334,4.858333333333333, 2026-07-24 07:56:32
SZKOŁA PODSTAWOWA W WOLI LUBECKIEJ, , 33-162, WOLA LUBECKA,21.19583853,49.91722379, 88.60833333333333, 977.4250000000001, 13.841666666666667,9.466666666666669,8.308333333333334, 2026-07-24 07:56:32
SZKOŁA PODSTAWOWA W BALICACH, UL. SZKOLNA, 32-083, BALICE,19.79389006,50.08602479, 84.49166666666666, 984.2166666666667, 14.4,4.533333333333334,3.891666666666666, 2026-07-24 07:56:32
SZKOŁA PODSTAWOWA NR 1 IM. POR. TADEUSZA STEFANISZYNA W SPYTKOWICACH, , 34-745, SPYTKOWICE,19.8236308,49.57757601, 77.58333333333333, 949.65, 12.841666666666667,2.4916666666666663,2.15, 2026-07-24 07:56:32
SZKOŁA PODSTAWOWA IM. JANA PAWŁA II W OCHOTNICY DOLNEJ, OS. CENTRUM, 34-452, OCHOTNICA DOLNA,20.33348391,49.52662009, 80.96666666666667, 956.8833333333333, 13.341666666666667,2.3,2.3, 2026-07-24 07:56:32
SZKOŁA PODSTAWOWA IM. MJR H. SUCHARSKIEGO W GRĘBOSZOWIE, , 33-260, GRĘBOSZÓW,20.78154593,50.24448872, 83.825, 991.2833333333333, 15.208333333333334,4.833333333333333,4.216666666666667, 2026-07-24 07:56:32
SZKOŁA PODSTAWOWA IM. TADEUSZA KOŚCIUSZKI W PODOLSZU, UL. ZATORSKA, 32-640, PODOLSZE,19.43334697,50.01163051, 82.10000000000001, 986.75, 14.466666666666667,4.883333333333334,4.883333333333334, 2026-07-24 07:56:32
SZKOŁA PODSTAWOWA IM. JANUSZA KORCZAKA W PACZÓŁTOWICACH, , 32-065, PACZÓŁTOWICE,19.65776496,50.17799402, 87.06363636363636, 965.6181818181819, 12.527272727272731,5.527272727272727,4.8, 2026-07-24 07:56:32
SZKOŁA PODSTAWOWA IM. BATALIONÓW CHŁOPSKICH, , 38-350, WILCZYSKA,20.9356495,49.67726326, 82.00833333333334, 977.9833333333332, 14.208333333333334,5.658333333333334,4.899999999999999, 2026-07-24 07:56:32
SZKOŁA PODSTAWOWA IM. JANA PAWŁA II W ZABAWIE, UL. SZKOLNA, 33-133, ZABAWA,20.80167161,50.12515861, 79.78333333333333, 989.4666666666667, 15.233333333333334,5.233333333333333,4.816666666666666, 2026-07-24 07:56:32
SZKOŁA PODSTAWOWA IM. STANISŁAWA MIŁKOWSKIEGO W WIETRZYCHOWICACH, , 33-270, WIETRZYCHOWICE,20.76596312,50.19039104, 80.48333333333333, 990.5833333333334, 15.141666666666666,6.383333333333333,5.883333333333333, 2026-07-24 07:56:32
SZKOŁA PODSTAWOWA IM. ARMII KRAJOWEJ W RZUCHOWEJ, , 33-114, RZUCHOWA,20.93057781,49.94950395, 77.95, 986.3000000000001, 15.983333333333334,3.8249999999999993,3.508333333333333, 2026-07-24 07:56:32
PUBLICZNA SZKOŁA PODSTAWOWA NR 1 IM. HELENY MARUSARZ W WOLI RZĘDZIŃSKIEJ, , 33-150, WOLA RZĘDZIŃSKA,21.06351347,50.03604049, 76.66666666666667, 983.4166666666666, 16.316666666666666,5.274999999999999,4.675, 2026-07-24 07:56:32
SZKOŁA PODSTAWOWA IM. MARII KONOPNICKIEJ W MĘDRZECHOWIE, , 33-221, MĘDRZECHÓW,20.94598326,50.28189901, 83.83333333333333, 990.7666666666668, 15.025,3.333333333333333,3.116666666666666, 2026-07-24 07:56:32
SZKOŁA PODSTAWOWA IM. STANISŁAWA WYSPIAŃSKIEGO W PORĘBIE ŻEGOTY, ul. Szembeków, 32-566, PORĘBA ŻEGOTY,19.5662502,50.05802152, 87.30833333333334, 979.725, 13.358333333333334,6.95,5.683333333333334, 2026-07-24 07:56:32
ZESPÓŁ SZKOLNO - PRZEDSZKOLNY IMIENIA BŁOGOSŁAWIONEJ KAROLINY KÓZKÓWNY W BORZĘCINIE DOLNYM, Borzęcin, 32-825, BORZĘCIN,20.69796179,50.10128695, 80.56666666666666, 988.5583333333334, 15.1,6.725,5.774999999999999, 2026-07-24 07:56:32
SZKOŁA PODSTAWOWA W ZABRZEŻY, , 33-390, ZABRZEŻ,20.403597,49.545534, 88.575, 969.9250000000001, 13.458333333333334,6.95,6.391666666666668, 2026-07-24 07:56:32
SZKOŁA PODSTAWOWA IM. POLSKICH OLIMPIJCZYKÓW W KOWALEWIE OPACTWIE, , 62-400, KOWALEWO-OPACTWO,17.91063378,52.24958592, 76.97500000000001, 1000.525, 14.941666666666668,2.074999999999999,1.775, 2026-07-24 07:56:32
SZKOŁA PODSTAWOWA NR 3 IM. FRYDERYKA CHOPINA W MILANÓWKU, UL. ŻABIE OCZKO, 05-822, MILANÓWEK,20.6580064,52.1236463, 82.30833333333334, 997.2166666666667, 15.674999999999999,4.1,3.8416666666666672, 2026-07-24 07:56:32
SZKOŁA PODSTAWOWA EKOLA WROCŁAW, UL. ZIELIŃSKIEGO, 53-534, WROCŁAW,17.020853111206343,51.09782924529429, 100.0, 982.7083333333334, 10.0,6.475,5.933333333333335, 2026-07-24 07:56:32
SZKOŁA PODSTAWOWA IM. JANA PAWŁA II W GRONOWIE ELBLĄSKIM, UL. ELBLĄSKA, 83-335, GRONOWO ELBLĄSKIE,19.30564736,54.08639103, 88.26666666666667, 1010.2333333333332, 16.716666666666665,1.8,1.675, 2026-07-24 07:56:32
SZKOŁA PODSTAWOWA NR 4 IM. UNICEF W OBORNIKACH, UL. OBRZYCKA, 64-600, OBORNIKI,16.78971481,52.65269852, 88.0, 1008.3332, 12.8816,23.84,6.52, 2026-07-24 07:56:32
SZKOŁA PODSTAWOWA NR 2 W MUROWANEJ GOŚLINIE, UL. KUTRZEBY, 62-095, MUROWANA GOŚLINA,16.99321556,52.56650543, 93.02325581395348, 1007.8716279069769, 12.532093023255813,18.90909090909091,8.068181818181818, 2026-07-24 07:56:32
SZKOŁA PODSTAWOWA NR 2 IM. WOJSKA POLSKIEGO W OBORNIKACH, UL. SZKOLNA, 64-600, OBORNIKI,16.81110954,52.64956284, 88.0, 1008.3332, 12.8816,23.84,6.52, 2026-07-24 07:56:32
SZKOŁA PODSTAWOWA NR 4 IM. MARII KONOPNICKIEJ W ŚREMIE, UL. GROTA-ROWECKIEGO, 63-100, ŚREM,17.01273155,52.07447433, 94.11764705882354, 1007.0878431372549, 12.967254901960786,19.823529411764707,6.372549019607843, 2026-07-24 07:56:32
SZKOŁA PODSTAWOWA NR 5 IM. POLSKICH NOBLISTÓW W ŚREMIE, UL. DEZYDEREGO CHŁAPOWSKIEGO, 63-100, ŚREM,17.01284027,52.07894897, 88.0, 1008.3332, 12.8816,23.84,6.52, 2026-07-24 07:56:32
SZKOŁA PODSTAWOWA IM. WINCENTEGO WITOSA W CZERLEJNIE, KOSTRZYŃSKA, 62-025, CZERLEJNO,17.21484566,52.35338974, 94.11764705882354, 1006.3758823529412, 13.230588235294118,18.431372549019606,8.607843137254902, 2026-07-24 07:56:32
SZKOŁA PODSTAWOWA IM. KAZIMIERZA ODNOWICIELA W POBIEDZISKACH, UL. KOSTRZYŃSKA, 62-010, POBIEDZISKA,17.28010178,52.47594452, 77.56423076923078, 1003.1534615384616, 13.164230769230768,11.461538461538462,9.307692307692308, 2026-07-24 07:56:32
ZESPÓŁ SZKÓŁ IM. KONSTYTUCJI 3 MAJA W POBIEDZISKACH LETNISKU, UL. GAJOWA, 62-010, POBIEDZISKA LETNISKO,17.237746728834875,52.47200368357204, 100.0, 1003.2264, 12.3968,0.352,0.316, 2026-07-24 07:56:32
SZKOŁA PODSTAWOWA NR 1 W MOSINIE, UL. SZKOLNA, 62-050, MOSINA,16.85228729,52.24979782, 88.0, 1008.3332, 12.8816,23.84,6.52, 2026-07-24 07:56:32
SZKOŁA PODSTAWOWA IM. GEN. JÓZEFA DOWBORA MUŚNICKIEGO W LUSOWIE, UL. NOWA, 62-080, LUSOWO,16.70324516,52.43245697, 88.75, 1005.0084615384616, 14.419615384615385,16.923076923076923,13.423076923076923, 2026-07-24 07:56:32
ZESPÓŁ SZKÓŁ IM. 7 PUŁKU STRZELCÓW KONNYCH WIELKOPOLSKICH, UL. WOJSKOWA, 62-003, BIEDRUSKO,16.94665693,52.54204104, 85.06, 1006.2624000000001, 13.210799999999999,10.96,7.72, 2026-07-24 07:56:32
SZKOŁA PODSTAWOWA IM. MARII KONOPNICKIEJ W DOPIEWCU, UL. SZKOLNA, 62-070, DOPIEWIEC,16.71002197,52.35963058, 88.0, 1008.3332, 12.8816,23.84,6.52, 2026-07-24 07:56:32
SZKOŁA PODSTAWOWA IM. JANAN PAWŁA II W SYCYNIE, , 64-600, SYCYN,16.63873863,52.65377045, 98.51923076923077, 1006.8107692307693, 11.878076923076922,9.846153846153848,9.26923076923077, 2026-07-24 07:56:32
SZKOŁA PODSTAWOWA NR 1 IM. MIKOŁAJA KOPERNIKA W ZALASEWIE, PLANETARNA, 62-020, ZALASEWO,17.06948662,52.39210892, 100.0, 1005.001923076923, 13.751923076923077,7.692307692307692,7.423076923076923, 2026-07-24 07:56:32
SZKOŁA PODSTAWOWA NR 2 IM. HR. EDWARDA RACZYŃSKIEGO W KOMORNIKACH, UL. POCZTOWA, 62-052, KOMORNIKI,16.80311203,52.33795929, 88.0, 1008.3332, 12.8816,23.84,6.52, 2026-07-24 07:56:32
SZKOŁA PODSTAWOWA NR 1 IM. TYTUSA I JANA DZIAŁYŃSKICH W PLEWISKACH, UL. SZKOLNA, 62-064, PLEWISKA,16.80783463,52.36272812, 93.89576923076923, 1005.5611538461538, 12.759615384615385,13.807692307692308,7.769230769230769, 2026-07-24 07:56:32
SZKOŁA PODSTAWOWA IM. KAWALERÓW ORDERU UŚMIECHU W DASZEWICACH, UL. SZKOLNA, 61-160, DASZEWICE,16.9658947,52.3019371, 94.23913043478261, 1007.7334782608696, 14.307391304347826,1.178260869565217,0.652173913043478, 2026-07-24 07:56:32
SZKOŁA PODSTAWOWA NR 1 IM. BŁ. EDMUNDA BOJANOWSKIEGO W LUBONIU, UL. PONIATOWSKIEGO, 62-030, LUBOŃ,16.86248016,52.35014725, 100.0, 1005.7976923076924, 12.039615384615384,10.73076923076923,9.692307692307692, 2026-07-24 07:56:32
SZKOŁA PODSTAWOWA NR 4 IM. PROF. ADAMA WODZICZKI W LUBONIU, 1 MAJA, 62-030, LUBOŃ,16.87988853,52.33322525, 99.90000000000002, 1005.3666666666667, 12.1,1.066666666666666,0.603333333333333, 2026-07-24 07:56:32
SZKOŁA PODSTAWOWA NR 5 W LUBONIU, UL. HUGONA KOŁŁĄTAJA, 62-030, LUBOŃ,16.86236954,52.34331894, 88.0, 1008.3332, 12.8816,23.84,6.52, 2026-07-24 07:56:32
URZĄD GMINY SOSNOWICA, UL. SPOKOJNA, 62-060, STĘSZEW,23.0889849,51.52384146, 88.0, 1008.3332, 12.8816,23.84,6.52, 2026-07-24 07:56:32
ZESPÓŁ SZKOLNO-PRZEDSZKOLNY IM. MICHAŁA SZCZYGŁA W GIERAŁTOWICACH, UL. ŚWIĘTEGO MARCINA, 34-122, GIERAŁTÓW,19.38463168,49.93930884, 86.425, 977.1833333333334, 13.758333333333333,6.95,6.95, 2026-07-24 07:56:32
SZKOŁA PODSTAWOWA NR 2 IM. IRENY SENDLEROWEJ W OTWOCKU, UL. PONIATOWSKIEGO, 05-400, OTWOCK,21.287,52.09742, 84.23333333333333, 997.2583333333333, 15.5,4.283333333333333,4.283333333333333, 2026-07-24 07:56:32
SZKOŁA PODSTAWOWA NR 4 IM. JÓZEFA PIŁSUDSKIEGO W OTWOCKU, UL. SZKOLNA, 05-400, OTWOCK,21.25593,52.10349, 85.45, 1002.8083333333334, 14.983333333333334,0.0,0.0, 2026-07-24 07:56:32
SZKOŁA PODSTAWOWA NR 4 IM. BOHATERÓW SPOD DARNICY W PIASTOWIE, UL. ŻBIKOWSKA, 05-820, PIASTÓW,20.83026,52.18884, 85.43333333333334, 997.525, 14.475,3.033333333333333,3.033333333333333, 2026-07-24 07:56:32
SZKOŁA PODSTAWOWA NR 5 IM. ZBIGNIEWA GĘSICKIEGO „JUNO” W PIASTOWIE, UL. PUŁASKIEGO, 05-820, PIASTÓW,20.8366289,52.1914255, 82.53333333333333, 997.5333333333333, 14.825000000000001,2.5749999999999997,2.5749999999999997, 2026-07-24 07:56:32
SZKOŁA PODSTAWOWA NR 3 IM. BOLESŁAWA KRZYWOUSTEGO W POZNANIU, OS. PIASTOWSKIE, 61-149, POZNAŃ,16.94348145,52.39358139, 100.0, 1007.3448, 13.492,1.568,1.568, 2026-07-24 07:56:32
SZKOŁA PODSTAWOWA NR 64 IM. MARII KONOPNICKIEJ W POZNANIU, OSIEDLE ORŁA BIAŁEGO, 61-251, POZNAŃ,16.96721458,52.38006973, 91.65787234042553, 1006.6597872340426, 13.65787234042553,15.76595744680851,6.170212765957447, 2026-07-24 07:56:32
SZKOŁA PODSTAWOWA NR 38 W POZNANIU, UL. ROMANA BRANDSTAETTERA, 61-659, POZNAŃ,16.9342041,52.42566299, 78.21153846153847, 1006.0780769230769, 14.42,9.26923076923077,7.615384615384615, 2026-07-24 07:56:32
SZKOŁA PODSTAWOWA NR 80 IM. KORNELA MAKUSZYŃSKIEGO W POZNANIU, POGODNA, 60-137, POZNAŃ,16.87457466,52.38705444, 88.0, 1008.3332, 12.8816,23.84,6.52, 2026-07-24 07:56:32
SZKOŁA PODSTAWOWA NR 90 IM. HR. WŁADYSŁAWA ZAMOYSKIEGO W POZNANIU, UL. CHOCISZEWSKIEGO, 60-261, POZNAŃ,16.88419724,52.39484787, 100.0, 1004.9903999999999, 13.6252,2.16,2.2, 2026-07-24 07:56:32
SZKOŁA PODSTAWOWA NR 75 IM. POWSTAŃCÓW WIELKOPOLSKICH W POZNANIU, POWSTAŃCÓW WIELKOPOLSKICH, 61-895, POZNAŃ,16.9231472,52.40390015, 100.0, 1006.8936, 13.3552,15.52,8.84, 2026-07-24 07:56:32
SZKOŁA PODSTAWOWA NR 13 IM. CYTADELOWCÓW POZNAŃSKICH W POZNANIU, AL. NIEPODLEGŁOŚCI, 61-714, POZNAŃ,16.92272949,52.41403961, 88.0, 1008.3332, 12.8816,23.84,6.52, 2026-07-24 07:56:32
SZKOŁA PODSTAWOWA NR 105 IM. JULIANA TUWIMA W POZNANIU, UL. NIESZAWSKA, 61-021, POZNAŃ,16.98015404,52.41488266, 87.17647058823529, 1008.0872549019607, 13.514901960784314,18.41176470588235,8.607843137254902, 2026-07-24 07:56:32
SZKOŁA PODSTAWOWA SPECJALNA NR 106 W POZNANIU, UL. KLEMENSA JANICKIEGO, 60-542, POZNAŃ,16.89997864,52.42756271, 87.6032, 1007.4848, 13.531199999999998,6.52,6.32, 2026-07-24 07:56:32
SZKOŁA PODSTAWOWA NR 34 IM. WOJSKA POLSKIEGO W POZNANIU, OS. BOLESŁAWA ŚMIAŁEGO, 60-682, POZNAŃ,16.92449188,52.45452118, 99.2732, 1004.2228, 13.972000000000001,2.532,1.972, 2026-07-24 07:56:32
SZKOŁA PODSTAWOWA SPECJALNA NR 107 IM. ARKADEGO FIEDLERA W POZNANIU, DĄBROWSKIEGO, 60-523, POZNAŃ,16.901577,52.4134407, 100.0, 1005.898947368421, 13.78736842105263,11.571428571428571,10.571428571428571, 2026-07-24 07:56:32
SZKOŁA PODSTAWOWA NR 56 IM. CHARLES DE GAULLE’A W POZNANIU, TARNOWSKA, 61-323, POZNAŃ,16.99227142,52.3409462, 100.0, 1006.3346153846154, 12.600000000000001,14.038461538461538,12.961538461538462, 2026-07-24 07:56:32
SZKOŁA PODSTAWOWA NR 60 IM. WOJCIECHA BOGUSŁAWSKIEGO W POZNANIU, UL. BORANTA, 61-608, POZNAŃ,16.94834518,52.45634079, 100.0, 1004.9236, 14.5448,14.04,11.12, 2026-07-24 07:56:32
SZKOŁA PODSTAWOWA NR 77 W POZNANIU, DMOWSKIEGO, 60-995, POZNAŃ,16.89839363,52.38943481, 100.0, 1007.4884, 12.7444,12.0,10.6, 2026-07-24 07:56:32
SZKOŁA PODSTAWOWA NR 84 IM. TADEUSZA KOŚCIUSZKI W POZNANIU, ŚWIĘTEGO SZCZEPANA, 61-465, POZNAŃ,16.90634918,52.37201691, 87.4673076923077, 1007.6542307692308, 14.61076923076923,7.038461538461538,6.653846153846154, 2026-07-24 07:56:32
SZKOŁA PODSTAWOWA NR 23 IM. GEN. JÓZEFA BEMA W POZNANIU, UL. NORWIDA, 60-867, POZNAŃ,16.91053009,52.41601944, 100.0, 1006.6236, 12.7976,2.532,2.248, 2026-07-24 07:56:32
SZKOŁA PODSTAWOWA NR 62 W POZNANIU, DRUSKIENICKA, 60-475, POZNAŃ,16.88948631,52.45068741, 88.0, 1008.3332, 12.8816,23.84,6.52, 2026-07-24 07:56:32
SZKOŁA PODSTAWOWA NR 82 IM. KSIĘCIA PRZEMYSŁA I W POZNANIU, KRAKOWSKA, 61-889, POZNAŃ,16.93424606,52.40084076, 100.0, 1009.4831999999999, 13.6976,7.84,7.32, 2026-07-24 07:56:32
SZKOŁA PODSTAWOWA NR 7 IM. ERAZMA Z ROTTERDAMU W POZNANIU, GALILEUSZA, 60-158, POZNAŃ,16.86313629,52.38921356, 89.8784, 1005.5319999999999, 13.2404,14.48,9.28, 2026-07-24 07:56:32
SZKOŁA PODSTAWOWA NR 83 „ŁEJERY” IM. EMILII WAŚNIOWSKIEJ W POZNANIU, BRANDSTAETTERA, 61-659, POZNAŃ,16.93492126,52.42544174, 90.42479999999999, 1005.1496000000001, 12.7492,26.4,10.92, 2026-07-24 07:56:32
SZKOŁA PODSTAWOWA NR 112 W POZNANIU, OBORNICKA, 60-691, POZNAŃ,16.89865494,52.45604324, 86.9588, 1003.8248, 12.3092,11.28,10.76, 2026-07-24 07:56:32
SZKOŁA PODSTAWOWA NR 1 W POZNANIU, UL. HEZJODA, 60-461, POZNAŃ,16.88130379,52.44327545, 80.8736, 1004.826, 11.884400000000001,13.56,13.56, 2026-07-24 07:56:32
SZKOŁA PODSTAWOWA NR 6 IM. HIPOLITA CEGIELSKIEGO W POZNANIU, RUSA, 61-245, POZNAŃ,16.98623848,52.39060211, 85.42692307692307, 1006.1092307692307, 13.104615384615384,7.2857142857142865,6.928571428571429, 2026-07-24 07:56:32
SZKOŁA PODSTAWOWA NR 12 IM. WIELKOPOLSKIEJ BRYGADY KAWALERII, os. Zwycięstwa, 61-643, POZNAŃ,16.92538261,52.44150925, 76.91, 1004.0488, 14.531200000000002,15.4,12.36, 2026-07-24 07:56:32
SPORTOWA SZKOŁA PODSTAWOWA NR 29 W POZNANIU, OS. POD LIPAMI, 61-638, POZNAŃ,16.94106674,52.43153381, 88.22666666666666, 1004.8466666666666, 13.654761904761905,17.428571428571427,8.714285714285714, 2026-07-24 07:56:32
SZKOŁA PODSTAWOWA NR 22 IM. ADAMA TYTUSA DZIAŁYŃSKIEGO W POZNANIU, HANGAROWA, 60-409, POZNAŃ,16.85006332,52.42495346, 88.0, 1008.3332, 12.8816,23.84,6.52, 2026-07-24 07:56:32
SZKOŁA PODSTAWOWA NR 55 IM. JURIJA GAGARINA W POZNANIU, SZPAKÓW, 61-065, POZNAŃ,17.0114212,52.39030838, 88.0, 1008.3332, 12.8816,23.84,6.52, 2026-07-24 07:56:32
SZKOŁA PODSTAWOWA NR 9 IM. DOKTORA FRANCISZKA WITASZKA W POZNANIU, UL. JÓZEFA ŁUKASZEWICZA, 60-726, POZNAŃ,16.90358162,52.39443588, 88.0, 1008.3332, 12.8816,23.84,6.52, 2026-07-24 07:56:32
SZKOŁA PODSTAWOWA NR 10 IM. ARKADEGO FIDLERA W POZNANIU, BOSA, 60-125, POZNAŃ,16.88327599,52.38434982, 78.62745098039215, 1006.9486274509803, 13.66921568627451,16.03921568627451,7.274509803921568, 2026-07-24 07:56:32
SZKOŁA PODSTAWOWA NR 26 IM. RYSZARDA BERWIŃSKIEGO W POZNANIU, UL. BERWIŃSKIEGO, 60-765, POZNAŃ,16.9016552,52.39816284, 96.8536, 1005.6583999999999, 13.2416,6.2,3.12, 2026-07-24 07:56:32
SZKOŁA PODSTAWOWA NR 2 IM. SZARYCH SZEREGÓW W POZNANIU, OS. JAGIELLOŃSKIE, 61-223, POZNAŃ,16.95454025,52.3906517, 88.0, 1008.3332, 12.8816,23.84,6.52, 2026-07-24 07:56:32
SZKOŁA PODSTAWOWA NR 67 IM. JACKA KURONIA W POZNANIU, OS. STEFANA BATOREGO, 60-687, POZNAŃ,16.92311287,52.45628357, 88.0, 1008.3332, 12.8816,23.84,6.52, 2026-07-24 07:56:32
SZKOŁA PODSTAWOWA NR 47 Z ODDZIAŁAMI DWUJĘZYCZNYMI, os. Czecha, 61-288, POZNAŃ,16.97763062,52.38436508, 69.40384615384616, 1006.4353846153846, 13.221923076923076,15.115384615384617,12.076923076923077, 2026-07-24 07:56:32
SZKOŁA PODSTAWOWA NR 93 W POZNANIU, UMULTOWSKA, 61-614, POZNAŃ,16.93852615,52.47229385, 88.0, 1008.3332, 12.8816,23.84,6.52, 2026-07-24 07:56:32
XXXVIII DWUJĘZYCZNE LICEUM OGÓLNOKSZTAŁCĄCE, UL. MICHAŁA DRZYMAŁY 4 LOK., 60-613, POZNAŃ,16.91071701,52.42235565, 100.0, 1007.2239130434783, 13.280434782608696,4.043478260869565,3.304347826086956, 2026-07-24 07:56:32
PRZEDSZKOLE „LEŚNE DUSZKI”, DŁUGA, 62-070, ZAKRZEWO,16.725871642330244,52.39324421111061, 88.0, 1008.3332, 12.8816,23.84,6.52, 2026-07-24 07:56:32
SZKOŁA PODSTAWOWA IM. BRONISŁAWA MALINOWSKIEGO W CHRUSTOWIE, , 64-600, CHRUSTOWO,16.71426964,52.63230896, 84.68863636363636, 1007.1627272727274, 19.164545454545454,10.772727272727272,5.272727272727272, 2026-07-24 07:56:32
SZKOŁA PODSTAWOWA IM. WŁADYSŁAWA REYMONTA W KRZYŻANOWIE, KRZYŻANOWO, 63-100, KRZYŻANOWO,16.91054916,52.09793091, 88.0, 1008.3332, 12.8816,23.84,6.52, 2026-07-24 07:56:32
ZESPÓŁ SZKÓŁ IM. O. MARIANA ŻELAZKA W CHLUDOWIE FILIA W GOLĘCZEWIE, UL. DWORCOWA, 62-001, GOLĘCZEWO,16.8183918,52.5346756, 100.0, 1004.5334615384616, 14.718076923076923,7.0,5.923076923076923, 2026-07-24 07:56:32
PUBLICZNE PRZEDSZKOLE AKADEMOS W ZŁOTNIKACH, UL. LAZYRUTOWA, 62-002, ZŁOTNIKI,16.72588237,52.39324421, 88.0, 1008.3332, 12.8816,23.84,6.52, 2026-07-24 07:56:32
SZKOŁA PODSTAWOWA W JABŁKOWIE, , 62-285, JABŁKOWO,17.30526352,52.65771484, 91.02, 1004.8334, 12.6874,34.48,20.84, 2026-07-24 07:56:32
SZKOŁA PODSTAWOWA W ŁOPUCHOWIE, , 62-095, ŁOPUCHOWO,17.09284592,52.61447144, 88.0, 1008.3332, 12.8816,23.84,6.52, 2026-07-24 07:56:32
SZKOŁA PODSTAWOWA IM. LEONA MASIAKOWSKIEGO W BIAŁĘŻYNIE, , 62-095, BIAŁĘŻYN,16.97803879,52.62910843, 100.0, 1003.1869230769231, 11.37423076923077,10.192307692307692,8.153846153846153, 2026-07-24 07:56:32
SZKOŁA PODSTAWOWA IM. JANA PAWŁA II W SZCZODRZYKOWIE, OGRODOWA, 62-035, SZCZODRZYKOWO,17.10255051,52.28513336, 88.0, 1008.3332, 12.8816,23.84,6.52, 2026-07-24 07:56:32
SZKOŁA PODSTAWOWA IM. ARKADEGO FIEDLERA W CHOMĘCICACH, UL. POZNAŃSKA, 62-052, CHOMĘCICE,16.74156761,52.33368683, 100.0, 1005.8453846153845, 14.548461538461538,10.346153846153848,9.76923076923077, 2026-07-24 07:56:32
SZKOŁA PODSTAWOWA NR 1 IM. ADAMA MICKIEWICZA W PUSZCZYKOWIE, UL. WYSOKA, 62-040, PUSZCZYKOWO,16.85375595,52.28887939, 88.0, 1008.3332, 12.8816,23.84,6.52, 2026-07-24 07:56:32
SZKOŁA PODSTAWOWA NR 2 IM. POWSTAŃCÓW WIELKOPOLSKICH W PUSZCZYKOWIE, UL. JANA KASPROWICZA, 62-040, PUSZCZYKOWO,16.85844231,52.27380753, 88.0, 1008.3332, 12.8816,23.84,6.52, 2026-07-24 07:56:32
LICEUM OGÓLNOKSZTAŁCĄCE IM. POWSTAŃCÓW WIELKOPOLSKICH W TARNOWIE PODGÓRNYM, UL. POZNAŃSKA, 62-080, TARNOWO PODGÓRNE,16.65105057,52.46143723, 88.0, 1008.3332, 12.8816,23.84,6.52, 2026-07-24 07:56:32
SZKOŁA PODSTAWOWA W JABŁKOWIE FILIA W REJOWCU, , 62-093, REJOWIEC,17.16859245,52.6228447, 100.0, 1003.325, 14.236923076923079,17.846153846153847,9.807692307692308, 2026-07-24 07:56:32
ZESPÓŁ SZKOLNO-PRZEDSZKOLNY W ROŻNOWIE, ul. Dworcowa, 64-600, ROŻNOWO,16.874898928834885,52.67467038068995, 77.25, 1007.0470833333334, 12.528541666666667,15.604166666666666,6.583333333333333, 2026-07-24 07:56:32
SZKOŁA PODSTAWOWA W PAMIĄTKOWIE, UL. SZKOLNA, 64-514, PAMIĄTKOWO,16.67851067,52.55265808, 100.0, 1006.9208, 13.4192,10.44,8.8, 2026-07-24 07:56:32
SZKOŁA PODSTAWOWA IM. GEN. DEZYDEREGO CHŁAPOWSKIEGO W BODZYNIEWIE, , 63-100, BODZYNIEWO,17.0052948,52.02843857, 100.0, 1005.7846153846154, 14.25076923076923,16.807692307692307,13.23076923076923, 2026-07-24 07:56:32
ZESPÓŁ SZKOLNO PRZEDSZKOLNY W NAPACHANIU, ul. Poznańska, 62-090, NAPACHANIE,16.730690073302416,52.48490177500907, 92.52607843137255, 1007.3000000000001, 12.735686274509803,17.705882352941178,8.03921568627451, 2026-07-24 07:56:32
SZKOŁA PODSTAWOWA IM.MARCINA KACPRZAKA, ul. Szkolna, 42-231, STARY CYKARZEW,19.175446655281952,50.952335408921456, 74.24166666666666, 984.3249999999999, 14.275,2.3,2.108333333333333, 2026-07-24 07:56:32
SZKOŁA PODSTAWOWA IM. KAWALERÓW ORDERU UŚMIECHU W LUSÓWKU, UL. DOPIEWSKA, 62-080, LUSÓWKO,16.64691353,52.42663574, 98.70136363636362, 1006.2295454545455, 14.20909090909091,19.90909090909091,15.954545454545457, 2026-07-24 07:56:32
SZKOŁA PODSTAWOWA IM.ŚW. KINGI W KNUROWIE, , 34-434, KNURÓW,20.186141141283134,49.4808092162355, 85.40833333333335, 948.0333333333333, 12.125,2.891666666666667,2.408333333333333, 2026-07-24 07:56:32
PUBLICZNA SZKOŁA PODSTAWOWA W GŁAZOWIE, , 27-641, GŁAZÓW,21.61804794,50.70138435, 90.61666666666667, 985.2333333333332, 14.608333333333333,4.524999999999999,4.0, 2026-07-24 07:56:32
SZKOŁA PODSTAWOWA NR 78 IM. PROF. WIKTORA DEGI W POZNANIU, UL. ŻONKILOWA, 60-175, POZNAŃ,16.814991,52.384403, 100.0, 1005.858, 13.516499999999999,10.61904761904762,8.571428571428571, 2026-07-24 07:56:32
ZESPÓŁ SZKOLNO-PRZEDSZKOLNY NR 3 W LEGIONOWIE, UL. KRÓLOWEJ JADWIGI, 05-120, LEGIONOWO,20.9263350977793,52.39442875443961, 83.175, 1002.5749999999999, 15.674999999999999,5.733333333333333,5.366666666666667, 2026-07-24 07:56:32
SZKOŁA PODSTAWOWA IM. POWSTAŃCÓW WIELKOPOLSKICH W WIĘCKOWICACH, Gromadzka, 62-070, WIĘCKOWICE,16.63825,52.39672, 88.0, 1008.3332, 12.8816,23.84,6.52, 2026-07-24 07:56:32
SZKOŁA PODSTAWOWA IM. PRZYJACIÓŁ WIELKOPOLSKI W JEZIORKACH, UL. POCZTOWA, 62-060, JEZIORKI,16.59429,52.3134, 94.0, 1006.3232, 13.5056,16.4,6.84, 2026-07-24 07:56:32
ZESPÓŁ SZKOLNO-PRZEDSZKOLNY IM. JANA BRZECHWY W DOPIEWIE, UL. ŁĄKOWA, 62-070, DOPIEWO,16.682004,52.357068, 88.0, 1008.3332, 12.8816,23.84,6.52, 2026-07-24 07:56:32
SZKOŁA PODSTAWOWA NR 4 IM. JANA BRZECHWY W SWARZĘDZU, OS. KOŚCIUSZKOWCÓW, 62-020, SWARZĘDZ,17.077864,52.418436, 100.0, 1004.4209523809524, 13.020476190476192,4.727272727272727,4.636363636363637, 2026-07-24 07:56:32
SZKOŁA PODSTAWOWA NR 15 IM. JANA III SOBIESKIEGO W POZNANIU, OS. JANA III SOBIESKIEGO, 60-688, POZNAŃ,16.907751,52.465225, 100.0, 1003.4028, 12.430399999999999,20.16,18.12, 2026-07-24 07:56:32
SZKOŁA PODSTAWOWA NR 89 IM. KRZYSZTOFA KAMILA BACZYŃSKIEGO W POZNANIU, UL. SOCHACZEWSKA, 60-645, POZNAŃ,16.913659,52.425214, 94.11764705882354, 1007.0527450980393, 12.977450980392158,17.84313725490196,7.627450980392157, 2026-07-24 07:56:32
SZKOŁA PODSTAWOWA NR 65 IM. FRANCISZKA ŻWIRKI I STANISŁAWA WIGURY W POZNANIU, UL. KOSMONAUTÓW, 61-642, POZNAŃ,16.94346,52.43916, 88.0, 1008.3332, 12.8816,23.84,6.52, 2026-07-24 07:56:32
SZKOŁA PODSTAWOWA SPECJALNA NR 113 W POZNANIU, UL. BYDGOSKA, 61-127, POZNAŃ,16.95652,52.41152, 100.0, 1007.9676923076923, 13.511153846153848,19.346153846153847,10.923076923076923, 2026-07-24 07:56:32
SZKOŁA PODSTAWOWA NR 11 IM. GEN. DEZYDEREGO CHŁAPOWSKIEGO W POZNANIU, OS. WICHROWE WZGÓRZE, 61-699, POZNAŃ,16.933633,52.437839, 88.0, 1008.3332, 12.8816,23.84,6.52, 2026-07-24 07:56:32
SZKOŁA PODSTAWOWA NR 35 IM. WŁADYSŁAWA ŁOKIETKA W POZNANIU, OS. WŁADYSŁAWA ŁOKIETKA, 61-616, POZNAŃ,16.940352,52.450688, 88.0, 1008.3332, 12.8816,23.84,6.52, 2026-07-24 07:56:32
SZKOŁA PODSTAWOWA NR 14 IM. WŁADYSŁAWA ŁOKIETKA W POZNANIU, PIASTOWSKIE, 61-156, POZNAŃ,16.944711,52.390975, 88.3576, 1006.4356, 13.2748,11.96,9.48, 2026-07-24 07:56:32
SZKOŁA PODSTAWOWA NR 42 IM. BOLESŁAWA CHROBREGO, RÓŻANA, 61-577, POZNAŃ,16.9253885,52.398931, 88.0, 1008.3332, 12.8816,23.84,6.52, 2026-07-24 07:56:32
SZKOŁA PODSTAWOWA W KOBYLNICY, UL. POZNAŃSKA, 62-006, KOBYLNICA,17.080131,52.447968, 94.0, 1006.6624, 12.962,19.28,6.32, 2026-07-24 07:56:32
SZKOŁA PODSTAWOWA IM. JANA BRZECHWY W BRZEŹNIE, UL. DŁUGA, 62-025, BRZEŹNO,17.343075,52.377262, 100.0, 1001.9034615384614, 12.98576923076923,13.192307692307692,6.615384615384615, 2026-07-24 07:56:32
SZKOŁA PODSTAWOWA W JABŁKOWIE FILIA W LECHLINIE, LECHLIN, 62-085, LECHLIN,17.149422,52.706829, 88.0, 1008.3332, 12.8816,23.84,6.52, 2026-07-24 07:56:32
SZKOŁA PODSTAWOWA IM. ADAMA MICKIEWICZA W SKOKACH, UL. POZNAŃSKA, 62-085, SKOKI,17.1454,52.67087, 81.57692307692308, 1005.6899999999999, 14.75423076923077,8.346153846153847,7.038461538461538, 2026-07-24 07:56:32
SPOŁECZNA WALDORFSKA SZKOŁA PODSTAWOWA, SZRENIAWSKA, 62-051, WIRY,16.8464646,52.3178772, 91.49074074074075, 1006.7033333333334, 12.759629629629629,11.37037037037037,9.22222222222222, 2026-07-24 07:56:32
SZKOŁA PODSTAWOWA W SIEKIERKACH WIELKICH, UL. KARALUSA, 62-025, SIEKIERKI WIELKIE,17.161897,52.382159, 88.0, 1008.3332, 12.8816,23.84,6.52, 2026-07-24 07:56:32
SZKOŁA PODSTAWOWA IM. EWARYSTA ESTKOWSKIEGO W KOSTRZYNIE, UL. PIASTA, 62-025, KOSTRZYN,17.223903,52.396619, 83.29260000000001, 1006.2084, 13.5294,20.68,7.64, 2026-07-24 07:56:32
SZKOŁA PODSTAWOWA DLA DZIECI Z AUTYZMEM, SZAMARZEWSKIEGO, 60-569, POZNAŃ,16.88205,52.41328, 88.0, 1008.3332, 12.8816,23.84,6.52, 2026-07-24 07:56:32
SZKOŁA PODSTAWOWA NR 58 IM. JERZEGO KUKUCZKI W POZNANIU, UL. ŁAWICA, 60-186, POZNAŃ,16.82257,52.409962, 84.50090909090909, 1005.5190909090908, 14.136818181818182,11.318181818181818,9.090909090909092, 2026-07-24 07:56:32
SZKOŁA PODSTAWOWA IM. POLSKICH NOBLISTÓW W BARANOWIE, WYPOCZYNKOWA, 62-081, BARANOWO,16.790377,52.442582, 83.31280000000001, 1003.9672, 14.595999999999998,8.52,7.72, 2026-07-24 07:56:32
SZKOŁA PODSTAWOWA IM. HANSA CHRISTIANA ANDERSENA W BOLECHOWIE-OSIEDLU, UL. WOJSKA POLSKIEGO, 62-005, BOLECHOWO-OSIEDLE,16.97552,52.54171, 87.0337037037037, 1007.7777777777778, 12.136296296296296,16.444444444444443,8.37037037037037, 2026-07-24 07:56:32
SZKOŁA PODSTAWOWA IM. JÓZEFA WYBICKIEGO W OWIŃSKACH, UL. POPRZECZNA, 62-005, OWIŃSKA,16.983395,52.511923, 64.42307692307692, 1006.3953846153846, 12.281153846153845,16.576923076923077,9.73076923076923, 2026-07-24 07:56:32
SZKOŁA PODSTAWOWA IM. DR. LECHA SIUDY W SZEWCACH, UL. BUKOWSKA, 64-320, SZEWCE,16.5050395,52.3032518, 88.0, 1008.3332, 12.8816,23.84,6.52, 2026-07-24 07:56:32
SZKOŁA PODSTAWOWA NR 1 IM. WOJCIECHA BOGUSŁAWSKIEGO W SUCHYM LESIE, UL. SZKOLNA, 62-002, SUCHY LAS,16.87122,52.47459, 88.0, 1008.3332, 12.8816,23.84,6.52, 2026-07-24 07:56:32
ZESPÓŁ SZKÓŁ NR 2 IM. STANISŁAWA STASZICA W SZAMOTUŁACH, SZCZUCZYŃSKA, 64-500, SZAMOTUŁY,16.575982,52.618126, 100.0, 1006.9486363636363, 12.503181818181817,0.9318181818181812,0.886363636363636, 2026-07-24 07:56:32
SZKOŁA PODSTAWOWA NR 6 IM. MICHAŁA ELWIRO ANDRIOLLEGO W OTWOCKU, UL. AMBASADORSKA, 05-402, OTWOCK,21.23886,52.10802, 87.80833333333334, 1000.4333333333334, 14.966666666666667,8.491666666666665,8.291666666666666, 2026-07-24 07:56:32
SZKOŁA PODSTAWOWA IM. BOHATERÓW BUKOWSKICH W BUKU, UL. SZKOLNA, 64-320, BUK,16.52259,52.35662, 100.0, 1005.6246153846153, 14.433846153846153,13.038461538461538,10.461538461538462, 2026-07-24 07:56:32
SZKOŁA PODSTAWOWA IM. JÓZEFA WYBICKIEGO W CZERWONAKU, SZKOLNA, 62-004, CZERWONAK,16.982170814252843,52.46420839557451, 88.0, 1008.3332, 12.8816,23.84,6.52, 2026-07-24 07:56:32
ZESPÓŁ SZKOLNO-PRZEDSZKOLNY NR 3 W GLIWICACH, UL. ŻWIRKI I WIGURY, 44-122, GLIWICE,18.67273,50.2819, 84.81818181818181, 988.2909090909092, 13.463636363636363,8.472727272727273,8.163636363636364, 2026-07-24 07:56:32
SZKOŁA PODSTAWOWA NR 1 W ZABRZU, UL. SPORTOWA, 41-800, ZABRZE,18.7893,50.28601, 83.10833333333333, 986.375, 14.25,8.075000000000001,8.075000000000001, 2026-07-24 07:56:32
OSP ZIELĄTKOWO, UL. KRĘTA, 62-002, ZIELĄTKOWO,16.79757003,52.56098128, 88.0, 1008.3332, 12.8816,23.84,6.52, 2026-07-24 07:56:32
ŚWIETLICA WIEJSKA ZŁOTKOWO, UL. ZŁOTA, 62-002, ZŁOTKOWO,16.83608647,52.51413944, 100.0, 1003.8232, 12.8596,0.664,0.467999999999999, 2026-07-24 07:56:32
SZKOŁA PODSTAWOWA NR 1 IM. TADEUSZA KOŚCIUSZKI W SZCZEKOCINACH, UL. SENATORSKA, 42-445, SZCZEKOCINY,19.82349554,50.62533735, 72.83333333333333, 981.2083333333334, 15.833333333333334,2.733333333333333,2.333333333333333, 2026-07-24 07:56:32
SZKOŁA PODSTAWOWA W ROBAKOWIE, UL. SZKOLNA, 62-023, ROBAKOWO,17.05727,52.301467, 100.0, 1005.6904, 14.390799999999999,11.8,11.48, 2026-07-24 07:56:32
SZKOŁA PODSTAWOWA IM. MIKOŁAJA KOPERNIKA W IWNIE, UL. SZKOLNA, 62-025, IWNO,17.269785,52.404893, 100.0, 1002.9208, 13.038,10.24,8.24, 2026-07-24 07:56:32
SZKOŁA PODSTAWOWA W SUCHYM LESIE - FILIA, KONWALIOWA, 62-002, SUCHY LAS,16.8705485,52.4800025, 100.0, 1003.054, 11.8996,12.16,11.76, 2026-07-24 07:56:32
SZKOŁA PODSTAWOWA W STĘSZEWIE, POZNAŃSKA, 62-060, STĘSZEW,16.7059729,52.2831187, 85.2176923076923, 1005.998076923077, 14.915384615384616,8.615384615384615,8.076923076923077, 2026-07-24 07:56:32
SZKOŁA PODSTAWOWA NR 58 IM. IRENY SENDLEROWEJ W BYDGOSZCZY, UL. GDAŃSKA, 85-005, BYDGOSZCZ,18.006526,53.13014, 76.61666666666666, 1007.8333333333334, 16.466666666666665,2.116666666666666,1.7666666666666662, 2026-07-24 07:56:32
SZKOŁA PODSTAWOWA W PISKOROWICACH, , 37-300, PISKOROWICE,22.5273466,50.2359231, 84.75833333333334, 991.3416666666667, 16.341666666666665,8.166666666666666,7.566666666666666, 2026-07-24 07:56:32
SZKOŁA PODSTAWOWA NR 1 IM. POR. JANA BAŁDY W CHMIELNIKU, , 36-016, CHMIELNIK,22.122041528835187,49.98127862696953, 84.98333333333333, 980.25, 14.858333333333334,4.425,3.991666666666666, 2026-07-24 07:56:32
SZKOŁA PODSTAWOWA NR 2 IM. OJCA ŚWIĘTEGO JANA PAWŁA II W CHMIELNIKU, , 36-016, CHMIELNIK,22.10618,49.99253, 87.825, 979.9666666666667, 15.058333333333332,3.416666666666666,2.791666666666666, 2026-07-24 07:56:32
SZKOŁA PODSTAWOWA IM. WŁADYSŁAWA SZAFERA W WOLI KALINOWSKIEJ, UL. SZKOLNA, 32-045, WOLA KALINOWSKA,19.80972735,50.22489696, 84.02499999999999, 959.2666666666668, 12.541666666666666,1.9,1.9, 2026-07-24 07:56:32
NIEPUBLICZNA SZKOŁA PODSTAWOWA IM. DR W. BŁEŃSKIEJ W KOWALACH, ul. Sadowa, 80-180, GDAŃSK,18.56359278,54.31377328, 78.44166666666666, 1000.4166666666666, 16.108333333333334,1.2,1.2, 2026-07-24 07:56:32
SZKOŁA PODSTAWOWA NR 2 IM. KRÓLOWEJ JADWIGI W PLESZEWIE, UL. OGRODOWA, 63-300, PLESZEW,17.78384,51.8949, 76.18333333333334, 1001.4499999999999, 14.708333333333334,2.125,1.841666666666666, 2026-07-24 07:56:32
TECHNIKUM W ZESPOLE SZKÓŁ IM. ŻOŁNIERZY ARMII KRAJOWEJ W MAKOWIE MAZOWIECKIM, UL. DUŃSKIEGO CZERWONEGO KRZYŻA, 06-200, MAKÓW MAZOWIECKI,21.0874394,52.86346251388081, 87.27499999999999, 1000.3166666666666, 14.883333333333333,3.758333333333333,3.975, 2026-07-24 07:56:32
TECHNIKUM NR 4 W ZESPOLE SZKÓŁ IM. MIKOŁAJA KOPERNIKA W KONINIE, UL. ALEJE 1 MAJA, 62-510, KONIN,18.24697844,52.2297386, 85.29166666666667, 999.4333333333334, 14.316666666666668,2.266666666666666,2.266666666666666, 2026-07-24 07:56:32
SZKOŁA PODSTAWOWA NR 2 IM. KARD. K. WOJTYŁY W CZAŃCU, UL. KARD. KAROLA WOJTYŁY, 43-354, CZANIEC,19.26564,49.8473, 100.0, 976.2083333333334, 13.108333333333333,13.091666666666669,9.991666666666667, 2026-07-24 07:56:32
SZKOŁA PODSTAWOWA NR 2 IM. BATALIONÓW CHŁOPSKICH W SUŁOSZOWEJ, UL. OLKUSKA, 32-045, SUŁOSZOWA,19.70575937116404,50.27412008191642, 93.60833333333333, 961.9, 11.533333333333333,2.591666666666667,2.316666666666667, 2026-07-24 07:56:32
SZKOŁA PODSTAWOWA W BUDZOWIE Z FILIĄ W GRODZISZCZU, UL. HENRYKA POBOŻNEGO, 57-214, BUDZÓW,16.69061021,50.58383865, 69.5, 977.6083333333335, 15.083333333333334,1.508333333333333,1.241666666666666, 2026-07-24 07:56:32
SZKOŁA PODSTAWOWA IM. ŻOŁNIERZA POLSKIEGO W WĘDRZYNIE, , 69-211, WĘDRZYN,15.17882328,52.44755351, 83.94166666666666, 1003.3833333333333, 13.458333333333334,4.183333333333334,3.4916666666666663, 2026-07-24 07:56:32
SZKOŁA PODSTAWOWA NR 9 IM. KRÓLA JANA III SOBIESKIEGO W GLIWICACH, UL. JANA III SOBIESKIEGO, 44-100, GLIWICE,18.655796,50.295176, 100.0, 988.5, 13.516666666666666,5.683333333333334,5.216666666666667, 2026-07-24 07:56:32
PUBLICZNA SZKOŁA PODSTAWOWA NR 1 Z ODDZIAŁAMI INTEGRACYJNYMI IM.JANA III SOBIESKIEGO W SZYDŁOWCU, UL. WSCHODNIA, 26-500, SZYDŁOWIEC,20.86302643,51.22382244, 80.21666666666667, 983.7333333333332, 15.025,3.633333333333333,3.333333333333333, 2026-07-24 07:56:32
SZKOŁA PODSTAWOWA IM. HENRYKA DRZAZGI W LGOCIE MAŁEJ W ZESPOLE SZKOLNO-PRZEDSZKOLNYM W LGOCIE MAŁEJ, UL. SZKOLNA, 42-282, LGOTA MAŁA,19.339293,50.984863, 74.0125, 989.3874999999999, 14.125,1.862499999999999,1.625, 2026-07-24 07:56:32
SZKOŁA PODSTAWOWA IM. WINCENTEGO WITOSA W RUDZIE, UL. DŁUGA, 98-300, RUDA,18.61306827,51.19785979, 78.26666666666667, 990.2000000000002, 13.383333333333333,54.583333333333336,51.43333333333334, 2026-07-24 07:56:32
PUBLICZNA SZKOŁA PODSTAWOWA IM.DR.M.PAPUZIŃSKIEGO W CIEPIELOWIE, UL. LEKARSKA, 27-310, CIEPIELÓW,21.5252738,51.2346803, 99.7, 992.5749999999999, 14.658333333333333,7.116666666666666,5.925, 2026-07-24 07:56:32
NIEPUBLICZNE LICEUM OGÓLNOKSZTAŁCĄCE W MIECHOWIE ZAKŁADU DOSKONALENIA ZAWODOWEGO W KIELCACH, UL. KS. SKORUPKI, 32-200, MIECHÓW,20.0328906,50.3570663, 80.21666666666667, 981.75, 13.966666666666667,2.008333333333333,1.825, 2026-07-24 07:56:32
PUBLICZNA SZKOŁA PODSTAWOWA IM. PPŁK. AK JÓZEFA PAWLAKA BRZOZY W ŁAGUSZOWIE, , 26-704, ŁAGUSZÓW,21.78730494232724,51.369002504141314, 100.0, 1100.0, 14.4,9.791666666666666,8.075000000000001, 2026-07-24 07:56:32
PUBLICZNA SZKOŁA PODSTAWOWA W GĄSAWACH RZĄDOWYCH, , 26-502, GĄSAWY RZĄDOWE,20.93020993,51.20550951, 87.79166666666667, 982.5166666666668, 14.591666666666667,3.375,3.333333333333333, 2026-07-24 07:56:32
SZKOŁA PODSTAWOWA NR 21 IM. KAROLA WOJTYŁY W ZESPOLE EDUKACYJNYM NR 3 W ZIELONEJ GÓRZE, UL. OSIEDLE POMORSKIE, 65-548, ZIELONA GÓRA,15.5543765,51.9363095, 82.60833333333333, 996.6750000000001, 14.358333333333334,6.075,5.158333333333333, 2026-07-24 07:56:32
II OGÓLNOKSZTAŁCĄCE LICEUM EKOLOGICZNE Z ODDZIAŁAMI INTEGRACYJNYMI IM.UNII EUROPEJSKIEJ W ZESPOLE SZKÓŁ EKOLOGICZNYCH W ZIELONEJ GÓRZE, UL. FRANCUSKA, 65-943, ZIELONA GÓRA,15.477699084657717,51.93400666182537, 45.11666666666667, 1011.6583333333333, 26.5,1.233333333333333,0.95, 2026-07-24 07:56:32
SZKOŁA PODSTAWOWA NR 8 IM. MARII DĄBROWSKIEJ W GLIWICACH, UL. SPACEROWA, 44-141, GLIWICE,18.6801748,50.2506534183101, 88.09166666666665, 982.9833333333332, 13.5,6.55,6.283333333333334, 2026-07-24 07:56:32
SZKOŁA PODSTAWOWA IM. JANA PAWŁA II W ZIELONEJ, UL. SZKOLNA, 09-310, ZIELONA,19.96309,53.09311, 83.14166666666667, 992.9166666666666, 15.725,3.083333333333333,2.8, 2026-07-24 07:56:32
TECHNIKUM W CHEŁMŻY, UL. GEN. JÓZEFA HALLERA, 87-140, CHEŁMŻA,18.606618,53.188769, 88.10833333333333, 1001.4333333333334, 15.075000000000001,2.8249999999999997,2.9, 2026-07-24 07:56:32
SZKOŁA PODSTAWOWA NR 28 IM. PROF. HENRYKA ARCTOWSKIEGO W TORUNIU, UL. PRZY SKARPIE, 87-100, TORUŃ,18.6206873,53.0205863, 90.93333333333334, 1006.2416666666667, 14.424999999999999,4.075,3.125, 2026-07-24 07:56:32
SZKOŁA PODSTAWOWA IM. RTM. WITOLDA PILECKIEGO W ŁĄCZNIE, , 14-300, ŁĄCZNO,19.9057731,53.9540596, 82.34166666666667, 993.35, 16.325,2.675,2.4916666666666663, 2026-07-24 07:56:32
SZKOŁA PODSTAWOWA W MECHOWCU, , 36-122, MECHOWIEC,21.8112245,50.2859146, 100.0, 990.1416666666668, 15.299999999999999,3.5,3.3, 2026-07-24 07:56:32
SZKOŁA PODSTAWOWA IM. ŚW. JANA PAWŁA II W NIELUBI, , 67-231, NIELUBIA,15.9992117,51.6408904, 88.76666666666667, 999.5666666666666, 13.275,2.683333333333333,2.683333333333333, 2026-07-24 07:56:32
SZKOŁA PODSTAWOWA IM. RED JANA CISZEWSKIEGO W WALEŃCZOWIE, UL. SZKOLNA, 42-151, WALEŃCZÓW,18.865972,50.923707, 77.89166666666667, 986.2416666666667, 13.933333333333332,1.75,1.3916666666666662, 2026-07-24 07:56:32
PUBLICZNA SZKOŁA PODSTAWOWA W CEGŁOWIE - FILIA W PIASECZNIE, , 05-319, PIASECZNO,21.7213942,52.1363862, 84.64999999999999, 989.3916666666668, 15.1,4.808333333333334,4.591666666666667, 2026-07-24 07:56:32
SZKOŁA PODSTAWOWA NR 5 IM. WŁADYSŁAWA BRONIEWSKIEGO W CIECHANOWIE, UL. WŁADYSŁAWA BRONIEWSKIEGO, 06-400, CIECHANÓW,20.60007659,52.88787071, 86.85833333333333, 997.5083333333333, 13.966666666666667,5.899999999999999,5.658333333333334, 2026-07-24 07:56:32
TECHNIKUM NR 3 W OSTROŁĘCE, UL. STEFANA JARACZA, 07-410, OSTROŁĘKA,21.567307,53.073999, 79.175, 1000.5833333333334, 16.425,3.3,3.416666666666666, 2026-07-24 07:56:32
TECHNIKUM W GOSTYNINIE, UL. KOWALSKA, 09-500, GOSTYNIN,19.4441882,52.4357395, 88.01666666666667, 999.3583333333332, 14.758333333333333,2.958333333333333,2.525, 2026-07-24 07:56:32
SZKOŁA PODSTAWOWA IM. ŚW. JANA KANTEGO W WYSOKIEJ GŁOGOWSKIEJ, , 36-061, WYSOKA GŁOGOWSKA,22.022784853389915,50.15600185882948, 88.80833333333334, 982.9333333333334, 14.491666666666667,2.8416666666666672,2.341666666666667, 2026-07-24 07:56:32
SZKOŁA PODSTAWOWA NR 5 IM. MIKOŁAJA KOPERNIKA W WADOWICACH, OS. MIKOŁAJA KOPERNIKA, 34-100, WADOWICE,19.49928,49.87787, 76.90833333333333, 982.4833333333332, 15.341666666666667,5.991666666666667,5.991666666666667, 2026-07-24 07:56:32
SZKOŁA PODSTAWOWA NR 36 IM. CZESŁAWA MIŁOSZA W RYBNIKU, UL. SZTOLNIOWA, 44-251, RYBNIK,18.59975,50.05647, 88.95833333333333, 982.475, 12.191666666666668,4.583333333333333,4.2, 2026-07-24 07:56:32
SZKOŁA PODSTAWOWA NR 8 IM. ADAMA MICKIEWICZA W DĄBROWIE GÓRNICZEJ, UL. KRASIŃSKIEGO, 41-300, DĄBROWA GÓRNICZA,19.20975,50.32182, 73.425, 982.25, 15.924999999999999,2.9,2.9, 2026-07-24 07:56:32
SZKOŁA PODSTAWOWA NR 3 IM. BOHATERÓW WESTERPLATTE W LUBLIŃCU, ZWYCIĘSTWA, 42-700, LUBLINIEC,18.6795432547619,50.67660368407844, 74.86666666666666, 1014.7999999999998, 15.633333333333333,4.175,4.175, 2026-07-24 07:56:32
SZKOŁA PODSTAWOWA NR 5 IM. DZIECI POLSKICH W PILE, UL. ALEJA, 64-920, PIŁA,16.72709846,53.1524086, 78.78333333333333, 1005.5749999999999, 13.741666666666667,2.125,2.125, 2026-07-24 07:56:32
PUBLICZNA SZKOŁA PODSTAWOWA IM. WINCENTEGO WITOSA W BORKU STRZELIŃSKIM, UL. SZKOLNA, 57-160, BOREK STRZELIŃSKI,16.99486,50.88494, 79.84166666666667, 998.0833333333334, 14.066666666666668,1.283333333333333,1.283333333333333, 2026-07-24 07:56:32
SZKOŁA PODSTAWOWA NR 2 W BRUSACH, UL., 89-632, BRUSY,17.71953583,53.88385391, 78.53333333333333, 994.7666666666668, 16.075,3.066666666666666,3.066666666666666, 2026-07-24 07:56:32
SZKOŁA PODSTAWOWA IM. JANA PAŁA II W KORNOWACU, STAROWIEJSKA, 44-285, KORNOWAC,18.3266818633128,50.0697240522562, 81.63333333333334, 981.9333333333334, 14.233333333333334,2.208333333333333,2.208333333333333, 2026-07-24 07:56:32
SZKOŁA PODSTAWOWA IM. JÓZEFA SUSKIEGO WE WŁOSIENICY, UL. JÓZEFA SUSKIEGO, 32-642, WŁOSIENICA,19.31856,50.01811, 80.05, 985.7916666666666, 15.450000000000001,8.625,8.625, 2026-07-24 07:56:32
ZESPÓŁ SZKOLNO - PRZEDSZKOLNY W JEJKOWICACH, UL. GŁÓWNA, 44-290, JEJKOWICE,18.4751,50.1062, 85.2, 985.2333333333332, 13.075000000000001,2.75,2.75, 2026-07-24 07:56:32
ZESPÓŁ SZKOLNO-PRZEDSZKOLNY W KIKOLE, UL. TARGOWA , 87-620, KIKÓŁ,19.12871087116481,52.9122997425024, 87.79166666666667, 998.4583333333334, 15.466666666666667,1.633333333333333,1.633333333333333, 2026-07-24 07:56:32
ZESPÓŁ SZKÓŁ NR 12 SZKOŁA PODSTAWOWA NR 14 IM. TADEUSZA KOŚCIUSZKI W LUBLINIE, UL. SŁAWINKOWSKA, 20-810, LUBLIN,22.50882,51.27206, 86.15833333333335, 983.0333333333333, 15.241666666666667,7.791666666666667,7.791666666666667, 2026-07-24 07:56:32
SZKOŁA PODSTAWOWA IM. WOJSKA POLSKIEGO W MROCZKOWIE, , 26-120, MROCZKÓW,20.707528384659238,51.14061780515584, 0.0, 978.74, 14.14,2.09,2.09, 2026-07-24 07:56:32
NIEPUBLICZNA SZKOŁA PODSTAWOWA W STARKOWIE, , 64-234, STARKOWO,16.30800394232962,51.97909174742304, 77.14999999999999, 1007.7916666666666, 14.799999999999999,2.8249999999999997,2.8249999999999997, 2026-07-24 07:56:32
PRYWATNE LICEUM OGÓLNOKSZTAŁCĄCE IM. KRÓLOWEJ JADWIGI W LUBLINIE, UL. ALEJA JANA, 20-054, LUBLIN,22.54162025,51.25074768, 84.61666666666666, 984.85, 16.066666666666666,9.083333333333334,9.075, 2026-07-24 07:56:32
POWIATOWY ZESPÓŁ WYCHOWANIA I KSZTAŁCENIA W PUŁAWACH, UL. CYPRIANA KAMILA NORWIDA, 24-100, PUŁAWY,21.976633813495297,51.41948575852678, 82.81666666666666, 992.0, 16.383333333333333,5.225,5.225, 2026-07-24 07:56:32
SZKOŁA PODSTAWOWA IM. JANA BRZECHWY, , 86-100, WIĄG,18.44739,53.40939, 76.86666666666666, 1000.8333333333334, 17.216666666666665,2.383333333333333,2.383333333333333, 2026-07-24 07:56:32
SZKOŁA PODSTAWOWA IM. KRZYSZTOFA ŻEGOCKIEGO W ROSTARZEWIE, UL. RAKONIEWICKA, 62-068, ROSTARZEWO,16.20169,52.13305, 84.67, 1003.9200000000001, 13.65,2.27,2.27, 2026-07-24 07:56:32
ZESPÓŁ SZKÓŁ GEODEZYJNO-DROGOWYCH I GOSPODARKI WODNEJ IM. GABRIELA NARUTOWICZA W KRAKOWIE, UL. JULIUSZA, 30-133, KRAKÓW-KROWODRZA,19.8908844,50.07355118, 83.325, 987.2416666666667, 14.591666666666667,2.916666666666666,2.916666666666666, 2026-07-24 07:56:32
SZKOŁA PODSTAWOWA IM. JANA PAWŁA II W KRĘPSKU, UL. SZKOLNA, 72-113, KRĘPSKO,14.74264,53.59626, 81.50833333333334, 1013.0500000000001, 14.966666666666667,2.941666666666666,2.683333333333333, 2026-07-24 07:56:32
SZKOŁA PODSTAWOWA NR 3 IM. JANA KOCHANOWSKIEGO W NOWYM SĄCZU, UL. SZKOLNA, 33-300, NOWY SĄCZ,20.69834,49.62792, 80.77499999999999, 978.1750000000001, 14.641666666666666,2.541666666666666,2.541666666666666, 2026-07-24 07:56:32
SZKOŁA PODSTAWOWA NR 1 IM. JANA PAWŁA II W SUCHEJ BESKIDZKIEJ, UL. PŁK.T.SEMIKA, 34-200, SUCHA BESKIDZKA,19.59363,49.73958, 76.08333333333333, 973.0666666666666, 14.566666666666668,2.9666666666666672,2.9666666666666672, 2026-07-24 07:56:32
SZKOŁA PODSTAWOWA NR 3 IM. WŁODZIMIERZA PUCHALSKIEGO W NIEPOŁOMICACH-POGRABIU, UL. KRAKOWSKA, 32-005, NIEPOŁOMICE,20.16672,50.04103, 77.09166666666667, 989.1166666666667, 14.933333333333332,2.433333333333333,2.433333333333333, 2026-07-24 07:56:32
SZKOŁA PODSTAWOWA NR 2 W PROSZOWICACH IM. 6 BRYGADY POWIETRZNODESANTOWEJ GEN. BRYG. S. SOSABOWSKIEGO, UL. KOPERNIKA, 32-100, PROSZOWICE,20.29955,50.18954, 75.425, 986.3833333333333, 15.458333333333334,2.283333333333333,2.283333333333333, 2026-07-24 07:56:32
SZKOŁA PODSTAWOWA IM. JANA DŁUGOSZA W PIEKARACH, , 32-060, PIEKARY,19.79719,50.02279, 80.76666666666667, 989.9833333333332, 14.275,3.9666666666666672,3.9666666666666672, 2026-07-24 07:56:32
SZKOŁA PODSTAWOWA NR 2 IM. CHWAŁY ORĘŻA POLSKIEGO W GIŻYCKU, UL. WARSZAWSKA, 11-500, GIŻYCKO,21.78075224019078,54.036565898932686, 82.39999999999999, 993.8916666666665, 16.183333333333334,2.4,2.4, 2026-07-24 07:56:32
SZKOŁA PODSTAWOWA IM. PROF. WIESŁAWA GROCHOWSKIEGO W KLINISKACH WIELKICH, UL. PIASTOWSKA, 72-123, KLINISKA WIELKIE,14.77459,53.46243, 78.34166666666667, 1012.8249999999999, 15.65,2.508333333333333,2.4916666666666663, 2026-07-24 07:56:32
SZKOŁA PODSTAWOWA W CZARTAJEWIE, UL. SZKOLNA, 17-300, CZARTAJEW,22.838462171164817,52.4614245463836, 84.10000000000001, 991.8249999999999, 15.049999999999999,9.8,9.758333333333333, 2026-07-24 07:56:32
SZKOŁA PODSTAWOWA IM. JANA PAWŁA II W FILIPOWIE, UL. MARII KONOPNICKIEJ, 16-424, FILIPÓW,22.62438,54.18093, 85.75, 988.025, 15.058333333333335,2.091666666666667,2.091666666666667, 2026-07-24 07:56:32
SZKOŁA PODSTAWOWA NR 1 IM. NOBLISTÓW POLSKICH W GOLENIOWIE, UL. JANA KILIŃSKIEGO, 72-100, GOLENIÓW,14.82457,53.5645, 83.05, 1013.3249999999999, 14.783333333333333,3.858333333333333,3.8249999999999993, 2026-07-24 07:56:32
SZKOŁA PODSTAWOWA IM. MARKA KOTAŃSKIEGO W BIAŁUNIU, UL. SIELANKOWA, 72-100, BIAŁUŃ,14.85017,53.6106, 89.93333333333334, 1010.6416666666668, 14.491666666666667,3.941666666666666,3.933333333333333, 2026-07-24 07:56:32
SZKOŁA PODSTAWOWA NR 2 IM. HENRYKA SIENKIEWICZA W GOLENIOWIE, UL. SZARYCH SZEREGÓW, 72-100, GOLENIÓW,14.83652,53.56184, 83.78181818181818, 1012.4545454545455, 14.727272727272727,3.218181818181818,3.218181818181818, 2026-07-24 07:56:32
SZKOŁA PODSTAWOWA NR 1 IM. TADEUSZA KOŚCIUSZKI W KOLUSZKACH, UL. ZAGAJNIKOWA, 95-040, KOLUSZKI,19.81125,51.74864, 82.95833333333333, 985.8583333333332, 14.674999999999999,1.966666666666666,1.966666666666666, 2026-07-24 07:56:32
SZKOŁA PODSTAWOWA IM. JOANNY KULMOWEJ W KOMAROWIE, , 72-105, KOMAROWO,14.71047,53.50666, 73.21666666666667, 1012.8666666666667, 16.908333333333335,9.808333333333334,8.799999999999999, 2026-07-24 07:56:32
SZKOŁA PODSTAWOWA IM. JANA MATEJKI W KAMIONCE MAŁEJ, , 34-602, KAMIONKA MAŁA,20.50129919314627,49.78145692784199, 80.925, 970.7833333333333, 13.808333333333332,3.658333333333333,3.658333333333333, 2026-07-24 07:56:32
ZESPÓŁ SZKOLNO-PRZEDSZKOLNY NR 16 W GLIWICACH, UL. SIKORNIK, 44-100, GLIWICE,18.65907977116568,50.28711729490964, 83.81666666666666, 986.9166666666666, 13.958333333333334,4.45,4.45, 2026-07-24 07:56:32
SZKOŁA PODSTAWOWA NR 6 IM. KS. PIOTRA SKARGI W JAROSŁAWIU, UL. SPYTKA, 37-500, JAROSŁAW,22.68186,50.01953, 89.35000000000001, 986.6, 15.216666666666667,6.308333333333334,5.916666666666667, 2026-07-24 07:56:32
SZKOŁA PODSTAWOWA NR 7 IM. TADEUSZA KOŚCIUSZKI W NOWEJ RUDZIE, UL. SZKOLNA, 57-402, NOWA RUDA,16.54677,50.54564, 86.84166666666665, 968.4499999999999, 10.674999999999999,4.541666666666667,4.274999999999999, 2026-07-24 07:56:32
SZKOŁA PODSTAWOWA NR 182 IM. TADEUSZA ZAWADZKIEGO ZOŚKI, UL. ŁANOWA, 91-103, ŁÓDŹ,19.399413998388265,51.79321913916308, 85.29166666666667, 980.3666666666667, 13.808333333333335,2.816666666666666,2.816666666666666, 2026-07-24 07:56:32
SZKOŁA PODSTAWOWA NR 3 IM. JANUSZA KORCZAKA W ZIELONCE, WILSONA, 05-220, ZIELONKA KOŁO WARSZAWY,21.15703,52.2966, 88.2, 1001.8083333333334, 15.450000000000001,3.866666666666666,3.866666666666666, 2026-07-24 07:56:32
SZKOŁA PODSTAWOWA IM. WŁADYSŁAWA REYMONTA W CONIEWIE, , 05-530, CONIEW,21.22121213,51.92689969, 85.97500000000001, 995.85, 15.366666666666667,3.1,3.1, 2026-07-24 07:56:32
SZKOŁA PODSTAWOWA NR 189 W ŁODZI, KOSSAKA, 90-001, ŁÓDŹ,19.4980669406126,51.7385899126176, 73.64166666666667, 987.8083333333333, 16.791666666666668,1.858333333333333,1.858333333333333, 2026-07-24 07:56:32
SZKOŁA PODSTAWOWA NR 158 IM. JULIANA ALEKSANDROWICZA W KRAKOWIE, UL. STRĄKOWA, 30-410, KRAKÓW,19.92383,50.02672, 71.14999999999999, 988.2333333333332, 16.849999999999998,3.816666666666666,3.816666666666666, 2026-07-24 07:56:32
SZKOŁA PODSTAWOWA NR 97 IM. JOACHIMA LELEWELA W KRAKOWIE, UL. DOKTORA JUDYMA, 30-436, KRAKÓW,19.91856,50.00119, 82.80833333333334, 983.3166666666666, 14.241666666666667,5.383333333333333,5.383333333333333, 2026-07-24 07:56:32
CENTRUM EDUKACJI EKOLOGICZNEJ I REWITALIZACJI JEZIOR - ZESPÓŁ PLACÓWEK OŚWIATOWYCH, UL., 78-400, SZCZECINEK,16.69346239,53.70660645, 83.35833333333333, 996.4, 13.608333333333334,2.233333333333333,2.233333333333333, 2026-07-24 07:56:32
SZKOŁA PODSTAWOWA NR 9 IM. MARII GRZEGORZEWSKIEJ W SKIERNIEWICACH, UL. KAZIMIERZA PRZERWY-TETMAJERA, 96-100, SKIERNIEWICE,20.144,51.97581, 81.375, 995.9666666666667, 15.475,1.933333333333333,1.933333333333333, 2026-07-24 07:56:32
SZKOŁA PODSTAWOWA W NOWYM WOROWIE, UL. CHOPINA, 78-523, NOWE WOROWO,16.08781,53.64941, 86.74166666666667, 997.1, 12.608333333333334,2.4,2.4, 2026-07-24 07:56:32
ZESPÓŁ SZKÓŁ PUBLICZNYCH IM. LOTNIKÓW POLSKICH W MOSTACH, , 72-132, MOSTY,14.954875,53.5493204, 84.18333333333332, 1007.1583333333333, 14.333333333333334,3.683333333333333,3.683333333333333, 2026-07-24 07:56:32
SZKOŁA PODSTAWOWA IM. JÓZEFA IGNACEGO KRASZEWSKIEGO W OBJEZIERZU, , 64-600, OBJEZIERZE,16.76478958,52.60435486, 93.61702127659575, 1006.8563829787234, 12.762127659574467,14.576595744680851,5.446808510638298, 2026-07-24 07:56:32
SZKOŁA PODSTAWOWA IM. STANISŁAWA STASZICA W TUCHOWIE, UL. JANA PAWŁA II, 33-170, TUCHÓW,21.05656,49.89491, 89.04166666666667, 986.7083333333334, 13.591666666666667,5.783333333333334,5.083333333333333, 2026-07-24 07:56:32
SZKOŁA PODSTAWOWA IM. JANUSZA KUSOCIŃSKIEGO W HANULINIE, UL. POWSTAŃCÓW WLKP., 63-600, HANULIN,17.98436,51.30969, 93.0, 998.1333333333333, 13.233333333333334,4.1,2.15, 2026-07-24 07:56:32
ZESPÓŁ SZKOLNO-PRZEDSZKOLNY W CEREKWICY, UL. PRZYBRODZKA, 62-090, CEREKWICA,16.69171385,52.51859233, 100.0, 1005.956, 14.4756,9.32,8.68, 2026-07-24 07:56:32
SZKOŁA PODSTAWOWA IM.ARKADEGO FIEDLERA W CZAPURACH, UL. POZNAŃSKA, 61-160, CZAPURY,16.91235513,52.31487232, 99.33538461538461, 1009.0492307692307, 13.525384615384617,8.038461538461538,7.576923076923077, 2026-07-24 07:56:32
SZKOŁA PODSTAWOWA W DŁUGIEJ GOŚLINIE, , 62-095, DŁUGA GOŚLINA,17.032517,52.632699, 88.0, 1008.3332, 12.8816,23.84,6.52, 2026-07-24 07:56:32
SZKOŁA PODSTAWOWA IM. WŁADYSŁAWA BRONIEWSKIEGO W ŁĘTKOWICACH, ŁĘTKOWICE, 32-107, ŁĘTKOWICE,20.16754723,50.25458145, 78.08333333333333, 983.4416666666666, 14.708333333333334,1.5750000000000002,1.5750000000000002, 2026-07-24 07:56:32
ZESPÓŁ SZKOLNO-PRZEDSZKOLNY W TOMICACH, DWORSKA, 34-100, TOMICE,19.48542,49.900554, 82.94166666666666, 982.0583333333334, 14.200000000000001,10.858333333333334,9.566666666666666, 2026-07-24 07:56:32
LXIII LICEUM OGÓLNOKSZTAŁCĄCE IM. LAJOSA KOSSUTHA, UL. LUDWIKA HIRSZFELDA, 02-776, WARSZAWA,21.0404631,52.14552246, 84.35833333333333, 997.75, 15.125,3.341666666666667,3.341666666666667, 2026-07-24 07:56:32
SPECJALNY OŚRODEK SZKOLNO-WYCHOWAWCZY NR 2 W GNIEŹNIE, UL. POWSTAŃCÓW WLKP., 62-200, GNIEZNO,17.58932469,52.54080607, 79.45454545454545, 997.9727272727273, 13.827272727272726,2.081818181818181,2.081818181818181, 2026-07-24 07:56:32
PRZEDSZKOLE WESOŁE SKRZATY W POBIEDZISKACH, UL. RÓŻANA, 62-010, POBIEDZISKA,17.28387435,52.47427001, 100.0, 1002.1619999999999, 12.628,5.0,4.92, 2026-07-24 07:56:32
WIEJSKI DOM KULTURY, UL. OTUSZ, 64-320, BUK ,16.57515262,52.35700116, 88.0, 1008.3332, 12.8816,23.84,6.52, 2026-07-24 07:56:32
SZKOŁA PODSTAWOWA IM. JANA PAWŁA II W TUSZYNIE, , 58-207, TUSZYN,16.646380171164814,50.79845335760395, 83.78333333333333, 987.3249999999999, 12.549999999999999,2.8,2.5749999999999997, 2026-07-24 07:56:32
ZESPÓŁ SZKÓŁ IM. O. MARIANA ŻELAZKA W CHLUDOWIE, SZKOLNA, 62-001, CHLUDOWO,16.8455268,52.55560524, 100.0, 1005.1092307692307, 11.88076923076923,11.346153846153848,11.26923076923077, 2026-07-24 07:56:32
SZKOŁA PODSTAWOWA W BRODZISZEWIE, UL. SZKOLNA, 64-500, BRODZISZEWO,16.520947,52.57001, 83.39479999999999, 1005.2080000000001, 15.6696,15.08,12.0, 2026-07-24 07:56:32
URZĄD GMINY BRAŃSZCZYK, UL. JANA PAWŁA, 07-221, BRAŃSZCZYK,21.5859209,52.62845727, 80.95724137931035, 1001.0055862068965, 16.376896551724137,0.467586206896551,0.467586206896551, 2026-07-24 07:56:32
SALA WIEJSKA GOWARZEWO , SWARZĘDZKA, 63-004, GOWARZEWO ,17.12458988,52.36461574, 81.7784, 1005.6008, 13.636,9.16,8.84, 2026-07-24 07:56:32
SZKOŁA PODSTAWOWA IM.BOHATERÓW WRZEŚNIA 1939R.W JORDANOWIE, KONOPNICKIEJ, 34-240, JORDANÓW,19.834938,49.653449, 82.81666666666666, 956.8583333333332, 12.975,4.441666666666666,4.166666666666667, 2026-07-24 07:56:32
PRZEDSZKOLE NR 10 W PIASECZNIE, NADARZYŃSKA, 05-500, PIASECZNO,21.01768,52.07237, 83.77499999999999, 1000.1166666666667, 15.383333333333333,2.883333333333333,2.641666666666667, 2026-07-24 07:56:32
SZKOŁA PODSTAWOWA IM. JANA PAWŁA II W WILCZKOWIE, UL. MIKOŁAJA KOPERNIKA, 55-020, WILCZKÓW,16.9893963,50.9665118, 82.05833333333334, 997.8166666666666, 14.533333333333333,2.158333333333333,1.9, 2026-07-24 07:56:32
PRZEDSZKOLE SAMORZĄDOWE W GOLI, , 63-800, GOLA,16.94464024,51.87092046, 86.00833333333333, 1000.725, 14.108333333333334,2.25,2.25, 2026-07-24 07:56:32
SPOŁECZNA SZKOŁA PODSTAWOWA W GZACH, , 06-126, GZY,20.92563587,52.74481541, 86.53333333333335, 998.9333333333334, 14.116666666666667,5.375,5.191666666666666, 2026-07-24 07:56:32
ZESPÓŁ SZKOLNO-PRZEDSZKOLNY W KSIĄŻU WIELKIM, UL. MIKOŁAJA REJA, 32-210, KSIĄŻ WIELKI,20.1452219,50.44270723, 81.275, 983.0833333333334, 12.941666666666668,7.5,6.091666666666666, 2026-07-24 07:56:32
